Sample	0	1	2	3	4	5	6	7	8	9	10	11	12	13	14	15	16	17	18	19	20	21	22	23	24	25	26	27	28	29	30	31	32	33	34	35	36	37	38	39	40	41	42	43	44	45	46	47	48	49	50	51	52	53	54	55	56	57	58	59	60	61	62	63	64	65	66	67	68	69	70	71	72	73	74	75	76	77	78	79	80	81	82	83	84	85	86	87	88	89	90	91	92	93	94	95	96	97	98	99	100
Fungus_006R_1	(0.0, 0.0)	(1.0, 0.0)	(2.0, 0.0)	(3.0, 0.0)	(4.0, 0.0)	(5.0, 0.0)	(6.0, 0.0)	(7.0, 0.0)	(8.0, 0.0)	(9.0, 0.0)	(10.0, 0.0)	(11.0, 0.0)	(12.0, 0.0)	(13.0, 0.0)	(14.0, 0.0)	(15.0, 0.0)	(16.0, 0.0)	(17.0, 0.0)	(18.0, 0.0)	(19.0, 0.0)	(20.0, 0.0)	(21.0, 0.0)	(22.0, 0.0)	(23.0, 0.0)	(24.0, 0.0)	(25.0, 0.0)	(26.0, 0.0)	(27.0, 0.0033425252778473908)	(28.0, 0.002506893958385543)	(29.0, 0.0008356313194618477)	(30.0, 0.0)	(31.0, 0.0016712626389236954)	(32.0, 0.002506893958385543)	(33.0, 0.015041363750313255)	(34.0, 0.007520681875156628)	(35.0, 0.01838388902816064)	(36.0, 0.3634996239659031)	(37.0, 1.2793515500960597)	(38.0, 0.9375783404361835)	(39.0, 0.4637753823013276)	(40.0, 0.6033258126514601)	(41.0, 0.5339684131361249)	(42.0, 0.9852093256455061)	(43.0, 2.0264059496950355)	(44.0, 5.174229130107311)	(45.0, 3.5673101027825163)	(46.0, 3.563131946185208)	(47.0, 6.52043118576096)	(48.0, 3.678449068270917)	(49.0, 3.4060332581264166)	(50.0, 3.170385226038229)	(51.0, 3.748642099105696)	(52.0, 3.646695078131374)	(53.0, 5.518509233725749)	(54.0, 7.164702933066337)	(55.0, 2.8152419152670247)	(56.0, 4.021057909250197)	(57.0, 5.032171805798803)	(58.0, 6.766942425002317)	(59.0, 4.912676527115785)	(60.0, 10.081056237989513)	(61.0, 7.292554524944059)	(62.0, 0.40862371521684415)	(63.0, 1.2592963984289764)	(64.0, 0.663491267652713)	(65.0, 0.2799364920197177)	(66.0, 0.04512409125093978)	(67.0, 0.002506893958385543)	(68.0, 0.0016712626389236954)	(69.0, 0.0016712626389236954)	(70.0, 0.0008356313194618477)	(71.0, 0.0)	(72.0, 0.0)	(73.0, 0.0)	(74.0, 0.0)	(75.0, 0.0008356313194618477)	(76.0, 0.010027575833542171)	(77.0, 0.0008356313194618477)	(78.0, 0.0)	(79.0, 0.0)	(80.0, 0.0)	(81.0, 0.0)	(82.0, 0.0)	(83.0, 0.0)	(84.0, 0.0)	(85.0, 0.0)	(86.0, 0.0)	(87.0, 0.0)	(88.0, 0.0)	(89.0, 0.0)	(90.0, 0.0)	(91.0, 0.0)	(92.0, 0.0)	(93.0, 0.0)	(94.0, 0.0)	(95.0, 0.0)	(96.0, 0.0)	(97.0, 0.0)	(98.0, 0.0)	(99.0, 0.0)	(100.0, 0.0)
Fungus_006R_2	(0.0, 0.0)	(1.0, 0.0)	(2.0, 0.0)	(3.0, 0.0)	(4.0, 0.0)	(5.0, 0.0)	(6.0, 0.0)	(7.0, 0.0)	(8.0, 0.0)	(9.0, 0.0)	(10.0, 0.0)	(11.0, 0.0)	(12.0, 0.0)	(13.0, 0.0)	(14.0, 0.0)	(15.0, 0.0)	(16.0, 0.0008130940668526031)	(17.0, 0.0)	(18.0, 0.0)	(19.0, 0.0)	(20.0, 0.0)	(21.0, 0.0)	(22.0, 0.0)	(23.0, 0.0)	(24.0, 0.0)	(25.0, 0.0)	(26.0, 0.0)	(27.0, 0.0)	(28.0, 0.0008130940668526031)	(29.0, 0.0008130940668526031)	(30.0, 0.004065470334263015)	(31.0, 0.005691658467968221)	(32.0, 0.012196411002789042)	(33.0, 0.008944034735378635)	(34.0, 0.034963044874661946)	(35.0, 0.9244879540113996)	(36.0, 1.237529169749634)	(37.0, 0.8195988193874197)	(38.0, 1.0610877572426292)	(39.0, 1.2928195662956152)	(40.0, 3.229609633538486)	(41.0, 2.9377088635384676)	(42.0, 1.379007537382001)	(43.0, 1.7416474911983033)	(44.0, 1.8928829876329045)	(45.0, 2.340084724401887)	(46.0, 1.6839178124517618)	(47.0, 1.808321204680224)	(48.0, 4.512672071031601)	(49.0, 4.504541130363077)	(50.0, 4.445998357549703)	(51.0, 3.006008765154071)	(52.0, 3.021457552424267)	(53.0, 2.245765812646974)	(54.0, 4.976948783204333)	(55.0, 2.6157236130649104)	(56.0, 2.610845048663796)	(57.0, 1.9441079138446244)	(58.0, 3.975216892842153)	(59.0, 4.437054322814326)	(60.0, 3.889028921755797)	(61.0, 3.285713124151303)	(62.0, 2.452291705627559)	(63.0, 2.7441924756275924)	(64.0, 1.2269589468805508)	(65.0, 3.742671989722362)	(66.0, 0.5626610942620066)	(67.0, 0.06098205501394517)	(68.0, 0.08374868888581803)	(69.0, 0.6911299568247159)	(70.0, 0.6911299568247159)	(71.0, 1.2058185011423843)	(72.0, 7.480465415044623)	(73.0, 6.393358647662198)	(74.0, 0.665110946685434)	(75.0, 0.09269272362119674)	(76.0, 0.013009505069641646)	(77.0, 0.0032523762674104124)	(78.0, 0.0008130940668526031)	(79.0, 0.0)	(80.0, 0.0)	(81.0, 0.0)	(82.0, 0.0)	(83.0, 0.0)	(84.0, 0.0008130940668526031)	(85.0, 0.0008130940668526031)	(86.0, 0.0)	(87.0, 0.0)	(88.0, 0.0)	(89.0, 0.0)	(90.0, 0.0)	(91.0, 0.0)	(92.0, 0.0)	(93.0, 0.0)	(94.0, 0.0)	(95.0, 0.0)	(96.0, 0.0)	(97.0, 0.0)	(98.0, 0.0)	(99.0, 0.0)	(100.0, 0.0)
Fungus_034R_1	(0.0, 0.0)	(1.0, 0.0)	(2.0, 0.0)	(3.0, 0.0)	(4.0, 0.0)	(5.0, 0.0)	(6.0, 0.0)	(7.0, 0.0)	(8.0, 0.0)	(9.0, 0.0)	(10.0, 0.0)	(11.0, 0.0)	(12.0, 0.0)	(13.0, 0.0)	(14.0, 0.0)	(15.0, 0.0)	(16.0, 0.0)	(17.0, 0.0)	(18.0, 0.0)	(19.0, 0.0)	(20.0, 0.0)	(21.0, 0.0)	(22.0, 0.0)	(23.0, 0.0)	(24.0, 0.0)	(25.0, 0.0)	(26.0, 0.0)	(27.0, 0.0)	(28.0, 0.0)	(29.0, 0.0)	(30.0, 0.0)	(31.0, 0.0)	(32.0, 0.000803522643268096)	(33.0, 0.001607045286536192)	(34.0, 0.001607045286536192)	(35.0, 0.009642271719217154)	(36.0, 0.19686304760068332)	(37.0, 0.21052293253624077)	(38.0, 0.07553112846720092)	(39.0, 0.23623565712081948)	(40.0, 0.1984700928872195)	(41.0, 0.06267476617491143)	(42.0, 0.38247677819561404)	(43.0, 1.0301160286696827)	(44.0, 4.632308038440193)	(45.0, 7.64391090541018)	(46.0, 5.051746858226123)	(47.0, 1.4664288239642733)	(48.0, 2.6130556359079273)	(49.0, 8.757593288980267)	(50.0, 4.408125220968446)	(51.0, 3.496930543502632)	(52.0, 11.544209815833012)	(53.0, 14.567061999804839)	(54.0, 6.550316587921803)	(55.0, 1.6865940282197567)	(56.0, 2.121299778227846)	(57.0, 2.366374184424643)	(58.0, 2.7673319834153665)	(59.0, 3.7420049496993455)	(60.0, 2.322983961688161)	(61.0, 3.7966444894415634)	(62.0, 5.85768006942439)	(63.0, 1.3225982708192678)	(64.0, 0.33265837431299067)	(65.0, 0.1325812361392361)	(66.0, 0.11892135120367837)	(67.0, 0.016070452865361917)	(68.0, 0.02812329251438337)	(69.0, 0.1727573683026408)	(70.0, 0.0666923793912519)	(71.0, 0.008838749075949058)	(72.0, 0.001607045286536192)	(73.0, 0.0)	(74.0, 0.0)	(75.0, 0.0)	(76.0, 0.0)	(77.0, 0.0)	(78.0, 0.0)	(79.0, 0.0)	(80.0, 0.0)	(81.0, 0.0)	(82.0, 0.0)	(83.0, 0.0)	(84.0, 0.0)	(85.0, 0.0)	(86.0, 0.0)	(87.0, 0.0)	(88.0, 0.0)	(89.0, 0.0)	(90.0, 0.0)	(91.0, 0.0)	(92.0, 0.0)	(93.0, 0.0)	(94.0, 0.0)	(95.0, 0.0)	(96.0, 0.0)	(97.0, 0.0)	(98.0, 0.0)	(99.0, 0.0)	(100.0, 0.0)
Fungus_034R_2	(0.0, 0.0)	(1.0, 0.0)	(2.0, 0.0)	(3.0, 0.0)	(4.0, 0.0)	(5.0, 0.0)	(6.0, 0.0)	(7.0, 0.0)	(8.0, 0.0)	(9.0, 0.0)	(10.0, 0.0)	(11.0, 0.0)	(12.0, 0.0)	(13.0, 0.0)	(14.0, 0.0)	(15.0, 0.0)	(16.0, 0.0)	(17.0, 0.0)	(18.0, 0.0)	(19.0, 0.0008646779074794718)	(20.0, 0.0008646779074794718)	(21.0, 0.0008646779074794718)	(22.0, 0.0)	(23.0, 0.0008646779074794718)	(24.0, 0.0017293558149589436)	(25.0, 0.003458711629917887)	(26.0, 0.018158236057068903)	(27.0, 0.025075659316904683)	(28.0, 0.004323389537397359)	(29.0, 0.0)	(30.0, 0.002594033722438416)	(31.0, 0.11846087332468777)	(32.0, 0.12364894076956465)	(33.0, 0.007782101167315247)	(34.0, 0.013834846519671548)	(35.0, 0.20406398616515525)	(36.0, 0.054474708171206705)	(37.0, 0.012970168612192075)	(38.0, 0.03718115002161731)	(39.0, 0.5006485084306171)	(40.0, 3.9420665801987402)	(41.0, 0.8975356679636861)	(42.0, 0.7894509295287582)	(43.0, 1.042801556420229)	(44.0, 1.1128404669260623)	(45.0, 4.867271941201564)	(46.0, 3.802853437094577)	(47.0, 1.5062689148292299)	(48.0, 3.1733679204496648)	(49.0, 6.012105490704603)	(50.0, 7.188932122784698)	(51.0, 3.9420665801987402)	(52.0, 6.023346303501841)	(53.0, 3.7483787289233828)	(54.0, 2.6874189364463117)	(55.0, 5.090358841331218)	(56.0, 2.2248162559447526)	(57.0, 1.0687418936446118)	(58.0, 1.979247730220555)	(59.0, 5.048854301772213)	(60.0, 11.676610462603765)	(61.0, 3.5892779939471957)	(62.0, 2.0458279290964816)	(63.0, 1.9550367488111269)	(64.0, 1.0808473843493238)	(65.0, 1.6454820579334408)	(66.0, 0.3510592304366642)	(67.0, 1.6204063986165331)	(68.0, 2.718547341115566)	(69.0, 4.709900562040337)	(70.0, 1.1154345006485007)	(71.0, 0.06139213143104246)	(72.0, 0.01556420233463049)	(73.0, 0.01469952442715102)	(74.0, 0.0769563337656729)	(75.0, 0.04150453955901468)	(76.0, 0.0008646779074794718)	(77.0, 0.0)	(78.0, 0.0)	(79.0, 0.0)	(80.0, 0.0)	(81.0, 0.0)	(82.0, 0.0)	(83.0, 0.0)	(84.0, 0.0)	(85.0, 0.0)	(86.0, 0.0)	(87.0, 0.0)	(88.0, 0.0)	(89.0, 0.0)	(90.0, 0.0)	(91.0, 0.0)	(92.0, 0.0)	(93.0, 0.0)	(94.0, 0.0)	(95.0, 0.0)	(96.0, 0.0)	(97.0, 0.0)	(98.0, 0.0)	(99.0, 0.0)	(100.0, 0.0)
Fungus_044R_1	(0.0, 0.0)	(1.0, 0.0)	(2.0, 0.0)	(3.0, 0.0)	(4.0, 0.0)	(5.0, 0.0)	(6.0, 0.0)	(7.0, 0.0)	(8.0, 0.0)	(9.0, 0.0)	(10.0, 0.0)	(11.0, 0.0)	(12.0, 0.0)	(13.0, 0.0)	(14.0, 0.0)	(15.0, 0.0)	(16.0, 0.0)	(17.0, 0.0)	(18.0, 0.0)	(19.0, 0.0)	(20.0, 0.0)	(21.0, 0.0)	(22.0, 0.0)	(23.0, 0.0)	(24.0, 0.0)	(25.0, 0.0)	(26.0, 0.0)	(27.0, 0.0)	(28.0, 0.0)	(29.0, 0.0012083569969912474)	(30.0, 0.0012083569969912474)	(31.0, 0.0)	(32.0, 0.002416713993982495)	(33.0, 0.00483342798796499)	(34.0, 0.00483342798796499)	(35.0, 0.01933371195185996)	(36.0, 0.04833427987964992)	(37.0, 0.04591756588566743)	(38.0, 0.2235460444433814)	(39.0, 0.8482666118878641)	(40.0, 0.11116884372319463)	(41.0, 0.2175042594584251)	(42.0, 1.1491475041386745)	(43.0, 0.6742632043211194)	(44.0, 1.2180238529671716)	(45.0, 0.5220102227002179)	(46.0, 3.023309206472192)	(47.0, 2.5387580506786462)	(48.0, 5.280520076851563)	(49.0, 2.722428314221337)	(50.0, 2.6305931824499917)	(51.0, 3.5561946421453925)	(52.0, 7.118431069274833)	(53.0, 33.58024094638303)	(54.0, 6.97705330062689)	(55.0, 2.0735406068369633)	(56.0, 4.359752045144442)	(57.0, 3.237188394939667)	(58.0, 3.1465616201653135)	(59.0, 1.7484925746462991)	(60.0, 1.7629928586101933)	(61.0, 1.0838962263011507)	(62.0, 2.0239979699603166)	(63.0, 1.8741617023333847)	(64.0, 0.7745568350713958)	(65.0, 0.5606776466039389)	(66.0, 0.7274309121887358)	(67.0, 1.192648356030357)	(68.0, 1.686866367799749)	(69.0, 1.1962734270213304)	(70.0, 0.01933371195185996)	(71.0, 0.00483342798796499)	(72.0, 0.0012083569969912474)	(73.0, 0.002416713993982495)	(74.0, 0.0)	(75.0, 0.0012083569969912474)	(76.0, 0.002416713993982495)	(77.0, 0.0)	(78.0, 0.0)	(79.0, 0.0)	(80.0, 0.0)	(81.0, 0.0)	(82.0, 0.0)	(83.0, 0.0)	(84.0, 0.0)	(85.0, 0.0)	(86.0, 0.0)	(87.0, 0.0)	(88.0, 0.0)	(89.0, 0.0)	(90.0, 0.0)	(91.0, 0.0)	(92.0, 0.0)	(93.0, 0.0)	(94.0, 0.0)	(95.0, 0.0)	(96.0, 0.0)	(97.0, 0.0)	(98.0, 0.0)	(99.0, 0.0)	(100.0, 0.0)
Fungus_044R_2	(0.0, 0.0)	(1.0, 0.0)	(2.0, 0.0)	(3.0, 0.0)	(4.0, 0.0)	(5.0, 0.0)	(6.0, 0.0)	(7.0, 0.0)	(8.0, 0.0)	(9.0, 0.0)	(10.0, 0.0)	(11.0, 0.0)	(12.0, 0.0)	(13.0, 0.0)	(14.0, 0.0)	(15.0, 0.0)	(16.0, 0.0)	(17.0, 0.0)	(18.0, 0.0)	(19.0, 0.0)	(20.0, 0.0)	(21.0, 0.0)	(22.0, 0.0)	(23.0, 0.0)	(24.0, 0.0)	(25.0, 0.0)	(26.0, 0.0)	(27.0, 0.001033848189731968)	(28.0, 0.001033848189731968)	(29.0, 0.0)	(30.0, 0.001033848189731968)	(31.0, 0.001033848189731968)	(32.0, 0.003101544569195904)	(33.0, 0.006203089138391808)	(34.0, 0.12612947914730013)	(35.0, 0.11992639000890828)	(36.0, 0.08064015879909342)	(37.0, 0.47143477451777727)	(38.0, 0.8518909083391474)	(39.0, 0.9459710936047512)	(40.0, 0.7123214027253326)	(41.0, 1.174451543535503)	(42.0, 1.4194735645019656)	(43.0, 1.2147716229350476)	(44.0, 0.3153236978682491)	(45.0, 0.8601616938570027)	(46.0, 0.47453631908697325)	(47.0, 4.0092632797805265)	(48.0, 1.749271137026472)	(49.0, 3.6815334036355676)	(50.0, 2.285838347497424)	(51.0, 3.349668134731681)	(52.0, 23.879825486421144)	(53.0, 22.585447552877895)	(54.0, 3.0953414800576473)	(55.0, 3.2524864048968984)	(56.0, 3.2607571904147514)	(57.0, 4.626470649050371)	(58.0, 4.103343465046114)	(59.0, 2.217604366975107)	(60.0, 1.3098856563903833)	(61.0, 1.4649628848501695)	(62.0, 1.8609267415175372)	(63.0, 0.9314972189485043)	(64.0, 0.3670161073548468)	(65.0, 0.27396977027897096)	(66.0, 0.8177739180779943)	(67.0, 0.34116990261154795)	(68.0, 0.561379567024461)	(69.0, 1.11862374128998)	(70.0, 0.05582780224552628)	(71.0, 0.005169240948659839)	(72.0, 0.008270785517855744)	(73.0, 0.002067696379463936)	(74.0, 0.002067696379463936)	(75.0, 0.0)	(76.0, 0.0)	(77.0, 0.001033848189731968)	(78.0, 0.001033848189731968)	(79.0, 0.0)	(80.0, 0.0)	(81.0, 0.0)	(82.0, 0.0)	(83.0, 0.0)	(84.0, 0.0)	(85.0, 0.0)	(86.0, 0.0)	(87.0, 0.0)	(88.0, 0.0)	(89.0, 0.0)	(90.0, 0.0)	(91.0, 0.0)	(92.0, 0.0)	(93.0, 0.0)	(94.0, 0.0)	(95.0, 0.0)	(96.0, 0.0)	(97.0, 0.0)	(98.0, 0.0)	(99.0, 0.0)	(100.0, 0.0)
Fungus_049R_1	(0.0, 0.0)	(1.0, 0.0)	(2.0, 0.0)	(3.0, 0.0)	(4.0, 0.0)	(5.0, 0.0)	(6.0, 0.0)	(7.0, 0.0)	(8.0, 0.0)	(9.0, 0.0)	(10.0, 0.0)	(11.0, 0.0)	(12.0, 0.0)	(13.0, 0.0)	(14.0, 0.0)	(15.0, 0.0)	(16.0, 0.0)	(17.0, 0.0)	(18.0, 0.0)	(19.0, 0.0)	(20.0, 0.0)	(21.0, 0.0)	(22.0, 0.0)	(23.0, 0.0)	(24.0, 0.0)	(25.0, 0.0)	(26.0, 0.0)	(27.0, 0.0)	(28.0, 0.0)	(29.0, 0.0)	(30.0, 0.002264236386278251)	(31.0, 0.0033963545794173764)	(32.0, 0.0)	(33.0, 0.0011321181931391255)	(34.0, 0.0033963545794173764)	(35.0, 0.01018906373825213)	(36.0, 0.015849654703947755)	(37.0, 0.01018906373825213)	(38.0, 0.007924827351973878)	(39.0, 0.029435073021617256)	(40.0, 0.020378127476504256)	(41.0, 0.05434167327067807)	(42.0, 0.13472206498355596)	(43.0, 0.31812521227209345)	(44.0, 1.5611909883388246)	(45.0, 40.879655836074306)	(46.0, 36.372693309179255)	(47.0, 0.6260613608059393)	(48.0, 0.32152156685151073)	(49.0, 0.08264462809915611)	(50.0, 0.26944412996711176)	(51.0, 1.195516811954908)	(52.0, 1.1683459753195704)	(53.0, 2.8268991282684808)	(54.0, 12.64009962640029)	(55.0, 1.1558926751950407)	(56.0, 0.11321181931391242)	(57.0, 0.09736216460996468)	(58.0, 0.012453300124530383)	(59.0, 0.0033963545794173764)	(60.0, 0.006792709158834753)	(61.0, 0.029435073021617256)	(62.0, 0.004528472772556502)	(63.0, 0.007924827351973878)	(64.0, 0.01018906373825213)	(65.0, 0.0011321181931391255)	(66.0, 0.002264236386278251)	(67.0, 0.0)	(68.0, 0.0)	(69.0, 0.0)	(70.0, 0.0)	(71.0, 0.0)	(72.0, 0.0)	(73.0, 0.0)	(74.0, 0.0)	(75.0, 0.0)	(76.0, 0.0)	(77.0, 0.0)	(78.0, 0.0)	(79.0, 0.0)	(80.0, 0.0)	(81.0, 0.0)	(82.0, 0.0)	(83.0, 0.0)	(84.0, 0.0)	(85.0, 0.0)	(86.0, 0.0)	(87.0, 0.0)	(88.0, 0.0)	(89.0, 0.0)	(90.0, 0.0)	(91.0, 0.0)	(92.0, 0.0)	(93.0, 0.0)	(94.0, 0.0)	(95.0, 0.0)	(96.0, 0.0)	(97.0, 0.0)	(98.0, 0.0)	(99.0, 0.0)	(100.0, 0.0)
Fungus_049R_2	(0.0, 0.0)	(1.0, 0.0)	(2.0, 0.0)	(3.0, 0.0)	(4.0, 0.0)	(5.0, 0.0)	(6.0, 0.0)	(7.0, 0.0)	(8.0, 0.0)	(9.0, 0.0)	(10.0, 0.0)	(11.0, 0.0)	(12.0, 0.0)	(13.0, 0.0)	(14.0, 0.0)	(15.0, 0.0)	(16.0, 0.0)	(17.0, 0.0)	(18.0, 0.0)	(19.0, 0.0)	(20.0, 0.0)	(21.0, 0.0)	(22.0, 0.0)	(23.0, 0.0)	(24.0, 0.0)	(25.0, 0.0)	(26.0, 0.0)	(27.0, 0.0010967437677533128)	(28.0, 0.0021934875355066256)	(29.0, 0.0021934875355066256)	(30.0, 0.0021934875355066256)	(31.0, 0.0032902313032599387)	(32.0, 0.005483718838766563)	(33.0, 0.004386975071013251)	(34.0, 0.017547900284053)	(35.0, 0.03619254433585933)	(36.0, 0.025225106658326186)	(37.0, 0.032902313032599384)	(38.0, 0.06799811360070537)	(39.0, 0.1392864585046708)	(40.0, 0.27528268570608116)	(41.0, 0.8609438576863591)	(42.0, 37.180710470613846)	(43.0, 37.71263119797517)	(44.0, 2.957917941630791)	(45.0, 2.4687702212127576)	(46.0, 0.08006229504599177)	(47.0, 0.06361113852969214)	(48.0, 0.2500575790477553)	(49.0, 0.28405663584810753)	(50.0, 0.248960835280002)	(51.0, 0.03838603187136595)	(52.0, 0.059224163458678904)	(53.0, 1.0462935544366583)	(54.0, 0.988166134745736)	(55.0, 0.059224163458678904)	(56.0, 0.04277300694237922)	(57.0, 0.11077112054308445)	(58.0, 1.456475723576374)	(59.0, 12.475460358195928)	(60.0, 0.8938461707189566)	(61.0, 0.040579519406872586)	(62.0, 0.008773950142026503)	(63.0, 0.006580462606519876)	(64.0, 0.02412836289057287)	(65.0, 0.02303161912281956)	(66.0, 0.0010967437677533128)	(67.0, 0.0)	(68.0, 0.0010967437677533128)	(69.0, 0.0010967437677533128)	(70.0, 0.0)	(71.0, 0.0)	(72.0, 0.0)	(73.0, 0.0)	(74.0, 0.0)	(75.0, 0.0)	(76.0, 0.0)	(77.0, 0.0)	(78.0, 0.0)	(79.0, 0.0)	(80.0, 0.0)	(81.0, 0.0)	(82.0, 0.0)	(83.0, 0.0)	(84.0, 0.0)	(85.0, 0.0)	(86.0, 0.0)	(87.0, 0.0)	(88.0, 0.0)	(89.0, 0.0)	(90.0, 0.0)	(91.0, 0.0)	(92.0, 0.0)	(93.0, 0.0)	(94.0, 0.0)	(95.0, 0.0)	(96.0, 0.0)	(97.0, 0.0)	(98.0, 0.0)	(99.0, 0.0)	(100.0, 0.0)
Fungus_060R_1	(0.0, 0.0)	(1.0, 0.0)	(2.0, 0.0)	(3.0, 0.0)	(4.0, 0.0)	(5.0, 0.0)	(6.0, 0.0)	(7.0, 0.0)	(8.0, 0.0)	(9.0, 0.0)	(10.0, 0.0)	(11.0, 0.0)	(12.0, 0.0)	(13.0, 0.0)	(14.0, 0.0)	(15.0, 0.0)	(16.0, 0.0)	(17.0, 0.0)	(18.0, 0.0)	(19.0, 0.0)	(20.0, 0.0)	(21.0, 0.0)	(22.0, 0.0)	(23.0, 0.0)	(24.0, 0.0)	(25.0, 0.0)	(26.0, 0.0)	(27.0, 0.0)	(28.0, 0.0)	(29.0, 0.0)	(30.0, 0.0)	(31.0, 0.0)	(32.0, 0.0016651541516456406)	(33.0, 0.0)	(34.0, 0.0)	(35.0, 0.0024977312274684607)	(36.0, 0.019149272743924858)	(37.0, 0.08492286173392757)	(38.0, 0.31138382635773304)	(39.0, 0.5936274550616768)	(40.0, 0.6219350756396536)	(41.0, 0.43543781065533643)	(42.0, 0.6335911547011733)	(43.0, 0.9965947597599029)	(44.0, 5.1927832219065)	(45.0, 24.460281910598464)	(46.0, 14.515981316968835)	(47.0, 4.566685260887828)	(48.0, 6.332581238708459)	(49.0, 3.537619995171056)	(50.0, 2.3095688083325916)	(51.0, 3.9755555370537605)	(52.0, 2.595142745339838)	(53.0, 2.7175315754857645)	(54.0, 2.9414948088820525)	(55.0, 2.768318777110945)	(56.0, 5.825541799532131)	(57.0, 6.159405206937234)	(58.0, 3.8889675211682064)	(59.0, 1.748411859227947)	(60.0, 0.9033461272677522)	(61.0, 0.111565328160258)	(62.0, 0.49122047473546704)	(63.0, 0.6818806250988946)	(64.0, 0.32137475126760684)	(65.0, 0.18150180252937492)	(66.0, 0.06827132021747119)	(67.0, 0.003330308303291281)	(68.0, 0.0008325770758228203)	(69.0, 0.0)	(70.0, 0.0)	(71.0, 0.0)	(72.0, 0.0)	(73.0, 0.0)	(74.0, 0.0)	(75.0, 0.0)	(76.0, 0.0)	(77.0, 0.0)	(78.0, 0.0)	(79.0, 0.0)	(80.0, 0.0)	(81.0, 0.0)	(82.0, 0.0)	(83.0, 0.0)	(84.0, 0.0)	(85.0, 0.0)	(86.0, 0.0)	(87.0, 0.0)	(88.0, 0.0)	(89.0, 0.0)	(90.0, 0.0)	(91.0, 0.0)	(92.0, 0.0)	(93.0, 0.0)	(94.0, 0.0)	(95.0, 0.0)	(96.0, 0.0)	(97.0, 0.0)	(98.0, 0.0)	(99.0, 0.0)	(100.0, 0.0)
Fungus_060R_2	(0.0, 0.0)	(1.0, 0.0)	(2.0, 0.0)	(3.0, 0.0)	(4.0, 0.0)	(5.0, 0.0)	(6.0, 0.0)	(7.0, 0.0)	(8.0, 0.0)	(9.0, 0.0)	(10.0, 0.0)	(11.0, 0.0)	(12.0, 0.0)	(13.0, 0.0)	(14.0, 0.0)	(15.0, 0.0)	(16.0, 0.0)	(17.0, 0.0)	(18.0, 0.0)	(19.0, 0.0)	(20.0, 0.0)	(21.0, 0.0)	(22.0, 0.0)	(23.0, 0.0)	(24.0, 0.0)	(25.0, 0.0015763174072732)	(26.0, 0.0007881587036366)	(27.0, 0.0)	(28.0, 0.0)	(29.0, 0.0015763174072732)	(30.0, 0.0031526348145464)	(31.0, 0.007093428332729399)	(32.0, 0.011034221850912398)	(33.0, 0.014186856665458797)	(34.0, 0.039407935181830014)	(35.0, 0.2711265940509891)	(36.0, 0.09930799665821165)	(37.0, 0.18285281924369115)	(38.0, 0.953672031400273)	(39.0, 9.831491669164576)	(40.0, 19.833225618305196)	(41.0, 11.13037721275651)	(42.0, 2.633238228849942)	(43.0, 2.2344299248098496)	(44.0, 0.7621494664165901)	(45.0, 1.6795661974496203)	(46.0, 1.1901196424912397)	(47.0, 3.0296820567790617)	(48.0, 5.11672630400849)	(49.0, 3.620012925802741)	(50.0, 3.04544523085179)	(51.0, 2.706536988288129)	(52.0, 4.147291098535506)	(53.0, 1.9885244092752026)	(54.0, 3.0178596762245156)	(55.0, 2.179258815555281)	(56.0, 1.8206466054005876)	(57.0, 1.0096312993584684)	(58.0, 2.0208389161243066)	(59.0, 1.168051198789416)	(60.0, 2.9020003467899613)	(61.0, 1.7749334005896595)	(62.0, 1.0135720928766512)	(63.0, 1.519569980611372)	(64.0, 0.35940036885828947)	(65.0, 2.7672252084681337)	(66.0, 2.869685839940868)	(67.0, 0.30817005312190904)	(68.0, 0.007093428332729399)	(69.0, 0.0086697457400026)	(70.0, 0.10955405980548752)	(71.0, 0.558804520878355)	(72.0, 0.048865839625469185)	(73.0, 0.0)	(74.0, 0.0)	(75.0, 0.0)	(76.0, 0.0)	(77.0, 0.0)	(78.0, 0.0007881587036366)	(79.0, 0.0)	(80.0, 0.0007881587036366)	(81.0, 0.0)	(82.0, 0.0)	(83.0, 0.0)	(84.0, 0.0)	(85.0, 0.0)	(86.0, 0.0)	(87.0, 0.0)	(88.0, 0.0)	(89.0, 0.0)	(90.0, 0.0)	(91.0, 0.0)	(92.0, 0.0)	(93.0, 0.0)	(94.0, 0.0)	(95.0, 0.0)	(96.0, 0.0)	(97.0, 0.0)	(98.0, 0.0)	(99.0, 0.0)	(100.0, 0.0)
Fungus_100_1	(0.0, 0.0)	(1.0, 0.0)	(2.0, 0.0)	(3.0, 0.0)	(4.0, 0.0)	(5.0, 0.0)	(6.0, 0.0)	(7.0, 0.0)	(8.0, 0.0)	(9.0, 0.0)	(10.0, 0.0)	(11.0, 0.0)	(12.0, 0.0)	(13.0, 0.0)	(14.0, 0.0)	(15.0, 0.0)	(16.0, 0.0)	(17.0, 0.0)	(18.0, 0.0)	(19.0, 0.0)	(20.0, 0.0)	(21.0, 0.0)	(22.0, 0.0)	(23.0, 0.0)	(24.0, 0.0)	(25.0, 0.0)	(26.0, 0.0)	(27.0, 0.0)	(28.0, 0.0)	(29.0, 0.0012875812785681376)	(30.0, 0.0012875812785681376)	(31.0, 0.0038627438357044133)	(32.0, 0.0051503251142725505)	(33.0, 0.14549668447819952)	(34.0, 0.17897379772097133)	(35.0, 1.3828622931821686)	(36.0, 2.9176591772354614)	(37.0, 0.28713062512069476)	(38.0, 0.9360715895190459)	(39.0, 1.388012618296441)	(40.0, 0.14935942831390395)	(41.0, 0.15193459087104025)	(42.0, 1.3828622931821686)	(43.0, 1.3944505246892813)	(44.0, 2.322796626536914)	(45.0, 3.634841949397996)	(46.0, 5.223717247150826)	(47.0, 1.0017382347260215)	(48.0, 1.689306637481368)	(49.0, 4.058456190046926)	(50.0, 4.733148780016476)	(51.0, 14.879289255135847)	(52.0, 14.843236979335922)	(53.0, 10.805382089744407)	(54.0, 5.834030773191984)	(55.0, 1.9519732183092533)	(56.0, 2.0330908388590507)	(57.0, 3.283332260348854)	(58.0, 3.548574003733921)	(59.0, 2.7528487735787213)	(60.0, 4.882508208330346)	(61.0, 1.1382218502542365)	(62.0, 0.27554239361358174)	(63.0, 0.2485031867636512)	(64.0, 0.3090195068563528)	(65.0, 0.10686924612115531)	(66.0, 0.010300650228545101)	(67.0, 0.03733985707847599)	(68.0, 0.06566664520697506)	(69.0, 0.0038627438357044133)	(70.0, 0.0)	(71.0, 0.0)	(72.0, 0.0)	(73.0, 0.0)	(74.0, 0.0)	(75.0, 0.0)	(76.0, 0.0)	(77.0, 0.0)	(78.0, 0.0)	(79.0, 0.0)	(80.0, 0.0)	(81.0, 0.0)	(82.0, 0.0)	(83.0, 0.0)	(84.0, 0.0)	(85.0, 0.0)	(86.0, 0.0)	(87.0, 0.0)	(88.0, 0.0)	(89.0, 0.0)	(90.0, 0.0)	(91.0, 0.0)	(92.0, 0.0)	(93.0, 0.0)	(94.0, 0.0)	(95.0, 0.0)	(96.0, 0.0)	(97.0, 0.0)	(98.0, 0.0)	(99.0, 0.0)	(100.0, 0.0)
Fungus_100_2	(0.0, 0.0)	(1.0, 0.0)	(2.0, 0.0)	(3.0, 0.0)	(4.0, 0.0)	(5.0, 0.0)	(6.0, 0.0)	(7.0, 0.0)	(8.0, 0.0)	(9.0, 0.0)	(10.0, 0.0)	(11.0, 0.0)	(12.0, 0.0)	(13.0, 0.0)	(14.0, 0.0)	(15.0, 0.0)	(16.0, 0.0)	(17.0, 0.0)	(18.0, 0.001191156851534166)	(19.0, 0.001191156851534166)	(20.0, 0.0)	(21.0, 0.001191156851534166)	(22.0, 0.001191156851534166)	(23.0, 0.003573470554602498)	(24.0, 0.010720411663807492)	(25.0, 0.13340956737182655)	(26.0, 0.01905850962454665)	(27.0, 0.01191156851534166)	(28.0, 1.3876977320372867)	(29.0, 1.5044311034876283)	(30.0, 0.0536020583190375)	(31.0, 0.055984372022105836)	(32.0, 0.028587764436819967)	(33.0, 1.1137316561844441)	(34.0, 1.2161711454163766)	(35.0, 0.32280350676575825)	(36.0, 0.27753954640746054)	(37.0, 0.5133886030112245)	(38.0, 1.2054507337525697)	(39.0, 0.7444730322088592)	(40.0, 1.087526205450694)	(41.0, 0.7909281494186929)	(42.0, 1.3126548503906386)	(43.0, 2.925481227367994)	(44.0, 2.8802172670096904)	(45.0, 0.5395940537449769)	(46.0, 0.941013912712)	(47.0, 1.3102725366875705)	(48.0, 2.678911759100394)	(49.0, 2.1821993520105902)	(50.0, 0.7325614636935173)	(51.0, 0.43238993710689994)	(52.0, 2.817085953878373)	(53.0, 3.3507242233657397)	(54.0, 4.210739470173317)	(55.0, 1.7736325519343348)	(56.0, 7.189822755859589)	(57.0, 9.473270440251536)	(58.0, 6.515627977891405)	(59.0, 4.209548313321783)	(60.0, 12.827568134173273)	(61.0, 13.549409186203304)	(62.0, 1.4853725938630828)	(63.0, 0.5014770344958824)	(64.0, 2.8313798360967843)	(65.0, 2.7241757194586973)	(66.0, 0.08457213645892572)	(67.0, 0.007146941109204994)	(68.0, 0.009529254812273328)	(69.0, 0.01191156851534166)	(70.0, 0.002382313703068332)	(71.0, 0.001191156851534166)	(72.0, 0.001191156851534166)	(73.0, 0.001191156851534166)	(74.0, 0.0)	(75.0, 0.0)	(76.0, 0.0)	(77.0, 0.0)	(78.0, 0.0)	(79.0, 0.0)	(80.0, 0.0)	(81.0, 0.0)	(82.0, 0.0)	(83.0, 0.0)	(84.0, 0.0)	(85.0, 0.0)	(86.0, 0.0)	(87.0, 0.0)	(88.0, 0.0)	(89.0, 0.0)	(90.0, 0.0)	(91.0, 0.0)	(92.0, 0.0)	(93.0, 0.0)	(94.0, 0.0)	(95.0, 0.0)	(96.0, 0.0)	(97.0, 0.0)	(98.0, 0.0)	(99.0, 0.0)	(100.0, 0.0)
Fungus_110_1	(0.0, 0.0)	(1.0, 0.0)	(2.0, 0.0)	(3.0, 0.0)	(4.0, 0.0)	(5.0, 0.0)	(6.0, 0.0)	(7.0, 0.0)	(8.0, 0.0)	(9.0, 0.0)	(10.0, 0.0)	(11.0, 0.0)	(12.0, 0.0)	(13.0, 0.0)	(14.0, 0.0)	(15.0, 0.0)	(16.0, 0.0)	(17.0, 0.0)	(18.0, 0.0)	(19.0, 0.0)	(20.0, 0.0)	(21.0, 0.0)	(22.0, 0.0)	(23.0, 0.0)	(24.0, 0.0)	(25.0, 0.0)	(26.0, 0.0)	(27.0, 0.0)	(28.0, 0.0)	(29.0, 0.0)	(30.0, 0.0)	(31.0, 0.0)	(32.0, 0.003301455942071027)	(33.0, 0.007703397198165729)	(34.0, 0.015406794396331459)	(35.0, 0.05172280975911279)	(36.0, 0.16287182647550424)	(37.0, 3.521553004875883)	(38.0, 3.4324136944399863)	(39.0, 0.4412946109234921)	(40.0, 0.1650727971035516)	(41.0, 0.2068912390364516)	(42.0, 5.220702329728052)	(43.0, 5.04022273822821)	(44.0, 0.22229803343278293)	(45.0, 0.2806237550760369)	(46.0, 1.0366571658103012)	(47.0, 5.729126544806875)	(48.0, 3.7416500676805686)	(49.0, 1.2182372426241974)	(50.0, 0.319140741066865)	(51.0, 0.25091065159739806)	(52.0, 1.384410525041763)	(53.0, 28.305582761995414)	(54.0, 26.527198494531333)	(55.0, 0.855077088996405)	(56.0, 0.9684270763408371)	(57.0, 0.4522994640637291)	(58.0, 0.42478733121313644)	(59.0, 0.5392378038716019)	(60.0, 0.7329232191397744)	(61.0, 1.0388581364383485)	(62.0, 1.3657022747033616)	(63.0, 1.253452772672953)	(64.0, 3.4258107825558453)	(65.0, 1.3491949949930073)	(66.0, 0.19808735652426213)	(67.0, 0.018708250338402482)	(68.0, 0.005502426570118378)	(69.0, 0.04181844193289969)	(70.0, 0.04401941256094705)	(71.0, 0.0)	(72.0, 0.0)	(73.0, 0.0)	(74.0, 0.0011004853140236758)	(75.0, 0.0)	(76.0, 0.0)	(77.0, 0.0)	(78.0, 0.0)	(79.0, 0.0)	(80.0, 0.0)	(81.0, 0.0)	(82.0, 0.0)	(83.0, 0.0)	(84.0, 0.0)	(85.0, 0.0)	(86.0, 0.0)	(87.0, 0.0)	(88.0, 0.0)	(89.0, 0.0)	(90.0, 0.0)	(91.0, 0.0)	(92.0, 0.0)	(93.0, 0.0)	(94.0, 0.0)	(95.0, 0.0)	(96.0, 0.0)	(97.0, 0.0)	(98.0, 0.0)	(99.0, 0.0)	(100.0, 0.0)
Fungus_110_2	(0.0, 0.0)	(1.0, 0.0)	(2.0, 0.0)	(3.0, 0.0)	(4.0, 0.0)	(5.0, 0.0)	(6.0, 0.0)	(7.0, 0.0)	(8.0, 0.0)	(9.0, 0.0)	(10.0, 0.0)	(11.0, 0.0)	(12.0, 0.0)	(13.0, 0.0)	(14.0, 0.0)	(15.0, 0.0)	(16.0, 0.0)	(17.0, 0.0)	(18.0, 0.0)	(19.0, 0.0)	(20.0, 0.0)	(21.0, 0.0)	(22.0, 0.0)	(23.0, 0.0)	(24.0, 0.0)	(25.0, 0.0)	(26.0, 0.001112297561843923)	(27.0, 0.001112297561843923)	(28.0, 0.001112297561843923)	(29.0, 0.005561487809219615)	(30.0, 0.004449190247375692)	(31.0, 0.005561487809219615)	(32.0, 0.014459868303971002)	(33.0, 0.027807439046098073)	(34.0, 0.05227798540666442)	(35.0, 0.3392507563623954)	(36.0, 3.7451058907285693)	(37.0, 0.3870795515216834)	(38.0, 0.4504805125467871)	(39.0, 0.3125556148781416)	(40.0, 0.27696209289913654)	(41.0, 0.5049830930771408)	(42.0, 1.7919113721305306)	(43.0, 4.887435486742019)	(44.0, 3.6472237052863266)	(45.0, 0.4171115856914689)	(46.0, 3.610517885745485)	(47.0, 5.513659014060005)	(48.0, 1.527184552411678)	(49.0, 1.1000622886636358)	(50.0, 0.4894109272113255)	(51.0, 0.4349083466809718)	(52.0, 0.46716497597444645)	(53.0, 0.9454529275673392)	(54.0, 28.842988076167565)	(55.0, 28.03101085602003)	(56.0, 1.0166399715253462)	(57.0, 0.9832710446700305)	(58.0, 0.979934151984499)	(59.0, 0.7519131518064989)	(60.0, 0.6317850151273517)	(61.0, 1.1100729667202305)	(62.0, 3.7128492614351036)	(63.0, 2.045515216230974)	(64.0, 0.623998932194444)	(65.0, 0.13013881473573902)	(66.0, 0.0333689268553177)	(67.0, 0.02669514148425415)	(68.0, 0.03448122441716162)	(69.0, 0.08008542445276241)	(70.0, 0.00333689268553177)	(71.0, 0.0)	(72.0, 0.0)	(73.0, 0.0)	(74.0, 0.0)	(75.0, 0.0)	(76.0, 0.0)	(77.0, 0.0)	(78.0, 0.0)	(79.0, 0.0)	(80.0, 0.0)	(81.0, 0.0)	(82.0, 0.0)	(83.0, 0.0)	(84.0, 0.0)	(85.0, 0.0)	(86.0, 0.0)	(87.0, 0.0)	(88.0, 0.0)	(89.0, 0.0)	(90.0, 0.0)	(91.0, 0.0)	(92.0, 0.0)	(93.0, 0.0)	(94.0, 0.0)	(95.0, 0.0)	(96.0, 0.0)	(97.0, 0.0)	(98.0, 0.0)	(99.0, 0.0)	(100.0, 0.0)
Fungus_11_1	(0.0, 0.0)	(1.0, 0.0)	(2.0, 0.0)	(3.0, 0.0)	(4.0, 0.0)	(5.0, 0.0)	(6.0, 0.0)	(7.0, 0.0)	(8.0, 0.0)	(9.0, 0.0)	(10.0, 0.0)	(11.0, 0.0)	(12.0, 0.0)	(13.0, 0.0)	(14.0, 0.0)	(15.0, 0.0)	(16.0, 0.0)	(17.0, 0.0)	(18.0, 0.0)	(19.0, 0.0)	(20.0, 0.0)	(21.0, 0.0)	(22.0, 0.0)	(23.0, 0.0)	(24.0, 0.0)	(25.0, 0.0)	(26.0, 0.0)	(27.0, 0.0)	(28.0, 0.0)	(29.0, 0.0)	(30.0, 0.0036497682397169675)	(31.0, 0.014599072958867868)	(32.0, 0.0036497682397169675)	(33.0, 0.0045622102996462095)	(34.0, 0.03011058797766499)	(35.0, 0.13595386692945727)	(36.0, 0.1979999270046456)	(37.0, 4.522975291068988)	(38.0, 7.635315157488309)	(39.0, 1.9444140297092443)	(40.0, 1.4653819482463377)	(41.0, 0.33395379393410074)	(42.0, 0.2819445965181347)	(43.0, 0.5292163947589633)	(44.0, 1.2144603817657997)	(45.0, 4.872440600021808)	(46.0, 7.773093908537687)	(47.0, 19.11474871345254)	(48.0, 4.038468557246671)	(49.0, 2.8924413299758034)	(50.0, 3.8550677032009353)	(51.0, 2.310303295740912)	(52.0, 2.5183400854048026)	(53.0, 2.8030220081027584)	(54.0, 3.393372020876843)	(55.0, 2.625095806416536)	(56.0, 4.219132085112619)	(57.0, 4.983758531333151)	(58.0, 3.031132523085017)	(59.0, 4.210920106573258)	(60.0, 2.8294828278407005)	(61.0, 3.4773166903903148)	(62.0, 2.0922296434177983)	(63.0, 0.1751888755064149)	(64.0, 0.3257418153947377)	(65.0, 0.07390780685426852)	(66.0, 0.014599072958867868)	(67.0, 0.005474652359575451)	(68.0, 0.011861746779080145)	(69.0, 0.020073725318443314)	(70.0, 0.012774188839009387)	(71.0, 0.0018248841198584837)	(72.0, 0.0)	(73.0, 0.0)	(74.0, 0.0)	(75.0, 0.0)	(76.0, 0.0)	(77.0, 0.0)	(78.0, 0.0)	(79.0, 0.0)	(80.0, 0.0)	(81.0, 0.0)	(82.0, 0.0)	(83.0, 0.0)	(84.0, 0.0)	(85.0, 0.0)	(86.0, 0.0)	(87.0, 0.0)	(88.0, 0.0)	(89.0, 0.0)	(90.0, 0.0)	(91.0, 0.0)	(92.0, 0.0)	(93.0, 0.0)	(94.0, 0.0)	(95.0, 0.0)	(96.0, 0.0)	(97.0, 0.0)	(98.0, 0.0)	(99.0, 0.0)	(100.0, 0.0)
Fungus_11_2	(0.0, 0.0)	(1.0, 0.0)	(2.0, 0.0)	(3.0, 0.0)	(4.0, 0.0)	(5.0, 0.0)	(6.0, 0.0)	(7.0, 0.0)	(8.0, 0.0)	(9.0, 0.0)	(10.0, 0.0)	(11.0, 0.0)	(12.0, 0.0)	(13.0, 0.0)	(14.0, 0.0)	(15.0, 0.0)	(16.0, 0.0)	(17.0, 0.0)	(18.0, 0.0)	(19.0, 0.0)	(20.0, 0.0017665191623165866)	(21.0, 0.012365634136216105)	(22.0, 0.0008832595811582933)	(23.0, 0.0008832595811582933)	(24.0, 0.00529955748694976)	(25.0, 0.0070660766492663465)	(26.0, 0.01413215329853269)	(27.0, 0.10775766890131183)	(28.0, 0.052112315288339296)	(29.0, 0.09715855392741221)	(30.0, 0.10864092848247012)	(31.0, 0.10864092848247012)	(32.0, 0.11747352429405311)	(33.0, 0.1333721967549025)	(34.0, 0.3930505136154401)	(35.0, 6.318839043606342)	(36.0, 4.587650264535872)	(37.0, 2.16928553132483)	(38.0, 1.9440543381294393)	(39.0, 4.149553512281458)	(40.0, 7.852177676497836)	(41.0, 11.734986795270256)	(42.0, 6.166035136065888)	(43.0, 1.2665942393809668)	(44.0, 0.6306473409470278)	(45.0, 0.44781260764725583)	(46.0, 1.533338632890786)	(47.0, 2.698358020438708)	(48.0, 0.6571451283817773)	(49.0, 0.9132904069176696)	(50.0, 1.826580813835373)	(51.0, 1.2091823666056811)	(52.0, 3.3758181191869694)	(53.0, 3.675243117199563)	(54.0, 2.524355882950504)	(55.0, 2.300007949336272)	(56.0, 2.524355882950504)	(57.0, 2.3141401026348065)	(58.0, 2.239063038236343)	(59.0, 3.8298135439022287)	(60.0, 6.170451433971682)	(61.0, 7.142920232827405)	(62.0, 1.8822261674483518)	(63.0, 0.8726604661843905)	(64.0, 1.2445127498520108)	(65.0, 1.4759267601154906)	(66.0, 0.4663610588515805)	(67.0, 0.08920921769698753)	(68.0, 0.1598699841896515)	(69.0, 0.19785014617945776)	(70.0, 0.12188982219984461)	(71.0, 0.0070660766492663465)	(72.0, 0.030914085340540274)	(73.0, 0.0070660766492663465)	(74.0, 0.03709690240864834)	(75.0, 0.008832595811582935)	(76.0, 0.00529955748694976)	(77.0, 0.02119822994779903)	(78.0, 0.007949336230424639)	(79.0, 0.0017665191623165866)	(80.0, 0.0)	(81.0, 0.0)	(82.0, 0.0)	(83.0, 0.0)	(84.0, 0.0)	(85.0, 0.0)	(86.0, 0.0)	(87.0, 0.0)	(88.0, 0.0)	(89.0, 0.0)	(90.0, 0.0)	(91.0, 0.0)	(92.0, 0.0)	(93.0, 0.0)	(94.0, 0.0)	(95.0, 0.0)	(96.0, 0.0)	(97.0, 0.0)	(98.0, 0.0)	(99.0, 0.0)	(100.0, 0.0)
Fungus_18_1	(0.0, 0.0)	(1.0, 0.0)	(2.0, 0.0)	(3.0, 0.0)	(4.0, 0.0)	(5.0, 0.0)	(6.0, 0.0)	(7.0, 0.0)	(8.0, 0.0)	(9.0, 0.0)	(10.0, 0.0)	(11.0, 0.0)	(12.0, 0.0)	(13.0, 0.0)	(14.0, 0.0)	(15.0, 0.0)	(16.0, 0.0)	(17.0, 0.0)	(18.0, 0.0)	(19.0, 0.0)	(20.0, 0.0)	(21.0, 0.0)	(22.0, 0.0)	(23.0, 0.0)	(24.0, 0.0)	(25.0, 0.0)	(26.0, 0.0)	(27.0, 0.0)	(28.0, 0.0)	(29.0, 0.0)	(30.0, 0.0)	(31.0, 0.0)	(32.0, 0.0)	(33.0, 0.0)	(34.0, 0.0)	(35.0, 0.0)	(36.0, 0.013483085469280369)	(37.0, 0.43550366065775403)	(38.0, 0.4975258538164429)	(39.0, 0.18876319656992538)	(40.0, 0.43820027775161013)	(41.0, 2.1936980058518825)	(42.0, 1.131230870872629)	(43.0, 3.608073671579554)	(44.0, 0.9370744401149945)	(45.0, 0.6444914854316022)	(46.0, 0.7456146264512078)	(47.0, 3.9424541912177453)	(48.0, 6.428735151752547)	(49.0, 5.769412272304887)	(50.0, 4.820203055267765)	(51.0, 4.328070435639144)	(52.0, 2.964930494694807)	(53.0, 8.277266169590465)	(54.0, 33.9288362748865)	(55.0, 6.136152197069229)	(56.0, 1.581565925546568)	(57.0, 1.8512276349321597)	(58.0, 1.44134183666606)	(59.0, 1.674599215284597)	(60.0, 2.2354955708066564)	(61.0, 3.035042539135073)	(62.0, 0.3465152965605049)	(63.0, 0.11865115212966709)	(64.0, 0.05258403333019345)	(65.0, 0.04449418204862522)	(66.0, 0.0984265239257466)	(67.0, 0.09033667264417841)	(68.0, 0.0)	(69.0, 0.0)	(70.0, 0.0)	(71.0, 0.0)	(72.0, 0.0)	(73.0, 0.0)	(74.0, 0.0)	(75.0, 0.0)	(76.0, 0.0)	(77.0, 0.0)	(78.0, 0.0)	(79.0, 0.0)	(80.0, 0.0)	(81.0, 0.0)	(82.0, 0.0)	(83.0, 0.0)	(84.0, 0.0)	(85.0, 0.0)	(86.0, 0.0)	(87.0, 0.0)	(88.0, 0.0)	(89.0, 0.0)	(90.0, 0.0)	(91.0, 0.0)	(92.0, 0.0)	(93.0, 0.0)	(94.0, 0.0)	(95.0, 0.0)	(96.0, 0.0)	(97.0, 0.0)	(98.0, 0.0)	(99.0, 0.0)	(100.0, 0.0)
Fungus_18_2	(0.0, 0.0)	(1.0, 0.0)	(2.0, 0.0)	(3.0, 0.0)	(4.0, 0.0)	(5.0, 0.0)	(6.0, 0.0)	(7.0, 0.0)	(8.0, 0.0)	(9.0, 0.0)	(10.0, 0.0)	(11.0, 0.0)	(12.0, 0.0)	(13.0, 0.0)	(14.0, 0.0)	(15.0, 0.0)	(16.0, 0.0)	(17.0, 0.0)	(18.0, 0.0)	(19.0, 0.0)	(20.0, 0.0)	(21.0, 0.0)	(22.0, 0.0)	(23.0, 0.0)	(24.0, 0.0)	(25.0, 0.0)	(26.0, 0.0)	(27.0, 0.0)	(28.0, 0.0)	(29.0, 0.004032095480021484)	(30.0, 0.004032095480021484)	(31.0, 0.0)	(32.0, 0.0026880636533476556)	(33.0, 0.005376127306695311)	(34.0, 0.04972917758693165)	(35.0, 0.3642326250286066)	(36.0, 0.26208620620139705)	(37.0, 0.28627877908152566)	(38.0, 1.3547840812872118)	(39.0, 0.2822466836015042)	(40.0, 1.0389366020188802)	(41.0, 1.4072013225274882)	(42.0, 0.6827681679503064)	(43.0, 3.483730494738676)	(44.0, 3.2539010523774254)	(45.0, 0.38304907060203985)	(46.0, 0.5282045078828118)	(47.0, 1.5940217464351396)	(48.0, 4.548203701464326)	(49.0, 8.398854884884063)	(50.0, 5.337150383721683)	(51.0, 1.9475021168503364)	(52.0, 1.9461580850236626)	(53.0, 4.811633939492336)	(54.0, 32.75943174333611)	(55.0, 7.529266293026198)	(56.0, 2.7727376584281402)	(57.0, 2.3910326196527296)	(58.0, 1.7902503931295073)	(59.0, 4.624813515584717)	(60.0, 2.7646734674680964)	(61.0, 1.3520960176338643)	(62.0, 0.6397591494967426)	(63.0, 0.4099297071355161)	(64.0, 0.5913740037364834)	(65.0, 0.1370912463207303)	(66.0, 0.08198594142710348)	(67.0, 0.08064190960042966)	(68.0, 0.004032095480021484)	(69.0, 0.0)	(70.0, 0.0)	(71.0, 0.0013440318266738278)	(72.0, 0.04704111393358399)	(73.0, 0.04569708210691016)	(74.0, 0.0)	(75.0, 0.0)	(76.0, 0.0)	(77.0, 0.0)	(78.0, 0.0)	(79.0, 0.0)	(80.0, 0.0)	(81.0, 0.0)	(82.0, 0.0)	(83.0, 0.0)	(84.0, 0.0)	(85.0, 0.0)	(86.0, 0.0)	(87.0, 0.0)	(88.0, 0.0)	(89.0, 0.0)	(90.0, 0.0)	(91.0, 0.0)	(92.0, 0.0)	(93.0, 0.0)	(94.0, 0.0)	(95.0, 0.0)	(96.0, 0.0)	(97.0, 0.0)	(98.0, 0.0)	(99.0, 0.0)	(100.0, 0.0)
Fungus_2093R_1	(0.0, 0.0)	(1.0, 0.0)	(2.0, 0.0)	(3.0, 0.0)	(4.0, 0.0)	(5.0, 0.0)	(6.0, 0.0)	(7.0, 0.0)	(8.0, 0.0)	(9.0, 0.0)	(10.0, 0.0)	(11.0, 0.0)	(12.0, 0.0)	(13.0, 0.0)	(14.0, 0.0)	(15.0, 0.0)	(16.0, 0.0)	(17.0, 0.0)	(18.0, 0.0)	(19.0, 0.0)	(20.0, 0.0)	(21.0, 0.0)	(22.0, 0.0)	(23.0, 0.0)	(24.0, 0.0)	(25.0, 0.0)	(26.0, 0.0)	(27.0, 0.0)	(28.0, 0.0)	(29.0, 0.0)	(30.0, 0.0012560604918732887)	(31.0, 0.0037681814756198666)	(32.0, 0.026377270329339054)	(33.0, 0.03391363328057879)	(34.0, 0.015072725902479467)	(35.0, 0.00879242344311302)	(36.0, 0.05777878262617132)	(37.0, 0.12434998869545542)	(38.0, 0.43459693018815576)	(39.0, 1.5248574371341517)	(40.0, 2.906523978194857)	(41.0, 4.671288969276751)	(42.0, 1.4193483558168014)	(43.0, 3.1263345642727076)	(44.0, 1.7019619664882752)	(45.0, 2.7721255055644)	(46.0, 2.7444921747431845)	(47.0, 1.9192604315823418)	(48.0, 5.384731328660617)	(49.0, 9.936694551209895)	(50.0, 20.48760268294342)	(51.0, 12.507850378075686)	(52.0, 9.824905167433121)	(53.0, 6.427261536915209)	(54.0, 3.6036375511846117)	(55.0, 2.346320998819307)	(56.0, 2.8864270103248826)	(57.0, 1.7383877207525984)	(58.0, 0.7963423518476712)	(59.0, 0.27256512673650385)	(60.0, 0.1896651342728669)	(61.0, 0.06531514557741104)	(62.0, 0.00879242344311302)	(63.0, 0.012560604918732888)	(64.0, 0.006280302459366443)	(65.0, 0.006280302459366443)	(66.0, 0.0037681814756198666)	(67.0, 0.0025121209837465773)	(68.0, 0.0)	(69.0, 0.0)	(70.0, 0.0)	(71.0, 0.0)	(72.0, 0.0)	(73.0, 0.0)	(74.0, 0.0)	(75.0, 0.0)	(76.0, 0.0)	(77.0, 0.0)	(78.0, 0.0)	(79.0, 0.0)	(80.0, 0.0)	(81.0, 0.0)	(82.0, 0.0)	(83.0, 0.0)	(84.0, 0.0)	(85.0, 0.0)	(86.0, 0.0)	(87.0, 0.0)	(88.0, 0.0)	(89.0, 0.0)	(90.0, 0.0)	(91.0, 0.0)	(92.0, 0.0)	(93.0, 0.0)	(94.0, 0.0)	(95.0, 0.0)	(96.0, 0.0)	(97.0, 0.0)	(98.0, 0.0)	(99.0, 0.0)	(100.0, 0.0)
Fungus_2093R_2	(0.0, 0.0)	(1.0, 0.0)	(2.0, 0.0)	(3.0, 0.0)	(4.0, 0.0)	(5.0, 0.0)	(6.0, 0.0)	(7.0, 0.0)	(8.0, 0.0)	(9.0, 0.0)	(10.0, 0.0)	(11.0, 0.0)	(12.0, 0.0)	(13.0, 0.0)	(14.0, 0.0)	(15.0, 0.0)	(16.0, 0.0)	(17.0, 0.0)	(18.0, 0.0)	(19.0, 0.0)	(20.0, 0.0013266118333775624)	(21.0, 0.0013266118333775624)	(22.0, 0.0)	(23.0, 0.0013266118333775624)	(24.0, 0.0053064473335102495)	(25.0, 0.009286282833642936)	(26.0, 0.0026532236667551248)	(27.0, 0.003979835500132687)	(28.0, 0.010612894667020499)	(29.0, 0.19368532767312438)	(30.0, 0.1644998673388178)	(31.0, 0.007959671000265374)	(32.0, 0.007959671000265374)	(33.0, 0.013266118333775626)	(34.0, 0.04510480233483714)	(35.0, 0.08224993366940885)	(36.0, 0.5014592730167158)	(37.0, 1.237728840541265)	(38.0, 3.593791456619947)	(39.0, 3.6004245157868353)	(40.0, 1.4208012735473583)	(41.0, 0.6208543380206994)	(42.0, 0.9657734146988756)	(43.0, 1.294773149376497)	(44.0, 2.9397718227647345)	(45.0, 3.4452109312816432)	(46.0, 9.371185990978914)	(47.0, 5.900769434863168)	(48.0, 12.005837092067951)	(49.0, 6.227115945873974)	(50.0, 4.911117007163731)	(51.0, 6.037410453701026)	(52.0, 7.1836030777389785)	(53.0, 6.079862032369097)	(54.0, 6.745821172724482)	(55.0, 3.8312549747945575)	(56.0, 1.2417086760413973)	(57.0, 1.5282568320509347)	(58.0, 1.583974529052789)	(59.0, 0.8503581851950243)	(60.0, 1.2204828867073576)	(61.0, 1.6529583443884184)	(62.0, 0.8158662775272068)	(63.0, 0.9060758821968835)	(64.0, 0.4470681878482365)	(65.0, 0.6075882196869234)	(66.0, 0.5677898646855954)	(67.0, 0.09153621650305176)	(68.0, 0.007959671000265374)	(69.0, 0.003979835500132687)	(70.0, 0.003979835500132687)	(71.0, 0.0013266118333775624)	(72.0, 0.0013266118333775624)	(73.0, 0.0)	(74.0, 0.0)	(75.0, 0.0)	(76.0, 0.0)	(77.0, 0.0)	(78.0, 0.0)	(79.0, 0.0)	(80.0, 0.0)	(81.0, 0.0)	(82.0, 0.0013266118333775624)	(83.0, 0.0013266118333775624)	(84.0, 0.0)	(85.0, 0.0)	(86.0, 0.0)	(87.0, 0.0)	(88.0, 0.0)	(89.0, 0.0)	(90.0, 0.0)	(91.0, 0.0)	(92.0, 0.0)	(93.0, 0.0)	(94.0, 0.0)	(95.0, 0.0)	(96.0, 0.0)	(97.0, 0.0)	(98.0, 0.0)	(99.0, 0.0)	(100.0, 0.0)
Fungus_2137_1	(0.0, 0.0)	(1.0, 0.0)	(2.0, 0.0)	(3.0, 0.0)	(4.0, 0.0)	(5.0, 0.0)	(6.0, 0.0)	(7.0, 0.0)	(8.0, 0.0)	(9.0, 0.0)	(10.0, 0.0)	(11.0, 0.0)	(12.0, 0.0)	(13.0, 0.0)	(14.0, 0.0)	(15.0, 0.0)	(16.0, 0.0)	(17.0, 0.0)	(18.0, 0.0)	(19.0, 0.0)	(20.0, 0.0)	(21.0, 0.0)	(22.0, 0.0)	(23.0, 0.0)	(24.0, 0.0)	(25.0, 0.0)	(26.0, 0.0)	(27.0, 0.0)	(28.0, 0.0)	(29.0, 0.0)	(30.0, 0.0)	(31.0, 0.0)	(32.0, 0.003678138371565792)	(33.0, 0.0049041844954210555)	(34.0, 0.011034415114697375)	(35.0, 0.011034415114697375)	(36.0, 0.17409854958744772)	(37.0, 0.12628275075709205)	(38.0, 0.07601485967902635)	(39.0, 0.32245013057393385)	(40.0, 0.5799198165835403)	(41.0, 11.340926645662238)	(42.0, 25.379154763797324)	(43.0, 8.545541483270965)	(44.0, 1.9236663683288708)	(45.0, 0.6007626006890804)	(46.0, 0.2611478243811715)	(47.0, 0.7380797665608738)	(48.0, 1.5239753319520706)	(49.0, 2.262055098512962)	(50.0, 2.4361536481004293)	(51.0, 8.140946262398543)	(52.0, 7.421257187695253)	(53.0, 3.437833331290294)	(54.0, 5.741573998013923)	(55.0, 1.9347007834435694)	(56.0, 3.2919338425515012)	(57.0, 2.1051211946594703)	(58.0, 4.656523178402261)	(59.0, 1.1365447568138294)	(60.0, 0.3420668685556178)	(61.0, 0.1961673798168426)	(62.0, 0.48796635729439286)	(63.0, 0.8263550874784553)	(64.0, 3.434155192918728)	(65.0, 0.24643527089490855)	(66.0, 0.009808368990842111)	(67.0, 0.022068830229394747)	(68.0, 0.10666601277540784)	(69.0, 0.11279624339468412)	(70.0, 0.025746968600960537)	(71.0, 0.0024520922477105278)	(72.0, 0.0)	(73.0, 0.0)	(74.0, 0.0)	(75.0, 0.0)	(76.0, 0.0)	(77.0, 0.0)	(78.0, 0.0)	(79.0, 0.0)	(80.0, 0.0)	(81.0, 0.0)	(82.0, 0.0)	(83.0, 0.0)	(84.0, 0.0)	(85.0, 0.0)	(86.0, 0.0)	(87.0, 0.0)	(88.0, 0.0)	(89.0, 0.0)	(90.0, 0.0)	(91.0, 0.0)	(92.0, 0.0)	(93.0, 0.0)	(94.0, 0.0)	(95.0, 0.0)	(96.0, 0.0)	(97.0, 0.0)	(98.0, 0.0)	(99.0, 0.0)	(100.0, 0.0)
Fungus_2137_2	(0.0, 0.0)	(1.0, 0.0)	(2.0, 0.0)	(3.0, 0.0)	(4.0, 0.0)	(5.0, 0.0)	(6.0, 0.0)	(7.0, 0.0)	(8.0, 0.0)	(9.0, 0.0)	(10.0, 0.0)	(11.0, 0.0)	(12.0, 0.0)	(13.0, 0.0)	(14.0, 0.0)	(15.0, 0.0)	(16.0, 0.0)	(17.0, 0.0)	(18.0, 0.0)	(19.0, 0.0)	(20.0, 0.0)	(21.0, 0.0)	(22.0, 0.0)	(23.0, 0.0)	(24.0, 0.0)	(25.0, 0.0)	(26.0, 0.0)	(27.0, 0.001229090104595566)	(28.0, 0.001229090104595566)	(29.0, 0.001229090104595566)	(30.0, 0.009832720836764529)	(31.0, 0.04916360418382267)	(32.0, 0.1954253266306954)	(33.0, 0.49778149236120234)	(34.0, 0.06882904585735171)	(35.0, 0.2937525349983401)	(36.0, 0.6219195929253579)	(37.0, 8.705645210850232)	(38.0, 9.044874079718763)	(39.0, 7.603151387027508)	(40.0, 17.1986578336066)	(41.0, 2.428682046680857)	(42.0, 0.683374098155138)	(43.0, 0.3060434360442956)	(44.0, 0.5321960152898791)	(45.0, 0.6575632059586304)	(46.0, 0.7054977200378589)	(47.0, 0.36381067096028635)	(48.0, 0.4609087892233348)	(49.0, 1.9407332751563615)	(50.0, 9.492262877791752)	(51.0, 8.726539742628367)	(52.0, 1.7096643354923997)	(53.0, 1.7022897948648266)	(54.0, 2.477845650864685)	(55.0, 2.365998451346476)	(56.0, 5.200280232543688)	(57.0, 3.2128415334129174)	(58.0, 2.7691400056538673)	(59.0, 3.934317424810542)	(60.0, 1.1885301311439092)	(61.0, 1.4195990708078625)	(62.0, 0.9377957498064274)	(63.0, 0.5285087449760922)	(64.0, 0.591192340310468)	(65.0, 0.17944715527095292)	(66.0, 0.3797888423200285)	(67.0, 0.39330883347057954)	(68.0, 0.16346898391121045)	(69.0, 0.009832720836764529)	(70.0, 0.002458180209191132)	(71.0, 0.004916360418382264)	(72.0, 0.002458180209191132)	(73.0, 0.022123621882720185)	(74.0, 0.1659271641204016)	(75.0, 0.04547633387003597)	(76.0, 0.002458180209191132)	(77.0, 0.0)	(78.0, 0.0)	(79.0, 0.0)	(80.0, 0.0)	(81.0, 0.0)	(82.0, 0.0)	(83.0, 0.0)	(84.0, 0.0)	(85.0, 0.0)	(86.0, 0.0)	(87.0, 0.0)	(88.0, 0.0)	(89.0, 0.0)	(90.0, 0.0)	(91.0, 0.0)	(92.0, 0.0)	(93.0, 0.0)	(94.0, 0.0)	(95.0, 0.0)	(96.0, 0.0)	(97.0, 0.0)	(98.0, 0.0)	(99.0, 0.0)	(100.0, 0.0)
Fungus_2146_1	(0.0, 0.0)	(1.0, 0.0)	(2.0, 0.0)	(3.0, 0.0)	(4.0, 0.0)	(5.0, 0.0)	(6.0, 0.0)	(7.0, 0.0)	(8.0, 0.0)	(9.0, 0.0)	(10.0, 0.0)	(11.0, 0.0)	(12.0, 0.0)	(13.0, 0.0)	(14.0, 0.0)	(15.0, 0.0)	(16.0, 0.0)	(17.0, 0.0)	(18.0, 0.0)	(19.0, 0.0)	(20.0, 0.0)	(21.0, 0.0)	(22.0, 0.0)	(23.0, 0.0)	(24.0, 0.0)	(25.0, 0.0)	(26.0, 0.0)	(27.0, 0.0)	(28.0, 0.0)	(29.0, 0.0)	(30.0, 0.0)	(31.0, 0.0)	(32.0, 0.0)	(33.0, 0.0)	(34.0, 0.0)	(35.0, 0.0)	(36.0, 0.0013287623907088444)	(37.0, 0.003986287172126533)	(38.0, 0.04783544606551842)	(39.0, 0.22721836881121293)	(40.0, 1.2849132318154493)	(41.0, 0.17273911079214993)	(42.0, 0.06643811953544226)	(43.0, 0.18336920991782077)	(44.0, 0.3242180233329578)	(45.0, 2.21106061813949)	(46.0, 10.990193733553395)	(47.0, 69.0743841186424)	(48.0, 7.406521565810528)	(49.0, 0.9062159504634404)	(50.0, 0.45045045045029625)	(51.0, 0.4624093119666757)	(52.0, 0.345478221584299)	(53.0, 0.45177921284100503)	(54.0, 0.3401631720214637)	(55.0, 0.28302638922098416)	(56.0, 0.4557655000131315)	(57.0, 0.593956788646853)	(58.0, 0.9155172871984024)	(59.0, 0.9394350102311624)	(60.0, 0.3202317361608313)	(61.0, 0.5182173323764466)	(62.0, 0.6696962449172592)	(63.0, 0.21127322012270666)	(64.0, 0.027904010204885726)	(65.0, 0.03986287172126533)	(66.0, 0.057136782800480346)	(67.0, 0.014616386297797292)	(68.0, 0.0013287623907088444)	(69.0, 0.0)	(70.0, 0.0)	(71.0, 0.0)	(72.0, 0.0013287623907088444)	(73.0, 0.0)	(74.0, 0.0)	(75.0, 0.0)	(76.0, 0.0)	(77.0, 0.0)	(78.0, 0.0)	(79.0, 0.0)	(80.0, 0.0)	(81.0, 0.0)	(82.0, 0.0)	(83.0, 0.0)	(84.0, 0.0)	(85.0, 0.0)	(86.0, 0.0)	(87.0, 0.0)	(88.0, 0.0)	(89.0, 0.0)	(90.0, 0.0)	(91.0, 0.0)	(92.0, 0.0)	(93.0, 0.0)	(94.0, 0.0)	(95.0, 0.0)	(96.0, 0.0)	(97.0, 0.0)	(98.0, 0.0)	(99.0, 0.0)	(100.0, 0.0)
Fungus_2146_2	(0.0, 0.0)	(1.0, 0.0)	(2.0, 0.0)	(3.0, 0.0)	(4.0, 0.0)	(5.0, 0.0)	(6.0, 0.0)	(7.0, 0.0)	(8.0, 0.0)	(9.0, 0.0)	(10.0, 0.0)	(11.0, 0.0)	(12.0, 0.0)	(13.0, 0.0)	(14.0, 0.0)	(15.0, 0.0)	(16.0, 0.0)	(17.0, 0.0)	(18.0, 0.0)	(19.0, 0.0)	(20.0, 0.0)	(21.0, 0.0)	(22.0, 0.0)	(23.0, 0.0)	(24.0, 0.0)	(25.0, 0.00217216586658505)	(26.0, 0.00217216586658505)	(27.0, 0.0032582487998775757)	(28.0, 0.00651649759975515)	(29.0, 0.009774746399632725)	(30.0, 0.017377326932680397)	(31.0, 0.03909898559853091)	(32.0, 0.0651649759975515)	(33.0, 0.15205161066095368)	(34.0, 0.3019310554553212)	(35.0, 0.5745378717117477)	(36.0, 1.1990355583549364)	(37.0, 3.4602602254701074)	(38.0, 18.278775767311135)	(39.0, 47.086039489991514)	(40.0, 17.48919347480819)	(41.0, 0.6494775941089342)	(42.0, 1.474900623411222)	(43.0, 1.4260268914130614)	(44.0, 0.06625105893084401)	(45.0, 0.09557529812974208)	(46.0, 0.32691096292104893)	(47.0, 0.5332667202466307)	(48.0, 0.5940873645110138)	(49.0, 0.13358820079498063)	(50.0, 0.3584073679865317)	(51.0, 0.3497187045201916)	(52.0, 0.3008449725220287)	(53.0, 0.24111041119094065)	(54.0, 0.32256663118787887)	(55.0, 0.2617459869234983)	(56.0, 0.3073614701217837)	(57.0, 0.34754653865360663)	(58.0, 0.7211590677062429)	(59.0, 0.6570801746419821)	(60.0, 0.3779568607857969)	(61.0, 0.537611051979801)	(62.0, 0.34754653865360663)	(63.0, 0.29107022612239614)	(64.0, 0.20092534265911768)	(65.0, 0.17703151812668194)	(66.0, 0.09991962986291218)	(67.0, 0.05321806373133375)	(68.0, 0.028238156265605645)	(69.0, 0.001086082933292525)	(70.0, 0.00217216586658505)	(71.0, 0.023893824532435545)	(72.0, 0.0043443317331701)	(73.0, 0.0)	(74.0, 0.0)	(75.0, 0.0)	(76.0, 0.0)	(77.0, 0.0)	(78.0, 0.0)	(79.0, 0.0)	(80.0, 0.0)	(81.0, 0.0)	(82.0, 0.0)	(83.0, 0.0)	(84.0, 0.0)	(85.0, 0.0)	(86.0, 0.0)	(87.0, 0.0)	(88.0, 0.0)	(89.0, 0.0)	(90.0, 0.0)	(91.0, 0.0)	(92.0, 0.0)	(93.0, 0.0)	(94.0, 0.0)	(95.0, 0.0)	(96.0, 0.0)	(97.0, 0.0)	(98.0, 0.0)	(99.0, 0.0)	(100.0, 0.0)
Fungus_2154_1	(0.0, 0.0)	(1.0, 0.0)	(2.0, 0.0)	(3.0, 0.0)	(4.0, 0.0)	(5.0, 0.0)	(6.0, 0.0)	(7.0, 0.0)	(8.0, 0.0)	(9.0, 0.0)	(10.0, 0.0)	(11.0, 0.0)	(12.0, 0.0)	(13.0, 0.0)	(14.0, 0.0)	(15.0, 0.0)	(16.0, 0.0)	(17.0, 0.0)	(18.0, 0.0)	(19.0, 0.0)	(20.0, 0.0)	(21.0, 0.0)	(22.0, 0.0)	(23.0, 0.0)	(24.0, 0.0)	(25.0, 0.0)	(26.0, 0.0)	(27.0, 0.0)	(28.0, 0.0)	(29.0, 0.0)	(30.0, 0.0)	(31.0, 0.0)	(32.0, 0.0024835465044083255)	(33.0, 0.0037253197566124883)	(34.0, 0.009934186017633302)	(35.0, 0.04470383707934987)	(36.0, 0.2694647957283035)	(37.0, 3.203774990686844)	(38.0, 3.7302868496214683)	(39.0, 0.6643486899292297)	(40.0, 0.239662237675404)	(41.0, 0.24338755743201645)	(42.0, 0.8940767415870063)	(43.0, 2.173103191357271)	(44.0, 2.6449770271949067)	(45.0, 4.051906121942301)	(46.0, 5.140941264125105)	(47.0, 5.586737861666298)	(48.0, 9.777722587855859)	(49.0, 9.16552837451893)	(50.0, 5.826400099341647)	(51.0, 5.0751272817582995)	(52.0, 4.688935800322892)	(53.0, 5.700981000869055)	(54.0, 5.792872221532142)	(55.0, 5.3694275425306195)	(56.0, 6.056128150999364)	(57.0, 4.845399230100581)	(58.0, 2.2674779585247986)	(59.0, 1.7210977275549366)	(60.0, 1.3535328449025255)	(61.0, 1.158574444306483)	(62.0, 0.9810008692412978)	(63.0, 0.6308208121197163)	(64.0, 0.23345337141438324)	(65.0, 0.059605116105799855)	(66.0, 0.024835465044083245)	(67.0, 0.09934186017633291)	(68.0, 0.12417732522041612)	(69.0, 0.13038619148143699)	(70.0, 0.013659505774245791)	(71.0, 0.0)	(72.0, 0.0)	(73.0, 0.0)	(74.0, 0.0)	(75.0, 0.0)	(76.0, 0.0)	(77.0, 0.0)	(78.0, 0.0)	(79.0, 0.0)	(80.0, 0.0)	(81.0, 0.0)	(82.0, 0.0)	(83.0, 0.0)	(84.0, 0.0)	(85.0, 0.0)	(86.0, 0.0)	(87.0, 0.0)	(88.0, 0.0)	(89.0, 0.0)	(90.0, 0.0)	(91.0, 0.0)	(92.0, 0.0)	(93.0, 0.0)	(94.0, 0.0)	(95.0, 0.0)	(96.0, 0.0)	(97.0, 0.0)	(98.0, 0.0)	(99.0, 0.0)	(100.0, 0.0)
Fungus_2154_2	(0.0, 0.0)	(1.0, 0.0)	(2.0, 0.0)	(3.0, 0.0)	(4.0, 0.0)	(5.0, 0.0)	(6.0, 0.0)	(7.0, 0.0)	(8.0, 0.0)	(9.0, 0.0)	(10.0, 0.0)	(11.0, 0.0)	(12.0, 0.0)	(13.0, 0.0)	(14.0, 0.0)	(15.0, 0.0)	(16.0, 0.0)	(17.0, 0.0)	(18.0, 0.0)	(19.0, 0.0)	(20.0, 0.0)	(21.0, 0.0)	(22.0, 0.0)	(23.0, 0.0)	(24.0, 0.0)	(25.0, 0.0)	(26.0, 0.0013386701650580238)	(27.0, 0.0026773403301160476)	(28.0, 0.006693350825290118)	(29.0, 0.01070936132046419)	(30.0, 0.054885476767378996)	(31.0, 0.06291749775772716)	(32.0, 0.04149877511679874)	(33.0, 0.21418722640928423)	(34.0, 0.4337291334787979)	(35.0, 4.060186610621167)	(36.0, 1.1177895878234563)	(37.0, 0.3534089235753176)	(38.0, 0.7108338576458133)	(39.0, 0.6934311455000585)	(40.0, 0.8540715653070259)	(41.0, 1.1097575668331088)	(42.0, 5.115058700686667)	(43.0, 6.556806468453831)	(44.0, 1.7282231830898807)	(45.0, 1.101725545842761)	(46.0, 1.6532576538466355)	(47.0, 1.7643672775464452)	(48.0, 2.6063908113679877)	(49.0, 10.977095353476297)	(50.0, 4.352016706603767)	(51.0, 4.038767887980236)	(52.0, 2.1726616778891388)	(53.0, 2.180693698879488)	(54.0, 6.720124228590872)	(55.0, 4.63179877110083)	(56.0, 4.745585735130737)	(57.0, 4.906226154937663)	(58.0, 4.254293784554554)	(59.0, 4.220827030428111)	(60.0, 5.299795183464632)	(61.0, 3.7589858234830777)	(62.0, 2.2101444425107677)	(63.0, 1.100386875677703)	(64.0, 0.9584878381815548)	(65.0, 0.9397464558707418)	(66.0, 0.449793175459494)	(67.0, 0.27978206449712734)	(68.0, 0.14323770766120847)	(69.0, 0.44577716496431996)	(70.0, 0.23560594905021273)	(71.0, 0.01338670165058024)	(72.0, 0.17536579162260124)	(73.0, 0.2409606297104449)	(74.0, 0.09102957122394556)	(75.0, 0.10977095353475783)	(76.0, 0.0937069115540616)	(77.0, 0.0)	(78.0, 0.0)	(79.0, 0.0)	(80.0, 0.0)	(81.0, 0.0)	(82.0, 0.0)	(83.0, 0.0)	(84.0, 0.0)	(85.0, 0.0)	(86.0, 0.0)	(87.0, 0.0)	(88.0, 0.0)	(89.0, 0.0)	(90.0, 0.0)	(91.0, 0.0)	(92.0, 0.0)	(93.0, 0.0)	(94.0, 0.0)	(95.0, 0.0)	(96.0, 0.0)	(97.0, 0.0)	(98.0, 0.0)	(99.0, 0.0)	(100.0, 0.0)
Fungus_2155_1	(0.0, 0.0)	(1.0, 0.0)	(2.0, 0.0)	(3.0, 0.0)	(4.0, 0.0)	(5.0, 0.0)	(6.0, 0.0)	(7.0, 0.0)	(8.0, 0.0)	(9.0, 0.0)	(10.0, 0.0)	(11.0, 0.0)	(12.0, 0.0)	(13.0, 0.0)	(14.0, 0.0)	(15.0, 0.0)	(16.0, 0.0)	(17.0, 0.0)	(18.0, 0.0)	(19.0, 0.0)	(20.0, 0.0)	(21.0, 0.0)	(22.0, 0.0)	(23.0, 0.0)	(24.0, 0.0)	(25.0, 0.0)	(26.0, 0.0)	(27.0, 0.0)	(28.0, 0.0)	(29.0, 0.0)	(30.0, 0.0)	(31.0, 0.0)	(32.0, 0.0)	(33.0, 0.0)	(34.0, 0.0008656060107681346)	(35.0, 0.0077904540969132114)	(36.0, 0.008656060107681345)	(37.0, 0.028564998355348443)	(38.0, 0.12897529560445226)	(39.0, 0.3488392223395568)	(40.0, 0.2518913491335264)	(41.0, 0.3237366480272805)	(42.0, 0.6007305714730911)	(43.0, 0.5280196665685658)	(44.0, 1.5018264286827028)	(45.0, 3.0417395218392587)	(46.0, 13.97520904385043)	(47.0, 3.8138600834442586)	(48.0, 3.26766269064969)	(49.0, 8.578155566713212)	(50.0, 10.961168914358527)	(51.0, 7.616467288749377)	(52.0, 4.340148537991165)	(53.0, 5.2429756072221245)	(54.0, 7.022661565362166)	(55.0, 5.4706299880541955)	(56.0, 4.154043245676058)	(57.0, 4.031992798157779)	(58.0, 3.26766269064969)	(59.0, 2.9525821027301604)	(60.0, 4.096913248965374)	(61.0, 1.4161314336166475)	(62.0, 1.3624638609490172)	(63.0, 0.5314820906116384)	(64.0, 0.5280196665685658)	(65.0, 0.47868012395478066)	(66.0, 0.0874262070875815)	(67.0, 0.02337136229073963)	(68.0, 0.0043280300538406724)	(69.0, 0.0008656060107681346)	(70.0, 0.002596818032304404)	(71.0, 0.0008656060107681346)	(72.0, 0.0)	(73.0, 0.0)	(74.0, 0.0)	(75.0, 0.0)	(76.0, 0.0)	(77.0, 0.0)	(78.0, 0.0)	(79.0, 0.0)	(80.0, 0.0)	(81.0, 0.0)	(82.0, 0.0)	(83.0, 0.0)	(84.0, 0.0)	(85.0, 0.0)	(86.0, 0.0)	(87.0, 0.0)	(88.0, 0.0)	(89.0, 0.0)	(90.0, 0.0)	(91.0, 0.0)	(92.0, 0.0)	(93.0, 0.0)	(94.0, 0.0)	(95.0, 0.0)	(96.0, 0.0)	(97.0, 0.0)	(98.0, 0.0)	(99.0, 0.0)	(100.0, 0.0)
Fungus_2155_2	(0.0, 0.0)	(1.0, 0.0)	(2.0, 0.0)	(3.0, 0.0)	(4.0, 0.0)	(5.0, 0.0)	(6.0, 0.0)	(7.0, 0.0)	(8.0, 0.0)	(9.0, 0.0)	(10.0, 0.0)	(11.0, 0.0)	(12.0, 0.0)	(13.0, 0.0)	(14.0, 0.0)	(15.0, 0.0)	(16.0, 0.0)	(17.0, 0.0)	(18.0, 0.0)	(19.0, 0.0)	(20.0, 0.0)	(21.0, 0.0)	(22.0, 0.0)	(23.0, 0.0)	(24.0, 0.0)	(25.0, 0.0)	(26.0, 0.0)	(27.0, 0.005557143310787251)	(28.0, 0.009526531389921003)	(29.0, 0.09367755866755653)	(30.0, 0.1825918516401525)	(31.0, 0.01190816423740125)	(32.0, 0.0023816328474802508)	(33.0, 0.03334285986472353)	(34.0, 0.1738591978660584)	(35.0, 0.0658918421136202)	(36.0, 0.0643040868819667)	(37.0, 0.17147756501857817)	(38.0, 0.23657552951637079)	(39.0, 0.4787082023435336)	(40.0, 0.5485694325362895)	(41.0, 0.578736781937707)	(42.0, 0.6485980121304596)	(43.0, 11.338953986853808)	(44.0, 11.931186688260023)	(45.0, 1.1987551998983663)	(46.0, 0.870883744561937)	(47.0, 1.7528817757454973)	(48.0, 3.4827411006318263)	(49.0, 3.2334635292622838)	(50.0, 7.819694515894383)	(51.0, 3.8002921469624544)	(52.0, 4.738655488869459)	(53.0, 4.350449334730267)	(54.0, 2.5134165317075845)	(55.0, 3.0953288241084604)	(56.0, 2.803975739100109)	(57.0, 4.116255438061429)	(58.0, 3.9225492997997455)	(59.0, 4.290114635927448)	(60.0, 6.474865834683256)	(61.0, 5.639706582833136)	(62.0, 3.953510526816982)	(63.0, 2.4491124448256323)	(64.0, 1.3932552157759384)	(65.0, 0.3604204375853444)	(66.0, 0.15242450223873644)	(67.0, 0.02461020609062926)	(68.0, 0.22069797719983597)	(69.0, 0.24610206090629164)	(70.0, 0.09367755866755653)	(71.0, 0.17147756501857817)	(72.0, 0.10558572290495787)	(73.0, 0.057953065955352726)	(74.0, 0.05001428979708525)	(75.0, 0.03334285986472353)	(76.0, 0.006351020926614001)	(77.0, 0.0015877552316535004)	(78.0, 0.0)	(79.0, 0.0)	(80.0, 0.0)	(81.0, 0.0)	(82.0, 0.0)	(83.0, 0.0)	(84.0, 0.0)	(85.0, 0.0)	(86.0, 0.0)	(87.0, 0.0)	(88.0, 0.0)	(89.0, 0.0)	(90.0, 0.0)	(91.0, 0.0)	(92.0, 0.0)	(93.0, 0.0)	(94.0, 0.0)	(95.0, 0.0)	(96.0, 0.0)	(97.0, 0.0)	(98.0, 0.0)	(99.0, 0.0)	(100.0, 0.0)
Fungus_2156_1	(0.0, 0.0)	(1.0, 0.0)	(2.0, 0.0)	(3.0, 0.0)	(4.0, 0.0)	(5.0, 0.0)	(6.0, 0.0)	(7.0, 0.0)	(8.0, 0.0)	(9.0, 0.0)	(10.0, 0.0)	(11.0, 0.0)	(12.0, 0.0)	(13.0, 0.0)	(14.0, 0.0)	(15.0, 0.0)	(16.0, 0.0)	(17.0, 0.0)	(18.0, 0.0)	(19.0, 0.0)	(20.0, 0.0)	(21.0, 0.0)	(22.0, 0.0)	(23.0, 0.0)	(24.0, 0.0)	(25.0, 0.0)	(26.0, 0.0009520001523199925)	(27.0, 0.0009520001523199925)	(28.0, 0.0)	(29.0, 0.0028560004569599777)	(30.0, 0.006664001066239947)	(31.0, 0.3351040536166357)	(32.0, 0.3246320519411159)	(33.0, 0.0009520001523199925)	(34.0, 0.0)	(35.0, 0.0057120009139199545)	(36.0, 0.1942080310732788)	(37.0, 0.16469602635135908)	(38.0, 0.008568001370879931)	(39.0, 0.012376001980159902)	(40.0, 0.1456560233049591)	(41.0, 0.14660802345727908)	(42.0, 0.20087203213951862)	(43.0, 4.818072770891184)	(44.0, 6.141352982615872)	(45.0, 5.973800955807477)	(46.0, 4.508672721387256)	(47.0, 2.4780563964890225)	(48.0, 6.792521086803043)	(49.0, 5.700576912091616)	(50.0, 3.369128539060485)	(51.0, 10.18544962967304)	(52.0, 3.5719045715045974)	(53.0, 3.6985205917631276)	(54.0, 2.636088421774159)	(55.0, 1.9392243102758455)	(56.0, 2.2514803602368385)	(57.0, 2.751280440204891)	(58.0, 2.6770244283239237)	(59.0, 1.4042002246719592)	(60.0, 1.23093619694973)	(61.0, 0.9748481559756668)	(62.0, 10.035033605606412)	(63.0, 11.752441880392386)	(64.0, 2.3657203785152507)	(65.0, 1.0510081681612617)	(66.0, 0.1342320214771191)	(67.0, 0.004760000761599962)	(68.0, 0.0009520001523199925)	(69.0, 0.0009520001523199925)	(70.0, 0.0009520001523199925)	(71.0, 0.0)	(72.0, 0.0)	(73.0, 0.0)	(74.0, 0.0)	(75.0, 0.0)	(76.0, 0.0)	(77.0, 0.0)	(78.0, 0.0)	(79.0, 0.0)	(80.0, 0.0)	(81.0, 0.0)	(82.0, 0.0)	(83.0, 0.0)	(84.0, 0.0)	(85.0, 0.0)	(86.0, 0.0)	(87.0, 0.0)	(88.0, 0.0)	(89.0, 0.0)	(90.0, 0.0)	(91.0, 0.0)	(92.0, 0.0)	(93.0, 0.0)	(94.0, 0.0)	(95.0, 0.0)	(96.0, 0.0)	(97.0, 0.0)	(98.0, 0.0)	(99.0, 0.0)	(100.0, 0.0)
Fungus_2156_2	(0.0, 0.0)	(1.0, 0.0)	(2.0, 0.0)	(3.0, 0.0)	(4.0, 0.0)	(5.0, 0.0)	(6.0, 0.0)	(7.0, 0.0)	(8.0, 0.0)	(9.0, 0.0)	(10.0, 0.0)	(11.0, 0.0)	(12.0, 0.0)	(13.0, 0.0)	(14.0, 0.0)	(15.0, 0.0)	(16.0, 0.0)	(17.0, 0.0)	(18.0, 0.0)	(19.0, 0.0)	(20.0, 0.0009704686393058888)	(21.0, 0.0019409372786117775)	(22.0, 0.0029114059179176665)	(23.0, 0.0029114059179176665)	(24.0, 0.005822811835835332)	(25.0, 0.005822811835835332)	(26.0, 0.021350310064729545)	(27.0, 0.3416049610356712)	(28.0, 0.33481168056053)	(29.0, 0.051434837883212126)	(30.0, 0.003881874557223555)	(31.0, 0.0009704686393058888)	(32.0, 0.0)	(33.0, 0.0029114059179176665)	(34.0, 0.008734217753753)	(35.0, 0.03687780829362379)	(36.0, 0.22611919295827204)	(37.0, 3.302504779558001)	(38.0, 3.5742359985635885)	(39.0, 0.45126791727723836)	(40.0, 0.23097153615480143)	(41.0, 0.15236357637102482)	(42.0, 5.2405306522514215)	(43.0, 6.2954300631769105)	(44.0, 2.2262550585677587)	(45.0, 1.8167172927806268)	(46.0, 0.39303979891888335)	(47.0, 1.575070601593433)	(48.0, 7.628853973583808)	(49.0, 3.123938549925759)	(50.0, 8.697339945460076)	(51.0, 1.2451112642294353)	(52.0, 1.0112283221567295)	(53.0, 1.3508923459137714)	(54.0, 2.1767611579631527)	(55.0, 1.8904729093678827)	(56.0, 2.2864241142047304)	(57.0, 3.7101016080663825)	(58.0, 5.127956290091964)	(59.0, 11.531108372234561)	(60.0, 10.577137699796438)	(61.0, 4.51267917277217)	(62.0, 3.8508195607657045)	(63.0, 1.8730044738603748)	(64.0, 1.0878953446618904)	(65.0, 0.4978504119639224)	(66.0, 0.21641450656521327)	(67.0, 0.5725764971904779)	(68.0, 0.6570072688100926)	(69.0, 0.053375775161823895)	(70.0, 0.010675155032364778)	(71.0, 0.0)	(72.0, 0.0019409372786117775)	(73.0, 0.0009704686393058888)	(74.0, 0.0)	(75.0, 0.0)	(76.0, 0.0)	(77.0, 0.0)	(78.0, 0.0)	(79.0, 0.0)	(80.0, 0.0)	(81.0, 0.0)	(82.0, 0.0)	(83.0, 0.0)	(84.0, 0.0)	(85.0, 0.0)	(86.0, 0.0)	(87.0, 0.0)	(88.0, 0.0)	(89.0, 0.0)	(90.0, 0.0)	(91.0, 0.0)	(92.0, 0.0)	(93.0, 0.0)	(94.0, 0.0)	(95.0, 0.0)	(96.0, 0.0)	(97.0, 0.0)	(98.0, 0.0)	(99.0, 0.0)	(100.0, 0.0)
Fungus_21_1	(0.0, 0.0)	(1.0, 0.0)	(2.0, 0.0)	(3.0, 0.0)	(4.0, 0.0)	(5.0, 0.0)	(6.0, 0.0)	(7.0, 0.0)	(8.0, 0.0)	(9.0, 0.0)	(10.0, 0.0)	(11.0, 0.0)	(12.0, 0.0)	(13.0, 0.0)	(14.0, 0.0)	(15.0, 0.0)	(16.0, 0.0)	(17.0, 0.0)	(18.0, 0.0)	(19.0, 0.0)	(20.0, 0.0)	(21.0, 0.0)	(22.0, 0.0)	(23.0, 0.0)	(24.0, 0.0)	(25.0, 0.0)	(26.0, 0.0)	(27.0, 0.006465238567303264)	(28.0, 0.0743502435239875)	(29.0, 0.003232619283651632)	(30.0, 0.003232619283651632)	(31.0, 0.0)	(32.0, 0.0010775397612172108)	(33.0, 0.006465238567303264)	(34.0, 0.008620318089737686)	(35.0, 0.019395715701909788)	(36.0, 0.03448127235895075)	(37.0, 0.5570880565492996)	(38.0, 1.2628766001465557)	(39.0, 3.261712857204642)	(40.0, 22.74470927976665)	(41.0, 3.735830352140123)	(42.0, 1.9018576785483674)	(43.0, 1.128184129994412)	(44.0, 0.6497564760139825)	(45.0, 1.942804189474626)	(46.0, 2.6076462221457204)	(47.0, 2.3770527132452113)	(48.0, 3.967501400801771)	(49.0, 3.2498599198312514)	(50.0, 2.1486142838671363)	(51.0, 2.2617559587949567)	(52.0, 2.443860178440686)	(53.0, 11.317400112065897)	(54.0, 11.536140683593093)	(55.0, 3.532175337270117)	(56.0, 3.434119218999373)	(57.0, 3.325287703116459)	(58.0, 2.866255764837881)	(59.0, 2.6098013016681554)	(60.0, 1.366320417223402)	(61.0, 1.2165423904142183)	(62.0, 0.9406922115426279)	(63.0, 0.7402698159562306)	(64.0, 0.3232619283651621)	(65.0, 0.1799491401232746)	(66.0, 0.01831817594069258)	(67.0, 0.01400801689582374)	(68.0, 0.04417913020990566)	(69.0, 0.1346924701521514)	(70.0, 0.0021550795224344215)	(71.0, 0.0)	(72.0, 0.0)	(73.0, 0.0)	(74.0, 0.0)	(75.0, 0.0)	(76.0, 0.0)	(77.0, 0.0)	(78.0, 0.0)	(79.0, 0.0)	(80.0, 0.0)	(81.0, 0.0)	(82.0, 0.0)	(83.0, 0.0)	(84.0, 0.0)	(85.0, 0.0)	(86.0, 0.0)	(87.0, 0.0)	(88.0, 0.0)	(89.0, 0.0)	(90.0, 0.0)	(91.0, 0.0)	(92.0, 0.0)	(93.0, 0.0)	(94.0, 0.0)	(95.0, 0.0)	(96.0, 0.0)	(97.0, 0.0)	(98.0, 0.0)	(99.0, 0.0)	(100.0, 0.0)
Fungus_21_2	(0.0, 0.0)	(1.0, 0.0)	(2.0, 0.0)	(3.0, 0.0)	(4.0, 0.0)	(5.0, 0.0)	(6.0, 0.0)	(7.0, 0.0)	(8.0, 0.0)	(9.0, 0.0)	(10.0, 0.0)	(11.0, 0.0)	(12.0, 0.0)	(13.0, 0.0)	(14.0, 0.0)	(15.0, 0.0)	(16.0, 0.0)	(17.0, 0.0)	(18.0, 0.0)	(19.0, 0.0)	(20.0, 0.000993117694378059)	(21.0, 0.000993117694378059)	(22.0, 0.001986235388756118)	(23.0, 0.003972470777512236)	(24.0, 0.002979353083134177)	(25.0, 0.0059587061662683535)	(26.0, 0.060580179357061587)	(27.0, 0.004965588471890295)	(28.0, 0.004965588471890295)	(29.0, 0.001986235388756118)	(30.0, 0.004965588471890295)	(31.0, 0.024827942359451467)	(32.0, 0.000993117694378059)	(33.0, 0.006951823860646413)	(34.0, 0.014896765415670882)	(35.0, 0.9295581619378623)	(36.0, 0.9792140466567626)	(37.0, 0.3843365477243067)	(38.0, 0.3088596029515752)	(39.0, 0.3217701329784898)	(40.0, 0.7577488008104675)	(41.0, 20.5724330390361)	(42.0, 20.902148113569314)	(43.0, 1.98921474183927)	(44.0, 1.0030488713218346)	(45.0, 0.30190777909092886)	(46.0, 1.166913290894205)	(47.0, 1.6436097841956665)	(48.0, 2.2762257555145617)	(49.0, 2.1699621622160974)	(50.0, 2.0686641573895237)	(51.0, 1.5899814286992449)	(52.0, 1.2920461203858333)	(53.0, 1.8620956769588641)	(54.0, 3.9307598343482955)	(55.0, 9.349209974875968)	(56.0, 3.410366162494311)	(57.0, 3.1720179158436315)	(58.0, 2.225576753101275)	(59.0, 2.5473468860798025)	(60.0, 2.280198226292075)	(61.0, 1.134140406979731)	(62.0, 1.7598045544379124)	(63.0, 1.6068644295036738)	(64.0, 1.8650750300419985)	(65.0, 1.3705024182416956)	(66.0, 0.6187123235975354)	(67.0, 0.26317618901018514)	(68.0, 0.24629318820575835)	(69.0, 0.7448382707835525)	(70.0, 0.570049556573009)	(71.0, 0.00993117694378059)	(72.0, 0.002979353083134177)	(73.0, 0.11420853485347678)	(74.0, 0.11122918177034259)	(75.0, 0.004965588471890295)	(76.0, 0.0)	(77.0, 0.0)	(78.0, 0.0)	(79.0, 0.0)	(80.0, 0.0)	(81.0, 0.0)	(82.0, 0.0)	(83.0, 0.0)	(84.0, 0.0)	(85.0, 0.0)	(86.0, 0.0)	(87.0, 0.0)	(88.0, 0.0)	(89.0, 0.0)	(90.0, 0.0)	(91.0, 0.0)	(92.0, 0.0)	(93.0, 0.0)	(94.0, 0.0)	(95.0, 0.0)	(96.0, 0.0)	(97.0, 0.0)	(98.0, 0.0)	(99.0, 0.0)	(100.0, 0.0)
Fungus_23_1	(0.0, 0.0)	(1.0, 0.0)	(2.0, 0.0)	(3.0, 0.0)	(4.0, 0.0)	(5.0, 0.0)	(6.0, 0.0)	(7.0, 0.0)	(8.0, 0.0)	(9.0, 0.0)	(10.0, 0.0)	(11.0, 0.0)	(12.0, 0.0)	(13.0, 0.0)	(14.0, 0.0)	(15.0, 0.0)	(16.0, 0.0)	(17.0, 0.0)	(18.0, 0.0)	(19.0, 0.0)	(20.0, 0.0)	(21.0, 0.0)	(22.0, 0.0)	(23.0, 0.0)	(24.0, 0.0)	(25.0, 0.0)	(26.0, 0.0)	(27.0, 0.0)	(28.0, 0.0)	(29.0, 0.0)	(30.0, 0.0)	(31.0, 0.002096545940562939)	(32.0, 0.002096545940562939)	(33.0, 0.0031448189108444096)	(34.0, 0.022013732375910856)	(35.0, 0.482205566329476)	(36.0, 0.48010902038891307)	(37.0, 0.051365375543792044)	(38.0, 0.4874469311808835)	(39.0, 0.5147020284082024)	(40.0, 0.188689134650665)	(41.0, 0.23376487237276783)	(42.0, 4.002306200534619)	(43.0, 6.2288379894119545)	(44.0, 3.1395775459931388)	(45.0, 6.906022328213949)	(46.0, 6.615650715445849)	(47.0, 2.76429582263233)	(48.0, 3.2852874888622576)	(49.0, 4.239215891818178)	(50.0, 17.617275538548416)	(51.0, 13.172598144559025)	(52.0, 2.1866974160071746)	(53.0, 2.6730960742178316)	(54.0, 6.946904974054943)	(55.0, 8.51197651868589)	(56.0, 2.063001205513947)	(57.0, 2.9257298600556947)	(58.0, 2.035746108286626)	(59.0, 0.9015147544420676)	(60.0, 0.19707531841291684)	(61.0, 0.32601289375753584)	(62.0, 0.2673096074217744)	(63.0, 0.09853765920645802)	(64.0, 0.0712825619791399)	(65.0, 0.2463441480161453)	(66.0, 0.06813774306829551)	(67.0, 0.009434456732533228)	(68.0, 0.030399916138162623)	(69.0, 0.002096545940562939)	(70.0, 0.0)	(71.0, 0.0)	(72.0, 0.0)	(73.0, 0.0)	(74.0, 0.0)	(75.0, 0.0)	(76.0, 0.0)	(77.0, 0.0)	(78.0, 0.0)	(79.0, 0.0)	(80.0, 0.0)	(81.0, 0.0)	(82.0, 0.0)	(83.0, 0.0)	(84.0, 0.0)	(85.0, 0.0)	(86.0, 0.0)	(87.0, 0.0)	(88.0, 0.0)	(89.0, 0.0)	(90.0, 0.0)	(91.0, 0.0)	(92.0, 0.0)	(93.0, 0.0)	(94.0, 0.0)	(95.0, 0.0)	(96.0, 0.0)	(97.0, 0.0)	(98.0, 0.0)	(99.0, 0.0)	(100.0, 0.0)
Fungus_23_2	(0.0, 0.0)	(1.0, 0.0)	(2.0, 0.0)	(3.0, 0.0)	(4.0, 0.0)	(5.0, 0.0)	(6.0, 0.0)	(7.0, 0.0)	(8.0, 0.0)	(9.0, 0.0)	(10.0, 0.0)	(11.0, 0.0)	(12.0, 0.0)	(13.0, 0.0)	(14.0, 0.0)	(15.0, 0.0)	(16.0, 0.0)	(17.0, 0.0)	(18.0, 0.0)	(19.0, 0.0)	(20.0, 0.0)	(21.0, 0.0)	(22.0, 0.0)	(23.0, 0.0)	(24.0, 0.0)	(25.0, 0.0010617852857794916)	(26.0, 0.0021235705715589833)	(27.0, 0.0010617852857794916)	(28.0, 0.0)	(29.0, 0.0010617852857794916)	(30.0, 0.0031853558573384753)	(31.0, 0.0042471411431179665)	(32.0, 0.008494282286235933)	(33.0, 0.037162485002282225)	(34.0, 0.054151049574754105)	(35.0, 0.15926779286692402)	(36.0, 0.07220139943300541)	(37.0, 0.3259680827343028)	(38.0, 1.3951858655142284)	(39.0, 0.34083307673521546)	(40.0, 2.057739883840666)	(41.0, 4.936239793588625)	(42.0, 9.947866342469021)	(43.0, 8.680094711247733)	(44.0, 9.337339803145536)	(45.0, 6.310189953386974)	(46.0, 1.6914239602467)	(47.0, 2.351854408001619)	(48.0, 4.3150954014077625)	(49.0, 1.8220235503975926)	(50.0, 1.6744353956742262)	(51.0, 0.8887142841974397)	(52.0, 1.8878542381159282)	(53.0, 9.103747040273943)	(54.0, 7.783947930049434)	(55.0, 8.461366942377058)	(56.0, 7.348615962879644)	(57.0, 0.9035792781983517)	(58.0, 0.6264533186099039)	(59.0, 0.7517439823318877)	(60.0, 1.569318652382055)	(61.0, 0.6232679627525655)	(62.0, 1.3835062273706547)	(63.0, 1.3941240802284491)	(64.0, 0.5372633546044242)	(65.0, 0.8557989403382773)	(66.0, 0.10405495800639006)	(67.0, 0.044594982002738676)	(68.0, 0.09449889043437465)	(69.0, 0.08600460814813875)	(70.0, 0.015926779286692373)	(71.0, 0.0042471411431179665)	(72.0, 0.0010617852857794916)	(73.0, 0.0)	(74.0, 0.0)	(75.0, 0.0)	(76.0, 0.0)	(77.0, 0.0)	(78.0, 0.0)	(79.0, 0.0)	(80.0, 0.0)	(81.0, 0.0)	(82.0, 0.0)	(83.0, 0.0)	(84.0, 0.0)	(85.0, 0.0)	(86.0, 0.0)	(87.0, 0.0)	(88.0, 0.0)	(89.0, 0.0)	(90.0, 0.0)	(91.0, 0.0)	(92.0, 0.0)	(93.0, 0.0)	(94.0, 0.0)	(95.0, 0.0)	(96.0, 0.0)	(97.0, 0.0)	(98.0, 0.0)	(99.0, 0.0)	(100.0, 0.0)
Fungus_26_1	(0.0, 0.0)	(1.0, 0.0)	(2.0, 0.0)	(3.0, 0.0)	(4.0, 0.0)	(5.0, 0.0)	(6.0, 0.0)	(7.0, 0.0)	(8.0, 0.0)	(9.0, 0.0)	(10.0, 0.0)	(11.0, 0.0)	(12.0, 0.0)	(13.0, 0.0)	(14.0, 0.0)	(15.0, 0.0)	(16.0, 0.0)	(17.0, 0.0)	(18.0, 0.0)	(19.0, 0.0)	(20.0, 0.0)	(21.0, 0.0)	(22.0, 0.0)	(23.0, 0.0)	(24.0, 0.0)	(25.0, 0.0)	(26.0, 0.0)	(27.0, 0.0)	(28.0, 0.0)	(29.0, 0.0012277621579147584)	(30.0, 0.0024555243158295168)	(31.0, 0.0073665729474885495)	(32.0, 0.019644194526636127)	(33.0, 0.04542719984284607)	(34.0, 0.05033824847450512)	(35.0, 0.01841643236872137)	(36.0, 0.12277621579147568)	(37.0, 0.599147933062403)	(38.0, 0.27624648553082065)	(39.0, 0.22590823705631613)	(40.0, 0.27501872337290595)	(41.0, 3.9177890459061318)	(42.0, 5.078024285135315)	(43.0, 7.173814288695331)	(44.0, 1.010448255963853)	(45.0, 0.7992731648025143)	(46.0, 2.559884099252305)	(47.0, 3.290402583211669)	(48.0, 3.9030559000111578)	(49.0, 2.2332993652469417)	(50.0, 4.187896720647317)	(51.0, 5.341993149086927)	(52.0, 4.189124482805232)	(53.0, 5.474591462141691)	(54.0, 14.249407604761046)	(55.0, 5.478274748615434)	(56.0, 4.442043487335614)	(57.0, 8.167073874448569)	(58.0, 6.999472062271474)	(59.0, 3.7729131112722225)	(60.0, 2.672838217780475)	(61.0, 1.5960908052891594)	(62.0, 1.0914805583862224)	(63.0, 0.32781249616323976)	(64.0, 0.03683286473744275)	(65.0, 0.012277621579147583)	(66.0, 0.019644194526636127)	(67.0, 0.02823852963203943)	(68.0, 0.0147331458949771)	(69.0, 0.04911048631659036)	(70.0, 0.2234527127404866)	(71.0, 0.0147331458949771)	(72.0, 0.0)	(73.0, 0.0)	(74.0, 0.0)	(75.0, 0.0)	(76.0, 0.0)	(77.0, 0.0)	(78.0, 0.0)	(79.0, 0.0)	(80.0, 0.0)	(81.0, 0.0)	(82.0, 0.0)	(83.0, 0.0)	(84.0, 0.0)	(85.0, 0.0)	(86.0, 0.0)	(87.0, 0.0)	(88.0, 0.0)	(89.0, 0.0)	(90.0, 0.0)	(91.0, 0.0)	(92.0, 0.0)	(93.0, 0.0)	(94.0, 0.0)	(95.0, 0.0)	(96.0, 0.0)	(97.0, 0.0)	(98.0, 0.0)	(99.0, 0.0)	(100.0, 0.0)
Fungus_26_2	(0.0, 0.0)	(1.0, 0.0)	(2.0, 0.0)	(3.0, 0.0)	(4.0, 0.0)	(5.0, 0.0)	(6.0, 0.0)	(7.0, 0.0)	(8.0, 0.0)	(9.0, 0.0)	(10.0, 0.0)	(11.0, 0.0)	(12.0, 0.0)	(13.0, 0.0)	(14.0, 0.0)	(15.0, 0.0)	(16.0, 0.0)	(17.0, 0.0)	(18.0, 0.0)	(19.0, 0.0)	(20.0, 0.0)	(21.0, 0.0)	(22.0, 0.0)	(23.0, 0.0)	(24.0, 0.0012383900928792323)	(25.0, 0.0024767801857584646)	(26.0, 0.07430340557275394)	(27.0, 0.07058823529411626)	(28.0, 0.0012383900928792323)	(29.0, 0.003715170278637698)	(30.0, 0.003715170278637698)	(31.0, 0.004953560371516929)	(32.0, 0.012383900928792326)	(33.0, 0.01733746130030925)	(34.0, 0.08297213622290853)	(35.0, 0.11888544891640615)	(36.0, 0.26873065015479364)	(37.0, 0.2575851393188807)	(38.0, 3.9095975232198854)	(39.0, 3.6544891640867707)	(40.0, 0.7009287925696492)	(41.0, 1.2383900928792269)	(42.0, 7.287925696593664)	(43.0, 2.458204334365296)	(44.0, 1.614860681114492)	(45.0, 0.2191950464396247)	(46.0, 0.6241486068111346)	(47.0, 1.269349845201206)	(48.0, 1.421671826625343)	(49.0, 1.6879256965943625)	(50.0, 3.887306501548064)	(51.0, 1.6916408668730003)	(52.0, 3.5764705882353707)	(53.0, 2.56965944272444)	(54.0, 3.3597523219814804)	(55.0, 4.58947368421043)	(56.0, 3.000619195046462)	(57.0, 7.005572755417262)	(58.0, 9.243343653250642)	(59.0, 14.288544891642928)	(60.0, 4.7182662538698406)	(61.0, 4.900309597523046)	(62.0, 3.582662538699767)	(63.0, 2.2749226006191487)	(64.0, 0.9337461300309515)	(65.0, 1.4712074303405094)	(66.0, 0.5869969040247566)	(67.0, 0.32569659442723753)	(68.0, 0.04086687306501468)	(69.0, 0.48173374613001885)	(70.0, 0.4544891640866759)	(71.0, 0.0024767801857584646)	(72.0, 0.0024767801857584646)	(73.0, 0.0012383900928792323)	(74.0, 0.0)	(75.0, 0.0)	(76.0, 0.0)	(77.0, 0.0)	(78.0, 0.0024767801857584646)	(79.0, 0.0012383900928792323)	(80.0, 0.0)	(81.0, 0.0)	(82.0, 0.0)	(83.0, 0.0)	(84.0, 0.0)	(85.0, 0.0)	(86.0, 0.0)	(87.0, 0.0)	(88.0, 0.0)	(89.0, 0.0)	(90.0, 0.0)	(91.0, 0.0)	(92.0, 0.0)	(93.0, 0.0)	(94.0, 0.0)	(95.0, 0.0)	(96.0, 0.0)	(97.0, 0.0)	(98.0, 0.0)	(99.0, 0.0)	(100.0, 0.0)
Fungus_42_1	(0.0, 0.0)	(1.0, 0.0)	(2.0, 0.0)	(3.0, 0.0)	(4.0, 0.0)	(5.0, 0.0)	(6.0, 0.0)	(7.0, 0.0)	(8.0, 0.0)	(9.0, 0.0)	(10.0, 0.0)	(11.0, 0.0)	(12.0, 0.0)	(13.0, 0.0)	(14.0, 0.0)	(15.0, 0.0)	(16.0, 0.0)	(17.0, 0.0)	(18.0, 0.0)	(19.0, 0.0)	(20.0, 0.0)	(21.0, 0.0)	(22.0, 0.0)	(23.0, 0.0)	(24.0, 0.0)	(25.0, 0.0)	(26.0, 0.0)	(27.0, 0.0)	(28.0, 0.0)	(29.0, 0.0)	(30.0, 0.0)	(31.0, 0.0)	(32.0, 0.0)	(33.0, 0.0)	(34.0, 0.001227521021297603)	(35.0, 0.0)	(36.0, 0.0)	(37.0, 0.002455042042595206)	(38.0, 0.10924937089548654)	(39.0, 0.12397962315105779)	(40.0, 0.025777941447249656)	(41.0, 0.057693488000987385)	(42.0, 0.43576996256064693)	(43.0, 1.1538697600197456)	(44.0, 0.9550113545695453)	(45.0, 1.074080893635406)	(46.0, 5.294298164856387)	(47.0, 4.106057816240577)	(48.0, 0.7463327809489478)	(49.0, 3.5205302890816683)	(50.0, 4.460811391395504)	(51.0, 2.8097956177502756)	(52.0, 2.1088811145892645)	(53.0, 3.0061989811579144)	(54.0, 3.8004050819375435)	(55.0, 2.788927760388214)	(56.0, 24.815564966546237)	(57.0, 21.74430737126243)	(58.0, 5.097894801448815)	(59.0, 5.705517706990991)	(60.0, 3.3646351193768553)	(61.0, 0.28723991898363904)	(62.0, 1.1894678696373742)	(63.0, 0.885042656355581)	(64.0, 0.13379979132143868)	(65.0, 0.03559810961763049)	(66.0, 0.08960903455472496)	(67.0, 0.06014853004358259)	(68.0, 0.002455042042595206)	(69.0, 0.001227521021297603)	(70.0, 0.006137605106488015)	(71.0, 0.0)	(72.0, 0.0)	(73.0, 0.0)	(74.0, 0.0)	(75.0, 0.0)	(76.0, 0.0)	(77.0, 0.0)	(78.0, 0.0)	(79.0, 0.0)	(80.0, 0.0)	(81.0, 0.0)	(82.0, 0.0)	(83.0, 0.0)	(84.0, 0.0)	(85.0, 0.0)	(86.0, 0.0)	(87.0, 0.0)	(88.0, 0.0)	(89.0, 0.0)	(90.0, 0.0)	(91.0, 0.0)	(92.0, 0.0)	(93.0, 0.0)	(94.0, 0.0)	(95.0, 0.0)	(96.0, 0.0)	(97.0, 0.0)	(98.0, 0.0)	(99.0, 0.0)	(100.0, 0.0)
Fungus_42_2	(0.0, 0.0)	(1.0, 0.0)	(2.0, 0.0)	(3.0, 0.0)	(4.0, 0.0)	(5.0, 0.0)	(6.0, 0.0)	(7.0, 0.0)	(8.0, 0.0)	(9.0, 0.0)	(10.0, 0.0)	(11.0, 0.0)	(12.0, 0.0)	(13.0, 0.0)	(14.0, 0.0)	(15.0, 0.0)	(16.0, 0.0)	(17.0, 0.0)	(18.0, 0.0)	(19.0, 0.0)	(20.0, 0.0)	(21.0, 0.0)	(22.0, 0.0)	(23.0, 0.0)	(24.0, 0.0)	(25.0, 0.0)	(26.0, 0.0)	(27.0, 0.0)	(28.0, 0.0)	(29.0, 0.0)	(30.0, 0.0)	(31.0, 0.0014028393468381235)	(32.0, 0.002805678693676247)	(33.0, 0.0)	(34.0, 0.002805678693676247)	(35.0, 0.018236911508895604)	(36.0, 0.1458952920711647)	(37.0, 0.554121542001056)	(38.0, 0.7140452275406067)	(39.0, 0.11924134448124035)	(40.0, 0.6340833847708314)	(41.0, 0.36473823017791146)	(42.0, 0.5036193255148838)	(43.0, 0.24689972504351032)	(44.0, 1.2527355367264463)	(45.0, 0.7743673194546478)	(46.0, 4.14679310925367)	(47.0, 1.6076538914764718)	(48.0, 2.209471971270001)	(49.0, 2.5377363784301594)	(50.0, 0.6396947421581841)	(51.0, 0.5611357387352469)	(52.0, 4.484877391841636)	(53.0, 4.236574827451321)	(54.0, 7.200774367319626)	(55.0, 6.2749003984066745)	(56.0, 7.919028112900582)	(57.0, 3.5982829246399013)	(58.0, 1.8054542393806359)	(59.0, 0.31143033499806355)	(60.0, 1.0619493855564712)	(61.0, 9.093204646204148)	(62.0, 28.46501318668529)	(63.0, 6.764491330453068)	(64.0, 0.38718365972732116)	(65.0, 1.080186297065367)	(66.0, 0.23006565288145273)	(67.0, 0.023848268896248092)	(68.0, 0.016834072162057484)	(69.0, 0.0014028393468381235)	(70.0, 0.0)	(71.0, 0.0014028393468381235)	(72.0, 0.0014028393468381235)	(73.0, 0.0)	(74.0, 0.0)	(75.0, 0.0)	(76.0, 0.0)	(77.0, 0.0014028393468381235)	(78.0, 0.0)	(79.0, 0.0)	(80.0, 0.0014028393468381235)	(81.0, 0.0014028393468381235)	(82.0, 0.0)	(83.0, 0.0)	(84.0, 0.0)	(85.0, 0.0)	(86.0, 0.0)	(87.0, 0.0)	(88.0, 0.0)	(89.0, 0.0)	(90.0, 0.0)	(91.0, 0.0)	(92.0, 0.0)	(93.0, 0.0)	(94.0, 0.0)	(95.0, 0.0)	(96.0, 0.0)	(97.0, 0.0)	(98.0, 0.0)	(99.0, 0.0)	(100.0, 0.0)
Fungus_45_1	(0.0, 0.0)	(1.0, 0.0)	(2.0, 0.0)	(3.0, 0.0)	(4.0, 0.0)	(5.0, 0.0)	(6.0, 0.0)	(7.0, 0.0)	(8.0, 0.0)	(9.0, 0.0)	(10.0, 0.0)	(11.0, 0.0)	(12.0, 0.0)	(13.0, 0.0)	(14.0, 0.0)	(15.0, 0.0)	(16.0, 0.0)	(17.0, 0.0)	(18.0, 0.0)	(19.0, 0.0)	(20.0, 0.0)	(21.0, 0.0)	(22.0, 0.0)	(23.0, 0.0)	(24.0, 0.0)	(25.0, 0.0)	(26.0, 0.0)	(27.0, 0.001815557512323341)	(28.0, 0.0027233362684850122)	(29.0, 0.001815557512323341)	(30.0, 0.008170008805455037)	(31.0, 0.007262230049293364)	(32.0, 0.006354451293131694)	(33.0, 0.011801123830101718)	(34.0, 0.010893345073940049)	(35.0, 0.015432238854748398)	(36.0, 0.03903448651495186)	(37.0, 0.03994226527111353)	(38.0, 0.22966802530890235)	(39.0, 0.27051806933617695)	(40.0, 0.16703129113374784)	(41.0, 0.2823191931662785)	(42.0, 2.643451737942895)	(43.0, 7.52185477355598)	(44.0, 6.530560371826985)	(45.0, 23.50329977577587)	(46.0, 20.980582612401623)	(47.0, 5.706297261231813)	(48.0, 1.6557884512388852)	(49.0, 0.8750987209398483)	(50.0, 0.5973184215543843)	(51.0, 1.9962054847995503)	(52.0, 2.301219146869906)	(53.0, 5.228805635490795)	(54.0, 4.914714185858928)	(55.0, 3.2979602211353596)	(56.0, 3.0737388683634785)	(57.0, 1.7892319283946658)	(58.0, 1.018527764413384)	(59.0, 1.877286467742358)	(60.0, 1.2109768607196474)	(61.0, 0.6336295718008522)	(62.0, 0.4965549796204361)	(63.0, 0.36220372370850495)	(64.0, 0.08714676059152025)	(65.0, 0.06626784919980191)	(66.0, 0.08260786681071193)	(67.0, 0.06717562795596357)	(68.0, 0.12255013208182566)	(69.0, 0.18518686625698114)	(70.0, 0.017247796367071737)	(71.0, 0.0009077787561616705)	(72.0, 0.0)	(73.0, 0.0)	(74.0, 0.008170008805455037)	(75.0, 0.03903448651495186)	(76.0, 0.012708902586263388)	(77.0, 0.0009077787561616705)	(78.0, 0.0)	(79.0, 0.0)	(80.0, 0.0)	(81.0, 0.0)	(82.0, 0.0)	(83.0, 0.0)	(84.0, 0.0)	(85.0, 0.0)	(86.0, 0.0)	(87.0, 0.0)	(88.0, 0.0)	(89.0, 0.0)	(90.0, 0.0)	(91.0, 0.0)	(92.0, 0.0)	(93.0, 0.0)	(94.0, 0.0)	(95.0, 0.0)	(96.0, 0.0)	(97.0, 0.0)	(98.0, 0.0)	(99.0, 0.0)	(100.0, 0.0)
Fungus_45_2	(0.0, 0.0)	(1.0, 0.0)	(2.0, 0.0)	(3.0, 0.0)	(4.0, 0.0)	(5.0, 0.0)	(6.0, 0.0)	(7.0, 0.0)	(8.0, 0.0)	(9.0, 0.0)	(10.0, 0.0)	(11.0, 0.0)	(12.0, 0.0)	(13.0, 0.0)	(14.0, 0.0)	(15.0, 0.0)	(16.0, 0.0)	(17.0, 0.0)	(18.0, 0.0)	(19.0, 0.0)	(20.0, 0.0)	(21.0, 0.0)	(22.0, 0.0)	(23.0, 0.0)	(24.0, 0.0)	(25.0, 0.0)	(26.0, 0.0)	(27.0, 0.0030548031688491344)	(28.0, 0.0040730708917988455)	(29.0, 0.013237480398346244)	(30.0, 0.02443842535079306)	(31.0, 0.04073070891798847)	(32.0, 0.03869417347208904)	(33.0, 0.051931653870435295)	(34.0, 0.08044315011302712)	(35.0, 0.11608252041626706)	(36.0, 0.18736126102274736)	(37.0, 2.5354866301448555)	(38.0, 2.839948679306854)	(39.0, 1.7534570189193885)	(40.0, 3.9905912062398645)	(41.0, 5.133087591389181)	(42.0, 31.470582245486394)	(43.0, 16.97044987067811)	(44.0, 1.2015559130806444)	(45.0, 1.8084434759586792)	(46.0, 0.3981426796733351)	(47.0, 0.4093436246257822)	(48.0, 1.057980164144743)	(49.0, 0.6802028389304131)	(50.0, 0.6537278781337199)	(51.0, 1.9489644217257553)	(52.0, 1.80233386962098)	(53.0, 1.073254179988988)	(54.0, 3.9956825448546116)	(55.0, 2.4906828503350633)	(56.0, 2.0029326110420964)	(57.0, 1.396045048164028)	(58.0, 1.1710078813921547)	(59.0, 1.6414475693949075)	(60.0, 2.0253345009469923)	(61.0, 1.5620226870048217)	(62.0, 2.942793719324787)	(63.0, 1.6210822149359112)	(64.0, 0.9663360690792744)	(65.0, 0.6761297680386141)	(66.0, 0.21689102498828874)	(67.0, 0.04785858297863646)	(68.0, 0.05804126020813354)	(69.0, 0.10284504001792072)	(70.0, 0.13848441032116088)	(71.0, 0.3289004745127554)	(72.0, 0.04582204753273703)	(73.0, 0.1283017330916637)	(74.0, 0.14764881982770833)	(75.0, 0.006109606337698267)	(76.0, 0.0)	(77.0, 0.0)	(78.0, 0.0)	(79.0, 0.0)	(80.0, 0.0)	(81.0, 0.0)	(82.0, 0.0)	(83.0, 0.0)	(84.0, 0.0)	(85.0, 0.0)	(86.0, 0.0)	(87.0, 0.0)	(88.0, 0.0)	(89.0, 0.0)	(90.0, 0.0)	(91.0, 0.0)	(92.0, 0.0)	(93.0, 0.0)	(94.0, 0.0)	(95.0, 0.0)	(96.0, 0.0)	(97.0, 0.0)	(98.0, 0.0)	(99.0, 0.0)	(100.0, 0.0)
Fungus_4_1	(0.0, 0.0)	(1.0, 0.0)	(2.0, 0.0)	(3.0, 0.0)	(4.0, 0.0)	(5.0, 0.0)	(6.0, 0.0)	(7.0, 0.0)	(8.0, 0.0)	(9.0, 0.0)	(10.0, 0.0)	(11.0, 0.0)	(12.0, 0.0)	(13.0, 0.0)	(14.0, 0.0)	(15.0, 0.0)	(16.0, 0.0)	(17.0, 0.0)	(18.0, 0.0)	(19.0, 0.0)	(20.0, 0.0)	(21.0, 0.0)	(22.0, 0.0)	(23.0, 0.0)	(24.0, 0.0)	(25.0, 0.0)	(26.0, 0.0)	(27.0, 0.0)	(28.0, 0.0)	(29.0, 0.004359311926205628)	(30.0, 0.011334211008134632)	(31.0, 0.062774091737361)	(32.0, 0.04620870641777967)	(33.0, 0.040977532106332926)	(34.0, 0.1290356330156868)	(35.0, 0.13165122017141018)	(36.0, 0.17350061466298436)	(37.0, 0.1264200458599634)	(38.0, 0.11944514677803433)	(39.0, 0.6852838347995314)	(40.0, 0.1848348256711188)	(41.0, 0.38187572473561243)	(42.0, 0.8230380916676214)	(43.0, 0.8962745320278718)	(44.0, 0.9930512567896312)	(45.0, 1.5301184860981665)	(46.0, 3.4037507519813106)	(47.0, 4.932997375693898)	(48.0, 3.6470003574635292)	(49.0, 2.8884800823039227)	(50.0, 2.1282160823736467)	(51.0, 3.2712276694246896)	(52.0, 2.9704351465165697)	(53.0, 4.219813944566819)	(54.0, 8.82935037533797)	(55.0, 6.293974559055624)	(56.0, 5.798756724238439)	(57.0, 3.0480308988030123)	(58.0, 3.690593476725576)	(59.0, 15.40755207197885)	(60.0, 4.075956651002065)	(61.0, 2.599021770403908)	(62.0, 1.2258385136489987)	(63.0, 8.867712320288597)	(64.0, 6.141398641638358)	(65.0, 0.17960365135967216)	(66.0, 0.014821660549099131)	(67.0, 0.015693522934340256)	(68.0, 0.008718623852411256)	(69.0, 0.0008718623852411255)	(70.0, 0.0)	(71.0, 0.0)	(72.0, 0.0)	(73.0, 0.0)	(74.0, 0.0)	(75.0, 0.0)	(76.0, 0.0)	(77.0, 0.0)	(78.0, 0.0)	(79.0, 0.0)	(80.0, 0.0)	(81.0, 0.0)	(82.0, 0.0)	(83.0, 0.0)	(84.0, 0.0)	(85.0, 0.0)	(86.0, 0.0)	(87.0, 0.0)	(88.0, 0.0)	(89.0, 0.0)	(90.0, 0.0)	(91.0, 0.0)	(92.0, 0.0)	(93.0, 0.0)	(94.0, 0.0)	(95.0, 0.0)	(96.0, 0.0)	(97.0, 0.0)	(98.0, 0.0)	(99.0, 0.0)	(100.0, 0.0)
Fungus_4_2	(0.0, 0.0)	(1.0, 0.0)	(2.0, 0.0)	(3.0, 0.0)	(4.0, 0.0)	(5.0, 0.0)	(6.0, 0.0)	(7.0, 0.0)	(8.0, 0.0)	(9.0, 0.0)	(10.0, 0.0)	(11.0, 0.0)	(12.0, 0.0)	(13.0, 0.0)	(14.0, 0.0)	(15.0, 0.0)	(16.0, 0.0)	(17.0, 0.0)	(18.0, 0.0)	(19.0, 0.0)	(20.0, 0.0)	(21.0, 0.0)	(22.0, 0.0)	(23.0, 0.0)	(24.0, 0.0)	(25.0, 0.0008847521809141266)	(26.0, 0.05927839612124645)	(27.0, 0.06370215702581707)	(28.0, 0.005308513085484759)	(29.0, 0.0035390087236565064)	(30.0, 0.0017695043618282532)	(31.0, 0.015925539256454273)	(32.0, 0.18756746235379504)	(33.0, 0.2406525932086419)	(34.0, 0.07962769628227129)	(35.0, 0.03185107851290857)	(36.0, 0.061047900483074694)	(37.0, 0.575088917594187)	(38.0, 1.039583812574086)	(39.0, 0.9307592943216546)	(40.0, 0.14156034894626052)	(41.0, 0.7299205492541592)	(42.0, 1.6518323217666764)	(43.0, 0.9741121511864443)	(44.0, 0.9829596729955851)	(45.0, 2.0676658467963636)	(46.0, 3.0134659281935714)	(47.0, 1.097092704333501)	(48.0, 1.1997239573195337)	(49.0, 2.6365614991242117)	(50.0, 2.3021251747386335)	(51.0, 3.2178436819846876)	(52.0, 3.323129191513445)	(53.0, 3.0789375895812015)	(54.0, 6.375524215667129)	(55.0, 4.874099764655556)	(56.0, 13.54997965069939)	(57.0, 4.543202448993748)	(58.0, 4.095517845451302)	(59.0, 4.694495071930029)	(60.0, 3.5469714932846683)	(61.0, 2.101286429671104)	(62.0, 2.8896006228656215)	(63.0, 3.775237555960461)	(64.0, 10.432997717341157)	(65.0, 5.027161891953665)	(66.0, 2.0163502203033383)	(67.0, 0.9042167288942323)	(68.0, 0.7431918319678704)	(69.0, 0.43441332082883694)	(70.0, 0.2610018933696665)	(71.0, 0.011501778351883646)	(72.0, 0.0017695043618282532)	(73.0, 0.0026542565427423795)	(74.0, 0.0017695043618282532)	(75.0, 0.0)	(76.0, 0.0008847521809141266)	(77.0, 0.0008847521809141266)	(78.0, 0.0)	(79.0, 0.0)	(80.0, 0.0)	(81.0, 0.0)	(82.0, 0.0)	(83.0, 0.0008847521809141266)	(84.0, 0.0)	(85.0, 0.0)	(86.0, 0.0)	(87.0, 0.0)	(88.0, 0.0)	(89.0, 0.0)	(90.0, 0.0)	(91.0, 0.0)	(92.0, 0.0008847521809141266)	(93.0, 0.0)	(94.0, 0.0)	(95.0, 0.0)	(96.0, 0.0)	(97.0, 0.0)	(98.0, 0.0)	(99.0, 0.0)	(100.0, 0.0)
Fungus_70_1	(0.0, 0.0)	(1.0, 0.0)	(2.0, 0.0)	(3.0, 0.0)	(4.0, 0.0)	(5.0, 0.0)	(6.0, 0.0)	(7.0, 0.0)	(8.0, 0.0)	(9.0, 0.0)	(10.0, 0.0)	(11.0, 0.0)	(12.0, 0.0)	(13.0, 0.0)	(14.0, 0.0)	(15.0, 0.0)	(16.0, 0.0)	(17.0, 0.0)	(18.0, 0.0)	(19.0, 0.0)	(20.0, 0.0)	(21.0, 0.0)	(22.0, 0.0)	(23.0, 0.0)	(24.0, 0.0)	(25.0, 0.0)	(26.0, 0.0)	(27.0, 0.0)	(28.0, 0.0)	(29.0, 0.0)	(30.0, 0.0)	(31.0, 0.0)	(32.0, 0.0)	(33.0, 0.0)	(34.0, 0.0)	(35.0, 0.0)	(36.0, 0.001219125643088576)	(37.0, 0.0)	(38.0, 0.004876502572354304)	(39.0, 0.04266939750810018)	(40.0, 0.008533879501620031)	(41.0, 0.01828688464632864)	(42.0, 0.024382512861771517)	(43.0, 0.22188086704212143)	(44.0, 0.19018360032181822)	(45.0, 0.22188086704212143)	(46.0, 1.1154999634260476)	(47.0, 2.220027796064294)	(48.0, 0.4803355033768966)	(49.0, 0.3279447979908263)	(50.0, 0.45961036744439066)	(51.0, 0.7619535269303658)	(52.0, 0.29868578255670086)	(53.0, 0.4010923365761398)	(54.0, 1.579986833442769)	(55.0, 1.9822982956619946)	(56.0, 9.929778362956881)	(57.0, 67.51030161168899)	(58.0, 9.184892595029421)	(59.0, 0.7875551654352266)	(60.0, 0.40353058786231694)	(61.0, 0.29990490819978943)	(62.0, 0.29259015434125807)	(63.0, 0.2950284056274352)	(64.0, 0.27552239533801826)	(65.0, 0.03901202057883445)	(66.0, 0.3194109184892064)	(67.0, 0.28527540048272676)	(68.0, 0.010972130787797185)	(69.0, 0.004876502572354304)	(70.0, 0.0)	(71.0, 0.0)	(72.0, 0.0)	(73.0, 0.0)	(74.0, 0.0)	(75.0, 0.0)	(76.0, 0.0)	(77.0, 0.0)	(78.0, 0.0)	(79.0, 0.0)	(80.0, 0.0)	(81.0, 0.0)	(82.0, 0.0)	(83.0, 0.0)	(84.0, 0.0)	(85.0, 0.0)	(86.0, 0.0)	(87.0, 0.0)	(88.0, 0.0)	(89.0, 0.0)	(90.0, 0.0)	(91.0, 0.0)	(92.0, 0.0)	(93.0, 0.0)	(94.0, 0.0)	(95.0, 0.0)	(96.0, 0.0)	(97.0, 0.0)	(98.0, 0.0)	(99.0, 0.0)	(100.0, 0.0)
Fungus_70_2	(0.0, 0.0)	(1.0, 0.0)	(2.0, 0.0)	(3.0, 0.0)	(4.0, 0.0)	(5.0, 0.0)	(6.0, 0.0)	(7.0, 0.0)	(8.0, 0.0)	(9.0, 0.0)	(10.0, 0.0)	(11.0, 0.0)	(12.0, 0.0)	(13.0, 0.0)	(14.0, 0.0)	(15.0, 0.0)	(16.0, 0.0)	(17.0, 0.0)	(18.0, 0.0)	(19.0, 0.0)	(20.0, 0.0)	(21.0, 0.0)	(22.0, 0.0)	(23.0, 0.0)	(24.0, 0.0)	(25.0, 0.0)	(26.0, 0.0)	(27.0, 0.0)	(28.0, 0.0)	(29.0, 0.0)	(30.0, 0.0008529148364531822)	(31.0, 0.0008529148364531822)	(32.0, 0.0)	(33.0, 0.0)	(34.0, 0.0)	(35.0, 0.0)	(36.0, 0.038381167640393225)	(37.0, 0.041792826986205955)	(38.0, 0.04776323084137821)	(39.0, 0.03752825280394004)	(40.0, 0.046910316004925026)	(41.0, 0.05032197535073774)	(42.0, 0.10320269521083508)	(43.0, 0.11599641775763289)	(44.0, 0.17143588212708996)	(45.0, 0.20043498656649775)	(46.0, 1.0968484796787745)	(47.0, 1.1002601390245872)	(48.0, 0.40001705829654266)	(49.0, 0.8469444325980066)	(50.0, 0.5552475585310263)	(51.0, 0.14243677768768173)	(52.0, 0.1594950744167455)	(53.0, 0.13220179965024348)	(54.0, 0.49469060514284857)	(55.0, 0.14328969252413493)	(56.0, 0.14755426670640087)	(57.0, 0.3454305087635374)	(58.0, 2.256812657255198)	(59.0, 1.0806430977861652)	(60.0, 1.3501641861053622)	(61.0, 44.304661179582375)	(62.0, 43.48159836240805)	(63.0, 0.7701820973172244)	(64.0, 0.10490852488374146)	(65.0, 0.09808520619211596)	(66.0, 0.04008699731329959)	(67.0, 0.07249776109852041)	(68.0, 0.01108789287389137)	(69.0, 0.005117489018719093)	(70.0, 0.0008529148364531822)	(71.0, 0.0025587445093595467)	(72.0, 0.0008529148364531822)	(73.0, 0.0)	(74.0, 0.0)	(75.0, 0.0)	(76.0, 0.0)	(77.0, 0.0)	(78.0, 0.0)	(79.0, 0.0)	(80.0, 0.0)	(81.0, 0.0)	(82.0, 0.0)	(83.0, 0.0)	(84.0, 0.0)	(85.0, 0.0)	(86.0, 0.0)	(87.0, 0.0)	(88.0, 0.0)	(89.0, 0.0)	(90.0, 0.0)	(91.0, 0.0)	(92.0, 0.0)	(93.0, 0.0)	(94.0, 0.0)	(95.0, 0.0)	(96.0, 0.0)	(97.0, 0.0)	(98.0, 0.0)	(99.0, 0.0)	(100.0, 0.0)
Fungus_71_1	(0.0, 0.0)	(1.0, 0.0)	(2.0, 0.0)	(3.0, 0.0)	(4.0, 0.0)	(5.0, 0.0)	(6.0, 0.0)	(7.0, 0.0)	(8.0, 0.0)	(9.0, 0.0)	(10.0, 0.0)	(11.0, 0.0)	(12.0, 0.0)	(13.0, 0.0)	(14.0, 0.0)	(15.0, 0.0)	(16.0, 0.0)	(17.0, 0.0)	(18.0, 0.0)	(19.0, 0.0)	(20.0, 0.0)	(21.0, 0.0)	(22.0, 0.0)	(23.0, 0.0)	(24.0, 0.0)	(25.0, 0.0)	(26.0, 0.0)	(27.0, 0.0)	(28.0, 0.0)	(29.0, 0.0011794817357254387)	(30.0, 0.004717926942901755)	(31.0, 0.004717926942901755)	(32.0, 0.003538445207176316)	(33.0, 0.004717926942901755)	(34.0, 0.014153780828705264)	(35.0, 0.0306665251288614)	(36.0, 0.3231779955887694)	(37.0, 4.09044265949588)	(38.0, 1.584043971079236)	(39.0, 0.15333262564430714)	(40.0, 0.08138423976505522)	(41.0, 0.24651168276661703)	(42.0, 3.2447542549808035)	(43.0, 3.099678001486558)	(44.0, 0.5543564157909565)	(45.0, 1.251430121604681)	(46.0, 7.499144875741795)	(47.0, 2.3094252385504244)	(48.0, 10.425439062077938)	(49.0, 7.108736421216591)	(50.0, 22.95507354068343)	(51.0, 22.543434414915627)	(52.0, 1.0591745986814456)	(53.0, 0.9164573086586756)	(54.0, 0.9789698406521203)	(55.0, 0.5059976646262121)	(56.0, 1.0745078612458754)	(57.0, 1.9803498342829895)	(58.0, 1.210148260854293)	(59.0, 0.638099619027465)	(60.0, 0.658150808534798)	(61.0, 0.573228123562564)	(62.0, 0.6793814797778565)	(63.0, 0.18399915077316878)	(64.0, 0.4871259568546045)	(65.0, 0.5909203495984461)	(66.0, 0.48594647511887906)	(67.0, 0.3479471120390033)	(68.0, 0.017692226035881577)	(69.0, 0.02241015297878333)	(70.0, 0.04953823290046845)	(71.0, 0.005897408678627193)	(72.0, 0.0)	(73.0, 0.0)	(74.0, 0.0)	(75.0, 0.0)	(76.0, 0.0)	(77.0, 0.0)	(78.0, 0.0)	(79.0, 0.0)	(80.0, 0.0)	(81.0, 0.0)	(82.0, 0.0)	(83.0, 0.0)	(84.0, 0.0)	(85.0, 0.0)	(86.0, 0.0)	(87.0, 0.0)	(88.0, 0.0)	(89.0, 0.0)	(90.0, 0.0)	(91.0, 0.0)	(92.0, 0.0)	(93.0, 0.0)	(94.0, 0.0)	(95.0, 0.0)	(96.0, 0.0)	(97.0, 0.0)	(98.0, 0.0)	(99.0, 0.0)	(100.0, 0.0)
Fungus_71_2	(0.0, 0.0)	(1.0, 0.0)	(2.0, 0.0)	(3.0, 0.0)	(4.0, 0.0)	(5.0, 0.0)	(6.0, 0.0)	(7.0, 0.0)	(8.0, 0.0)	(9.0, 0.0)	(10.0, 0.0)	(11.0, 0.0)	(12.0, 0.0)	(13.0, 0.0)	(14.0, 0.0)	(15.0, 0.0)	(16.0, 0.0)	(17.0, 0.0)	(18.0, 0.0)	(19.0, 0.0)	(20.0, 0.0)	(21.0, 0.0)	(22.0, 0.002366723862493731)	(23.0, 0.0011833619312468656)	(24.0, 0.0)	(25.0, 0.004733447724987462)	(26.0, 0.0059168096562343285)	(27.0, 0.010650257381221792)	(28.0, 0.01893379089994985)	(29.0, 0.041417667593640316)	(30.0, 2.6613809833742557)	(31.0, 3.713389740252812)	(32.0, 0.1798710135495239)	(33.0, 0.36565883675528016)	(34.0, 0.34790840778657744)	(35.0, 0.023667238624937307)	(36.0, 0.12188627891842707)	(37.0, 0.024850600556184176)	(38.0, 0.1242530027809208)	(39.0, 0.4544109815987938)	(40.0, 0.7431512928230373)	(41.0, 3.6057038045093615)	(42.0, 1.0768593574346488)	(43.0, 6.96171824152472)	(44.0, 0.7620850837229877)	(45.0, 0.3313413407491216)	(46.0, 0.48517839181121325)	(47.0, 2.012898645050899)	(48.0, 8.217265250578004)	(49.0, 28.891781551381822)	(50.0, 23.469617182413614)	(51.0, 1.044908585290985)	(52.0, 0.7313176735105683)	(53.0, 0.57038045086099)	(54.0, 2.3300396426250956)	(55.0, 1.485119223714794)	(56.0, 0.3999763327614388)	(57.0, 0.6177149281108659)	(58.0, 0.7857523223479258)	(59.0, 0.7455180166855311)	(60.0, 0.9987574699723599)	(61.0, 1.7892432400452214)	(62.0, 1.4176675936337266)	(63.0, 1.1608780545531712)	(64.0, 0.7419679308917904)	(65.0, 0.09703567836224289)	(66.0, 0.09585231643099602)	(67.0, 0.03313413407491224)	(68.0, 0.14437015561211766)	(69.0, 0.13016981243715517)	(70.0, 0.013016981243715526)	(71.0, 0.0035500857937405977)	(72.0, 0.0011833619312468656)	(73.0, 0.0)	(74.0, 0.0)	(75.0, 0.0011833619312468656)	(76.0, 0.0011833619312468656)	(77.0, 0.0)	(78.0, 0.0)	(79.0, 0.0)	(80.0, 0.0)	(81.0, 0.0)	(82.0, 0.0)	(83.0, 0.0)	(84.0, 0.0)	(85.0, 0.0)	(86.0, 0.0)	(87.0, 0.0)	(88.0, 0.0)	(89.0, 0.0)	(90.0, 0.0)	(91.0, 0.0)	(92.0, 0.0)	(93.0, 0.0)	(94.0, 0.0)	(95.0, 0.0)	(96.0, 0.0)	(97.0, 0.0)	(98.0, 0.0)	(99.0, 0.0)	(100.0, 0.0)
Fungus_72_1	(0.0, 0.0)	(1.0, 0.0)	(2.0, 0.0)	(3.0, 0.0)	(4.0, 0.0)	(5.0, 0.0)	(6.0, 0.0)	(7.0, 0.0)	(8.0, 0.0)	(9.0, 0.0)	(10.0, 0.0)	(11.0, 0.0)	(12.0, 0.0)	(13.0, 0.0)	(14.0, 0.0)	(15.0, 0.0)	(16.0, 0.0)	(17.0, 0.0)	(18.0, 0.0)	(19.0, 0.0)	(20.0, 0.0)	(21.0, 0.0)	(22.0, 0.0)	(23.0, 0.0)	(24.0, 0.0)	(25.0, 0.0)	(26.0, 0.0)	(27.0, 0.0)	(28.0, 0.0)	(29.0, 0.0)	(30.0, 0.0)	(31.0, 0.0)	(32.0, 0.001354187825851443)	(33.0, 0.001354187825851443)	(34.0, 0.0)	(35.0, 0.001354187825851443)	(36.0, 0.006770939129257214)	(37.0, 0.017604441736068756)	(38.0, 0.12458527997833259)	(39.0, 1.2119981041370436)	(40.0, 1.5126278014760468)	(41.0, 1.7482564831741845)	(42.0, 1.8295077527252666)	(43.0, 0.5931342677229311)	(44.0, 1.868779199674956)	(45.0, 2.105762069198949)	(46.0, 0.3128173877716833)	(47.0, 0.6324057146726241)	(48.0, 3.8377682984631414)	(49.0, 5.2122689417021535)	(50.0, 1.513981989301898)	(51.0, 2.629832757803517)	(52.0, 3.31098923420687)	(53.0, 6.028844200690388)	(54.0, 5.557586837294193)	(55.0, 3.89599837497476)	(56.0, 1.424605592795708)	(57.0, 1.9974270431308359)	(58.0, 5.179768433881726)	(59.0, 4.225066016656676)	(60.0, 1.768569300561955)	(61.0, 3.255467533346955)	(62.0, 4.674656374839253)	(63.0, 6.022073261561132)	(64.0, 19.436657864446243)	(65.0, 5.395084298192057)	(66.0, 2.51337260478028)	(67.0, 0.14083553388854997)	(68.0, 0.0094793147809601)	(69.0, 0.001354187825851443)	(70.0, 0.0)	(71.0, 0.0)	(72.0, 0.0)	(73.0, 0.0)	(74.0, 0.0)	(75.0, 0.0)	(76.0, 0.0)	(77.0, 0.0)	(78.0, 0.0)	(79.0, 0.0)	(80.0, 0.0)	(81.0, 0.0)	(82.0, 0.0)	(83.0, 0.0)	(84.0, 0.0)	(85.0, 0.0)	(86.0, 0.0)	(87.0, 0.0)	(88.0, 0.0)	(89.0, 0.0)	(90.0, 0.0)	(91.0, 0.0)	(92.0, 0.0)	(93.0, 0.0)	(94.0, 0.0)	(95.0, 0.0)	(96.0, 0.0)	(97.0, 0.0)	(98.0, 0.0)	(99.0, 0.0)	(100.0, 0.0)
Fungus_72_2	(0.0, 0.0)	(1.0, 0.0)	(2.0, 0.0)	(3.0, 0.0)	(4.0, 0.0)	(5.0, 0.0)	(6.0, 0.0)	(7.0, 0.0)	(8.0, 0.0)	(9.0, 0.0)	(10.0, 0.0)	(11.0, 0.0)	(12.0, 0.0)	(13.0, 0.0)	(14.0, 0.0)	(15.0, 0.0)	(16.0, 0.0)	(17.0, 0.0)	(18.0, 0.0)	(19.0, 0.0)	(20.0, 0.0)	(21.0, 0.0)	(22.0, 0.0)	(23.0, 0.0)	(24.0, 0.0)	(25.0, 0.0)	(26.0, 0.0)	(27.0, 0.0)	(28.0, 0.0)	(29.0, 0.0013691315598515932)	(30.0, 0.0)	(31.0, 0.0)	(32.0, 0.0)	(33.0, 0.0027382631197031865)	(34.0, 0.015060447158367529)	(35.0, 0.2724571804104676)	(36.0, 0.036966552115993014)	(37.0, 0.03559742055614142)	(38.0, 0.9761908021741958)	(39.0, 1.0104190911704867)	(40.0, 0.1957858130587781)	(41.0, 2.0413751557386814)	(42.0, 0.978929065293899)	(43.0, 2.2713892577937647)	(44.0, 1.488246005558669)	(45.0, 1.3034132449787146)	(46.0, 0.9488081709771633)	(47.0, 1.400621585728172)	(48.0, 1.8620189213981329)	(49.0, 4.038938101562373)	(50.0, 1.440326400963866)	(51.0, 2.508249017648117)	(52.0, 3.032626405071337)	(53.0, 5.720231657059803)	(54.0, 2.9901833267159326)	(55.0, 4.802913511959445)	(56.0, 3.5652185818536672)	(57.0, 4.45652322731707)	(58.0, 21.010692917481805)	(59.0, 3.889702761538532)	(60.0, 3.0394720628705953)	(61.0, 3.960897602650823)	(62.0, 6.8210134311802335)	(63.0, 5.883158312682106)	(64.0, 4.652309040375803)	(65.0, 0.8173715412314064)	(66.0, 0.6640288065280238)	(67.0, 0.5750352551376675)	(68.0, 1.1021509056805416)	(69.0, 0.10268486698886942)	(70.0, 0.06708744643272811)	(71.0, 0.006845657799257966)	(72.0, 0.00410739467955478)	(73.0, 0.0027382631197031865)	(74.0, 0.0013691315598515932)	(75.0, 0.0)	(76.0, 0.0)	(77.0, 0.0)	(78.0, 0.0)	(79.0, 0.0)	(80.0, 0.0)	(81.0, 0.0)	(82.0, 0.0013691315598515932)	(83.0, 0.0013691315598515932)	(84.0, 0.0)	(85.0, 0.0)	(86.0, 0.0)	(87.0, 0.0)	(88.0, 0.0)	(89.0, 0.0)	(90.0, 0.0)	(91.0, 0.0)	(92.0, 0.0)	(93.0, 0.0)	(94.0, 0.0)	(95.0, 0.0)	(96.0, 0.0)	(97.0, 0.0)	(98.0, 0.0)	(99.0, 0.0)	(100.0, 0.0)
Fungus_76_1	(0.0, 0.0)	(1.0, 0.0)	(2.0, 0.0)	(3.0, 0.0)	(4.0, 0.0)	(5.0, 0.0)	(6.0, 0.0)	(7.0, 0.0)	(8.0, 0.0)	(9.0, 0.0)	(10.0, 0.0)	(11.0, 0.0)	(12.0, 0.0)	(13.0, 0.0)	(14.0, 0.0)	(15.0, 0.0)	(16.0, 0.0)	(17.0, 0.0)	(18.0, 0.0)	(19.0, 0.0)	(20.0, 0.0)	(21.0, 0.0)	(22.0, 0.0)	(23.0, 0.0)	(24.0, 0.0)	(25.0, 0.0)	(26.0, 0.0)	(27.0, 0.0)	(28.0, 0.0)	(29.0, 0.0)	(30.0, 0.0)	(31.0, 0.0)	(32.0, 0.0013065576126579164)	(33.0, 0.00391967283797375)	(34.0, 0.005226230450631666)	(35.0, 0.00391967283797375)	(36.0, 0.013065576126579168)	(37.0, 0.05356886211897461)	(38.0, 0.9237362321491561)	(39.0, 2.8339234618550693)	(40.0, 0.6258410964631427)	(41.0, 0.9158968864732084)	(42.0, 0.6362935573644063)	(43.0, 0.4612148372682422)	(44.0, 0.8113722774605722)	(45.0, 3.44800553980436)	(46.0, 3.851731842115702)	(47.0, 1.2268575982857823)	(48.0, 2.184564328364011)	(49.0, 1.0779100304427884)	(50.0, 1.5208330611337968)	(51.0, 7.500947254268488)	(52.0, 5.961822386557812)	(53.0, 3.3330284698904498)	(54.0, 4.3743548871788045)	(55.0, 4.258071259652277)	(56.0, 6.361629016031044)	(57.0, 2.431503717156385)	(58.0, 4.2450056835257)	(59.0, 4.003292525184038)	(60.0, 3.791630191933431)	(61.0, 3.2781530501588114)	(62.0, 9.958582123678788)	(63.0, 11.127951187008154)	(64.0, 4.02550400459922)	(65.0, 2.950207089381637)	(66.0, 1.5717888080274527)	(67.0, 0.09537870572402783)	(68.0, 0.06402132302023796)	(69.0, 0.058795092569606286)	(70.0, 0.005226230450631666)	(71.0, 0.0013065576126579164)	(72.0, 0.0)	(73.0, 0.0013065576126579164)	(74.0, 0.0013065576126579164)	(75.0, 0.0)	(76.0, 0.0)	(77.0, 0.0)	(78.0, 0.0)	(79.0, 0.0)	(80.0, 0.0)	(81.0, 0.0)	(82.0, 0.0)	(83.0, 0.0)	(84.0, 0.0)	(85.0, 0.0)	(86.0, 0.0)	(87.0, 0.0)	(88.0, 0.0)	(89.0, 0.0)	(90.0, 0.0)	(91.0, 0.0)	(92.0, 0.0)	(93.0, 0.0)	(94.0, 0.0)	(95.0, 0.0)	(96.0, 0.0)	(97.0, 0.0)	(98.0, 0.0)	(99.0, 0.0)	(100.0, 0.0)
Fungus_76_2	(0.0, 0.0)	(1.0, 0.0)	(2.0, 0.0)	(3.0, 0.0)	(4.0, 0.0)	(5.0, 0.0)	(6.0, 0.0)	(7.0, 0.0)	(8.0, 0.0)	(9.0, 0.0)	(10.0, 0.0)	(11.0, 0.0)	(12.0, 0.0)	(13.0, 0.0)	(14.0, 0.0)	(15.0, 0.0)	(16.0, 0.0)	(17.0, 0.0)	(18.0, 0.0)	(19.0, 0.0)	(20.0, 0.0)	(21.0, 0.0)	(22.0, 0.0)	(23.0, 0.0)	(24.0, 0.0)	(25.0, 0.0)	(26.0, 0.0)	(27.0, 0.0)	(28.0, 0.0)	(29.0, 0.0)	(30.0, 0.0)	(31.0, 0.0026086502843429013)	(32.0, 0.0026086502843429013)	(33.0, 0.005217300568685803)	(34.0, 0.009130275995200155)	(35.0, 0.01826055199040031)	(36.0, 0.07695518338811558)	(37.0, 0.7447696561799024)	(38.0, 2.416914488443699)	(39.0, 2.7103876454323093)	(40.0, 1.0930244691396818)	(41.0, 1.0395471383106554)	(42.0, 3.5229822090052156)	(43.0, 2.5825637814994926)	(44.0, 0.7434653310377309)	(45.0, 0.5999895653988672)	(46.0, 1.6238848020034322)	(47.0, 1.4412792820994396)	(48.0, 0.9665049303490553)	(49.0, 6.04293838368005)	(50.0, 5.6477278656021905)	(51.0, 3.243856628580493)	(52.0, 3.6481974226536886)	(53.0, 1.921270934418506)	(54.0, 4.883393332289894)	(55.0, 6.915531903792552)	(56.0, 5.409036364584869)	(57.0, 10.045912245004708)	(58.0, 7.722909166796496)	(59.0, 4.271664840611622)	(60.0, 4.5833985495905285)	(61.0, 4.475139562790322)	(62.0, 4.2390567120573435)	(63.0, 2.8303855585120963)	(64.0, 1.4830176866489235)	(65.0, 0.2386915010173761)	(66.0, 0.47086137632389125)	(67.0, 0.13825846507017367)	(68.0, 0.9886784577659705)	(69.0, 1.0695466165805971)	(70.0, 0.12391088850628763)	(71.0, 0.003912975426514352)	(72.0, 0.0)	(73.0, 0.0013043251421714507)	(74.0, 0.0)	(75.0, 0.0)	(76.0, 0.0)	(77.0, 0.0)	(78.0, 0.0)	(79.0, 0.0)	(80.0, 0.0)	(81.0, 0.0)	(82.0, 0.0)	(83.0, 0.0013043251421714507)	(84.0, 0.0)	(85.0, 0.0)	(86.0, 0.0)	(87.0, 0.0)	(88.0, 0.0)	(89.0, 0.0)	(90.0, 0.0)	(91.0, 0.0)	(92.0, 0.0)	(93.0, 0.0)	(94.0, 0.0)	(95.0, 0.0)	(96.0, 0.0)	(97.0, 0.0)	(98.0, 0.0)	(99.0, 0.0)	(100.0, 0.0)
Fungus_79_1	(0.0, 0.0)	(1.0, 0.0)	(2.0, 0.0)	(3.0, 0.0)	(4.0, 0.0)	(5.0, 0.0)	(6.0, 0.0)	(7.0, 0.0)	(8.0, 0.0)	(9.0, 0.0)	(10.0, 0.0)	(11.0, 0.0)	(12.0, 0.0)	(13.0, 0.0)	(14.0, 0.0)	(15.0, 0.0)	(16.0, 0.0)	(17.0, 0.0)	(18.0, 0.0)	(19.0, 0.0)	(20.0, 0.0)	(21.0, 0.0)	(22.0, 0.0)	(23.0, 0.0)	(24.0, 0.0)	(25.0, 0.0)	(26.0, 0.0)	(27.0, 0.0)	(28.0, 0.0)	(29.0, 0.0)	(30.0, 0.0)	(31.0, 0.0025610490056726595)	(32.0, 0.0038415735085089897)	(33.0, 0.0025610490056726595)	(34.0, 0.006402622514181649)	(35.0, 0.06146517613614386)	(36.0, 0.26762962109279326)	(37.0, 0.02945206356523557)	(38.0, 0.0012805245028363298)	(39.0, 0.2561049005672665)	(40.0, 0.2484217535502486)	(41.0, 0.026891014559562918)	(42.0, 0.2561049005672665)	(43.0, 1.1588746750668795)	(44.0, 0.5352592421855843)	(45.0, 0.9463076075960577)	(46.0, 0.9924064896981662)	(47.0, 2.6506857208712353)	(48.0, 4.995326085564459)	(49.0, 3.580346509930516)	(50.0, 7.088983647701383)	(51.0, 3.662300078112051)	(52.0, 0.7913641427528574)	(53.0, 1.0500300923257977)	(54.0, 5.4050939264719915)	(55.0, 2.4355576043947074)	(56.0, 5.548512670789628)	(57.0, 5.826386487905048)	(58.0, 17.461232120677483)	(59.0, 4.337136491106736)	(60.0, 1.6313882166134583)	(61.0, 2.8914243274044926)	(62.0, 14.340593907266284)	(63.0, 5.722664003175329)	(64.0, 1.3842469875660608)	(65.0, 0.6312985798983117)	(66.0, 0.1805539548999227)	(67.0, 1.8567605291126394)	(68.0, 1.7159028338006515)	(69.0, 0.015366294034035959)	(70.0, 0.0012805245028363298)	(71.0, 0.0)	(72.0, 0.0)	(73.0, 0.0)	(74.0, 0.0)	(75.0, 0.0)	(76.0, 0.0)	(77.0, 0.0)	(78.0, 0.0)	(79.0, 0.0)	(80.0, 0.0)	(81.0, 0.0)	(82.0, 0.0)	(83.0, 0.0)	(84.0, 0.0)	(85.0, 0.0)	(86.0, 0.0)	(87.0, 0.0)	(88.0, 0.0)	(89.0, 0.0)	(90.0, 0.0)	(91.0, 0.0)	(92.0, 0.0)	(93.0, 0.0)	(94.0, 0.0)	(95.0, 0.0)	(96.0, 0.0)	(97.0, 0.0)	(98.0, 0.0)	(99.0, 0.0)	(100.0, 0.0)
Fungus_79_2	(0.0, 0.0)	(1.0, 0.0)	(2.0, 0.0)	(3.0, 0.0)	(4.0, 0.0)	(5.0, 0.0)	(6.0, 0.0)	(7.0, 0.0)	(8.0, 0.0)	(9.0, 0.0)	(10.0, 0.0)	(11.0, 0.0)	(12.0, 0.0)	(13.0, 0.0)	(14.0, 0.0)	(15.0, 0.0)	(16.0, 0.0)	(17.0, 0.0)	(18.0, 0.0)	(19.0, 0.0)	(20.0, 0.0)	(21.0, 0.0)	(22.0, 0.0)	(23.0, 0.0)	(24.0, 0.0)	(25.0, 0.0)	(26.0, 0.0)	(27.0, 0.0)	(28.0, 0.0)	(29.0, 0.0)	(30.0, 0.0)	(31.0, 0.0)	(32.0, 0.001215052064980967)	(33.0, 0.001215052064980967)	(34.0, 0.0)	(35.0, 0.0)	(36.0, 0.0)	(37.0, 0.004860208259923868)	(38.0, 0.051032186729200645)	(39.0, 0.06561281150897225)	(40.0, 0.8067945711473692)	(41.0, 0.972041651984782)	(42.0, 0.4848057739274037)	(43.0, 0.692579677039155)	(44.0, 0.7168807183387751)	(45.0, 0.9477406106851641)	(46.0, 3.2988663564234457)	(47.0, 4.156693114299961)	(48.0, 3.7289947874267573)	(49.0, 3.817693588170348)	(50.0, 1.2174821691109234)	(51.0, 2.0109111675434743)	(52.0, 0.8954933718909822)	(53.0, 2.9938882881131885)	(54.0, 4.504198004884439)	(55.0, 1.7909867437819071)	(56.0, 1.7557502338974615)	(57.0, 7.613516239170128)	(58.0, 19.05323143096551)	(59.0, 15.264699092358303)	(60.0, 4.377832590126447)	(61.0, 3.658521767657853)	(62.0, 2.268502205319469)	(63.0, 4.710756855931156)	(64.0, 2.750877875116968)	(65.0, 0.5965905639056559)	(66.0, 0.2624512460358891)	(67.0, 0.7168807183387751)	(68.0, 0.3450747864545937)	(69.0, 0.1591718205125068)	(70.0, 1.7363094008577669)	(71.0, 1.5346107580709378)	(72.0, 0.021870937169657403)	(73.0, 0.007290312389885802)	(74.0, 0.0036451561949429013)	(75.0, 0.0)	(76.0, 0.001215052064980967)	(77.0, 0.001215052064980967)	(78.0, 0.0)	(79.0, 0.0)	(80.0, 0.0)	(81.0, 0.0)	(82.0, 0.0)	(83.0, 0.0)	(84.0, 0.0)	(85.0, 0.0)	(86.0, 0.0)	(87.0, 0.0)	(88.0, 0.0)	(89.0, 0.0)	(90.0, 0.0)	(91.0, 0.0)	(92.0, 0.0)	(93.0, 0.0)	(94.0, 0.0)	(95.0, 0.0)	(96.0, 0.0)	(97.0, 0.0)	(98.0, 0.0)	(99.0, 0.0)	(100.0, 0.0)
Fungus_7_1	(0.0, 0.0)	(1.0, 0.0)	(2.0, 0.0)	(3.0, 0.0)	(4.0, 0.0)	(5.0, 0.0)	(6.0, 0.0)	(7.0, 0.0)	(8.0, 0.0)	(9.0, 0.0)	(10.0, 0.0)	(11.0, 0.0)	(12.0, 0.0)	(13.0, 0.0)	(14.0, 0.0)	(15.0, 0.0)	(16.0, 0.0)	(17.0, 0.0)	(18.0, 0.0)	(19.0, 0.0)	(20.0, 0.0)	(21.0, 0.0)	(22.0, 0.0)	(23.0, 0.0)	(24.0, 0.0)	(25.0, 0.0)	(26.0, 0.0)	(27.0, 0.0013093804011941532)	(28.0, 0.0013093804011941532)	(29.0, 0.006546902005970764)	(30.0, 0.03011574922746551)	(31.0, 0.09165662808359065)	(32.0, 0.20557272298748241)	(33.0, 0.29853873147226695)	(34.0, 0.0982035300895614)	(35.0, 0.013093804011941532)	(36.0, 0.01833132561671814)	(37.0, 0.21735714659822988)	(38.0, 0.15188812653852177)	(39.0, 0.6324307337767767)	(40.0, 0.5381553448907951)	(41.0, 0.3692452731367502)	(42.0, 1.25569580474519)	(43.0, 5.481066359398575)	(44.0, 3.0443094327764775)	(45.0, 2.647567171214604)	(46.0, 2.246896768449148)	(47.0, 3.0626407583931976)	(48.0, 6.448698475880835)	(49.0, 5.614623160320349)	(50.0, 2.6488765516157984)	(51.0, 7.142670088513578)	(52.0, 5.759964384852867)	(53.0, 8.470381815324437)	(54.0, 16.732572146862424)	(55.0, 5.9851778138582095)	(56.0, 4.1075263185462205)	(57.0, 6.84805949824496)	(58.0, 3.997538364845929)	(59.0, 1.3368773896192228)	(60.0, 1.3329492484156407)	(61.0, 1.5267375477923644)	(62.0, 0.9021630964227799)	(63.0, 0.1322474205206093)	(64.0, 0.0903472476823965)	(65.0, 0.21997590740061823)	(66.0, 0.25925731943644287)	(67.0, 0.024878227622688903)	(68.0, 0.006546902005970764)	(69.0, 0.0)	(70.0, 0.0)	(71.0, 0.0)	(72.0, 0.0)	(73.0, 0.0)	(74.0, 0.0)	(75.0, 0.0)	(76.0, 0.0)	(77.0, 0.0)	(78.0, 0.0)	(79.0, 0.0)	(80.0, 0.0)	(81.0, 0.0)	(82.0, 0.0)	(83.0, 0.0)	(84.0, 0.0)	(85.0, 0.0)	(86.0, 0.0)	(87.0, 0.0)	(88.0, 0.0)	(89.0, 0.0)	(90.0, 0.0)	(91.0, 0.0)	(92.0, 0.0)	(93.0, 0.0)	(94.0, 0.0)	(95.0, 0.0)	(96.0, 0.0)	(97.0, 0.0)	(98.0, 0.0)	(99.0, 0.0)	(100.0, 0.0)
Fungus_7_2	(0.0, 0.0)	(1.0, 0.0)	(2.0, 0.0)	(3.0, 0.0)	(4.0, 0.0)	(5.0, 0.0)	(6.0, 0.0)	(7.0, 0.0)	(8.0, 0.0)	(9.0, 0.0)	(10.0, 0.0)	(11.0, 0.0)	(12.0, 0.0)	(13.0, 0.0)	(14.0, 0.0)	(15.0, 0.0)	(16.0, 0.0)	(17.0, 0.0)	(18.0, 0.0)	(19.0, 0.0012513138795735286)	(20.0, 0.002502627759147057)	(21.0, 0.0012513138795735286)	(22.0, 0.002502627759147057)	(23.0, 0.002502627759147057)	(24.0, 0.0062565693978676425)	(25.0, 0.0175183943140294)	(26.0, 0.20146153461133853)	(27.0, 0.4279493468141448)	(28.0, 0.020021022073176454)	(29.0, 0.021272335952749983)	(30.0, 0.2540167175534268)	(31.0, 0.023774963711897037)	(32.0, 0.003753941638720586)	(33.0, 0.015015766554882345)	(34.0, 0.01626708043445587)	(35.0, 0.216477301166221)	(36.0, 0.22523649832323572)	(37.0, 0.06506832173782352)	(38.0, 0.36538365283546925)	(39.0, 4.813804494719319)	(40.0, 4.253215876670505)	(41.0, 0.553080734771499)	(42.0, 0.8696631463036107)	(43.0, 1.685519795785513)	(44.0, 2.2073176835676933)	(45.0, 1.3013664347564613)	(46.0, 0.8784223434606258)	(47.0, 1.828169578056887)	(48.0, 2.0321337404273794)	(49.0, 5.271785374643126)	(50.0, 6.052605235496831)	(51.0, 3.6475799589569884)	(52.0, 2.6427749136593306)	(53.0, 4.592321938034854)	(54.0, 14.581560638672766)	(55.0, 8.674107813203449)	(56.0, 3.82526652985645)	(57.0, 2.0471495069822634)	(58.0, 4.579808799239122)	(59.0, 6.005055308073047)	(60.0, 3.1708293708394195)	(61.0, 3.2947094449172134)	(62.0, 1.5241003053205369)	(63.0, 0.8408829270734188)	(64.0, 2.039641623704821)	(65.0, 2.8142049151609236)	(66.0, 0.40792832474096863)	(67.0, 0.39416387206566)	(68.0, 0.40042044146352757)	(69.0, 0.24901146203513275)	(70.0, 0.05255518294208823)	(71.0, 0.30281795885679375)	(72.0, 0.2652785424695884)	(73.0, 0.003753941638720586)	(74.0, 0.0012513138795735286)	(75.0, 0.002502627759147057)	(76.0, 0.002502627759147057)	(77.0, 0.0012513138795735286)	(78.0, 0.0)	(79.0, 0.0)	(80.0, 0.0)	(81.0, 0.0)	(82.0, 0.0)	(83.0, 0.0)	(84.0, 0.0)	(85.0, 0.0)	(86.0, 0.0)	(87.0, 0.0)	(88.0, 0.0)	(89.0, 0.0)	(90.0, 0.0)	(91.0, 0.0)	(92.0, 0.0)	(93.0, 0.0)	(94.0, 0.0)	(95.0, 0.0)	(96.0, 0.0)	(97.0, 0.0)	(98.0, 0.0)	(99.0, 0.0)	(100.0, 0.0)
Fungus_80_1	(0.0, 0.0)	(1.0, 0.0)	(2.0, 0.0)	(3.0, 0.0)	(4.0, 0.0)	(5.0, 0.0)	(6.0, 0.0)	(7.0, 0.0)	(8.0, 0.0)	(9.0, 0.0)	(10.0, 0.0)	(11.0, 0.0)	(12.0, 0.0)	(13.0, 0.0)	(14.0, 0.0)	(15.0, 0.0)	(16.0, 0.0)	(17.0, 0.0)	(18.0, 0.0)	(19.0, 0.0)	(20.0, 0.0)	(21.0, 0.0)	(22.0, 0.0)	(23.0, 0.0)	(24.0, 0.0)	(25.0, 0.0)	(26.0, 0.0)	(27.0, 0.0)	(28.0, 0.0)	(29.0, 0.0)	(30.0, 0.0)	(31.0, 0.0)	(32.0, 0.001333884672331219)	(33.0, 0.004001654016993658)	(34.0, 0.005335538689324876)	(35.0, 0.004001654016993658)	(36.0, 0.033347116808280466)	(37.0, 0.23743147167495757)	(38.0, 0.08536861902919798)	(39.0, 0.6002481025490481)	(40.0, 0.5922447945150606)	(41.0, 0.8883671917725997)	(42.0, 1.1484747028771842)	(43.0, 1.436593792100711)	(44.0, 2.3316304072349565)	(45.0, 4.248422681375084)	(46.0, 5.667675972735179)	(47.0, 9.421227440675212)	(48.0, 8.523523056195893)	(49.0, 2.7758140031213028)	(50.0, 2.6504288439221537)	(51.0, 5.612986701169611)	(52.0, 5.1594659125771)	(53.0, 5.643666048633222)	(54.0, 4.7019434699675955)	(55.0, 3.5921514225881017)	(56.0, 4.01899451773414)	(57.0, 4.0256639410957975)	(58.0, 12.813296162415044)	(59.0, 2.5984073417012303)	(60.0, 1.7087062652562643)	(61.0, 0.8616894983259744)	(62.0, 0.8256746121730305)	(63.0, 0.9844068881804502)	(64.0, 4.624578158972403)	(65.0, 0.9590630794061562)	(66.0, 0.25077031839826985)	(67.0, 0.21742320158998915)	(68.0, 0.38282490095905874)	(69.0, 0.3548133228401036)	(70.0, 0.008003308033987314)	(71.0, 0.0)	(72.0, 0.0)	(73.0, 0.0)	(74.0, 0.0)	(75.0, 0.0)	(76.0, 0.0)	(77.0, 0.0)	(78.0, 0.0)	(79.0, 0.0)	(80.0, 0.0)	(81.0, 0.0)	(82.0, 0.0)	(83.0, 0.0)	(84.0, 0.0)	(85.0, 0.0)	(86.0, 0.0)	(87.0, 0.0)	(88.0, 0.0)	(89.0, 0.0)	(90.0, 0.0)	(91.0, 0.0)	(92.0, 0.0)	(93.0, 0.0)	(94.0, 0.0)	(95.0, 0.0)	(96.0, 0.0)	(97.0, 0.0)	(98.0, 0.0)	(99.0, 0.0)	(100.0, 0.0)
Fungus_80_2	(0.0, 0.0)	(1.0, 0.0)	(2.0, 0.0)	(3.0, 0.0)	(4.0, 0.0)	(5.0, 0.0)	(6.0, 0.0)	(7.0, 0.0)	(8.0, 0.0)	(9.0, 0.0013995605379910723)	(10.0, 0.0)	(11.0, 0.0)	(12.0, 0.0)	(13.0, 0.0)	(14.0, 0.0)	(15.0, 0.0)	(16.0, 0.0)	(17.0, 0.0)	(18.0, 0.0)	(19.0, 0.0)	(20.0, 0.0)	(21.0, 0.0)	(22.0, 0.0)	(23.0, 0.0)	(24.0, 0.0)	(25.0, 0.0)	(26.0, 0.0)	(27.0, 0.0)	(28.0, 0.0)	(29.0, 0.0)	(30.0, 0.0013995605379910723)	(31.0, 0.0027991210759821445)	(32.0, 0.0)	(33.0, 0.0027991210759821445)	(34.0, 0.004198681613973217)	(35.0, 0.02519208968383929)	(36.0, 0.2477222152244204)	(37.0, 0.2841107892121882)	(38.0, 0.7683587353571022)	(39.0, 0.5332325649745955)	(40.0, 0.6619921344697777)	(41.0, 0.42126772193531126)	(42.0, 1.6850708877412284)	(43.0, 1.994373766637238)	(44.0, 5.556255335824465)	(45.0, 11.662537963080217)	(46.0, 2.008369372017148)	(47.0, 2.5094120446179846)	(48.0, 3.59547102209918)	(49.0, 4.794894403157496)	(50.0, 1.1056528250129574)	(51.0, 1.1602356859946061)	(52.0, 2.1105372912904903)	(53.0, 1.8754111209080035)	(54.0, 9.40644637583758)	(55.0, 4.605953730528744)	(56.0, 3.7144336678284344)	(57.0, 4.663335712586365)	(58.0, 9.33926747001398)	(59.0, 6.291024618269613)	(60.0, 4.263061398720997)	(61.0, 1.9859764034092922)	(62.0, 3.081832304656398)	(63.0, 5.725602160921348)	(64.0, 2.6829575513288972)	(65.0, 0.9335068788400535)	(66.0, 0.08537319281745538)	(67.0, 0.046185497753705396)	(68.0, 0.07137758743754472)	(69.0, 0.08397363227946432)	(70.0, 0.005598242151964289)	(71.0, 0.0)	(72.0, 0.0)	(73.0, 0.0)	(74.0, 0.0)	(75.0, 0.0)	(76.0, 0.0)	(77.0, 0.0)	(78.0, 0.0)	(79.0, 0.0)	(80.0, 0.0)	(81.0, 0.0)	(82.0, 0.0)	(83.0, 0.0)	(84.0, 0.0)	(85.0, 0.0013995605379910723)	(86.0, 0.0)	(87.0, 0.0)	(88.0, 0.0)	(89.0, 0.0)	(90.0, 0.0)	(91.0, 0.0)	(92.0, 0.0)	(93.0, 0.0)	(94.0, 0.0)	(95.0, 0.0)	(96.0, 0.0)	(97.0, 0.0)	(98.0, 0.0)	(99.0, 0.0)	(100.0, 0.0)
Fungus_82_1	(0.0, 0.0)	(1.0, 0.0)	(2.0, 0.0)	(3.0, 0.0)	(4.0, 0.0)	(5.0, 0.0)	(6.0, 0.0)	(7.0, 0.0)	(8.0, 0.0)	(9.0, 0.0)	(10.0, 0.0)	(11.0, 0.0)	(12.0, 0.0)	(13.0, 0.0)	(14.0, 0.0)	(15.0, 0.0)	(16.0, 0.0)	(17.0, 0.0)	(18.0, 0.0)	(19.0, 0.0)	(20.0, 0.0)	(21.0, 0.0)	(22.0, 0.0)	(23.0, 0.0)	(24.0, 0.0)	(25.0, 0.0)	(26.0, 0.0)	(27.0, 0.0)	(28.0, 0.0)	(29.0, 0.0)	(30.0, 0.0)	(31.0, 0.0)	(32.0, 0.011864909530064279)	(33.0, 0.011864909530064279)	(34.0, 0.0016949870757234685)	(35.0, 0.0008474935378617343)	(36.0, 0.005084961227170406)	(37.0, 0.016102377219372948)	(38.0, 0.09491927624051422)	(39.0, 0.40425441756004765)	(40.0, 0.16102377219372996)	(41.0, 0.24238315182845532)	(42.0, 0.40171193694646234)	(43.0, 0.9093605661256335)	(44.0, 1.2339505911266595)	(45.0, 0.9161405144285271)	(46.0, 4.5281579727949275)	(47.0, 4.890885206999667)	(48.0, 3.274715030297707)	(49.0, 6.051951353870555)	(50.0, 4.555277766006497)	(51.0, 7.972371710666118)	(52.0, 7.786770625874315)	(53.0, 7.198610110598002)	(54.0, 8.996991397941422)	(55.0, 6.824017966862947)	(56.0, 10.005508707997343)	(57.0, 8.421543285733042)	(58.0, 4.566295181998696)	(59.0, 2.9891097080383675)	(60.0, 3.2687825755326765)	(61.0, 2.283147590999594)	(62.0, 0.8364761218695286)	(63.0, 0.6627399466078829)	(64.0, 0.28475782872154143)	(65.0, 0.07542692486969427)	(66.0, 0.02118733844654335)	(67.0, 0.015254883681511214)	(68.0, 0.016102377219372948)	(69.0, 0.030509767363022446)	(70.0, 0.023729819060128558)	(71.0, 0.008474935378617343)	(72.0, 0.0)	(73.0, 0.0)	(74.0, 0.0)	(75.0, 0.0)	(76.0, 0.0)	(77.0, 0.0)	(78.0, 0.0)	(79.0, 0.0)	(80.0, 0.0)	(81.0, 0.0)	(82.0, 0.0)	(83.0, 0.0)	(84.0, 0.0)	(85.0, 0.0)	(86.0, 0.0)	(87.0, 0.0)	(88.0, 0.0)	(89.0, 0.0)	(90.0, 0.0)	(91.0, 0.0)	(92.0, 0.0)	(93.0, 0.0)	(94.0, 0.0)	(95.0, 0.0)	(96.0, 0.0)	(97.0, 0.0)	(98.0, 0.0)	(99.0, 0.0)	(100.0, 0.0)
Fungus_82_2	(0.0, 0.0)	(1.0, 0.0)	(2.0, 0.0)	(3.0, 0.0)	(4.0, 0.0)	(5.0, 0.0)	(6.0, 0.0)	(7.0, 0.0)	(8.0, 0.0)	(9.0, 0.0)	(10.0, 0.0)	(11.0, 0.0)	(12.0, 0.0)	(13.0, 0.0)	(14.0, 0.0)	(15.0, 0.0)	(16.0, 0.0)	(17.0, 0.0)	(18.0, 0.0)	(19.0, 0.0)	(20.0, 0.0)	(21.0, 0.0)	(22.0, 0.0)	(23.0, 0.0)	(24.0, 0.0)	(25.0, 0.0)	(26.0, 0.0)	(27.0, 0.0)	(28.0, 0.0)	(29.0, 0.0008340840089413719)	(30.0, 0.0008340840089413719)	(31.0, 0.004170420044706859)	(32.0, 0.013345344143061948)	(33.0, 0.0033363360357654874)	(34.0, 0.00834084008941372)	(35.0, 0.06339038467954422)	(36.0, 0.06505855269742696)	(37.0, 0.04921095652754094)	(38.0, 0.5296433456777753)	(39.0, 0.915824241817618)	(40.0, 0.41287158442597993)	(41.0, 0.8941380575851434)	(42.0, 1.0809728755880001)	(43.0, 1.0150802388816356)	(44.0, 0.8115637406999524)	(45.0, 1.1401928402228343)	(46.0, 1.2302739131884974)	(47.0, 0.5571681179728413)	(48.0, 2.3479464851700538)	(49.0, 3.913522169952726)	(50.0, 6.23811430287256)	(51.0, 4.991158709504733)	(52.0, 7.622693757715868)	(53.0, 7.827044339906597)	(54.0, 5.471591098655091)	(55.0, 6.1046608614418805)	(56.0, 5.206352383811614)	(57.0, 4.1453975244383745)	(58.0, 4.485703800086377)	(59.0, 8.341674173423657)	(60.0, 8.264938444601016)	(61.0, 2.930137123411072)	(62.0, 5.636739732425558)	(63.0, 4.210456077135786)	(64.0, 0.7673572882260622)	(65.0, 0.43455776865845613)	(66.0, 0.2543956227271175)	(67.0, 0.5738497981516693)	(68.0, 0.7223167517432307)	(69.0, 0.5638407900443725)	(70.0, 0.12928302138591288)	(71.0, 0.005838588062589602)	(72.0, 0.005004504053648232)	(73.0, 0.002502252026824116)	(74.0, 0.0008340840089413719)	(75.0, 0.0008340840089413719)	(76.0, 0.0)	(77.0, 0.0016681680178827437)	(78.0, 0.0016681680178827437)	(79.0, 0.0)	(80.0, 0.0)	(81.0, 0.0008340840089413719)	(82.0, 0.0)	(83.0, 0.0)	(84.0, 0.0)	(85.0, 0.0)	(86.0, 0.0)	(87.0, 0.0)	(88.0, 0.0008340840089413719)	(89.0, 0.0)	(90.0, 0.0)	(91.0, 0.0)	(92.0, 0.0)	(93.0, 0.0)	(94.0, 0.0)	(95.0, 0.0)	(96.0, 0.0)	(97.0, 0.0)	(98.0, 0.0)	(99.0, 0.0)	(100.0, 0.0)
Fungus_85_1	(0.0, 0.0)	(1.0, 0.0)	(2.0, 0.0)	(3.0, 0.0)	(4.0, 0.0)	(5.0, 0.0)	(6.0, 0.0)	(7.0, 0.0)	(8.0, 0.0)	(9.0, 0.0)	(10.0, 0.0)	(11.0, 0.0)	(12.0, 0.0)	(13.0, 0.0)	(14.0, 0.0)	(15.0, 0.0)	(16.0, 0.0)	(17.0, 0.0)	(18.0, 0.0)	(19.0, 0.0)	(20.0, 0.0)	(21.0, 0.0)	(22.0, 0.0)	(23.0, 0.0)	(24.0, 0.0)	(25.0, 0.0)	(26.0, 0.0)	(27.0, 0.0)	(28.0, 0.0008106815399707063)	(29.0, 0.0016213630799414127)	(30.0, 0.0008106815399707063)	(31.0, 0.0008106815399707063)	(32.0, 0.004053407699853531)	(33.0, 0.0032427261598828253)	(34.0, 0.021888401579209068)	(35.0, 0.0567477077979494)	(36.0, 0.2505005958509473)	(37.0, 11.103094371439568)	(38.0, 15.419162890239683)	(39.0, 0.8698612923885608)	(40.0, 0.119170186375694)	(41.0, 0.16943244185387785)	(42.0, 0.33886488370775425)	(43.0, 0.7604192844925217)	(44.0, 1.0644248619815193)	(45.0, 1.9813056836884613)	(46.0, 1.7664750755961998)	(47.0, 2.0299465760867093)	(48.0, 2.470146652290853)	(49.0, 1.5621833275235586)	(50.0, 1.700809870858565)	(51.0, 1.54353765210423)	(52.0, 1.5232706136049603)	(53.0, 3.1762502736051843)	(54.0, 2.465282563051028)	(55.0, 4.061514515252995)	(56.0, 2.9030505946351184)	(57.0, 8.351641224779296)	(58.0, 2.3420589689754667)	(59.0, 1.6554117046202004)	(60.0, 15.854498877203554)	(61.0, 14.062892673869923)	(62.0, 0.30562694056895456)	(63.0, 0.0356699877587111)	(64.0, 0.013781586179502004)	(65.0, 0.002432044619912119)	(66.0, 0.0008106815399707063)	(67.0, 0.004053407699853531)	(68.0, 0.002432044619912119)	(69.0, 0.0)	(70.0, 0.0)	(71.0, 0.0)	(72.0, 0.0)	(73.0, 0.0)	(74.0, 0.0)	(75.0, 0.0)	(76.0, 0.0)	(77.0, 0.0)	(78.0, 0.0)	(79.0, 0.0)	(80.0, 0.0)	(81.0, 0.0)	(82.0, 0.0)	(83.0, 0.0)	(84.0, 0.0)	(85.0, 0.0)	(86.0, 0.0)	(87.0, 0.0)	(88.0, 0.0)	(89.0, 0.0)	(90.0, 0.0)	(91.0, 0.0)	(92.0, 0.0)	(93.0, 0.0)	(94.0, 0.0)	(95.0, 0.0)	(96.0, 0.0)	(97.0, 0.0)	(98.0, 0.0)	(99.0, 0.0)	(100.0, 0.0)
Fungus_85_2	(0.0, 0.0)	(1.0, 0.0)	(2.0, 0.0)	(3.0, 0.0)	(4.0, 0.0)	(5.0, 0.0)	(6.0, 0.0)	(7.0, 0.0)	(8.0, 0.0)	(9.0, 0.0)	(10.0, 0.0)	(11.0, 0.0)	(12.0, 0.0)	(13.0, 0.0)	(14.0, 0.0)	(15.0, 0.0)	(16.0, 0.0)	(17.0, 0.0)	(18.0, 0.0)	(19.0, 0.0)	(20.0, 0.0)	(21.0, 0.0)	(22.0, 0.0)	(23.0, 0.0)	(24.0, 0.0008403573199324643)	(25.0, 0.0)	(26.0, 0.0016807146398649287)	(27.0, 0.0025210719597973936)	(28.0, 0.0058825012395272505)	(29.0, 0.0058825012395272505)	(30.0, 0.00924393051925711)	(31.0, 0.023530004958109002)	(32.0, 0.040337151356758326)	(33.0, 0.07815323075371909)	(34.0, 0.7697673050581377)	(35.0, 14.965083153354986)	(36.0, 9.0598922661932)	(37.0, 1.973999344521407)	(38.0, 0.24706505206014373)	(39.0, 0.1823575384253449)	(40.0, 0.08067430271351647)	(41.0, 0.5613586897148912)	(42.0, 1.6176878408700017)	(43.0, 1.5126431758784318)	(44.0, 0.5100968931990093)	(45.0, 1.7176903619419763)	(46.0, 0.5151390371186043)	(47.0, 0.40925401480711077)	(48.0, 1.2487709774196152)	(49.0, 1.2798641982571146)	(50.0, 2.8723413195292142)	(51.0, 2.309301915174499)	(52.0, 2.7681370118576125)	(53.0, 3.9278301133641493)	(54.0, 1.8168525256940187)	(55.0, 1.0378412901165786)	(56.0, 7.1237090010679225)	(57.0, 7.597670529510047)	(58.0, 3.4984075228787583)	(59.0, 17.29455364420566)	(60.0, 8.455675353161485)	(61.0, 1.2815449128969794)	(62.0, 0.8714505407699601)	(63.0, 0.7630444464986783)	(64.0, 0.6638822827466532)	(65.0, 0.3226972108540645)	(66.0, 0.11344823819088282)	(67.0, 0.354630789011499)	(68.0, 0.06134608435506986)	(69.0, 0.0075632158793921805)	(70.0, 0.016807146398649282)	(71.0, 0.01848786103851421)	(72.0, 0.0033614292797298573)	(73.0, 0.0)	(74.0, 0.0)	(75.0, 0.0)	(76.0, 0.0)	(77.0, 0.0)	(78.0, 0.0)	(79.0, 0.0)	(80.0, 0.0)	(81.0, 0.0)	(82.0, 0.0)	(83.0, 0.0)	(84.0, 0.0)	(85.0, 0.0)	(86.0, 0.0)	(87.0, 0.0)	(88.0, 0.0)	(89.0, 0.0)	(90.0, 0.0)	(91.0, 0.0)	(92.0, 0.0)	(93.0, 0.0)	(94.0, 0.0)	(95.0, 0.0)	(96.0, 0.0)	(97.0, 0.0)	(98.0, 0.0)	(99.0, 0.0)	(100.0, 0.0)
Fungus_89_1	(0.0, 0.0)	(1.0, 0.0)	(2.0, 0.0)	(3.0, 0.0)	(4.0, 0.0)	(5.0, 0.0)	(6.0, 0.0)	(7.0, 0.0)	(8.0, 0.0)	(9.0, 0.0)	(10.0, 0.0)	(11.0, 0.0)	(12.0, 0.0)	(13.0, 0.0)	(14.0, 0.0)	(15.0, 0.0)	(16.0, 0.0)	(17.0, 0.0)	(18.0, 0.0)	(19.0, 0.0)	(20.0, 0.0)	(21.0, 0.0)	(22.0, 0.0)	(23.0, 0.0)	(24.0, 0.0)	(25.0, 0.0)	(26.0, 0.0)	(27.0, 0.0)	(28.0, 0.0)	(29.0, 0.0)	(30.0, 0.0)	(31.0, 0.0)	(32.0, 0.0)	(33.0, 0.0)	(34.0, 0.0036934441366574203)	(35.0, 0.008618036318867314)	(36.0, 0.4715297014465947)	(37.0, 0.5811018775007679)	(38.0, 0.08248691905201569)	(39.0, 0.008618036318867314)	(40.0, 0.02831640504770688)	(41.0, 0.3237919359802999)	(42.0, 0.5318559556786675)	(43.0, 0.6882117574638361)	(44.0, 1.276700523237907)	(45.0, 1.1375807940904854)	(46.0, 1.9082794706062927)	(47.0, 5.477377654662741)	(48.0, 4.909818405663179)	(49.0, 1.8541089566019842)	(50.0, 4.357032933210244)	(51.0, 3.6577408433365566)	(52.0, 4.227762388427264)	(53.0, 4.8741151123421655)	(54.0, 8.487534626038485)	(55.0, 5.90951061865156)	(56.0, 5.206525084641258)	(57.0, 11.123422591567527)	(58.0, 10.757771622038277)	(59.0, 5.978454909202483)	(60.0, 6.138504155124268)	(61.0, 3.4792243767314277)	(62.0, 1.4367497691597195)	(63.0, 3.634349030471057)	(64.0, 0.4666051092643848)	(65.0, 0.5183133271775899)	(66.0, 0.44813788858109793)	(67.0, 0.006155740227762367)	(68.0, 0.0)	(69.0, 0.0)	(70.0, 0.0)	(71.0, 0.0)	(72.0, 0.0)	(73.0, 0.0)	(74.0, 0.0)	(75.0, 0.0)	(76.0, 0.0)	(77.0, 0.0)	(78.0, 0.0)	(79.0, 0.0)	(80.0, 0.0)	(81.0, 0.0)	(82.0, 0.0)	(83.0, 0.0)	(84.0, 0.0)	(85.0, 0.0)	(86.0, 0.0)	(87.0, 0.0)	(88.0, 0.0)	(89.0, 0.0)	(90.0, 0.0)	(91.0, 0.0)	(92.0, 0.0)	(93.0, 0.0)	(94.0, 0.0)	(95.0, 0.0)	(96.0, 0.0)	(97.0, 0.0)	(98.0, 0.0)	(99.0, 0.0)	(100.0, 0.0)
Fungus_89_2	(0.0, 0.0)	(1.0, 0.0)	(2.0, 0.0)	(3.0, 0.0)	(4.0, 0.0)	(5.0, 0.0)	(6.0, 0.0)	(7.0, 0.0)	(8.0, 0.0)	(9.0, 0.0)	(10.0, 0.0)	(11.0, 0.0)	(12.0, 0.0)	(13.0, 0.0)	(14.0, 0.0)	(15.0, 0.0)	(16.0, 0.0)	(17.0, 0.0)	(18.0, 0.0)	(19.0, 0.0)	(20.0, 0.0)	(21.0, 0.0)	(22.0, 0.0)	(23.0, 0.0)	(24.0, 0.0)	(25.0, 0.0)	(26.0, 0.0)	(27.0, 0.0)	(28.0, 0.0)	(29.0, 0.0012724912834346928)	(30.0, 0.006362456417173464)	(31.0, 0.010179930267477542)	(32.0, 0.017814877968085698)	(33.0, 0.058534599037995905)	(34.0, 0.6693304150866507)	(35.0, 0.19469116636550834)	(36.0, 0.6107958160486532)	(37.0, 0.1717863232636837)	(38.0, 0.007634947700608156)	(39.0, 0.013997404117781621)	(40.0, 0.05089965133738773)	(41.0, 0.6667854325197813)	(42.0, 0.5993433944977407)	(43.0, 0.8780189855699463)	(44.0, 1.5778891914589959)	(45.0, 0.7456798920927344)	(46.0, 0.4631868271702257)	(47.0, 0.8347542819331656)	(48.0, 5.791107830911036)	(49.0, 4.489349247957641)	(50.0, 1.538441961672523)	(51.0, 4.4931667218079445)	(52.0, 2.6518718346779346)	(53.0, 3.627872649072455)	(54.0, 4.021072455653781)	(55.0, 2.2217697808769596)	(56.0, 1.9367317333875589)	(57.0, 6.735296363219363)	(58.0, 10.215560023414092)	(59.0, 3.761484233833113)	(60.0, 4.732395083093612)	(61.0, 4.547883846995624)	(62.0, 2.9101875652152063)	(63.0, 5.0657877993534255)	(64.0, 8.417529839920054)	(65.0, 12.780902450819601)	(66.0, 2.0245336319445593)	(67.0, 0.27485811722189385)	(68.0, 0.10307179395821)	(69.0, 0.040719721069910175)	(70.0, 0.017814877968085698)	(71.0, 0.008907438984042849)	(72.0, 0.007634947700608156)	(73.0, 0.003817473850304078)	(74.0, 0.0012724912834346928)	(75.0, 0.0)	(76.0, 0.0)	(77.0, 0.0)	(78.0, 0.0)	(79.0, 0.0)	(80.0, 0.0)	(81.0, 0.0)	(82.0, 0.0)	(83.0, 0.0)	(84.0, 0.0)	(85.0, 0.0)	(86.0, 0.0)	(87.0, 0.0)	(88.0, 0.0)	(89.0, 0.0)	(90.0, 0.0)	(91.0, 0.0)	(92.0, 0.0)	(93.0, 0.0)	(94.0, 0.0)	(95.0, 0.0)	(96.0, 0.0)	(97.0, 0.0)	(98.0, 0.0)	(99.0, 0.0)	(100.0, 0.0)
Fungus_93_1	(0.0, 0.0)	(1.0, 0.0)	(2.0, 0.0)	(3.0, 0.0)	(4.0, 0.0)	(5.0, 0.0)	(6.0, 0.0)	(7.0, 0.0)	(8.0, 0.0)	(9.0, 0.0)	(10.0, 0.0)	(11.0, 0.0)	(12.0, 0.0)	(13.0, 0.0)	(14.0, 0.0)	(15.0, 0.0)	(16.0, 0.0)	(17.0, 0.0)	(18.0, 0.0)	(19.0, 0.0)	(20.0, 0.0)	(21.0, 0.0)	(22.0, 0.0)	(23.0, 0.0)	(24.0, 0.0)	(25.0, 0.0)	(26.0, 0.0)	(27.0, 0.0)	(28.0, 0.0)	(29.0, 0.001268166484896172)	(30.0, 0.001268166484896172)	(31.0, 0.0)	(32.0, 0.002536332969792344)	(33.0, 0.11033048418596685)	(34.0, 0.10652598473127833)	(35.0, 0.010145331879169377)	(36.0, 0.012681664848961723)	(37.0, 0.03043599563750812)	(38.0, 0.33986861795217344)	(39.0, 0.6163289116595406)	(40.0, 2.2142186826287023)	(41.0, 1.3937149669008804)	(42.0, 3.260456032668163)	(43.0, 6.532325563699761)	(44.0, 2.557891800035604)	(45.0, 2.160955690263057)	(46.0, 3.5508661577094194)	(47.0, 3.2946965277603644)	(48.0, 5.497501712024719)	(49.0, 6.018718137316927)	(50.0, 7.805564714535238)	(51.0, 9.288051335379537)	(52.0, 4.457605194410094)	(53.0, 7.734547391381058)	(54.0, 7.02564232632426)	(55.0, 3.066426560479027)	(56.0, 3.6890963045631184)	(57.0, 3.727141299110008)	(58.0, 5.128465264920017)	(59.0, 7.147386308874264)	(60.0, 2.4640474801532766)	(61.0, 0.402008775712085)	(62.0, 0.14330281279326743)	(63.0, 0.048190326426054565)	(64.0, 0.03931316103178134)	(65.0, 0.021558830243234923)	(66.0, 0.03804499454688516)	(67.0, 0.053262992365639264)	(68.0, 0.007608998909377033)	(69.0, 0.0)	(70.0, 0.0)	(71.0, 0.0)	(72.0, 0.0)	(73.0, 0.0)	(74.0, 0.0)	(75.0, 0.0)	(76.0, 0.0)	(77.0, 0.0)	(78.0, 0.0)	(79.0, 0.0)	(80.0, 0.0)	(81.0, 0.0)	(82.0, 0.0)	(83.0, 0.0)	(84.0, 0.0)	(85.0, 0.0)	(86.0, 0.0)	(87.0, 0.0)	(88.0, 0.0)	(89.0, 0.0)	(90.0, 0.0)	(91.0, 0.0)	(92.0, 0.0)	(93.0, 0.0)	(94.0, 0.0)	(95.0, 0.0)	(96.0, 0.0)	(97.0, 0.0)	(98.0, 0.0)	(99.0, 0.0)	(100.0, 0.0)
Fungus_93_2	(0.0, 0.0)	(1.0, 0.0)	(2.0, 0.0)	(3.0, 0.0)	(4.0, 0.0)	(5.0, 0.0)	(6.0, 0.0)	(7.0, 0.0)	(8.0, 0.0)	(9.0, 0.0)	(10.0, 0.0)	(11.0, 0.0)	(12.0, 0.0)	(13.0, 0.0)	(14.0, 0.0)	(15.0, 0.0012699864111454392)	(16.0, 0.0)	(17.0, 0.0)	(18.0, 0.0)	(19.0, 0.0)	(20.0, 0.0)	(21.0, 0.0)	(22.0, 0.0)	(23.0, 0.0)	(24.0, 0.0)	(25.0, 0.0)	(26.0, 0.0)	(27.0, 0.0)	(28.0, 0.0)	(29.0, 0.0)	(30.0, 0.0)	(31.0, 0.008889904878018074)	(32.0, 0.11556876341423483)	(33.0, 0.1181087362365257)	(34.0, 0.01650982334489071)	(35.0, 0.14223847804828915)	(36.0, 0.6222933414612662)	(37.0, 0.4889447682909913)	(38.0, 0.3416263445981224)	(39.0, 0.3225765484309411)	(40.0, 3.131786489884743)	(41.0, 1.7132116686351666)	(42.0, 3.926797983261869)	(43.0, 6.009575697539916)	(44.0, 3.101306816017249)	(45.0, 1.468104291284111)	(46.0, 2.85365946584386)	(47.0, 1.8998996710735356)	(48.0, 1.911329548773844)	(49.0, 2.686021259572643)	(50.0, 2.4409138822215457)	(51.0, 6.981115302065956)	(52.0, 5.609529978029194)	(53.0, 2.7431706480741944)	(54.0, 6.056565194752286)	(55.0, 4.90341753343249)	(56.0, 5.177734598239843)	(57.0, 7.8066064693103066)	(58.0, 8.030124077672006)	(59.0, 8.004724349449086)	(60.0, 2.1996164641038845)	(61.0, 2.7266608247293016)	(62.0, 4.597350808346508)	(63.0, 0.6400731512173029)	(64.0, 0.533394292681083)	(65.0, 0.47751489059068253)	(66.0, 0.09524898083590787)	(67.0, 0.0419095515677995)	(68.0, 0.0419095515677995)	(69.0, 0.0025399728222908783)	(70.0, 0.005079945644581757)	(71.0, 0.003809959233436318)	(72.0, 0.0012699864111454392)	(73.0, 0.0)	(74.0, 0.0)	(75.0, 0.0)	(76.0, 0.0)	(77.0, 0.0)	(78.0, 0.0)	(79.0, 0.0)	(80.0, 0.0)	(81.0, 0.0)	(82.0, 0.0)	(83.0, 0.0)	(84.0, 0.0)	(85.0, 0.0)	(86.0, 0.0)	(87.0, 0.0)	(88.0, 0.0)	(89.0, 0.0)	(90.0, 0.0)	(91.0, 0.0)	(92.0, 0.0)	(93.0, 0.0)	(94.0, 0.0)	(95.0, 0.0)	(96.0, 0.0)	(97.0, 0.0)	(98.0, 0.0)	(99.0, 0.0)	(100.0, 0.0)
Fungus_95_1	(0.0, 0.0)	(1.0, 0.0)	(2.0, 0.0)	(3.0, 0.0)	(4.0, 0.0)	(5.0, 0.0)	(6.0, 0.0)	(7.0, 0.0)	(8.0, 0.0)	(9.0, 0.0)	(10.0, 0.0)	(11.0, 0.0)	(12.0, 0.0)	(13.0, 0.0)	(14.0, 0.0)	(15.0, 0.0)	(16.0, 0.0)	(17.0, 0.0)	(18.0, 0.0)	(19.0, 0.0)	(20.0, 0.0)	(21.0, 0.0)	(22.0, 0.0)	(23.0, 0.0)	(24.0, 0.0)	(25.0, 0.0)	(26.0, 0.0)	(27.0, 0.0)	(28.0, 0.0)	(29.0, 0.0)	(30.0, 0.0012764219340345565)	(31.0, 0.002552843868069113)	(32.0, 0.006382109670172782)	(33.0, 0.005105687736138226)	(34.0, 0.016593485142449238)	(35.0, 0.04212192382314038)	(36.0, 0.18508118043501096)	(37.0, 3.483355457980433)	(38.0, 3.1387215357910643)	(39.0, 0.10466659859083355)	(40.0, 0.22847952619218623)	(41.0, 0.3203819054426733)	(42.0, 0.684162156642525)	(43.0, 5.054630858776765)	(44.0, 35.44751353006967)	(45.0, 10.844480751558246)	(46.0, 4.509598692944133)	(47.0, 1.4946900847544478)	(48.0, 3.184672725416313)	(49.0, 3.6378025119986326)	(50.0, 2.0422750944552552)	(51.0, 1.3159910139896198)	(52.0, 0.8922189318901639)	(53.0, 2.568160931277552)	(54.0, 1.7512508934953792)	(55.0, 0.5156744613499589)	(56.0, 4.976769120800674)	(57.0, 6.130654549167651)	(58.0, 0.8207393035842265)	(59.0, 1.2164301031349303)	(60.0, 3.2995506994794366)	(61.0, 1.9337792300623102)	(62.0, 0.03318697028489847)	(63.0, 0.04722761155927861)	(64.0, 0.012764219340345568)	(65.0, 0.002552843868069113)	(66.0, 0.029357704482794796)	(67.0, 0.005105687736138226)	(68.0, 0.014040641274380126)	(69.0, 0.0)	(70.0, 0.0)	(71.0, 0.0)	(72.0, 0.0)	(73.0, 0.0)	(74.0, 0.0)	(75.0, 0.0)	(76.0, 0.0)	(77.0, 0.0)	(78.0, 0.0)	(79.0, 0.0)	(80.0, 0.0)	(81.0, 0.0)	(82.0, 0.0)	(83.0, 0.0)	(84.0, 0.0)	(85.0, 0.0)	(86.0, 0.0)	(87.0, 0.0)	(88.0, 0.0)	(89.0, 0.0)	(90.0, 0.0)	(91.0, 0.0)	(92.0, 0.0)	(93.0, 0.0)	(94.0, 0.0)	(95.0, 0.0)	(96.0, 0.0)	(97.0, 0.0)	(98.0, 0.0)	(99.0, 0.0)	(100.0, 0.0)
Fungus_95_2	(0.0, 0.0)	(1.0, 0.0)	(2.0, 0.0)	(3.0, 0.0)	(4.0, 0.0)	(5.0, 0.0)	(6.0, 0.0)	(7.0, 0.0)	(8.0, 0.0)	(9.0, 0.0)	(10.0, 0.0)	(11.0, 0.0)	(12.0, 0.0)	(13.0, 0.0)	(14.0, 0.0)	(15.0, 0.0)	(16.0, 0.0)	(17.0, 0.0)	(18.0, 0.0)	(19.0, 0.0)	(20.0, 0.0)	(21.0, 0.0)	(22.0, 0.0)	(23.0, 0.0)	(24.0, 0.0)	(25.0, 0.0)	(26.0, 0.0)	(27.0, 0.0)	(28.0, 0.0013298049176187026)	(29.0, 0.003989414752856108)	(30.0, 0.00531921967047481)	(31.0, 0.014627854093805733)	(32.0, 0.05452200162236684)	(33.0, 0.06649024588093518)	(34.0, 0.06649024588093518)	(35.0, 0.36170693759228634)	(36.0, 3.88834957911725)	(37.0, 0.602401627681272)	(38.0, 0.28723786220564)	(39.0, 2.1356666976956005)	(40.0, 29.505711512114775)	(41.0, 4.2846314445676)	(42.0, 5.658319924467407)	(43.0, 11.004135693295309)	(44.0, 5.137036396760995)	(45.0, 2.61173685820315)	(46.0, 0.920225002992151)	(47.0, 0.23670527533612967)	(48.0, 1.3125174536896547)	(49.0, 3.593132887405864)	(50.0, 1.500019947073881)	(51.0, 0.5212835277065289)	(52.0, 0.7380417292783835)	(53.0, 0.7526695833721897)	(54.0, 1.300549209431087)	(55.0, 0.5611776752350911)	(56.0, 0.8085213899121767)	(57.0, 4.795276532933065)	(58.0, 7.268713679703291)	(59.0, 5.214165081982862)	(60.0, 2.652960810649335)	(61.0, 0.8962885144750138)	(62.0, 0.14893815077329464)	(63.0, 0.1090440032447335)	(64.0, 0.8258088538412204)	(65.0, 0.10106517373902131)	(66.0, 0.04787297703427331)	(67.0, 0.00531921967047481)	(68.0, 0.0)	(69.0, 0.0)	(70.0, 0.0)	(71.0, 0.0)	(72.0, 0.0)	(73.0, 0.0)	(74.0, 0.0)	(75.0, 0.0)	(76.0, 0.0)	(77.0, 0.0)	(78.0, 0.0)	(79.0, 0.0)	(80.0, 0.0)	(81.0, 0.0)	(82.0, 0.0)	(83.0, 0.0)	(84.0, 0.0)	(85.0, 0.0)	(86.0, 0.0)	(87.0, 0.0)	(88.0, 0.0)	(89.0, 0.0)	(90.0, 0.0)	(91.0, 0.0)	(92.0, 0.0)	(93.0, 0.0)	(94.0, 0.0)	(95.0, 0.0)	(96.0, 0.0)	(97.0, 0.0)	(98.0, 0.0)	(99.0, 0.0)	(100.0, 0.0)
Fungus_99_1	(0.0, 0.0)	(1.0, 0.0)	(2.0, 0.0)	(3.0, 0.0)	(4.0, 0.0)	(5.0, 0.0)	(6.0, 0.0)	(7.0, 0.0)	(8.0, 0.0)	(9.0, 0.0)	(10.0, 0.0)	(11.0, 0.0)	(12.0, 0.0)	(13.0, 0.0)	(14.0, 0.0)	(15.0, 0.0)	(16.0, 0.0)	(17.0, 0.0)	(18.0, 0.0)	(19.0, 0.0)	(20.0, 0.0)	(21.0, 0.0)	(22.0, 0.0)	(23.0, 0.0)	(24.0, 0.0)	(25.0, 0.0)	(26.0, 0.0)	(27.0, 0.0)	(28.0, 0.001237761631864906)	(29.0, 0.0)	(30.0, 0.04332165711527172)	(31.0, 0.2388879949499275)	(32.0, 0.014853139582378874)	(33.0, 0.0)	(34.0, 0.006188808159324531)	(35.0, 0.024755232637298112)	(36.0, 0.3478110185540377)	(37.0, 0.05817479669765062)	(38.0, 0.007426569791189435)	(39.0, 0.012377616318649061)	(40.0, 0.024755232637298112)	(41.0, 0.10273421544478709)	(42.0, 0.3676152046638759)	(43.0, 0.9072792761569857)	(44.0, 6.405416444900469)	(45.0, 17.162802787439777)	(46.0, 12.089217858425885)	(47.0, 6.88195467316835)	(48.0, 1.5298733769850017)	(49.0, 0.5706081122897216)	(50.0, 1.1214120384696058)	(51.0, 1.5793838422595952)	(52.0, 1.4271391615402205)	(53.0, 1.948236808555324)	(54.0, 2.7094602121523277)	(55.0, 0.7377059325914888)	(56.0, 1.792278842940347)	(57.0, 4.288844054411961)	(58.0, 1.460558725600571)	(59.0, 3.1265858820908488)	(60.0, 6.019234815758706)	(61.0, 16.74072607097423)	(62.0, 1.8962508200169932)	(63.0, 0.2265103786312784)	(64.0, 1.0285799160797433)	(65.0, 0.2822096520651986)	(66.0, 0.035895087324082274)	(67.0, 0.05074822690646117)	(68.0, 0.17328662846108706)	(69.0, 1.3268804693591687)	(70.0, 4.859452166701553)	(71.0, 0.36637744303201103)	(72.0, 0.002475523263729812)	(73.0, 0.0)	(74.0, 0.001237761631864906)	(75.0, 0.001237761631864906)	(76.0, 0.0)	(77.0, 0.0)	(78.0, 0.0)	(79.0, 0.0)	(80.0, 0.0)	(81.0, 0.0)	(82.0, 0.0)	(83.0, 0.0)	(84.0, 0.0)	(85.0, 0.0)	(86.0, 0.0)	(87.0, 0.0)	(88.0, 0.0)	(89.0, 0.0)	(90.0, 0.0)	(91.0, 0.0)	(92.0, 0.0)	(93.0, 0.0)	(94.0, 0.0)	(95.0, 0.0)	(96.0, 0.0)	(97.0, 0.0)	(98.0, 0.0)	(99.0, 0.0)	(100.0, 0.0)
Fungus_99_2	(0.0, 0.0)	(1.0, 0.0)	(2.0, 0.0)	(3.0, 0.0)	(4.0, 0.0)	(5.0, 0.0)	(6.0, 0.0)	(7.0, 0.0)	(8.0, 0.0)	(9.0, 0.0)	(10.0, 0.0)	(11.0, 0.0)	(12.0, 0.0)	(13.0, 0.0)	(14.0, 0.0)	(15.0, 0.0)	(16.0, 0.0010793424645705542)	(17.0, 0.0010793424645705542)	(18.0, 0.0)	(19.0, 0.0)	(20.0, 0.0010793424645705542)	(21.0, 0.0032380273937116628)	(22.0, 0.023745534220552183)	(23.0, 0.20075769841012364)	(24.0, 0.020507506826840525)	(25.0, 0.0021586849291411084)	(26.0, 0.0010793424645705542)	(27.0, 0.0)	(28.0, 0.0)	(29.0, 0.0010793424645705542)	(30.0, 0.0010793424645705542)	(31.0, 0.0032380273937116628)	(32.0, 0.009714082181134988)	(33.0, 0.020507506826840525)	(34.0, 0.2439313969929453)	(35.0, 0.5234810953167195)	(36.0, 0.38208723245797427)	(37.0, 0.2881844380403374)	(38.0, 0.05936383555138049)	(39.0, 0.2806290407883436)	(40.0, 0.3443102461980054)	(41.0, 0.670271670498319)	(42.0, 10.197627605263616)	(43.0, 15.790780256667322)	(44.0, 5.942859609925025)	(45.0, 4.471715830715694)	(46.0, 0.9519800537512313)	(47.0, 0.7156040540102836)	(48.0, 0.701572601970866)	(49.0, 0.7156040540102836)	(50.0, 0.7533810402702541)	(51.0, 0.3378341914105822)	(52.0, 0.8882988483415722)	(53.0, 1.1667692042007594)	(54.0, 3.3589137497437047)	(55.0, 1.9622446005892642)	(56.0, 0.8364904100421886)	(57.0, 1.6492352858637698)	(58.0, 6.767477252856834)	(59.0, 7.95151593649127)	(60.0, 15.526341352847775)	(61.0, 13.502574231779827)	(62.0, 0.7771265744908069)	(63.0, 0.18564690390613575)	(64.0, 0.9487420263575198)	(65.0, 0.7317941909788424)	(66.0, 0.06476054787423324)	(67.0, 0.006476054787423324)	(68.0, 0.0021586849291411084)	(69.0, 0.0010793424645705542)	(70.0, 0.0010793424645705542)	(71.0, 0.0032380273937116628)	(72.0, 0.0032380273937116628)	(73.0, 0.0010793424645705542)	(74.0, 0.0)	(75.0, 0.0)	(76.0, 0.0)	(77.0, 0.0)	(78.0, 0.0)	(79.0, 0.0010793424645705542)	(80.0, 0.0010793424645705542)	(81.0, 0.0)	(82.0, 0.0)	(83.0, 0.0)	(84.0, 0.0)	(85.0, 0.0)	(86.0, 0.0)	(87.0, 0.0)	(88.0, 0.0)	(89.0, 0.0)	(90.0, 0.0)	(91.0, 0.0)	(92.0, 0.0)	(93.0, 0.0)	(94.0, 0.0)	(95.0, 0.0)	(96.0, 0.0)	(97.0, 0.0)	(98.0, 0.0)	(99.0, 0.0)	(100.0, 0.0)
Fungus_B_1	(0.0, 0.0)	(1.0, 0.0)	(2.0, 0.0)	(3.0, 0.0)	(4.0, 0.0)	(5.0, 0.0)	(6.0, 0.0)	(7.0, 0.0)	(8.0, 0.0)	(9.0, 0.0)	(10.0, 0.0)	(11.0, 0.0)	(12.0, 0.0)	(13.0, 0.0)	(14.0, 0.0)	(15.0, 0.0)	(16.0, 0.0)	(17.0, 0.0)	(18.0, 0.0)	(19.0, 0.0)	(20.0, 0.0)	(21.0, 0.0)	(22.0, 0.0)	(23.0, 0.0)	(24.0, 0.0)	(25.0, 0.0)	(26.0, 0.0)	(27.0, 0.0)	(28.0, 0.0)	(29.0, 0.0)	(30.0, 0.0)	(31.0, 0.001740008004036701)	(32.0, 0.0043500200100917525)	(33.0, 0.008700040020183507)	(34.0, 0.027840128064587223)	(35.0, 0.9439543421899023)	(36.0, 0.8882740860607311)	(37.0, 0.0861303961998166)	(38.0, 0.13572062431486293)	(39.0, 0.5028623131666095)	(40.0, 0.7395034017156016)	(41.0, 1.275425866958875)	(42.0, 2.0497294287552847)	(43.0, 5.568025612917059)	(44.0, 2.907553374745395)	(45.0, 3.1920446834053315)	(46.0, 6.525900019139698)	(47.0, 4.828522211201477)	(48.0, 8.011866854587717)	(49.0, 10.80022968105765)	(50.0, 9.854535330863422)	(51.0, 10.5635885925087)	(52.0, 9.516973778080148)	(53.0, 3.490456056097558)	(54.0, 3.121574359241861)	(55.0, 2.2350402811852144)	(56.0, 1.733047972020569)	(57.0, 1.9818691165978457)	(58.0, 3.6470567764608255)	(59.0, 3.3843155678513432)	(60.0, 1.090115014528977)	(61.0, 0.42195194097890065)	(62.0, 0.1244105722886243)	(63.0, 0.036540168084770744)	(64.0, 0.10875050025229388)	(65.0, 0.13833063632091802)	(66.0, 0.04785022011100929)	(67.0, 0.0)	(68.0, 0.0)	(69.0, 0.0)	(70.0, 0.002610012006055052)	(71.0, 0.002610012006055052)	(72.0, 0.0)	(73.0, 0.0)	(74.0, 0.0)	(75.0, 0.0)	(76.0, 0.0)	(77.0, 0.0)	(78.0, 0.0)	(79.0, 0.0)	(80.0, 0.0)	(81.0, 0.0)	(82.0, 0.0)	(83.0, 0.0)	(84.0, 0.0)	(85.0, 0.0)	(86.0, 0.0)	(87.0, 0.0)	(88.0, 0.0)	(89.0, 0.0)	(90.0, 0.0)	(91.0, 0.0)	(92.0, 0.0)	(93.0, 0.0)	(94.0, 0.0)	(95.0, 0.0)	(96.0, 0.0)	(97.0, 0.0)	(98.0, 0.0)	(99.0, 0.0)	(100.0, 0.0)
Fungus_B_2	(0.0, 0.0)	(1.0, 0.0)	(2.0, 0.0)	(3.0, 0.0)	(4.0, 0.0)	(5.0, 0.0)	(6.0, 0.0)	(7.0, 0.0)	(8.0, 0.0)	(9.0, 0.0)	(10.0, 0.0)	(11.0, 0.0)	(12.0, 0.0)	(13.0, 0.0)	(14.0, 0.0)	(15.0, 0.0)	(16.0, 0.0)	(17.0, 0.0)	(18.0, 0.0)	(19.0, 0.0)	(20.0, 0.0)	(21.0, 0.0)	(22.0, 0.0)	(23.0, 0.0)	(24.0, 0.0008249327679793835)	(25.0, 0.0008249327679793835)	(26.0, 0.0)	(27.0, 0.0008249327679793835)	(28.0, 0.001649865535958767)	(29.0, 0.01237399151969075)	(30.0, 0.016498655359587663)	(31.0, 0.0008249327679793835)	(32.0, 0.017323588127567045)	(33.0, 0.10064179769348483)	(34.0, 0.028047714111299044)	(35.0, 0.09899193215752602)	(36.0, 1.0806619260529742)	(37.0, 0.7589381465410329)	(38.0, 2.0540825922687254)	(39.0, 1.5063272343303524)	(40.0, 0.6508719539357398)	(41.0, 0.7713121380607229)	(42.0, 2.2025704905050314)	(43.0, 3.992674597019999)	(44.0, 4.3968916533298055)	(45.0, 2.37828117008466)	(46.0, 1.7315338799887496)	(47.0, 7.409546121991426)	(48.0, 7.181039745261033)	(49.0, 3.218887660655514)	(50.0, 5.565821385556665)	(51.0, 8.403590107407034)	(52.0, 5.437131873751823)	(53.0, 6.243091188068047)	(54.0, 7.237135173483657)	(55.0, 9.509000016499911)	(56.0, 2.828694461401354)	(57.0, 4.08424213426569)	(58.0, 1.220075563841482)	(59.0, 1.327316823678806)	(60.0, 1.3570144033260672)	(61.0, 0.5502301562422536)	(62.0, 1.5129266964741883)	(63.0, 0.7754368019006196)	(64.0, 0.9552721453201151)	(65.0, 0.4438138291729101)	(66.0, 1.0146673046146273)	(67.0, 1.1037600435563957)	(68.0, 0.4710366105162306)	(69.0, 0.09404233554964969)	(70.0, 0.14601309993235123)	(71.0, 0.06599462143835061)	(72.0, 0.01237399151969075)	(73.0, 0.013198924287670133)	(74.0, 0.014848789823628899)	(75.0, 0.0008249327679793835)	(76.0, 0.0)	(77.0, 0.0)	(78.0, 0.0)	(79.0, 0.0)	(80.0, 0.0)	(81.0, 0.0)	(82.0, 0.0)	(83.0, 0.0)	(84.0, 0.0)	(85.0, 0.0)	(86.0, 0.0)	(87.0, 0.0)	(88.0, 0.0)	(89.0, 0.0)	(90.0, 0.0)	(91.0, 0.0)	(92.0, 0.0)	(93.0, 0.0)	(94.0, 0.0)	(95.0, 0.0)	(96.0, 0.0)	(97.0, 0.0)	(98.0, 0.0)	(99.0, 0.0)	(100.0, 0.0)
Fungus_C_1	(0.0, 0.0)	(1.0, 0.0)	(2.0, 0.0)	(3.0, 0.0)	(4.0, 0.0)	(5.0, 0.0)	(6.0, 0.0)	(7.0, 0.0)	(8.0, 0.0)	(9.0, 0.0)	(10.0, 0.0)	(11.0, 0.0)	(12.0, 0.0)	(13.0, 0.0)	(14.0, 0.0)	(15.0, 0.0)	(16.0, 0.0)	(17.0, 0.0)	(18.0, 0.0)	(19.0, 0.0)	(20.0, 0.0)	(21.0, 0.0)	(22.0, 0.0)	(23.0, 0.0)	(24.0, 0.0)	(25.0, 0.0)	(26.0, 0.0)	(27.0, 0.0)	(28.0, 0.0)	(29.0, 0.0)	(30.0, 0.0)	(31.0, 0.0)	(32.0, 0.0)	(33.0, 0.0)	(34.0, 0.0)	(35.0, 0.0)	(36.0, 0.0007936822889798048)	(37.0, 0.0055557760228586335)	(38.0, 0.04682725504980849)	(39.0, 0.42938211833807627)	(40.0, 0.07381245287512175)	(41.0, 0.08571768720981889)	(42.0, 0.7960633358467407)	(43.0, 2.231040914322319)	(44.0, 3.1906028016987555)	(45.0, 4.123973173538794)	(46.0, 11.155998253900636)	(47.0, 16.52684630342209)	(48.0, 17.172110004362086)	(49.0, 4.8851144886702595)	(50.0, 2.6659788086832235)	(51.0, 2.246120877812937)	(52.0, 2.660423032660366)	(53.0, 4.465256557800033)	(54.0, 4.765268463034331)	(55.0, 1.9921425453393704)	(56.0, 4.290646454224515)	(57.0, 6.041509583714362)	(58.0, 5.5565697051474805)	(59.0, 3.341402436604884)	(60.0, 1.046073256875365)	(61.0, 0.18810270248821367)	(62.0, 0.016667328068575897)	(63.0, 0.0)	(64.0, 0.0)	(65.0, 0.0)	(66.0, 0.0)	(67.0, 0.0)	(68.0, 0.0)	(69.0, 0.0)	(70.0, 0.0)	(71.0, 0.0)	(72.0, 0.0)	(73.0, 0.0)	(74.0, 0.0)	(75.0, 0.0)	(76.0, 0.0)	(77.0, 0.0)	(78.0, 0.0)	(79.0, 0.0)	(80.0, 0.0)	(81.0, 0.0)	(82.0, 0.0)	(83.0, 0.0)	(84.0, 0.0)	(85.0, 0.0)	(86.0, 0.0)	(87.0, 0.0)	(88.0, 0.0)	(89.0, 0.0)	(90.0, 0.0)	(91.0, 0.0)	(92.0, 0.0)	(93.0, 0.0)	(94.0, 0.0)	(95.0, 0.0)	(96.0, 0.0)	(97.0, 0.0)	(98.0, 0.0)	(99.0, 0.0)	(100.0, 0.0)
Fungus_C_2	(0.0, 0.0)	(1.0, 0.0)	(2.0, 0.0)	(3.0, 0.0)	(4.0, 0.0)	(5.0, 0.0)	(6.0, 0.0)	(7.0, 0.0)	(8.0, 0.0)	(9.0, 0.0)	(10.0, 0.0)	(11.0, 0.0)	(12.0, 0.0)	(13.0, 0.0)	(14.0, 0.0)	(15.0, 0.0)	(16.0, 0.0)	(17.0, 0.0)	(18.0, 0.0)	(19.0, 0.0)	(20.0, 0.0)	(21.0, 0.0)	(22.0, 0.0)	(23.0, 0.0)	(24.0, 0.0)	(25.0, 0.0)	(26.0, 0.0)	(27.0, 0.0)	(28.0, 0.0)	(29.0, 0.0009289536266350035)	(30.0, 0.0)	(31.0, 0.0)	(32.0, 0.0009289536266350035)	(33.0, 0.0009289536266350035)	(34.0, 0.011147443519620045)	(35.0, 0.018579072532700067)	(36.0, 0.02972651605232012)	(37.0, 0.4022369203329558)	(38.0, 1.5559973246136132)	(39.0, 0.8908665279429665)	(40.0, 1.5002601070155066)	(41.0, 0.622398929845458)	(42.0, 1.1983501783591353)	(43.0, 1.8495466706303076)	(44.0, 11.2812128418575)	(45.0, 1.8411860879905917)	(46.0, 0.6623439357907642)	(47.0, 2.252712544589945)	(48.0, 4.501709274672983)	(49.0, 21.34735434006543)	(50.0, 2.924346016647105)	(51.0, 5.396291617122287)	(52.0, 7.291357015458344)	(53.0, 1.0636519024970674)	(54.0, 3.7613332342450527)	(55.0, 4.822198275861986)	(56.0, 2.753418549346269)	(57.0, 3.1463659334128202)	(58.0, 2.099435196195152)	(59.0, 0.72829964328185)	(60.0, 0.6186831153389178)	(61.0, 2.048342746730221)	(62.0, 7.910969084424173)	(63.0, 3.111994649227333)	(64.0, 1.673974435196272)	(65.0, 0.3464997027348544)	(66.0, 0.3121284185493598)	(67.0, 0.017650118906065066)	(68.0, 0.002786860879905011)	(69.0, 0.0)	(70.0, 0.0009289536266350035)	(71.0, 0.0009289536266350035)	(72.0, 0.0)	(73.0, 0.0)	(74.0, 0.0)	(75.0, 0.0)	(76.0, 0.0)	(77.0, 0.0)	(78.0, 0.0)	(79.0, 0.0)	(80.0, 0.0)	(81.0, 0.0)	(82.0, 0.0)	(83.0, 0.0)	(84.0, 0.0)	(85.0, 0.0)	(86.0, 0.0)	(87.0, 0.0)	(88.0, 0.0)	(89.0, 0.0)	(90.0, 0.0)	(91.0, 0.0)	(92.0, 0.0)	(93.0, 0.0)	(94.0, 0.0)	(95.0, 0.0)	(96.0, 0.0)	(97.0, 0.0)	(98.0, 0.0)	(99.0, 0.0)	(100.0, 0.0)
Fungus_I_1	(0.0, 0.0)	(1.0, 0.0)	(2.0, 0.0)	(3.0, 0.0)	(4.0, 0.0)	(5.0, 0.0)	(6.0, 0.0)	(7.0, 0.0)	(8.0, 0.0)	(9.0, 0.0)	(10.0, 0.0)	(11.0, 0.0)	(12.0, 0.0)	(13.0, 0.0)	(14.0, 0.0)	(15.0, 0.0)	(16.0, 0.0)	(17.0, 0.0)	(18.0, 0.0)	(19.0, 0.0)	(20.0, 0.0)	(21.0, 0.0)	(22.0, 0.0)	(23.0, 0.0)	(24.0, 0.0)	(25.0, 0.0)	(26.0, 0.0)	(27.0, 0.0)	(28.0, 0.0)	(29.0, 0.0)	(30.0, 0.0)	(31.0, 0.001683657577721827)	(32.0, 0.001683657577721827)	(33.0, 0.0008418287888609135)	(34.0, 0.003367315155443654)	(35.0, 0.0025254863665827407)	(36.0, 0.0)	(37.0, 0.006734630310887308)	(38.0, 0.11448871528508438)	(39.0, 0.1330089486400246)	(40.0, 0.019362062143801005)	(41.0, 0.06818813189773394)	(42.0, 0.33841517312208585)	(43.0, 1.2374883196255169)	(44.0, 1.3536606924883265)	(45.0, 2.2291626329037766)	(46.0, 2.2510501814141626)	(47.0, 2.6930102955661557)	(48.0, 8.217090808072292)	(49.0, 7.431664548064703)	(50.0, 4.719292190353914)	(51.0, 5.991295490323025)	(52.0, 3.0103797489666477)	(53.0, 4.016365151655211)	(54.0, 7.931710848648313)	(55.0, 14.873431041592386)	(56.0, 10.167608111863915)	(57.0, 5.41716825631962)	(58.0, 3.87577974391547)	(59.0, 3.378258929698784)	(60.0, 2.3562787800217886)	(61.0, 3.113082861207656)	(62.0, 1.6483007685896798)	(63.0, 2.802448038118049)	(64.0, 0.4486947444628687)	(65.0, 0.11617237286280621)	(66.0, 0.005050972733165481)	(67.0, 0.006734630310887308)	(68.0, 0.006734630310887308)	(69.0, 0.003367315155443654)	(70.0, 0.0)	(71.0, 0.0)	(72.0, 0.0)	(73.0, 0.0)	(74.0, 0.0)	(75.0, 0.0)	(76.0, 0.001683657577721827)	(77.0, 0.0025254863665827407)	(78.0, 0.003367315155443654)	(79.0, 0.0008418287888609135)	(80.0, 0.0)	(81.0, 0.0)	(82.0, 0.0)	(83.0, 0.0)	(84.0, 0.0)	(85.0, 0.0)	(86.0, 0.0)	(87.0, 0.0)	(88.0, 0.0)	(89.0, 0.0)	(90.0, 0.0)	(91.0, 0.0)	(92.0, 0.0)	(93.0, 0.0)	(94.0, 0.0)	(95.0, 0.0)	(96.0, 0.0)	(97.0, 0.0)	(98.0, 0.0)	(99.0, 0.0)	(100.0, 0.0)
Fungus_I_2	(0.0, 0.0)	(1.0, 0.0)	(2.0, 0.0)	(3.0, 0.0)	(4.0, 0.0)	(5.0, 0.0)	(6.0, 0.0)	(7.0, 0.0)	(8.0, 0.0)	(9.0, 0.0)	(10.0, 0.0)	(11.0, 0.0)	(12.0, 0.0)	(13.0, 0.0)	(14.0, 0.0)	(15.0, 0.0)	(16.0, 0.0)	(17.0, 0.0)	(18.0, 0.0)	(19.0, 0.0)	(20.0, 0.0)	(21.0, 0.0)	(22.0, 0.0)	(23.0, 0.0)	(24.0, 0.0)	(25.0, 0.0)	(26.0, 0.0016188957512080313)	(27.0, 0.0016188957512080313)	(28.0, 0.0)	(29.0, 0.0)	(30.0, 0.0)	(31.0, 0.0)	(32.0, 0.0)	(33.0, 0.0008094478756040156)	(34.0, 0.018617301138892352)	(35.0, 0.02185509264130842)	(36.0, 0.04371018528261685)	(37.0, 0.05423300766546903)	(38.0, 0.17403129325486352)	(39.0, 0.0858014748140256)	(40.0, 0.023473988392516455)	(41.0, 0.19912417739858768)	(42.0, 2.019572449632079)	(43.0, 2.485814425980045)	(44.0, 0.261451663820096)	(45.0, 0.5399017330278832)	(46.0, 1.6893177163856028)	(47.0, 1.9952890133639558)	(48.0, 1.5662816392937786)	(49.0, 4.161371528479976)	(50.0, 4.285217053447362)	(51.0, 6.069240171278955)	(52.0, 7.450967694935638)	(53.0, 3.3567803401297676)	(54.0, 9.636476959067474)	(55.0, 9.625954136684618)	(56.0, 2.4016318469172178)	(57.0, 3.3753976412686555)	(58.0, 5.666135129227972)	(59.0, 6.162326676973459)	(60.0, 7.80955310382838)	(61.0, 5.053383087395454)	(62.0, 2.446960927951048)	(63.0, 2.6137071903254503)	(64.0, 3.1503711318507905)	(65.0, 2.380586202151511)	(66.0, 1.1307986822187879)	(67.0, 0.22178871791549976)	(68.0, 0.5423300766546952)	(69.0, 0.5617568256691922)	(70.0, 0.40391448992640466)	(71.0, 0.1473195133599312)	(72.0, 0.12627386859422668)	(73.0, 0.024283436268120472)	(74.0, 0.008094478756040156)	(75.0, 0.002428343626812047)	(76.0, 0.0016188957512080313)	(77.0, 0.0008094478756040156)	(78.0, 0.0)	(79.0, 0.0)	(80.0, 0.0)	(81.0, 0.0)	(82.0, 0.0)	(83.0, 0.0)	(84.0, 0.0)	(85.0, 0.0)	(86.0, 0.0)	(87.0, 0.0)	(88.0, 0.0)	(89.0, 0.0)	(90.0, 0.0)	(91.0, 0.0)	(92.0, 0.0)	(93.0, 0.0)	(94.0, 0.0)	(95.0, 0.0)	(96.0, 0.0)	(97.0, 0.0)	(98.0, 0.0)	(99.0, 0.0)	(100.0, 0.0)
Fungus_M6_1	(0.0, 0.0)	(1.0, 0.0)	(2.0, 0.0)	(3.0, 0.0)	(4.0, 0.0)	(5.0, 0.0)	(6.0, 0.0)	(7.0, 0.0)	(8.0, 0.0)	(9.0, 0.0)	(10.0, 0.0)	(11.0, 0.0)	(12.0, 0.0)	(13.0, 0.0)	(14.0, 0.0)	(15.0, 0.0)	(16.0, 0.0)	(17.0, 0.0)	(18.0, 0.0)	(19.0, 0.0)	(20.0, 0.0)	(21.0, 0.0)	(22.0, 0.0)	(23.0, 0.0)	(24.0, 0.0)	(25.0, 0.0)	(26.0, 0.0)	(27.0, 0.0)	(28.0, 0.0)	(29.0, 0.0)	(30.0, 0.0009056084330257158)	(31.0, 0.0018112168660514316)	(32.0, 0.003622433732102863)	(33.0, 0.004528042165128579)	(34.0, 0.008150475897231443)	(35.0, 0.04165798791918296)	(36.0, 0.15123660831529487)	(37.0, 0.27892739737191946)	(38.0, 4.346920478523207)	(39.0, 3.896833087309528)	(40.0, 0.1367468733868833)	(41.0, 0.15304782518134633)	(42.0, 1.580286715629864)	(43.0, 3.5354953225323498)	(44.0, 2.060259185133548)	(45.0, 6.814703458518574)	(46.0, 10.961484473345212)	(47.0, 2.8055749255137883)	(48.0, 2.102822781485761)	(49.0, 5.437273031885921)	(50.0, 4.901152839534818)	(51.0, 3.417766226239033)	(52.0, 3.2402669733660328)	(53.0, 2.4985736667180443)	(54.0, 4.6684114722472625)	(55.0, 5.000769767167625)	(56.0, 3.6867319308476096)	(57.0, 7.488476132690012)	(58.0, 12.562600182933451)	(59.0, 3.6649973284549975)	(60.0, 2.15082002843613)	(61.0, 1.6708475589324459)	(62.0, 0.3187741684250504)	(63.0, 0.1041449697979573)	(64.0, 0.0996169276328287)	(65.0, 0.0661094156108772)	(66.0, 0.04709163851733724)	(67.0, 0.0516196806824658)	(68.0, 0.01086730119630859)	(69.0, 0.017206560227488597)	(70.0, 0.01086730119630859)	(71.0, 0.0)	(72.0, 0.0)	(73.0, 0.0)	(74.0, 0.0)	(75.0, 0.0)	(76.0, 0.0)	(77.0, 0.0)	(78.0, 0.0)	(79.0, 0.0)	(80.0, 0.0)	(81.0, 0.0)	(82.0, 0.0)	(83.0, 0.0)	(84.0, 0.0)	(85.0, 0.0)	(86.0, 0.0)	(87.0, 0.0)	(88.0, 0.0)	(89.0, 0.0)	(90.0, 0.0)	(91.0, 0.0)	(92.0, 0.0)	(93.0, 0.0)	(94.0, 0.0)	(95.0, 0.0)	(96.0, 0.0)	(97.0, 0.0)	(98.0, 0.0)	(99.0, 0.0)	(100.0, 0.0)
Fungus_M6_2	(0.0, 0.0)	(1.0, 0.0)	(2.0, 0.0)	(3.0, 0.0)	(4.0, 0.0)	(5.0, 0.0)	(6.0, 0.0)	(7.0, 0.0)	(8.0, 0.0)	(9.0, 0.0)	(10.0, 0.0)	(11.0, 0.0)	(12.0, 0.0)	(13.0, 0.0)	(14.0, 0.0)	(15.0, 0.0)	(16.0, 0.0)	(17.0, 0.0)	(18.0, 0.0)	(19.0, 0.0)	(20.0, 0.0)	(21.0, 0.0)	(22.0, 0.0)	(23.0, 0.0)	(24.0, 0.0)	(25.0, 0.0)	(26.0, 0.0)	(27.0, 0.0009276265746460926)	(28.0, 0.0009276265746460926)	(29.0, 0.0009276265746460926)	(30.0, 0.0009276265746460926)	(31.0, 0.0009276265746460926)	(32.0, 0.0)	(33.0, 0.0046381328732304624)	(34.0, 0.006493386022522647)	(35.0, 0.045453702157658565)	(36.0, 0.10574942950965455)	(37.0, 0.5575035713623053)	(38.0, 6.723437413034826)	(39.0, 1.8033060611120144)	(40.0, 0.800541733919581)	(41.0, 0.8339362906068385)	(42.0, 0.6929370512606386)	(43.0, 2.164152798649386)	(44.0, 6.098217101723075)	(45.0, 11.074006048126979)	(46.0, 1.3812359696480019)	(47.0, 1.6372609042503452)	(48.0, 2.06304150201295)	(49.0, 1.7392998274614269)	(50.0, 1.7411550806107192)	(51.0, 2.583440010389467)	(52.0, 1.4804920131351376)	(53.0, 1.038014137028967)	(54.0, 1.2068421736145465)	(55.0, 1.056566668521888)	(56.0, 3.358008200218869)	(57.0, 5.165024767629046)	(58.0, 7.153856143670809)	(59.0, 5.21604422923457)	(60.0, 12.214986734941078)	(61.0, 5.162241887905108)	(62.0, 3.8515055379304783)	(63.0, 1.5092484369491697)	(64.0, 1.4489527095971668)	(65.0, 3.2661731693289267)	(66.0, 2.812563774327078)	(67.0, 1.510176063523816)	(68.0, 0.24489341570656797)	(69.0, 0.08997977774067085)	(70.0, 0.06400623365058035)	(71.0, 0.0)	(72.0, 0.026901170664736684)	(73.0, 0.030611676963321063)	(74.0, 0.028756423814028872)	(75.0, 0.0018552531492921852)	(76.0, 0.0009276265746460926)	(77.0, 0.0009276265746460926)	(78.0, 0.0)	(79.0, 0.0)	(80.0, 0.0)	(81.0, 0.0)	(82.0, 0.0)	(83.0, 0.0)	(84.0, 0.0)	(85.0, 0.0)	(86.0, 0.0)	(87.0, 0.0)	(88.0, 0.0)	(89.0, 0.0)	(90.0, 0.0)	(91.0, 0.0)	(92.0, 0.0)	(93.0, 0.0)	(94.0, 0.0)	(95.0, 0.0)	(96.0, 0.0)	(97.0, 0.0)	(98.0, 0.0)	(99.0, 0.0)	(100.0, 0.0)
Fungus_Q_1	(0.0, 0.0)	(1.0, 0.0)	(2.0, 0.0)	(3.0, 0.0)	(4.0, 0.0)	(5.0, 0.0)	(6.0, 0.0)	(7.0, 0.0)	(8.0, 0.0)	(9.0, 0.0)	(10.0, 0.0)	(11.0, 0.0)	(12.0, 0.0)	(13.0, 0.0)	(14.0, 0.0)	(15.0, 0.0)	(16.0, 0.0)	(17.0, 0.0)	(18.0, 0.0)	(19.0, 0.0)	(20.0, 0.0)	(21.0, 0.0)	(22.0, 0.0)	(23.0, 0.0)	(24.0, 0.0)	(25.0, 0.0)	(26.0, 0.0)	(27.0, 0.0)	(28.0, 0.0)	(29.0, 0.0)	(30.0, 0.0)	(31.0, 0.0)	(32.0, 0.002524742476267351)	(33.0, 0.0033663233016898012)	(34.0, 0.002524742476267351)	(35.0, 0.025247424762673512)	(36.0, 0.04965326869992456)	(37.0, 0.08752440584393475)	(38.0, 0.0849996633676674)	(39.0, 0.05806907695414905)	(40.0, 0.22975156534032842)	(41.0, 0.2878206422944767)	(42.0, 0.3147512287079947)	(43.0, 0.635393523193957)	(44.0, 1.17905473641683)	(45.0, 1.187470544671054)	(46.0, 3.381471756547342)	(47.0, 8.847539217667421)	(48.0, 7.878038106780319)	(49.0, 3.9688951726920787)	(50.0, 3.8241432707194503)	(51.0, 2.377465831818516)	(52.0, 1.673062680939845)	(53.0, 3.431125025247255)	(54.0, 14.713357570858603)	(55.0, 10.54079983841789)	(56.0, 8.284521645459547)	(57.0, 1.1319262101931755)	(58.0, 4.388844004577786)	(59.0, 11.660943917054153)	(60.0, 6.759577189793372)	(61.0, 2.092169932000273)	(62.0, 0.7885612334208352)	(63.0, 0.09846495657442669)	(64.0, 0.007574227428802054)	(65.0, 0.0016831616508449006)	(66.0, 0.0016831616508449006)	(67.0, 0.0)	(68.0, 0.0)	(69.0, 0.0)	(70.0, 0.0)	(71.0, 0.0)	(72.0, 0.0)	(73.0, 0.0)	(74.0, 0.0)	(75.0, 0.0)	(76.0, 0.0)	(77.0, 0.0)	(78.0, 0.0)	(79.0, 0.0)	(80.0, 0.0)	(81.0, 0.0)	(82.0, 0.0)	(83.0, 0.0)	(84.0, 0.0)	(85.0, 0.0)	(86.0, 0.0)	(87.0, 0.0)	(88.0, 0.0)	(89.0, 0.0)	(90.0, 0.0)	(91.0, 0.0)	(92.0, 0.0)	(93.0, 0.0)	(94.0, 0.0)	(95.0, 0.0)	(96.0, 0.0)	(97.0, 0.0)	(98.0, 0.0)	(99.0, 0.0)	(100.0, 0.0)
Fungus_Q_2	(0.0, 0.0)	(1.0, 0.0)	(2.0, 0.0)	(3.0, 0.0)	(4.0, 0.0)	(5.0, 0.0)	(6.0, 0.0)	(7.0, 0.0)	(8.0, 0.0)	(9.0, 0.0)	(10.0, 0.0)	(11.0, 0.0)	(12.0, 0.0)	(13.0, 0.0)	(14.0, 0.0)	(15.0, 0.0)	(16.0, 0.0)	(17.0, 0.0)	(18.0, 0.0)	(19.0, 0.0)	(20.0, 0.0)	(21.0, 0.0)	(22.0, 0.0)	(23.0, 0.0)	(24.0, 0.0035095415661329002)	(25.0, 0.0008773853915332251)	(26.0, 0.0)	(27.0, 0.0)	(28.0, 0.0)	(29.0, 0.0)	(30.0, 0.0)	(31.0, 0.0070190831322658005)	(32.0, 0.017547707830664498)	(33.0, 0.021057249396797394)	(34.0, 0.01228339548146515)	(35.0, 0.026321561745996758)	(36.0, 0.06668128975652506)	(37.0, 0.12371134020618488)	(38.0, 0.25882869050230056)	(39.0, 0.2702347005922323)	(40.0, 0.489581048475542)	(41.0, 0.479052423777143)	(42.0, 0.4615047159464781)	(43.0, 0.7957885501206359)	(44.0, 0.8782627769247544)	(45.0, 3.337574029392364)	(46.0, 2.539153323097258)	(47.0, 2.8558894494407334)	(48.0, 3.856108795788383)	(49.0, 8.562404035973696)	(50.0, 3.755209475762085)	(51.0, 3.4972581706513752)	(52.0, 2.8813336257951914)	(53.0, 2.2110111866637947)	(54.0, 14.523360386048035)	(55.0, 2.3724500987059263)	(56.0, 0.7519192805439772)	(57.0, 1.417854792717669)	(58.0, 3.006799736784414)	(59.0, 8.345689844264891)	(60.0, 7.524457117789418)	(61.0, 7.04803685018666)	(62.0, 6.228558894494256)	(63.0, 5.642465452949795)	(64.0, 0.7054178547927188)	(65.0, 0.4694011844702773)	(66.0, 1.036192147400726)	(67.0, 0.9396797543320767)	(68.0, 0.11230533011625289)	(69.0, 1.262557578416285)	(70.0, 1.1958762886597638)	(71.0, 0.006141697740732575)	(72.0, 0.0017547707830664501)	(73.0, 0.0008773853915332251)	(74.0, 0.0)	(75.0, 0.0)	(76.0, 0.0)	(77.0, 0.0)	(78.0, 0.0)	(79.0, 0.0)	(80.0, 0.0)	(81.0, 0.0)	(82.0, 0.0)	(83.0, 0.0)	(84.0, 0.0)	(85.0, 0.0)	(86.0, 0.0)	(87.0, 0.0)	(88.0, 0.0)	(89.0, 0.0)	(90.0, 0.0)	(91.0, 0.0)	(92.0, 0.0)	(93.0, 0.0)	(94.0, 0.0)	(95.0, 0.0)	(96.0, 0.0)	(97.0, 0.0)	(98.0, 0.0)	(99.0, 0.0)	(100.0, 0.0)
Fungus_R_1	(0.0, 0.0)	(1.0, 0.0)	(2.0, 0.0)	(3.0, 0.0)	(4.0, 0.0)	(5.0, 0.0)	(6.0, 0.0)	(7.0, 0.0)	(8.0, 0.0)	(9.0, 0.0)	(10.0, 0.0)	(11.0, 0.0)	(12.0, 0.0)	(13.0, 0.0)	(14.0, 0.0)	(15.0, 0.0)	(16.0, 0.0)	(17.0, 0.0)	(18.0, 0.0)	(19.0, 0.0)	(20.0, 0.0)	(21.0, 0.0)	(22.0, 0.0)	(23.0, 0.0)	(24.0, 0.0)	(25.0, 0.0)	(26.0, 0.0)	(27.0, 0.0)	(28.0, 0.0)	(29.0, 0.0008327504080476916)	(30.0, 0.005829252856333841)	(31.0, 0.03830651877019384)	(32.0, 0.014989507344858445)	(33.0, 0.016655008160953826)	(34.0, 0.020818760201192284)	(35.0, 0.09909729855767531)	(36.0, 1.86036441157858)	(37.0, 3.019552979580941)	(38.0, 1.5064454881582707)	(39.0, 0.6761933313347308)	(40.0, 1.5622397654974725)	(41.0, 1.4581459644914991)	(42.0, 2.4399586955798394)	(43.0, 4.37360514306618)	(44.0, 5.109756503780172)	(45.0, 3.679091302754563)	(46.0, 3.8456413843640633)	(47.0, 3.7948436094731655)	(48.0, 4.381932647146654)	(49.0, 4.439392425301932)	(50.0, 8.3325005829262)	(51.0, 9.548316178676382)	(52.0, 3.624129775823427)	(53.0, 2.4416241963959346)	(54.0, 4.969021684820143)	(55.0, 7.105859231871392)	(56.0, 7.015089437394153)	(57.0, 2.1893008227574553)	(58.0, 1.8778521701475834)	(59.0, 4.827454115452069)	(60.0, 2.285067119682951)	(61.0, 0.4821624862596162)	(62.0, 0.14822957263248948)	(63.0, 0.5196362546217634)	(64.0, 1.2366343559507953)	(65.0, 0.7394823623463517)	(66.0, 0.1898670930348737)	(67.0, 0.07494753672429215)	(68.0, 0.03164451550581229)	(69.0, 0.007494753672429225)	(70.0, 0.007494753672429225)	(71.0, 0.0024982512241430747)	(72.0, 0.0)	(73.0, 0.0)	(74.0, 0.0)	(75.0, 0.0)	(76.0, 0.0)	(77.0, 0.0)	(78.0, 0.0)	(79.0, 0.0)	(80.0, 0.0)	(81.0, 0.0)	(82.0, 0.0)	(83.0, 0.0)	(84.0, 0.0)	(85.0, 0.0)	(86.0, 0.0)	(87.0, 0.0)	(88.0, 0.0)	(89.0, 0.0)	(90.0, 0.0)	(91.0, 0.0)	(92.0, 0.0)	(93.0, 0.0)	(94.0, 0.0)	(95.0, 0.0)	(96.0, 0.0)	(97.0, 0.0)	(98.0, 0.0)	(99.0, 0.0)	(100.0, 0.0)
Fungus_R_2	(0.0, 0.0)	(1.0, 0.0)	(2.0, 0.0)	(3.0, 0.0)	(4.0, 0.0)	(5.0, 0.0)	(6.0, 0.0)	(7.0, 0.0)	(8.0, 0.0)	(9.0, 0.0)	(10.0, 0.0)	(11.0, 0.0)	(12.0, 0.0)	(13.0, 0.0)	(14.0, 0.0)	(15.0, 0.0)	(16.0, 0.0)	(17.0, 0.0)	(18.0, 0.0)	(19.0, 0.0)	(20.0, 0.0)	(21.0, 0.00662487474846194)	(22.0, 0.008281093435577426)	(23.0, 0.00662487474846194)	(24.0, 0.001656218687115485)	(25.0, 0.004968656061346455)	(26.0, 0.04803034192634907)	(27.0, 0.06210820076683064)	(28.0, 0.028983827024521)	(29.0, 0.04720223258279133)	(30.0, 0.08943580910423615)	(31.0, 0.14740346315327854)	(32.0, 0.16313754068087566)	(33.0, 0.07452984092019674)	(34.0, 0.11345098006741085)	(35.0, 0.2509171310979951)	(36.0, 1.9982278460048863)	(37.0, 2.5737638397775724)	(38.0, 3.1815960979488174)	(39.0, 3.141018740114497)	(40.0, 2.9447568256913565)	(41.0, 3.3041562807953353)	(42.0, 1.8822925379067892)	(43.0, 2.9050075772005943)	(44.0, 2.3029720844341703)	(45.0, 1.9096201462441977)	(46.0, 1.3845988224285293)	(47.0, 1.6976241542933916)	(48.0, 5.282509502554465)	(49.0, 5.1500120075851665)	(50.0, 4.994327450996304)	(51.0, 6.8824167543087515)	(52.0, 4.5131959223893645)	(53.0, 3.5401674437092385)	(54.0, 2.702948897372551)	(55.0, 3.9409723659910947)	(56.0, 3.460668946727713)	(57.0, 4.412994691818901)	(58.0, 4.303684258469303)	(59.0, 3.5973069884147097)	(60.0, 2.1911773230538625)	(61.0, 1.735717184097052)	(62.0, 1.8731833351276532)	(63.0, 5.00592098180611)	(64.0, 1.336568480502175)	(65.0, 0.2848696141838621)	(66.0, 0.33455617479732663)	(67.0, 0.5059748089137842)	(68.0, 0.7510951746068733)	(69.0, 0.39749248490771694)	(70.0, 0.2567138965028993)	(71.0, 0.05299899798769551)	(72.0, 0.3146815505519404)	(73.0, 0.6542063814106228)	(74.0, 1.1113227390544707)	(75.0, 0.11593530809808411)	(76.0, 0.01324974949692388)	(77.0, 0.00331243737423097)	(78.0, 0.0008281093435577425)	(79.0, 0.0)	(80.0, 0.0)	(81.0, 0.0)	(82.0, 0.0)	(83.0, 0.0)	(84.0, 0.0)	(85.0, 0.0)	(86.0, 0.0)	(87.0, 0.0)	(88.0, 0.0)	(89.0, 0.0)	(90.0, 0.0)	(91.0, 0.0)	(92.0, 0.0)	(93.0, 0.0)	(94.0, 0.0)	(95.0, 0.0)	(96.0, 0.0)	(97.0, 0.0)	(98.0, 0.0)	(99.0, 0.0)	(100.0, 0.0)
