Sample	0	1	2	3	4	5	6	7	8	9	10	11	12	13	14	15	16	17	18	19	20	21	22	23	24	25	26	27	28	29	30	31	32	33	34	35	36	37	38	39	40	41	42	43	44	45	46	47	48	49	50	51	52	53	54	55	56	57
Fungus_006R_1	(1, 36.402650152314806)	(2, 36.54295528338076)	(3, 36.755544133686016)	(4, 36.52469004249771)	(5, 36.67854680389625)	(6, 36.62764983890985)	(7, 36.47992327846657)	(8, 36.663653800348506)	(9, 36.68754779425591)	(10, 36.51071719590317)	(15, 36.577053742682)	(20, 36.59323045293284)	(25, 36.44327244919706)	(30, 36.23583346914215)	(35, 36.37012373227695)	(40, 36.61092404317467)	(45, 36.45255675763768)	(50, 36.37152527924381)	(55, 36.52509621532174)	(60, 36.57197407514197)	(65, 36.30628941067332)	(70, 36.35875841492309)	(75, 36.55965851395905)	(80, 36.39120711053166)	(85, 36.5439506575236)	(90, 36.228567488623405)	(95, 35.958532763354185)	(100, 36.29743634745327)	(105, 36.44727901816495)	(110, 36.40538805801752)	(115, 36.315408241296744)	(120, 36.43435670498565)	(125, 36.215863305294036)	(130, 36.29672429139139)	(135, 36.216169188531886)	(140, 36.05252917800148)	(145, 35.34226829971543)	(150, 35.634797979164844)	(155, 35.92674096453509)	(160, 35.864466145996566)	(165, 35.87129586681543)	(170, 35.70307512943624)	(175, 36.01914277476213)	(180, 35.79380711805338)	(185, 35.959996991312416)	(190, 35.67194022740664)	(195, 35.38132106457396)	(200, 34.922516265717256)	(205, 35.15763517155787)	(210, 34.84701826524089)	(215, 33.92907269741378)	(220, 34.73154949450014)	(225, 34.31721368409424)	(230, 34.45194619992141)	(235, 34.08778828218683)	(240, 34.68132833336607)	(245, 35.044522441076694)	(250, 35.81567024962246)
Fungus_006R_2	(1, 36.711817874111496)	(2, 36.76538504932994)	(3, 36.77517582018077)	(4, 36.74283242863769)	(5, 36.77344582481916)	(6, 36.7692336621996)	(7, 36.71314671112838)	(8, 36.470295478193286)	(9, 35.70501071844952)	(10, 36.46208176108514)	(15, 36.54254911055673)	(20, 36.61032481289725)	(25, 36.584735924983384)	(30, 36.58618260226403)	(35, 36.541669069438)	(40, 36.57467186501022)	(45, 36.5793679248831)	(50, 36.577309481126754)	(55, 36.5108977171583)	(60, 36.13236470308014)	(65, 36.31860747909589)	(70, 36.1412779400519)	(75, 36.51984354824556)	(80, 36.58542792312803)	(85, 36.51822888590806)	(90, 36.505198761423614)	(95, 36.52584337273878)	(100, 36.422121375471676)	(105, 36.408171094034024)	(110, 36.265526708370416)	(115, 36.26764783311813)	(120, 36.421502087277005)	(125, 36.42433777532625)	(130, 36.37270368188143)	(135, 36.295362860259004)	(140, 36.34809763191215)	(145, 36.24654941142549)	(150, 36.198249946721155)	(155, 36.310619413556644)	(160, 36.2748962629593)	(165, 36.200363549749895)	(170, 36.130278679687606)	(175, 36.191701036743595)	(180, 35.953686269102036)	(185, 35.992317817698606)	(190, 35.91297120435257)	(195, 35.569810327320134)	(200, 35.32290238062406)	(205, 35.522340758941446)	(210, 35.23462999410799)	(215, 35.35606563953415)	(220, 35.51239667842044)	(225, 35.40217058429955)	(230, 35.36084513927783)	(235, 35.1972127545105)	(240, 34.9250945605085)	(245, 35.27016857443113)	(250, 36.171181156910286)
Fungus_034R_1	(1, 36.463824064157805)	(2, 36.605464371995716)	(3, 36.69784065154043)	(4, 36.4213095564245)	(5, 36.70882418868771)	(6, 36.63059450574083)	(7, 36.505591392493336)	(8, 36.64095539338995)	(9, 36.672461457996064)	(10, 36.52463450474458)	(15, 36.56336330352917)	(20, 36.59046599088442)	(25, 36.46850638838385)	(30, 36.13946850638838)	(35, 36.364005877811266)	(40, 36.60644815820278)	(45, 36.442656471818886)	(50, 36.34934870862494)	(55, 36.54254937610521)	(60, 36.60583298049862)	(65, 36.37185624268387)	(70, 36.36551019899877)	(75, 36.56507683494807)	(80, 36.374463898782096)	(85, 36.488334039002766)	(90, 36.20679435132375)	(95, 35.93559313591193)	(100, 36.2582899554183)	(105, 36.43886827227217)	(110, 36.44652437050136)	(115, 36.43723443998904)	(120, 36.45792881870937)	(125, 36.34573236033972)	(130, 36.42956588876989)	(135, 36.41826604567756)	(140, 36.27636671564842)	(145, 35.83055216557496)	(150, 35.90442828323081)	(155, 36.121207441906805)	(160, 36.19021693108515)	(165, 36.14206370949665)	(170, 36.03096311424373)	(175, 36.30255784413838)	(180, 36.17951234091305)	(185, 36.042982740155914)	(190, 36.011720754153075)	(195, 35.92937411272446)	(200, 35.996727354237755)	(205, 35.94999377350502)	(210, 35.93797414759284)	(215, 35.747543025080326)	(220, 35.70179884993677)	(225, 35.61169503604693)	(230, 35.483475423726965)	(235, 35.361912438823346)	(240, 35.30049654529074)	(245, 35.755148945454)	(250, 36.359088657751364)
Fungus_034R_2	(1, 36.70199995018804)	(2, 36.76634454932629)	(3, 36.77995566735573)	(4, 36.71029364150333)	(5, 36.76187392592961)	(6, 36.73848721077931)	(7, 36.676595850663745)	(8, 36.54302508032178)	(9, 35.95880550920276)	(10, 36.55690269233643)	(15, 36.53565291026375)	(20, 36.53079624417823)	(25, 36.560489153445744)	(30, 36.58516350775822)	(35, 36.538788573136415)	(40, 36.5867799058554)	(45, 36.57015018305895)	(50, 36.565435481059)	(55, 36.53040771089138)	(60, 36.32671664466638)	(65, 36.381499838111125)	(70, 36.371923488829665)	(75, 36.445274090309084)	(80, 36.5651714776718)	(85, 36.51657991083659)	(90, 36.44615825259645)	(95, 36.47459091927972)	(100, 36.45223780229633)	(105, 36.51501581529725)	(110, 36.39442355109462)	(115, 36.36096983885831)	(120, 36.49958905133123)	(125, 36.43527184877089)	(130, 36.41782770043087)	(135, 36.34614579960648)	(140, 36.348125825010584)	(145, 36.29940972827576)	(150, 36.26722622101566)	(155, 36.282518492690095)	(160, 36.30219919802745)	(165, 36.312863938631665)	(170, 36.230452541655254)	(175, 36.33623072899803)	(180, 36.14707728325571)	(185, 36.07557719608478)	(190, 36.00973823815097)	(195, 35.844716196358746)	(200, 35.66161490373839)	(205, 35.65776194864387)	(210, 35.8400338721327)	(215, 35.45078578366666)	(220, 35.672393587301116)	(225, 35.62076842145772)	(230, 35.55279805900231)	(235, 35.35906235174306)	(240, 35.07979876286911)	(245, 35.32347938219122)	(250, 36.153918537437825)
Fungus_044R_1	(1, 36.32177043279064)	(2, 36.51201832610652)	(3, 36.240742861817886)	(4, 36.49855191033298)	(5, 36.59988546183425)	(6, 36.57218358831711)	(7, 36.078524093921295)	(8, 36.527988218931526)	(9, 36.602208950339524)	(10, 36.27891352368486)	(15, 36.491764705882346)	(20, 36.48966374867054)	(25, 36.40976846927923)	(30, 36.36476806021435)	(35, 36.41043606315962)	(40, 36.522159862554204)	(45, 36.279571300008186)	(50, 36.29918677902315)	(55, 36.28511494723063)	(60, 36.314210913850935)	(65, 36.201096293872205)	(70, 36.38737789413401)	(75, 36.23557882680193)	(80, 36.36252311216559)	(85, 36.35342223676675)	(90, 36.1004565164035)	(95, 35.81184651885789)	(100, 36.19965965802176)	(105, 36.313582590198806)	(110, 36.16134500531784)	(115, 36.161187924404814)	(120, 36.119453489323405)	(125, 36.11343532684284)	(130, 36.2397120183261)	(135, 36.11068313834575)	(140, 35.78187351713982)	(145, 35.66772805366931)	(150, 35.87623333060623)	(155, 35.95712018326107)	(160, 35.83978728626361)	(165, 35.972985355477384)	(170, 35.73149963184161)	(175, 35.85978237748507)	(180, 35.90142190951485)	(185, 36.043017262537845)	(190, 35.858695901169924)	(195, 35.75338623905752)	(200, 35.75152090321525)	(205, 35.820780495786636)	(210, 35.5404565164035)	(215, 35.57548556000982)	(220, 35.57706939578569)	(225, 35.714881969870575)	(230, 35.26580618301905)	(235, 35.190343313641854)	(240, 35.2274933950663)	(245, 35.51510680926271)	(250, 36.19474738482083)
Fungus_044R_2	(1, 36.63000899942731)	(2, 36.70576781477542)	(3, 36.698666448498734)	(4, 36.635245029861736)	(5, 36.69336496768388)	(6, 36.667544792604104)	(7, 36.62290763315062)	(8, 36.50601325370204)	(9, 36.063306880471245)	(10, 36.47782377485069)	(15, 36.47644277182361)	(20, 36.56410046633396)	(25, 36.49683711036571)	(30, 36.44186860836129)	(35, 36.472188497095644)	(40, 36.480559600752684)	(45, 36.50978974065286)	(50, 36.500652867544794)	(55, 36.28312198314653)	(60, 36.36842673648041)	(65, 36.29793013171889)	(70, 36.30730589871553)	(75, 36.48417246175243)	(80, 36.43484905506013)	(85, 36.41076986009981)	(90, 36.413090076086064)	(95, 36.41753088439826)	(100, 36.394577435981354)	(105, 36.370498241021025)	(110, 36.37475578826802)	(115, 36.26974065286755)	(120, 36.35159617115274)	(125, 36.26315961711528)	(130, 36.29339769287409)	(135, 36.26609506667758)	(140, 36.249670293708576)	(145, 36.25270064632251)	(150, 36.23590607870408)	(155, 36.18319888734353)	(160, 36.1348277836865)	(165, 36.21602552564836)	(170, 36.098244293544965)	(175, 36.116910742043686)	(180, 35.944756606397775)	(185, 36.0639090239712)	(190, 36.01649022334943)	(195, 35.79759797103821)	(200, 35.803632496113885)	(205, 35.4618702446208)	(210, 35.55878262292399)	(215, 35.53273991655077)	(220, 35.6712900303897)	(225, 35.68042185764601)	(230, 35.322962236625244)	(235, 35.38272658883761)	(240, 35.18824277980307)	(245, 35.21137727337121)	(250, 36.15461624026696)
Fungus_049R_1	(1, 36.3732013054443)	(2, 36.51726375908619)	(3, 36.21105919003115)	(4, 36.43749072837858)	(5, 36.59857587894971)	(6, 36.56402981753449)	(7, 36.002299362112446)	(8, 36.51561341047322)	(9, 36.59416258715324)	(10, 36.32613484646195)	(15, 36.55074172971369)	(20, 36.50511793502447)	(25, 36.25598575878949)	(30, 35.81255377540425)	(35, 36.25999851654056)	(40, 36.546862483311074)	(45, 36.4241173416407)	(50, 36.26588785046729)	(55, 36.50940513276962)	(60, 36.64450378282154)	(65, 36.3887108737576)	(70, 36.18358552143599)	(75, 36.56600652722149)	(80, 36.378512090194334)	(85, 36.575085298917074)	(90, 36.37272659842753)	(95, 35.83768728675271)	(100, 36.186411511645154)	(105, 36.49099540127577)	(110, 36.298805815160954)	(115, 36.09499332443257)	(120, 36.371806853582555)	(125, 36.4061971517579)	(130, 36.37758863670079)	(135, 36.44006453048509)	(140, 36.2687917222964)	(145, 35.90346758641151)	(150, 35.78398976412995)	(155, 35.33291054739653)	(160, 34.74192256341789)	(165, 35.15775107550809)	(170, 35.82250407951342)	(175, 35.76357365376057)	(180, 36.21932947633882)	(185, 36.15911214953271)	(190, 34.569392523364485)	(195, 35.43127874202641)	(200, 35.69403649310192)	(205, 36.02909063937101)	(210, 35.80788458685655)	(215, 35.67456608811749)	(220, 35.324855117791124)	(225, 36.02353330020456)	(230, 34.3987275099925)	(235, 35.20292927886369)	(240, 35.32866417745144)	(245, 35.499449274353445)	(250, 36.487583760346865)
Fungus_049R_2	(1, 36.70801809820502)	(2, 36.78766132621273)	(3, 36.75526628096721)	(4, 36.71291351431538)	(5, 36.756378875537756)	(6, 36.745327102803735)	(7, 36.69488948227266)	(8, 36.61952974336152)	(9, 36.38173119715176)	(10, 36.54765613410473)	(15, 36.44989615784009)	(20, 36.25139445186174)	(25, 36.441069574247145)	(30, 36.57469589081738)	(35, 36.46044726301735)	(40, 36.545972407654645)	(45, 36.253975671265394)	(50, 36.5769989615784)	(55, 36.46019878356327)	(60, 36.484757454383626)	(65, 36.299035751372195)	(70, 36.378797656134104)	(75, 36.468209464471144)	(80, 36.18185729120309)	(85, 36.34095089749295)	(90, 36.55064901349948)	(95, 36.502062008604064)	(100, 36.46832814122534)	(105, 36.3692256341789)	(110, 36.26031746031746)	(115, 36.43197967660585)	(120, 36.3252707313455)	(125, 36.27151016169708)	(130, 36.23864782673194)	(135, 36.35884512683579)	(140, 35.985328586263165)	(145, 36.16308411214953)	(150, 36.09430351579884)	(155, 36.311155614893934)	(160, 36.23232458092271)	(165, 36.131775700934575)	(170, 36.062546358107106)	(175, 36.196447114671415)	(180, 36.354257528556595)	(185, 35.446013202788905)	(190, 36.09725189141077)	(195, 35.431323245809224)	(200, 35.18800252188103)	(205, 35.46339934727785)	(210, 34.956249072837856)	(215, 35.610729120308555)	(220, 35.97896321935743)	(225, 36.14046308000669)	(230, 35.680961603060275)	(235, 35.851325641869416)	(240, 35.54565624240647)	(245, 35.13833821930563)	(250, 36.222681868630815)
Fungus_060R_1	(1, 36.435705834734414)	(2, 36.579749673080514)	(3, 36.8148950744131)	(4, 36.53205056354692)	(5, 36.74390684351454)	(6, 36.66408867301825)	(7, 36.506245718911515)	(8, 36.670216078211595)	(9, 36.715648545986674)	(10, 36.52615231334455)	(15, 36.60217199078399)	(20, 36.54393673329597)	(25, 36.44533034435519)	(30, 36.34556572638395)	(35, 36.34657450650725)	(40, 36.64563920542999)	(45, 36.51208418955103)	(50, 36.414782987732735)	(55, 36.59468709135065)	(60, 36.6557618780746)	(65, 36.37431969612056)	(70, 36.325621769724144)	(75, 36.61607572077963)	(80, 36.47028831185006)	(85, 36.6217273802852)	(90, 36.04265022728688)	(95, 35.896020922847)	(100, 36.33976959960147)	(105, 36.52353695746933)	(110, 36.43954169001806)	(115, 36.401556759449534)	(120, 36.459480665047636)	(125, 36.30161529360483)	(130, 36.494964817236436)	(135, 36.45328351703095)	(140, 36.26890590945887)	(145, 34.78976274985989)	(150, 35.90068621956535)	(155, 35.854299769599606)	(160, 35.993496481723646)	(165, 35.8980135749424)	(170, 35.845756273740584)	(175, 36.15458247711564)	(180, 36.112527554642256)	(185, 35.98684600535525)	(190, 35.353461610311975)	(195, 35.96648608257052)	(200, 35.99800485708948)	(205, 35.763195715798)	(210, 35.26877887788779)	(215, 35.33006787471199)	(220, 35.40898658744441)	(225, 35.377327619647616)	(230, 35.08439913577719)	(235, 35.24147195163623)	(240, 34.86712947908303)	(245, 35.58868195769567)	(250, 36.33453203368979)
Fungus_060R_2	(1, 36.70028021670092)	(2, 36.775228843639084)	(3, 36.78713493990909)	(4, 36.73405566971792)	(5, 36.773634721962765)	(6, 36.769001805840965)	(7, 36.71031820163148)	(8, 36.61394856466779)	(9, 36.18592689457625)	(10, 36.55627623139672)	(15, 36.53545301699982)	(20, 36.515900118313716)	(25, 36.55094090541129)	(30, 36.57881810822592)	(35, 36.5681399838097)	(40, 36.55726757581418)	(45, 36.568675509060334)	(50, 36.55708325549536)	(55, 36.424965439940216)	(60, 36.33174668410237)	(65, 36.35829628245843)	(70, 36.4647163584283)	(75, 36.55065197085746)	(80, 36.59661747306806)	(85, 36.39460240363659)	(90, 36.49678311227349)	(95, 36.507242044959206)	(100, 36.394149075284886)	(105, 36.33925649168691)	(110, 36.35420885484775)	(115, 36.2349013014509)	(120, 36.34689582165764)	(125, 36.37456628681736)	(130, 36.36053552525064)	(135, 36.00194532660813)	(140, 36.171390497540315)	(145, 36.341567968117566)	(150, 36.118575253751786)	(155, 36.218955103057475)	(160, 36.234164020175605)	(165, 36.222235506569525)	(170, 36.05786412603525)	(175, 36.1083529485024)	(180, 36.093923656516594)	(185, 35.62827324241859)	(190, 35.746885858397164)	(195, 35.65463104801046)	(200, 35.68666043962887)	(205, 35.35946447474936)	(210, 35.730090292048075)	(215, 35.33082508250825)	(220, 35.3138863387904)	(225, 35.799376352552756)	(230, 35.083589149783606)	(235, 34.76245176809287)	(240, 34.52304428898567)	(245, 35.26127381434839)	(250, 36.23454768726975)
Fungus_100_1	(1, 36.35277498258379)	(2, 36.53715457852775)	(3, 36.24256908429445)	(4, 36.398753773511885)	(5, 36.66804706246614)	(6, 36.6480377738215)	(7, 36.17029181825219)	(8, 36.481422710736126)	(9, 36.65854555306138)	(10, 36.37869804164409)	(15, 36.56321696725753)	(20, 36.51425806951003)	(25, 36.296865082436724)	(30, 36.13430219057203)	(35, 36.341922749438815)	(40, 36.45223314498026)	(45, 36.42728152333772)	(50, 36.24324251103027)	(55, 36.39064169053332)	(60, 36.48749903243285)	(65, 36.38321464509637)	(70, 36.300580540289495)	(75, 36.393443764997286)	(80, 36.39100162551281)	(85, 36.478148463503366)	(90, 36.18553293598576)	(95, 36.014289031658805)	(100, 36.24648966638285)	(105, 36.426170756250485)	(110, 36.43776608096602)	(115, 36.37968108986763)	(120, 36.368472792011765)	(125, 36.250986918492146)	(130, 36.35376190107594)	(135, 36.25457852774982)	(140, 36.2938849756173)	(145, 35.62202956885208)	(150, 36.042425884356376)	(155, 36.120357612818324)	(160, 36.045893645018964)	(165, 35.83827695642077)	(170, 35.793792089170985)	(175, 36.024545243439896)	(180, 36.03402740150166)	(185, 35.86950228345847)	(190, 35.71394844802229)	(195, 35.58301726139794)	(200, 35.67935598730552)	(205, 35.616580230668006)	(210, 35.66234228655469)	(215, 35.57439430296463)	(220, 35.57260198131005)	(225, 35.55567412779883)	(230, 35.08488379723566)	(235, 35.09734265854706)	(240, 34.906753990545184)	(245, 35.39105440855671)	(250, 36.2960303481913)
Fungus_100_2	(1, 36.69533245607245)	(2, 36.76731945196997)	(3, 36.75354129576593)	(4, 36.66212555151328)	(5, 36.75779859122223)	(6, 36.7282297391439)	(7, 36.67191733106277)	(8, 36.58959671801223)	(9, 36.17404597879093)	(10, 36.5661274092422)	(15, 36.56913847821039)	(20, 36.56033748742162)	(25, 36.546892174316895)	(30, 36.538323399643936)	(35, 36.519540986144435)	(40, 36.50164486415357)	(45, 36.49558789379983)	(50, 36.567698738292435)	(55, 36.50282529607555)	(60, 36.23482467683257)	(65, 36.25142038857497)	(70, 36.40862295843331)	(75, 36.49235234925304)	(80, 36.50290270144748)	(85, 36.508901617772274)	(90, 36.44898598962768)	(95, 36.49166731171143)	(100, 36.42156513662049)	(105, 36.504775911448256)	(110, 36.26398715070826)	(115, 36.36326728074929)	(120, 36.39181438191811)	(125, 36.41265577831101)	(130, 36.298304822354666)	(135, 36.28782413499497)	(140, 36.39510798049385)	(145, 36.32182831488505)	(150, 36.282312872513344)	(155, 36.23781252418918)	(160, 36.312055886678536)	(165, 36.3093312175865)	(170, 36.33119049462032)	(175, 36.26488118275408)	(180, 36.09071135536806)	(185, 36.11263642696803)	(190, 35.89397786206363)	(195, 35.76252805944732)	(200, 35.50943184457002)	(205, 35.695390510101404)	(210, 35.408812601594555)	(215, 35.24386949454292)	(220, 35.47413930347375)	(225, 35.29991141103788)	(230, 35.310807212117794)	(235, 35.24840230696268)	(240, 35.0979896134054)	(245, 35.44234037568043)	(250, 36.339331619537276)
Fungus_110_1	(1, 36.40435962204135)	(2, 36.56581532416503)	(3, 35.94987370193657)	(4, 36.34207128824025)	(5, 36.608644400785856)	(6, 36.57966133408176)	(7, 36.15664702030124)	(8, 36.4324819908317)	(9, 36.594049957900644)	(10, 36.38376274674899)	(15, 36.53285807839835)	(20, 36.42786041725138)	(25, 36.30775937880064)	(30, 36.23896716250351)	(35, 36.43686032369726)	(40, 36.480808307605955)	(45, 36.35935260548227)	(50, 36.339608943773975)	(55, 36.36841987089531)	(60, 36.38014781551127)	(65, 36.267014687997005)	(70, 36.43194686125924)	(75, 36.25669379736177)	(80, 36.38198521844887)	(85, 36.405010758723925)	(90, 36.01137243895594)	(95, 36.156456169894284)	(100, 36.297969875573024)	(105, 36.349020488352515)	(110, 36.32311722331369)	(115, 36.25453831041257)	(120, 36.22045841519319)	(125, 36.21673870333988)	(130, 36.287016559079426)	(135, 36.20601740106652)	(140, 35.60107025914492)	(145, 35.94193282814108)	(150, 35.940581906632985)	(155, 36.10849658527459)	(160, 35.7333744971466)	(165, 35.86457479651979)	(170, 35.53058658433904)	(175, 35.849628590139396)	(180, 35.81870333988212)	(185, 35.90951071194686)	(190, 35.86235943493311)	(195, 35.68509308635045)	(200, 35.8678529329217)	(205, 35.86247918420807)	(210, 35.64104032182617)	(215, 35.55028534006924)	(220, 35.737623600771244)	(225, 35.79448595523888)	(230, 35.27601459813921)	(235, 35.104054319702094)	(240, 35.309380972150976)	(245, 35.71115849863857)	(250, 36.362001563721655)
Fungus_110_2	(1, 36.66709701562354)	(2, 36.73342688745439)	(3, 36.747703246328)	(4, 36.64737580690429)	(5, 36.73419403124708)	(6, 36.72682196650762)	(7, 36.64505566470203)	(8, 36.513144354008794)	(9, 36.014538310412576)	(10, 36.53599401253625)	(15, 36.51042005800356)	(20, 36.56368603236973)	(25, 36.551651230236686)	(30, 36.50976892132098)	(35, 36.49770792403405)	(40, 36.454912526896806)	(45, 36.44554588829638)	(50, 36.51645242772944)	(55, 36.44688558330995)	(60, 36.48902610159978)	(65, 36.40202825334456)	(70, 36.440411638132666)	(75, 36.49653662643839)	(80, 36.48803442791655)	(85, 36.466943586865)	(90, 36.5575264290392)	(95, 36.41395453269716)	(100, 36.27541959023295)	(105, 36.40730844793713)	(110, 36.45834034989242)	(115, 36.27263916175507)	(120, 36.223373561605385)	(125, 35.967701375245575)	(130, 36.41606511366826)	(135, 36.34444756291514)	(140, 36.34152867433811)	(145, 36.32542239685658)	(150, 36.30627748152306)	(155, 36.18975395266161)	(160, 36.166144634671156)	(165, 36.20114884460661)	(170, 36.06081017868837)	(175, 36.07063336139957)	(180, 35.92202825334456)	(185, 36.136540368603235)	(190, 35.98880344279165)	(195, 35.92114136027692)	(200, 35.71964075217513)	(205, 35.33383478342221)	(210, 35.52820282533446)	(215, 35.524711385536534)	(220, 35.637718929136135)	(225, 35.77896790219785)	(230, 35.49562428032935)	(235, 35.70903164790052)	(240, 35.29924916724156)	(245, 35.39312651171339)	(250, 36.29968076616122)
Fungus_11_1	(1, 36.49649964603162)	(2, 36.603463646136504)	(3, 36.819528566559164)	(4, 36.56572012900181)	(5, 36.777734077977925)	(6, 36.7035842575841)	(7, 36.51983533915415)	(8, 36.62133249429718)	(9, 36.74215370093605)	(10, 36.47332127218857)	(15, 36.63001651852435)	(20, 36.61355043393901)	(25, 36.54694145100815)	(30, 36.28067070452818)	(35, 36.462358740396965)	(40, 36.58217572563518)	(45, 36.526870132934796)	(50, 36.412006083012145)	(55, 36.56514329164372)	(60, 36.67377749809906)	(65, 36.52865308476887)	(70, 36.40755132541493)	(75, 36.520957550014415)	(80, 36.481753585568576)	(85, 36.638391148168544)	(90, 36.31577125776764)	(95, 35.88052125121267)	(100, 36.35305592700385)	(105, 36.544933008206826)	(110, 36.52256745064108)	(115, 36.49462754660584)	(120, 36.41830934214322)	(125, 36.26009334277249)	(130, 36.374739767691864)	(135, 36.20041951807861)	(140, 36.17645454783816)	(145, 35.71715828941503)	(150, 35.896137811688824)	(155, 35.869697684784605)	(160, 35.95515876137287)	(165, 35.65419649178007)	(170, 35.80845328928394)	(175, 36.031747030598595)	(180, 36.06893730826713)	(185, 36.01710060567923)	(190, 35.27799889876505)	(195, 35.66583549647343)	(200, 35.227137575709904)	(205, 35.30326961902515)	(210, 35.06863840163612)	(215, 35.20904585856997)	(220, 35.23890084497176)	(225, 34.39503913780853)	(230, 33.90815015848118)	(235, 33.99502113234938)	(240, 33.86905294029246)	(245, 34.89808639857547)	(250, 35.55053507728894)
Fungus_11_2	(1, 36.717480793937966)	(2, 36.77554471800519)	(3, 36.778913972574)	(4, 36.73680484543381)	(5, 36.78135242140591)	(6, 36.78365977083825)	(7, 36.723301607278636)	(8, 36.63279058181914)	(9, 36.14523191483783)	(10, 36.592585017960616)	(15, 36.541167833451325)	(20, 36.486268648889585)	(25, 36.60967513568788)	(30, 36.62162091297621)	(35, 36.57680327224101)	(40, 36.60627703925117)	(45, 36.59503919872047)	(50, 36.56369071029654)	(55, 36.55600304150607)	(60, 36.30398017777078)	(65, 36.32734471276122)	(70, 36.42112011326988)	(75, 36.45289598573639)	(80, 36.3123784053069)	(85, 36.46149086237185)	(90, 36.428747476336554)	(95, 36.46624977057605)	(100, 35.94990429743832)	(105, 34.50692467028502)	(110, 35.27581478276829)	(115, 34.01463069299143)	(120, 35.254115210152335)	(125, 36.050693515823696)	(130, 34.71592595505912)	(135, 34.367833451322795)	(140, 34.54238967985527)	(145, 33.26034767560764)	(150, 33.51459660714754)	(155, 33.69613781168882)	(160, 33.24910459110097)	(165, 35.11654998820106)	(170, 33.988555022418)	(175, 33.086389260337185)	(180, 33.9816880358688)	(185, 33.03405962400693)	(190, 33.770182752562995)	(195, 33.77422323605758)	(200, 33.06992317575185)	(205, 33.671727103489864)	(210, 32.88311701932405)	(215, 32.42801069771101)	(220, 32.73598639364501)	(225, 32.023176668683746)	(230, 32.04678419377137)	(235, 33.957163562861275)	(240, 33.020822099324604)	(245, 33.09333202295177)	(250, 35.50023087578882)
Fungus_18_1	(1, 36.32326965004989)	(2, 36.52004730054322)	(3, 36.164775876722956)	(4, 36.45378958648978)	(5, 36.52420457484941)	(6, 36.622870551716495)	(7, 35.972857617974206)	(8, 36.50197701489228)	(9, 36.62109678134585)	(10, 36.27547023391597)	(15, 36.55322419718414)	(20, 36.49483019844057)	(25, 36.236177524851264)	(30, 35.83660249066922)	(35, 36.15727800155205)	(40, 36.532293706810535)	(45, 36.406640552825095)	(50, 36.312730497764306)	(55, 36.45875983888252)	(60, 36.55296182698348)	(65, 36.32879051032852)	(70, 36.17941687299065)	(75, 36.53615165736669)	(80, 36.35176083662836)	(85, 36.478341524703445)	(90, 36.02898636414027)	(95, 35.61764901518791)	(100, 36.21105650197701)	(105, 36.308636044492076)	(110, 36.32001773770371)	(115, 36.166956136136875)	(120, 36.43754480617863)	(125, 36.10564650234655)	(130, 36.41812202062008)	(135, 36.23792542773733)	(140, 36.1582720520306)	(145, 35.30678097631278)	(150, 35.82714977273567)	(155, 36.16715568530358)	(160, 36.21314068216252)	(165, 36.137954990576844)	(170, 36.1619156720003)	(175, 36.19679243191309)	(180, 36.0816008277595)	(185, 36.07630168877721)	(190, 35.95360481874284)	(195, 35.686497173053475)	(200, 35.96742914156905)	(205, 35.749225823140314)	(210, 35.67055171649237)	(215, 35.75309855511622)	(220, 35.046848706233746)	(225, 35.45606475901618)	(230, 35.41022127490822)	(235, 35.393975923654565)	(240, 35.321010589417625)	(245, 35.91540685397258)	(250, 36.26134253117538)
Fungus_18_2	(1, 36.711540593474005)	(2, 36.783045711540595)	(3, 36.784228225121026)	(4, 36.695133217545546)	(5, 36.75573703854255)	(6, 36.74461402017664)	(7, 36.70902775211559)	(8, 36.53464395255164)	(9, 36.05535641698385)	(10, 36.54583348730645)	(15, 36.48426148331547)	(20, 36.65741842503972)	(25, 36.51236096227042)	(30, 36.57347474224899)	(35, 36.53427441705776)	(40, 36.553556779128634)	(45, 36.572816969069876)	(50, 36.559380658512254)	(55, 36.569845903699054)	(60, 36.052910092014336)	(65, 36.15368242119656)	(70, 36.30336277299434)	(75, 36.43189091312221)	(80, 36.541532094157645)	(85, 36.561738294963234)	(90, 36.51547614648387)	(95, 36.57195225601419)	(100, 36.26340490004065)	(105, 36.3996009016666)	(110, 36.15640220243154)	(115, 36.32457780569824)	(120, 36.4496618750231)	(125, 36.163512065333876)	(130, 36.4205498688149)	(135, 36.2863567495658)	(140, 35.914873803628836)	(145, 36.35980192897528)	(150, 36.29010753482872)	(155, 35.38703669487454)	(160, 35.8996193784413)	(165, 36.15996452459259)	(170, 36.12288902849118)	(175, 36.00571301873545)	(180, 35.95907394405232)	(185, 35.08409519234323)	(190, 34.91741620782676)	(195, 34.20377665274749)	(200, 34.46426222238645)	(205, 35.41674734858283)	(210, 34.94342042053139)	(215, 35.204175751080896)	(220, 35.307134463256794)	(225, 35.24742636722921)	(230, 35.422291940763444)	(235, 34.80369376500719)	(240, 34.18918610790364)	(245, 35.23435592149207)	(250, 36.3814556331007)
Fungus_2093R_1	(1, 36.309521589107526)	(2, 36.570717150051294)	(3, 35.8872330504523)	(4, 36.296838571295346)	(5, 36.641033292921755)	(6, 36.58215051757904)	(7, 35.54540706891728)	(8, 36.25642077776742)	(9, 36.59462836892661)	(10, 36.2128098479903)	(15, 36.521357828965776)	(20, 36.51762006901054)	(25, 36.357135130094186)	(30, 36.19506481395132)	(35, 36.393680872890044)	(40, 36.483230439242746)	(45, 36.38028909820013)	(50, 36.340479343467315)	(55, 36.376961671174115)	(60, 36.502295999253946)	(65, 36.24483446796606)	(70, 36.27537442879791)	(75, 36.43823183810501)	(80, 36.1887606080388)	(85, 36.431580714352336)	(90, 36.1206266902919)	(95, 36.04014175137554)	(100, 36.30423202461997)	(105, 36.26058006154994)	(110, 36.223903758276606)	(115, 36.3197426093444)	(120, 36.29395878019211)	(125, 35.9803860859834)	(130, 36.2271901520097)	(135, 36.18271752308122)	(140, 36.086990580994126)	(145, 35.43775435978738)	(150, 35.35051011843701)	(155, 35.781176909446984)	(160, 35.750983866455286)	(165, 35.65339923528863)	(170, 35.546257577170564)	(175, 35.53419378905157)	(180, 35.5819565420125)	(185, 35.34691784015668)	(190, 35.396978457521215)	(195, 35.1668040660263)	(200, 35.35775062948801)	(205, 35.38339270726476)	(210, 35.01105660729273)	(215, 35.02412011563928)	(220, 34.8347957716028)	(225, 34.95274808196867)	(230, 34.74181199041398)	(235, 34.83056545619002)	(240, 34.840171339758925)	(245, 35.288281713363745)	(250, 36.03298689561681)
Fungus_2093R_2	(1, 36.65311946283689)	(2, 36.69116851627343)	(3, 36.71698218782057)	(4, 36.6112655040567)	(5, 36.7016133544717)	(6, 36.684267462463865)	(7, 36.61204886692157)	(8, 36.157288072367805)	(9, 35.20292828499487)	(10, 36.221449221300006)	(15, 36.45615219621375)	(20, 36.38615685908794)	(25, 36.34310174391495)	(30, 36.42953651030495)	(35, 36.35756784481955)	(40, 36.459255805278374)	(45, 36.44651310267649)	(50, 36.41193322764152)	(55, 36.37655506854425)	(60, 36.07059964562156)	(65, 36.264314091205826)	(70, 36.32063415089061)	(75, 36.342661568590884)	(80, 36.2759414343001)	(85, 36.306746246386275)	(90, 36.27080481208617)	(95, 36.21642823836613)	(100, 36.24578569430197)	(105, 36.22416487923156)	(110, 36.14036743448662)	(115, 36.08243588547981)	(120, 36.2261605893873)	(125, 36.1984556560664)	(130, 36.235359507600485)	(135, 36.04465541359694)	(140, 36.15547514688053)	(145, 36.09670801081786)	(150, 36.04455096521495)	(155, 36.01658864123846)	(160, 36.06683577357082)	(165, 35.86276228667351)	(170, 35.9926811526625)	(175, 36.00141378345612)	(180, 35.91821691690758)	(185, 35.81976312599086)	(190, 35.70489601790544)	(195, 35.40383474773851)	(200, 35.32407721719668)	(205, 35.39694115452765)	(210, 35.51490068077963)	(215, 35.34933134384035)	(220, 35.385637046718955)	(225, 35.43848788602684)	(230, 34.9744314335468)	(235, 34.71663652967864)	(240, 34.64875118663097)	(245, 35.07976373734066)	(250, 36.140577041129525)
Fungus_2137_1	(1, 36.45348343245539)	(2, 36.588006230529594)	(3, 36.735308694420844)	(4, 36.55384451996601)	(5, 36.76766496743132)	(6, 36.67091475502691)	(7, 36.62238034551119)	(8, 36.58995327102804)	(9, 36.72801614273577)	(10, 36.530458793542905)	(15, 36.63238459359955)	(20, 36.62518408382895)	(25, 36.47575049561031)	(30, 36.43032427074483)	(35, 36.4464103653356)	(40, 36.662850467289715)	(45, 36.46825261965449)	(50, 36.47074129141886)	(55, 36.59525630133106)	(60, 36.63620787312376)	(65, 36.47312730104785)	(70, 36.309013027470975)	(75, 36.62917728688757)	(80, 36.581294250920415)	(85, 36.651543472104215)	(90, 36.32846219201359)	(95, 36.11437269895214)	(100, 36.4951642594166)	(105, 36.48661144151798)	(110, 36.43231379212687)	(115, 36.37839847068819)	(120, 36.53075969980175)	(125, 36.53941517983574)	(130, 36.440133814783344)	(135, 36.42108113848768)	(140, 36.35431180968564)	(145, 35.806630557915604)	(150, 35.921385584820165)	(155, 35.772224582271306)	(160, 36.176125743415454)	(165, 36.1053525913339)	(170, 36.05556499575191)	(175, 36.22953129425092)	(180, 36.246481166808266)	(185, 35.96396205041064)	(190, 35.92722316624186)	(195, 35.923343245539506)	(200, 36.109246672330784)	(205, 35.86600113282356)	(210, 35.794845652789576)	(215, 35.89715378079864)	(220, 35.53805532105981)	(225, 35.76482463964979)	(230, 35.69222332854444)	(235, 35.56546439708482)	(240, 35.59353602021272)	(245, 35.75761708319934)	(250, 36.346375143843495)
Fungus_2137_2	(1, 36.756230529595015)	(2, 36.796746672330784)	(3, 36.80101246105919)	(4, 36.74550410648541)	(5, 36.78982582837723)	(6, 36.79690597564429)	(7, 36.74667233078448)	(8, 36.7101033701501)	(9, 36.37744265080714)	(10, 36.67195553667517)	(15, 36.62284763523081)	(20, 36.63069951854999)	(25, 36.576883319173035)	(30, 36.60861653922401)	(35, 36.50432596998017)	(40, 36.61584536958369)	(45, 36.56223803455113)	(50, 36.604665817048996)	(55, 36.515328518833186)	(60, 36.506499575191164)	(65, 36.32946403285189)	(70, 36.32273435287454)	(75, 36.525361087510625)	(80, 36.55316482582838)	(85, 36.503702917020675)	(90, 36.51854644576607)	(95, 36.55588714245256)	(100, 36.50196828094025)	(105, 36.532986406117246)	(110, 36.426901019541205)	(115, 36.266581704899465)	(120, 36.09962475219485)	(125, 36.39978051543473)	(130, 36.27318748229963)	(135, 36.1458935145851)	(140, 36.39547578589635)	(145, 36.43522373265364)	(150, 36.04433588218635)	(155, 36.175042480883604)	(160, 36.31866680826961)	(165, 36.212234494477485)	(170, 36.179219767771166)	(175, 35.9792551685075)	(180, 36.1011080430473)	(185, 35.859062588501835)	(190, 35.73460067969414)	(195, 35.6736901727556)	(200, 35.580002124044185)	(205, 35.890505522514864)	(210, 35.730412772585666)	(215, 35.45671551968282)	(220, 35.64294433843317)	(225, 35.922060223075704)	(230, 35.362781283128356)	(235, 35.0879952319523)	(240, 34.81692738801073)	(245, 35.050970023104334)	(250, 36.21353810036193)
Fungus_2146_1	(1, 36.53344677757769)	(2, 36.665367014158505)	(3, 36.789918881858284)	(4, 36.58026730988452)	(5, 36.770589304300415)	(6, 36.66644087957838)	(7, 36.42979398304945)	(8, 36.720464570701644)	(9, 36.7321284012622)	(10, 36.463325017760084)	(15, 36.64683374911199)	(20, 36.658993209866345)	(25, 36.56756596011829)	(30, 36.2040608633878)	(35, 36.5296667712997)	(40, 36.57336152918436)	(45, 36.62389928794462)	(50, 36.53781493168564)	(55, 36.55142163260585)	(60, 36.714837515901465)	(65, 36.66460043945877)	(70, 36.48510631267657)	(75, 36.46111781129706)	(80, 36.52470716516051)	(85, 36.66373804292157)	(90, 36.48186819541046)	(95, 35.41675890895273)	(100, 36.50049067389186)	(105, 36.632823935634164)	(110, 36.55518181367609)	(115, 36.57480876935023)	(120, 36.539209304630845)	(125, 36.480959540055174)	(130, 36.361489533942404)	(135, 36.47602636752631)	(140, 36.495085000578236)	(145, 36.25218325100365)	(150, 35.393632804110425)	(155, 35.70862561747261)	(160, 36.28929273571346)	(165, 36.24684035751458)	(170, 35.82615605742701)	(175, 35.088308083728464)	(180, 35.901227510779954)	(185, 36.403895653323204)	(190, 35.963382841282694)	(195, 36.1928662294107)	(200, 36.33445455897173)	(205, 36.222759338498896)	(210, 35.416276495564105)	(215, 35.80263675263097)	(220, 36.05666530745505)	(225, 36.26554705025798)	(230, 34.66237570317052)	(235, 35.08418331706979)	(240, 35.07735548087855)	(245, 35.116274656249146)	(250, 36.20451925293982)
Fungus_2146_2	(1, 36.73559781261874)	(2, 36.73345008177898)	(3, 36.761370582695896)	(4, 36.75056584447125)	(5, 36.783574815377754)	(6, 36.76510433015579)	(7, 36.71279882370434)	(8, 36.67149630755505)	(9, 36.15861818301971)	(10, 36.64487766194717)	(15, 36.574035586247916)	(20, 36.48866824166928)	(25, 36.645650845049474)	(30, 36.610801434023365)	(35, 36.642260734523944)	(40, 36.648013348973215)	(45, 36.548768358968424)	(50, 36.5847478068364)	(55, 36.65132746286904)	(60, 36.590675543954134)	(65, 36.57895884617291)	(70, 36.62666490442598)	(75, 36.444233342695235)	(80, 36.54993474202449)	(85, 36.662191676716944)	(90, 36.478977019280016)	(95, 36.55505955822829)	(100, 36.52808736308216)	(105, 35.09762593137174)	(110, 34.5073601083778)	(115, 33.72682846238993)	(120, 35.692091394207736)	(125, 35.83861289629765)	(130, 34.517679129012535)	(135, 32.738360124898804)	(140, 34.06986072791555)	(145, 32.818354838176745)	(150, 32.99357663268846)	(155, 32.51978060103422)	(160, 32.31404120339011)	(165, 34.54370632258917)	(170, 34.979705595664896)	(175, 29.876095755753436)	(180, 32.64169241190173)	(185, 33.24233012275108)	(190, 33.270382791719676)	(195, 32.92645508764393)	(200, 32.8050851657883)	(205, 33.510935254175685)	(210, 31.964156024385005)	(215, 32.119982157313025)	(220, 31.34300626513533)	(225, 31.679470452029722)	(230, 31.43583617673057)	(235, 32.07694995348192)	(240, 32.608723407044764)	(245, 31.45849138356585)	(250, 34.33181441590721)
Fungus_2154_1	(1, 36.39930911437573)	(2, 36.53966898227233)	(3, 35.94427362107581)	(4, 36.37368560908021)	(5, 36.54773564134685)	(6, 36.5238013893634)	(7, 35.633223247162434)	(8, 36.37698819420719)	(9, 36.545154310443)	(10, 36.23757354895039)	(15, 36.47870781611813)	(20, 36.39815510761873)	(25, 36.1747409178909)	(30, 35.8110845385871)	(35, 36.15025623505296)	(40, 36.45258702501613)	(45, 36.355191132369136)	(50, 36.25018031355578)	(55, 36.362308772729)	(60, 36.49469688342254)	(65, 36.29265079907376)	(70, 36.140781232205896)	(75, 36.40307482063547)	(80, 36.21787192043427)	(85, 36.36488630755798)	(90, 35.91310784648673)	(95, 35.77198496754356)	(100, 36.072019132217285)	(105, 36.27170026192916)	(110, 36.163838590897015)	(115, 36.09493224006377)	(120, 36.25472801123639)	(125, 35.96823444558326)	(130, 36.248483468093994)	(135, 36.01451998633413)	(140, 36.07014766731199)	(145, 35.354355995900235)	(150, 35.51866530007972)	(155, 35.710678358577226)	(160, 35.74498728314922)	(165, 35.68330106669704)	(170, 35.6135140264966)	(175, 35.65310708727176)	(180, 35.73078996317807)	(185, 35.70524237937972)	(190, 35.4255248073492)	(195, 35.383589568386284)	(200, 35.42217666932392)	(205, 35.39543711801997)	(210, 35.246904300952814)	(215, 35.17942527426641)	(220, 35.00547796768732)	(225, 35.05234466924537)	(230, 34.83094393741369)	(235, 34.95837847604102)	(240, 34.93699037230978)	(245, 35.2120107237452)	(250, 36.18031464300121)
Fungus_2154_2	(1, 36.634324108871425)	(2, 36.69623808981513)	(3, 36.69039213453289)	(4, 36.60050108188133)	(5, 36.67816877348821)	(6, 36.65626542155411)	(7, 36.59902061268648)	(8, 36.47496488630756)	(9, 36.01313441901074)	(10, 36.43904642599552)	(15, 36.45817105113313)	(20, 36.449607106252145)	(25, 36.39680370496906)	(30, 36.40984701818319)	(35, 36.39259006187602)	(40, 36.46792696351972)	(45, 36.418862695972365)	(50, 36.428538890786925)	(55, 36.397570512090496)	(60, 36.12789735413581)	(65, 36.14810765668299)	(70, 36.14432676612383)	(75, 36.34800895873667)	(80, 36.22080249022511)	(85, 36.34302091637247)	(90, 36.33558820179934)	(95, 36.31844133166307)	(100, 36.311050373913375)	(105, 36.313343203127964)	(110, 36.20601677865087)	(115, 36.13752799605208)	(120, 36.26432828455378)	(125, 36.22607144212884)	(130, 36.19014918574194)	(135, 36.10923205405611)	(140, 36.17746649963937)	(145, 36.114178339596855)	(150, 35.99247617963026)	(155, 35.89932050260031)	(160, 36.01609915347531)	(165, 35.96420301408344)	(170, 36.02988649736172)	(175, 35.92042667881411)	(180, 35.977451315339934)	(185, 35.644292601450104)	(190, 35.64132407091068)	(195, 35.409566108643666)	(200, 35.15167217097521)	(205, 35.465698667577726)	(210, 35.281194245150516)	(215, 35.429206999962034)	(220, 35.386883848180794)	(225, 35.4703576550433)	(230, 35.2526768724472)	(235, 35.23914195318355)	(240, 34.83642707177455)	(245, 35.13378146682594)	(250, 36.20506764011166)
Fungus_2155_1	(1, 36.4402263735163)	(2, 36.57620073120649)	(3, 36.71703310462263)	(4, 36.50686132117995)	(5, 36.69528471978765)	(6, 36.63662543196274)	(7, 36.522061401312165)	(8, 36.63109130064607)	(9, 36.68630740722192)	(10, 36.55197075174037)	(15, 36.613647518405365)	(20, 36.612841187960136)	(25, 36.46434617118245)	(30, 36.145652827164824)	(35, 36.38275154004107)	(40, 36.64350678619722)	(45, 36.496038463464714)	(50, 36.362933840837385)	(55, 36.57118495517604)	(60, 36.66168928732408)	(65, 36.37282265738468)	(70, 36.36222266740121)	(75, 36.56503230330045)	(80, 36.42188611208494)	(85, 36.60185305754495)	(90, 36.17219912856213)	(95, 35.89263284419292)	(100, 36.29675965342816)	(105, 36.41172434516953)	(110, 36.469765112435525)	(115, 36.33312465568188)	(120, 36.43418891170431)	(125, 36.26188711373767)	(130, 36.449939900836384)	(135, 36.43653528321731)	(140, 36.207807883006964)	(145, 35.70013772724996)	(150, 35.860304502429)	(155, 35.9898682826664)	(160, 35.901767917063154)	(165, 35.82144538488506)	(170, 35.90561927179847)	(175, 36.141082786597885)	(180, 36.01721340211349)	(185, 35.98630239895827)	(190, 35.89425552161066)	(195, 35.51736615415435)	(200, 35.86084038663795)	(205, 35.73250863925476)	(210, 35.50617518906195)	(215, 35.27581008664296)	(220, 35.57541864879502)	(225, 35.69258359632721)	(230, 35.39669296191011)	(235, 35.20174007636008)	(240, 35.176548703754996)	(245, 35.5009273299881)	(250, 36.01567091087169)
Fungus_2155_2	(1, 36.72111483948515)	(2, 36.76920669104022)	(3, 36.77164821956228)	(4, 36.73681574598087)	(5, 36.774603095106926)	(6, 36.75975359342916)	(7, 36.707241949216204)	(8, 36.52802123503781)	(9, 35.76729103019983)	(10, 36.54207943106125)	(15, 36.565603245354836)	(20, 36.64155356337958)	(25, 36.570896980017025)	(30, 36.600671107327095)	(35, 36.556958982320836)	(40, 36.58059297841438)	(45, 36.598745429959436)	(50, 36.56693544348174)	(55, 36.5827415235138)	(60, 36.30311513998097)	(65, 36.38465718435418)	(70, 36.44778634747333)	(75, 36.53542344869034)	(80, 36.50232884259027)	(85, 36.57086192217158)	(90, 36.48614964691741)	(95, 36.48968548104373)	(100, 36.476060499824705)	(105, 36.46931436870837)	(110, 36.3317548955777)	(115, 36.33176741623679)	(120, 36.454705263685085)	(125, 36.47523914458857)	(130, 36.3024039665448)	(135, 36.27082686432614)	(140, 36.35671858566634)	(145, 36.24617118245104)	(150, 36.24160865427956)	(155, 36.267250964090756)	(160, 36.30788050282967)	(165, 36.201139379976965)	(170, 36.299804677718235)	(175, 36.229238243101115)	(180, 36.19051935693896)	(185, 35.971340211348725)	(190, 35.83527320078129)	(195, 35.77839935894225)	(200, 35.35251665247658)	(205, 35.55523363549857)	(210, 35.728872639855766)	(215, 35.512463064055694)	(220, 35.596579791184624)	(225, 35.50964927947074)	(230, 35.365393717077865)	(235, 35.238941106981024)	(240, 35.25638442565973)	(245, 35.437312777965644)	(250, 36.24912998976458)
Fungus_2156_1	(1, 36.503180297229676)	(2, 36.55567781026738)	(3, 36.75856871552166)	(4, 36.59889066409429)	(5, 36.731950682784195)	(6, 36.65631688421306)	(7, 36.55671781267898)	(8, 36.669098363126636)	(9, 36.71696861905767)	(10, 36.52543333433817)	(15, 36.60955596418775)	(20, 36.6636963795858)	(25, 36.53427787658638)	(30, 36.365408615440266)	(35, 36.48925933741295)	(40, 36.660148313387396)	(45, 36.48577457570916)	(50, 36.43603231543726)	(55, 36.54250746088687)	(60, 36.62648840924849)	(65, 36.35580743375637)	(70, 36.46469719350074)	(75, 36.596919181261875)	(80, 36.51997708980195)	(85, 36.646121846079645)	(90, 36.24263708437585)	(95, 36.10274620926658)	(100, 36.216899285563564)	(105, 36.50778645283815)	(110, 36.507165465890935)	(115, 36.40702981340247)	(120, 36.46079341633256)	(125, 36.46286136315679)	(130, 36.38465619630422)	(135, 36.436924607361405)	(140, 36.04995327525397)	(145, 35.84787929943026)	(150, 36.05384197992343)	(155, 36.075706146564976)	(160, 35.89808579266271)	(165, 35.640490760558286)	(170, 36.10797938082176)	(175, 36.311910288487624)	(180, 36.22976517046996)	(185, 36.16245139119163)	(190, 35.94866306936364)	(195, 35.90623097097037)	(200, 35.95742320561903)	(205, 35.64922678081573)	(210, 35.8726494438248)	(215, 35.68860217646882)	(220, 35.665560259615454)	(225, 35.897992916768274)	(230, 35.17995091032916)	(235, 35.3559617284492)	(240, 35.3194690370931)	(245, 35.78025939129772)	(250, 36.2410632447296)
Fungus_2156_2	(1, 36.733699092635575)	(2, 36.79614445482772)	(3, 36.81147318602478)	(4, 36.75296174599825)	(5, 36.779519488740846)	(6, 36.78349862840262)	(7, 36.7315587978175)	(8, 36.636180025924695)	(9, 36.18792391402647)	(10, 36.606680131432185)	(15, 36.61960027733399)	(20, 36.61700177855485)	(25, 36.61747806951437)	(30, 36.65683537816899)	(35, 36.6180869984626)	(40, 36.57387634522051)	(45, 36.54983872426371)	(50, 36.6252012178579)	(55, 36.54291743285202)	(60, 36.38493353028065)	(65, 36.407150393392214)	(70, 36.403581225695596)	(75, 36.591782473698494)	(80, 36.55704337865131)	(85, 36.5510023211648)	(90, 36.52669942423055)	(95, 36.58418593434419)	(100, 36.54318270882947)	(105, 36.39928857806048)	(110, 36.45945799294607)	(115, 36.422129442618996)	(120, 36.518310071443636)	(125, 36.574985681126215)	(130, 36.44055105055316)	(135, 36.392340156151086)	(140, 36.44707442799867)	(145, 36.369336508606395)	(150, 36.37517258011033)	(155, 36.42909595152685)	(160, 36.20778042383866)	(165, 36.31840954993519)	(170, 36.31047237210985)	(175, 36.14403279775721)	(180, 36.212802580411775)	(185, 36.000741566936966)	(190, 36.105597926024174)	(195, 35.917384620022304)	(200, 35.56280107316191)	(205, 35.703243601724296)	(210, 35.712145419467646)	(215, 35.787173303590265)	(220, 35.72788577871361)	(225, 35.92137476662111)	(230, 35.69536524330712)	(235, 35.51398948649634)	(240, 35.57087697175358)	(245, 35.40335596866599)	(250, 36.28809129715132)
Fungus_21_1	(1, 36.45957842529448)	(2, 36.57042777433354)	(3, 36.79767513949163)	(4, 36.53301301921885)	(5, 36.70778053316801)	(6, 36.63580285182889)	(7, 36.514910105393675)	(8, 36.57163670179789)	(9, 36.70065096094234)	(10, 36.45621822690639)	(15, 36.567805331680105)	(20, 36.62047737135772)	(25, 36.429621822690635)	(30, 36.18246745195288)	(35, 36.297086174829516)	(40, 36.61853378797272)	(45, 36.43460012399256)	(50, 36.269290142591444)	(55, 36.46795412275263)	(60, 36.60410415375078)	(65, 36.259240545567266)	(70, 36.20865468071916)	(75, 36.4748047117173)	(80, 36.42023868567886)	(85, 36.52731556106634)	(90, 35.95312461252325)	(95, 35.84905765654061)	(100, 36.17736515809052)	(105, 36.420421574705514)	(110, 36.406720396776194)	(115, 36.241227526348425)	(120, 36.40217296962182)	(125, 36.36256044637322)	(130, 36.38837569745815)	(135, 36.277811531308124)	(140, 35.880117792932424)	(145, 35.76074085554867)	(150, 35.99798202107874)	(155, 35.59391816491011)	(160, 35.41215747055176)	(165, 35.68546187228766)	(170, 35.72501549907006)	(175, 35.9824178549287)	(180, 36.03056416615003)	(185, 35.9597520148791)	(190, 35.91421884686919)	(195, 35.330954742715434)	(200, 35.577861128332295)	(205, 35.4519156850589)	(210, 35.6511965282083)	(215, 35.22994420334779)	(220, 35.05103068851298)	(225, 35.62501311015358)	(230, 35.48237323502044)	(235, 34.986809407159136)	(240, 35.22926607715132)	(245, 35.684207814056684)	(250, 36.18667432510052)
Fungus_21_2	(1, 36.70523868567886)	(2, 36.76199628022319)	(3, 36.748760074395534)	(4, 36.71367017978921)	(5, 36.748946063236204)	(6, 36.73856168629882)	(7, 36.68149411035338)	(8, 36.574643521388715)	(9, 35.96512709237446)	(10, 36.56822690638562)	(15, 36.571004339739616)	(20, 36.49027898326101)	(25, 36.515604463732174)	(30, 36.58346869187849)	(35, 36.4090266584005)	(40, 36.552960322380656)	(45, 36.460685058896466)	(50, 36.547179169249844)	(55, 36.52971481711097)	(60, 36.24575945443273)	(65, 36.26078425294482)	(70, 36.25673279603224)	(75, 36.525040297582144)	(80, 36.53839429634222)	(85, 36.54326100433974)	(90, 36.53741165530068)	(95, 36.5229448233106)	(100, 36.495765654060754)	(105, 36.41510849349039)	(110, 36.37422504649721)	(115, 36.20544947303162)	(120, 36.303384996900185)	(125, 35.90145071295722)	(130, 36.335604463732174)	(135, 36.326943583384995)	(140, 36.19825790452573)	(145, 36.27667079975201)	(150, 36.20487910725357)	(155, 35.91724116553007)	(160, 36.000685058896465)	(165, 36.16580905145692)	(170, 36.029029758214506)	(175, 36.12833230006199)	(180, 35.78906385616863)	(185, 35.725607563546184)	(190, 35.819302541847485)	(195, 35.72985740855548)	(200, 35.56474581525108)	(205, 35.74679479231246)	(210, 35.6820551766894)	(215, 35.02765034097955)	(220, 35.354558568706906)	(225, 35.487784763879496)	(230, 35.11224332790006)	(235, 35.1104627439385)	(240, 35.05026919259334)	(245, 34.72939007658282)	(250, 35.96206373292868)
Fungus_23_1	(1, 36.18460334845877)	(2, 36.38328900015647)	(3, 34.987419809106555)	(4, 36.20186199342826)	(5, 36.435221405100926)	(6, 36.48413393835081)	(7, 34.79333437646691)	(8, 35.86948834298232)	(9, 36.40613362541073)	(10, 35.890377092786736)	(15, 36.38434047879831)	(20, 36.1211078078548)	(25, 35.8594148020654)	(30, 35.69903927397903)	(35, 35.97455797214833)	(40, 36.29286496635894)	(45, 36.239611954310746)	(50, 36.06656548271006)	(55, 36.12827726490377)	(60, 36.36461273666093)	(65, 36.24618056642153)	(70, 36.00864340478798)	(75, 36.290452198404004)	(80, 35.99267094351431)	(85, 36.251513065248005)	(90, 35.726797058363324)	(95, 35.59268971991863)	(100, 35.977868878109845)	(105, 36.119630730715066)	(110, 35.610971678923484)	(115, 35.74102957283681)	(120, 36.11641057737443)	(125, 35.77838209982788)	(130, 35.75212642778907)	(135, 35.91764982005946)	(140, 35.94582068533876)	(145, 35.31424190267564)	(150, 35.10341730558598)	(155, 35.46437803160695)	(160, 35.22246909716789)	(165, 35.185391957440146)	(170, 35.46811453606635)	(175, 35.64738538569864)	(180, 35.801646064778595)	(185, 35.57349397590362)	(190, 35.54333907056799)	(195, 35.278854639336565)	(200, 35.523711469253634)	(205, 35.46954154279456)	(210, 35.363110624315446)	(215, 35.15681427006727)	(220, 34.502494506278126)	(225, 35.10407181904482)	(230, 35.0456820061018)	(235, 35.05765118236534)	(240, 34.898191292607656)	(245, 35.19985663673147)	(250, 35.82635658914729)
Fungus_23_2	(1, 36.57052104521984)	(2, 36.623094977311844)	(3, 36.61683617587232)	(4, 36.49647942419027)	(5, 36.61386324518855)	(6, 36.59743389140979)	(7, 36.535002347050536)	(8, 36.0591456736035)	(9, 35.39937411985605)	(10, 36.2542512908778)	(15, 36.36568299170708)	(20, 36.26035362228133)	(25, 36.208380535127525)	(30, 36.305248005007044)	(35, 36.25510248787357)	(40, 36.32912220309811)	(45, 36.26715068064466)	(50, 36.26734470348928)	(55, 36.34575496792364)	(60, 36.08130496010014)	(65, 36.01347207009858)	(70, 36.14277264903771)	(75, 36.13500860585198)	(80, 36.145792520732286)	(85, 36.26649976529495)	(90, 36.1695790956032)	(95, 36.17063370364575)	(100, 36.15993115318417)	(105, 36.12983257706149)	(110, 35.996854952276635)	(115, 36.013935221405106)	(120, 36.11715224534502)	(125, 36.080920043811616)	(130, 36.10611171960569)	(135, 35.968887498044126)	(140, 35.94054764512596)	(145, 35.92844312314192)	(150, 35.97727429197309)	(155, 35.60308558910968)	(160, 35.66358629322485)	(165, 35.55574401502112)	(170, 35.85624158973557)	(175, 35.70837427632608)	(180, 35.73239555625098)	(185, 35.27311531841652)	(190, 35.40711312783601)	(195, 34.792771084337346)	(200, 34.76777343138789)	(205, 35.122625567203876)	(210, 34.58381473947738)	(215, 34.685670474104214)	(220, 35.25446029628803)	(225, 35.077599785465765)	(230, 35.01821452764226)	(235, 34.881881199414195)	(240, 34.405753236165864)	(245, 35.20087627675649)	(250, 35.914391730718265)
Fungus_26_1	(1, 36.23190367626104)	(2, 36.42585138216016)	(3, 35.789256198347104)	(4, 36.49533342832716)	(5, 36.556176973496726)	(6, 36.56549230550014)	(7, 35.21977415218011)	(8, 36.50163864348817)	(9, 36.564459247648905)	(10, 36.10097606155599)	(15, 36.48597178683385)	(20, 36.21712026218296)	(25, 35.8759831860929)	(30, 35.91687446565973)	(35, 36.282812054716445)	(40, 36.47750427472214)	(45, 36.37769307495013)	(50, 36.3222748646338)	(55, 36.369745654032485)	(60, 36.45507979481333)	(65, 36.2623717583357)	(70, 36.11482616129952)	(75, 36.442248503847246)	(80, 36.23424764890282)	(85, 36.425897691650036)	(90, 36.10202336848105)	(95, 35.784910230834996)	(100, 36.16501139925905)	(105, 36.260537190082644)	(110, 36.218481048731825)	(115, 36.14521943573668)	(120, 36.212136648617836)	(125, 36.01416001709889)	(130, 36.30241521801083)	(135, 36.181761185522944)	(140, 36.11611214021089)	(145, 35.353466087204325)	(150, 35.54643773154745)	(155, 35.923532345397554)	(160, 35.91714876033058)	(165, 36.00843545169563)	(170, 35.88190367626105)	(175, 35.92887574807637)	(180, 35.92197207181533)	(185, 35.94689370190938)	(190, 35.62167284126532)	(195, 35.49570390424623)	(200, 35.58510971786834)	(205, 35.62529923055001)	(210, 35.42284126531776)	(215, 35.392227130236535)	(220, 35.33429155006369)	(225, 35.43155986855994)	(230, 34.83295462900686)	(235, 35.04087705455595)	(240, 35.26175917181505)	(245, 35.29054897137952)	(250, 36.27406318883174)
Fungus_26_2	(1, 36.65844970076945)	(2, 36.71615844970077)	(3, 36.70867768595041)	(4, 36.626389284696494)	(5, 36.70283556568823)	(6, 36.698738956967794)	(7, 36.6199772014819)	(8, 36.48037190082645)	(9, 36.11328013679111)	(10, 36.496402108862924)	(15, 36.461598746081506)	(20, 36.46827443716158)	(25, 36.42566258193217)	(30, 36.47519592476489)	(35, 36.432858364206325)	(40, 36.4691365061271)	(45, 36.48054288971217)	(50, 36.45653320034198)	(55, 36.3826873753206)	(60, 35.86212596181248)	(65, 35.94352379595326)	(70, 36.233734682245654)	(75, 36.38768167569108)	(80, 36.42299800512967)	(85, 36.45500854944429)	(90, 36.392326873753206)	(95, 36.407751496152756)	(100, 36.34952265602736)	(105, 36.279851809632376)	(110, 36.22016243944144)	(115, 36.255621259618124)	(120, 36.32267740096894)	(125, 36.28478911370761)	(130, 36.17236035907666)	(135, 36.24421843830151)	(140, 36.27508549444286)	(145, 36.0473425477344)	(150, 36.001389284696494)	(155, 35.86516101453405)	(160, 36.05616272442292)	(165, 36.133585066970646)	(170, 36.063251638643486)	(175, 36.13968367056142)	(180, 36.056380022798514)	(185, 36.00501567398119)	(190, 35.86618694784839)	(195, 35.48877172983756)	(200, 35.33367412368196)	(205, 35.45858506697065)	(210, 35.39495939013964)	(215, 35.527832003419775)	(220, 35.41820384685958)	(225, 35.40266395171042)	(230, 35.35139498878185)	(235, 35.12842172134846)	(240, 35.08356073013685)	(245, 35.27372602078272)	(250, 36.24580841258947)
Fungus_42_1	(1, 36.41193884506768)	(2, 36.59263803680982)	(3, 36.51126691985588)	(4, 36.477729087545036)	(5, 36.66384263316779)	(6, 36.61542506573181)	(7, 36.37057162333236)	(8, 36.64202940890058)	(9, 36.65901256208004)	(10, 36.413309962021614)	(15, 36.54415814587593)	(20, 36.513884506767944)	(25, 36.47229915278995)	(30, 36.245071574642125)	(35, 36.45951894050054)	(40, 36.618891810302856)	(45, 36.43174603174602)	(50, 36.400292141396434)	(55, 36.51457396046353)	(60, 36.55972733469666)	(65, 36.32724121141299)	(70, 36.42159898724316)	(75, 36.569001850228844)	(80, 36.463647872236834)	(85, 36.58535397799202)	(90, 36.35992988606485)	(95, 36.139055409484854)	(100, 36.31890544356802)	(105, 36.29986561495764)	(110, 36.50910896874087)	(115, 36.36836692959392)	(120, 36.26800272665303)	(125, 36.255896387184734)	(130, 36.30700944590515)	(135, 36.20539098256889)	(140, 36.320350569675725)	(145, 35.77660531697341)	(150, 36.00566754309086)	(155, 36.02279871457785)	(160, 36.03555945077418)	(165, 36.05212192034278)	(170, 36.086423215502975)	(175, 36.2979257960853)	(180, 36.05750511247444)	(185, 36.16229428376668)	(190, 36.17831921316584)	(195, 35.70361671048788)	(200, 36.253177524588565)	(205, 35.98631609699095)	(210, 35.80148797351251)	(215, 35.89397604440549)	(220, 35.8841016518537)	(225, 35.91467412498342)	(230, 35.68940699597845)	(235, 35.72224870112097)	(240, 35.33346139412263)	(245, 35.75352471128493)	(250, 36.25259515570934)
Fungus_42_2	(1, 36.684331483104486)	(2, 36.68731132534813)	(3, 36.730139254065634)	(4, 36.66111598013438)	(5, 36.72168662966209)	(6, 36.71685655857435)	(7, 36.64491187067874)	(8, 36.47589833479404)	(9, 35.765137793358655)	(10, 36.41120654396728)	(15, 36.536687116564416)	(20, 36.47989482909729)	(25, 36.43896387184731)	(30, 36.47270036030772)	(35, 36.532675041386696)	(40, 36.462163793942935)	(45, 36.51086571233811)	(50, 36.50390495666569)	(55, 36.4416282013828)	(60, 36.342253383971176)	(65, 36.306218716525464)	(70, 36.41446294673288)	(75, 36.59866004479501)	(80, 36.54482033304119)	(85, 36.48173337228552)	(90, 36.261785957736876)	(95, 36.43811860940695)	(100, 36.41923848475996)	(105, 36.29457590807284)	(110, 36.316544941084814)	(115, 36.32566754309086)	(120, 36.44207225630538)	(125, 36.474449313467716)	(130, 36.308567533352814)	(135, 36.31523225241016)	(140, 36.36092706203136)	(145, 36.273487194468785)	(150, 36.32706982179375)	(155, 35.82808452624404)	(160, 36.25752848378615)	(165, 36.15223682929204)	(170, 36.353946830265855)	(175, 36.199259908462366)	(180, 36.19157853734541)	(185, 36.10666666666667)	(190, 35.96578439964943)	(195, 35.79732008959003)	(200, 35.72411335086182)	(205, 35.90078878177037)	(210, 35.62365176745545)	(215, 35.350865712338106)	(220, 35.533451012310515)	(225, 35.14483952447759)	(230, 35.25414792411823)	(235, 35.00532868152824)	(240, 35.11596203637873)	(245, 35.48434939501144)	(250, 36.181200819230355)
Fungus_45_1	(1, 36.1051282051282)	(2, 36.401178897730624)	(3, 34.99711170055998)	(4, 36.172649572649576)	(5, 36.40823754789272)	(6, 36.446374889478335)	(7, 34.269687592101384)	(8, 36.105555555555554)	(9, 36.382611258473325)	(10, 35.717533156498675)	(15, 36.38545829649278)	(20, 36.052030651340985)	(25, 35.81120542292956)	(30, 35.51442086648983)	(35, 35.95636310050104)	(40, 36.257294429708224)	(45, 36.224907161803706)	(50, 36.069684644857055)	(55, 36.1186236368995)	(60, 36.3490568818155)	(65, 36.19091659298556)	(70, 35.92899498968465)	(75, 36.2400766283525)	(80, 35.95349837901561)	(85, 36.26143825523136)	(90, 35.84811081638668)	(95, 35.690321249631594)	(100, 35.93698202180961)	(105, 36.12299440023578)	(110, 35.74944297082229)	(115, 35.71527851458886)	(120, 36.07690834070145)	(125, 35.75757441791925)	(130, 35.92254052460949)	(135, 35.946545829649274)	(140, 35.82064544650752)	(145, 35.181615089890954)	(150, 34.883551429413494)	(155, 34.82508104921898)	(160, 34.20430297671677)	(165, 34.775366931918654)	(170, 34.95273209549072)	(175, 34.75134099616858)	(180, 35.22264662540525)	(185, 35.31902151488358)	(190, 34.855425876805185)	(195, 34.46058355437666)	(200, 34.89085175361038)	(205, 35.072997347480104)	(210, 34.76035366931919)	(215, 34.75149425287357)	(220, 34.266594811937786)	(225, 34.74778626395384)	(230, 34.35979910638305)	(235, 34.234703072087875)	(240, 34.30078013414685)	(245, 34.48260230092555)	(250, 35.960769800148036)
Fungus_45_2	(1, 36.58116710875331)	(2, 36.60984379605069)	(3, 36.58364279398762)	(4, 36.47665782493369)	(5, 36.57783672266431)	(6, 36.53460064839375)	(7, 36.48544061302682)	(8, 36.122782198644266)	(9, 35.65048629531388)	(10, 36.26252284114353)	(15, 36.396716769820216)	(20, 36.207480106100796)	(25, 36.13158267020336)	(30, 36.21531388152078)	(35, 36.15784261715296)	(40, 36.22735926908341)	(45, 36.021706454465075)	(50, 36.19445328617743)	(55, 36.13832007073386)	(60, 36.131311523725316)	(65, 36.108750368405545)	(70, 35.894294134983795)	(75, 36.06307102858826)	(80, 35.85717653993516)	(85, 36.0468258178603)	(90, 36.119832007073384)	(95, 36.10272325375773)	(100, 36.080707338638376)	(105, 35.997099911582666)	(110, 36.01026819923372)	(115, 36.02571765399351)	(120, 35.9451399941055)	(125, 35.972313586796346)	(130, 35.95404361921604)	(135, 35.955638078396696)	(140, 35.785529030356614)	(145, 35.840447981137636)	(150, 35.67313292071913)	(155, 35.7162039493074)	(160, 35.609832007073386)	(165, 35.51298261125848)	(170, 35.67715590922487)	(175, 35.63383436486884)	(180, 35.75718832891247)	(185, 35.18829649277925)	(190, 35.40034188034188)	(195, 34.75560271146478)	(200, 34.85271146478043)	(205, 35.03412319481285)	(210, 34.763498379015616)	(215, 35.35826702033599)	(220, 35.19978040358882)	(225, 35.30853008216378)	(230, 35.036102957237745)	(235, 34.94632653113179)	(240, 34.336543183861465)	(245, 34.75147179506367)	(250, 35.96941643246818)
Fungus_4_1	(1, 36.39613326817778)	(2, 36.477226879174026)	(3, 36.691313009810926)	(4, 36.42415015850343)	(5, 36.677079026174994)	(6, 36.62966582716235)	(7, 36.57876931173176)	(8, 36.54225713891917)	(9, 36.67913393226328)	(10, 36.54829154606623)	(15, 36.57141174554248)	(20, 36.62792166297034)	(25, 36.3995714769011)	(30, 36.24582189978574)	(35, 36.333190492300375)	(40, 36.635111328296304)	(45, 36.47030034206668)	(50, 36.44166697991454)	(55, 36.54769762808706)	(60, 36.64581438183664)	(65, 36.37897981430666)	(70, 36.3347767795612)	(75, 36.55155934794322)	(80, 36.41683018205967)	(85, 36.54233733037627)	(90, 36.275009084188504)	(95, 36.05873272437945)	(100, 36.341139470485786)	(105, 36.447906877670434)	(110, 36.48287536493378)	(115, 36.45281860441805)	(120, 36.4811186708266)	(125, 36.292034732924854)	(130, 36.46365698104224)	(135, 36.2587577842098)	(140, 36.339530629377634)	(145, 35.725351777368466)	(150, 35.965364808480246)	(155, 35.41539174779787)	(160, 36.34805347767796)	(165, 36.20947762783646)	(170, 36.02666616547006)	(175, 36.14880276660527)	(180, 36.12289591399466)	(185, 36.00580135072486)	(190, 35.77663421418637)	(195, 35.82274179603804)	(200, 35.78603165056572)	(205, 35.26547381874225)	(210, 35.34746457166485)	(215, 35.50368254206919)	(220, 35.20061150539597)	(225, 35.50121191533239)	(230, 34.73012437439982)	(235, 35.152167588502095)	(240, 34.47536022154222)	(245, 35.439722075913345)	(250, 36.06362807657247)
Fungus_4_2	(1, 36.722161660965554)	(2, 36.786590484782415)	(3, 36.77458682604719)	(4, 36.74017967898357)	(5, 36.76800862058164)	(6, 36.76954980014785)	(7, 36.7137666178)	(8, 36.59009635504768)	(9, 35.950870202608726)	(10, 36.5325389367114)	(15, 36.64322319537897)	(20, 36.53686426342894)	(25, 36.56540741019183)	(30, 36.635569923191625)	(35, 36.529699657933314)	(40, 36.5533085241013)	(45, 36.60416744978637)	(50, 36.59895249909158)	(55, 36.472305128494284)	(60, 36.200606447894344)	(65, 35.96612161535666)	(70, 36.39254971243845)	(75, 36.51159894247517)	(80, 36.53378691626258)	(85, 36.57996215965618)	(90, 36.56638975554135)	(95, 36.598027791351846)	(100, 36.509674347504664)	(105, 36.46863135736571)	(110, 36.392519640642035)	(115, 36.40271899159243)	(120, 36.53173201017429)	(125, 36.49289929707176)	(130, 36.46184766129134)	(135, 36.39083812602588)	(140, 36.445731684396506)	(145, 36.4348055983661)	(150, 36.246906990439676)	(155, 36.164841058026035)	(160, 36.34352767231766)	(165, 36.31415755115338)	(170, 36.37213848062249)	(175, 36.352278565074116)	(180, 36.1589469859289)	(185, 36.03486824794196)	(190, 35.99867433497475)	(195, 35.79394053302259)	(200, 35.623606360184944)	(205, 35.83917603277826)	(210, 35.70261248731346)	(215, 35.132849678607684)	(220, 35.73439081992851)	(225, 35.88057239679189)	(230, 35.79055355073781)	(235, 35.447993937613134)	(240, 35.22450532415296)	(245, 35.559315542419704)	(250, 36.159912994441314)
Fungus_70_1	(1, 36.453778580206645)	(2, 36.54286841346664)	(3, 36.80840830817314)	(4, 36.55618940692752)	(5, 36.72544795254206)	(6, 36.65325969868459)	(7, 36.47374489842363)	(8, 36.70666504832274)	(9, 36.71437241128188)	(10, 36.44493028477795)	(15, 36.592110573348904)	(20, 36.37387689460029)	(25, 36.50467751968564)	(30, 35.742346497549725)	(35, 36.28188314545372)	(40, 36.60991943681631)	(45, 36.4443325089894)	(50, 36.33546145559922)	(55, 36.577239004111604)	(60, 36.598977408930224)	(65, 36.33687548360668)	(70, 36.31740073735795)	(75, 36.63538104413527)	(80, 36.50795770053556)	(85, 36.59140659374005)	(90, 36.461947171185386)	(95, 36.12539029903961)	(100, 36.41478053739134)	(105, 36.514260138671844)	(110, 36.51980094369681)	(115, 36.6184309144149)	(120, 36.60230917449287)	(125, 35.920426029039156)	(130, 36.17579463215548)	(135, 34.87275265130252)	(140, 35.38391770721124)	(145, 35.98241568175267)	(150, 36.14825142995858)	(155, 35.47451260032468)	(160, 35.83779035365872)	(165, 36.089772572104806)	(170, 35.84759144907527)	(175, 36.02467266465385)	(180, 34.32765092321464)	(185, 35.29643003444038)	(190, 35.78384488173445)	(195, 35.975727875468436)	(200, 33.41356374505014)	(205, 34.819793357709635)	(210, 33.32265934366039)	(215, 34.67294685257393)	(220, 34.89682281772552)	(225, 34.00625118897025)	(230, 33.60926595481827)	(235, 33.99082544137956)	(240, 35.266742884294715)	(245, 34.69113456877916)	(250, 36.64591661907482)
Fungus_70_2	(1, 36.72031982521886)	(2, 36.80293122544037)	(3, 36.78294973524905)	(4, 36.750056894903736)	(5, 36.78037049961311)	(6, 36.79129432113001)	(7, 36.72359697167392)	(8, 36.707666398628454)	(9, 36.522871751301)	(10, 36.61965680994068)	(15, 36.484280317397705)	(20, 36.689120177208665)	(25, 36.622782236652455)	(30, 36.62663895252689)	(35, 36.47140234558723)	(40, 36.630131541017434)	(45, 36.64778868474155)	(50, 36.63268650149443)	(55, 36.54564185037399)	(60, 35.228596137215334)	(65, 36.66448999408293)	(70, 36.69573212362125)	(75, 36.71190241386112)	(80, 33.99506303955334)	(85, 36.65641546934503)	(90, 36.3790323314773)	(95, 36.54928312421295)	(100, 36.693222679067226)	(105, 36.68289359894403)	(110, 36.53362868110027)	(115, 36.66208978774408)	(120, 36.60919118204852)	(125, 36.72189164175934)	(130, 36.54926188344889)	(135, 36.144601052935016)	(140, 36.47432143344814)	(145, 36.62536147228839)	(150, 36.60216655793418)	(155, 36.489548026884734)	(160, 36.64110087845732)	(165, 36.3909666064845)	(170, 36.06169835080639)	(175, 36.39705967137503)	(180, 36.54586032680432)	(185, 36.433305518047064)	(190, 36.47228232009832)	(195, 36.37974541427076)	(200, 35.913883873708485)	(205, 36.511902413861115)	(210, 35.19699291468799)	(215, 36.24595591024261)	(220, 36.08211941154242)	(225, 35.91550637001167)	(230, 34.99220726834972)	(235, 36.00433362488602)	(240, 36.19929203812447)	(245, 35.90928169804353)	(250, 36.44578313253012)
Fungus_71_1	(1, 36.377288029581116)	(2, 36.57762284074394)	(3, 36.04578818594897)	(4, 36.463455913464195)	(5, 36.64478743170404)	(6, 36.6110855608087)	(7, 35.65678176566898)	(8, 36.47085119299472)	(9, 36.631027060836296)	(10, 36.26465166761714)	(15, 36.544082856564685)	(20, 36.42332272484777)	(25, 36.21270810721316)	(30, 36.04309497967218)	(35, 36.167666807704336)	(40, 36.54074578266709)	(45, 36.37757868982137)	(50, 36.19389613495465)	(55, 36.427675269964496)	(60, 36.542147574458696)	(65, 36.29266910723155)	(70, 36.23242149414081)	(75, 36.48335326256922)	(80, 36.29901212310749)	(85, 36.39705292591843)	(90, 35.54917860887801)	(95, 35.78495925237771)	(100, 36.09197005095752)	(105, 36.314579002557075)	(110, 36.228043194319255)	(115, 36.16136794275097)	(120, 36.31507937967954)	(125, 36.26369506429478)	(130, 36.35960190584816)	(135, 36.27879467981383)	(140, 35.97927114185323)	(145, 35.285487223826784)	(150, 35.14424474328079)	(155, 35.80562188414062)	(160, 35.187405949336814)	(165, 34.46481723357678)	(170, 35.40926433525267)	(175, 36.069070439117716)	(180, 35.84874261851763)	(185, 35.519119189094724)	(190, 35.72837248661675)	(195, 35.774002465093176)	(200, 35.61555952096249)	(205, 35.215684615243106)	(210, 35.17673614304899)	(215, 35.051156202284815)	(220, 34.83800454265603)	(225, 35.624873428692624)	(230, 34.793535769134195)	(235, 34.87491012462352)	(240, 35.04570236604408)	(245, 35.22528138413601)	(250, 36.34746275887126)
Fungus_71_2	(1, 36.693187880571756)	(2, 36.730201070659874)	(3, 36.73141522103056)	(4, 36.672252984786326)	(5, 36.733438804981695)	(6, 36.70794164719734)	(7, 36.656947331628615)	(8, 36.49119740981254)	(9, 36.08309571552089)	(10, 36.48855571294542)	(15, 36.37966482091282)	(20, 36.531757390680475)	(25, 36.47502345517761)	(30, 36.503647969977365)	(35, 36.46897477878548)	(40, 36.50834636398756)	(45, 36.4792876984492)	(50, 36.44419875273643)	(55, 36.57778472746004)	(60, 36.12565352563513)	(65, 36.25163082470244)	(70, 36.101017310840895)	(75, 36.29897900991556)	(80, 36.32989201420188)	(85, 36.49068231571589)	(90, 36.30965249544694)	(95, 36.42194668776099)	(100, 36.233753380305004)	(105, 36.07617873765154)	(110, 36.25192884342979)	(115, 36.31272098456557)	(120, 36.21993046229695)	(125, 36.473051380636136)	(130, 36.30184146139553)	(135, 36.13251531485126)	(140, 36.21221508857779)	(145, 36.20130245221582)	(150, 36.216497728067104)	(155, 36.220169613127545)	(160, 35.86435732813334)	(165, 36.07878364208318)	(170, 36.17210397542265)	(175, 35.990290476278076)	(180, 36.028613477069115)	(185, 36.02643904413252)	(190, 35.78777755293512)	(195, 35.601799150094735)	(200, 35.338674368549825)	(205, 35.160727754373696)	(210, 35.39680641660075)	(215, 35.58314538530878)	(220, 35.324096201289464)	(225, 35.76823254994671)	(230, 35.247547779887825)	(235, 35.214911605747815)	(240, 35.28675359175596)	(245, 35.10300795221589)	(250, 36.30471329930952)
Fungus_72_1	(1, 36.43944114037572)	(2, 36.51269706409893)	(3, 36.18887944869253)	(4, 36.39159822524309)	(5, 36.608836023789294)	(6, 36.61499103181346)	(7, 36.21270650429529)	(8, 36.50656093646748)	(9, 36.63983762862267)	(10, 36.39359577079203)	(15, 36.55185499858396)	(20, 36.50077976021901)	(25, 36.43734164070612)	(30, 36.392376097422826)	(35, 36.46862645143018)	(40, 36.588033607099035)	(45, 36.427731520815634)	(50, 36.32816765788728)	(55, 36.21961672802795)	(60, 36.37255168507505)	(65, 36.33538374398188)	(70, 36.359395827433204)	(75, 36.29443217218918)	(80, 36.413431511375435)	(85, 36.502939677145285)	(90, 36.19685830265269)	(95, 36.16563768526386)	(100, 36.32070612668743)	(105, 36.42130841121495)	(110, 36.33126404229208)	(115, 36.33837817426602)	(120, 36.31393939393939)	(125, 36.161223449447746)	(130, 36.16822429906542)	(135, 36.16616633625979)	(140, 36.139137166053054)	(145, 35.943676012461054)	(150, 35.8263759086189)	(155, 35.988766166336255)	(160, 35.99124327386009)	(165, 36.043511753044456)	(170, 36.016610969508164)	(175, 36.0354082884924)	(180, 35.73775512130652)	(185, 35.85479089965071)	(190, 35.60723874256585)	(195, 35.586417445482866)	(200, 35.69716982913244)	(205, 35.772751817237804)	(210, 35.57983196450486)	(215, 35.19218729349571)	(220, 35.452857653838336)	(225, 35.56277020764931)	(230, 34.85248456940341)	(235, 35.18793748281828)	(240, 35.15307034075643)	(245, 35.72303051812525)	(250, 36.20319752449716)
Fungus_72_2	(1, 36.67442650807137)	(2, 36.73818559426036)	(3, 36.74420843953554)	(4, 36.66260738223355)	(5, 36.71985273293684)	(6, 36.72895308222411)	(7, 36.6428207306712)	(8, 36.42962333616539)	(9, 35.71953176626074)	(10, 36.48592466723308)	(15, 36.56776739356179)	(20, 36.52048333805343)	(25, 36.464008307372794)	(30, 36.57210988388558)	(35, 36.510941187576705)	(40, 36.48794109317474)	(45, 36.47496271122439)	(50, 36.48853016142736)	(55, 36.46468044935334)	(60, 36.425254413291796)	(65, 36.432768809591245)	(70, 36.48373831775701)	(75, 36.519833852544124)	(80, 36.45210610780704)	(85, 36.42858113848768)	(90, 36.42935145851034)	(95, 36.436741244217885)	(100, 36.41153591994713)	(105, 36.264102709336356)	(110, 36.34237704144246)	(115, 36.24547153780799)	(120, 36.38209005947324)	(125, 36.40328141225338)	(130, 36.288194090437074)	(135, 36.26623996979137)	(140, 36.41139242896252)	(145, 36.08198244123478)	(150, 36.222218446143685)	(155, 36.02136882847164)	(160, 36.09346549608232)	(165, 36.20181629377892)	(170, 36.270242613046356)	(175, 35.89346172000377)	(180, 36.0671764372699)	(185, 35.80866232417634)	(190, 35.87501557632398)	(195, 35.87537807986406)	(200, 35.256120079297645)	(205, 35.70881903143585)	(210, 35.58688567922212)	(215, 35.52408949306145)	(220, 35.768287470096666)	(225, 35.65846893108922)	(230, 35.54007849827265)	(235, 35.3060345483111)	(240, 35.386549205045775)	(245, 35.49962889706251)	(250, 35.97512021743675)
Fungus_76_1	(1, 36.4465931613077)	(2, 36.56905078027285)	(3, 36.36616059573977)	(4, 36.4251765475572)	(5, 36.695549269756974)	(6, 36.66070157209106)	(7, 36.31043506705921)	(8, 36.589793915603536)	(9, 36.700282860936326)	(10, 36.41221112586349)	(15, 36.60377917604726)	(20, 36.540864746291064)	(25, 36.452758375185205)	(30, 36.35574284669707)	(35, 36.39169889741962)	(40, 36.559614385499046)	(45, 36.340722353710866)	(50, 35.89715022417211)	(55, 35.58900113529219)	(60, 36.15217918374416)	(65, 35.930154515191745)	(70, 35.944355288729824)	(75, 35.69701552848814)	(80, 36.14679905328177)	(85, 36.107360157016686)	(90, 35.89352498604937)	(95, 35.67507167734611)	(100, 36.05171159729839)	(105, 36.0900036560257)	(110, 35.89100810098328)	(115, 36.06939906482711)	(120, 35.818861244203276)	(125, 35.7220381381208)	(130, 36.06911043121861)	(135, 35.83709519136408)	(140, 35.99113702399508)	(145, 35.76979353075872)	(150, 35.51504935634705)	(155, 35.85398603013335)	(160, 35.652843041043695)	(165, 35.64510766033597)	(170, 35.65792299255325)	(175, 35.78230483557506)	(180, 35.61032538628798)	(185, 35.902538051530726)	(190, 35.64790163366622)	(195, 35.833797071330984)	(200, 35.61605187708057)	(205, 35.61983875002405)	(210, 35.770697916065345)	(215, 34.92811098924359)	(220, 35.17789193371571)	(225, 35.50669068771068)	(230, 34.98536782048477)	(235, 34.8842382520924)	(240, 35.13874571127942)	(245, 35.576514460953724)	(250, 36.18843741478047)
Fungus_76_2	(1, 36.70493948315342)	(2, 36.76478285131521)	(3, 36.778675749004215)	(4, 36.68923781485116)	(5, 36.751313282918666)	(6, 36.76081894975851)	(7, 36.681194558294365)	(8, 36.595605072254614)	(9, 36.057707479458905)	(10, 36.57005137678232)	(15, 36.58698454848083)	(20, 36.582220169716564)	(25, 36.55043968519694)	(30, 36.54186919124863)	(35, 36.51299428505455)	(40, 36.55436895072062)	(45, 36.531247474455924)	(50, 36.5255710134888)	(55, 36.4955300275164)	(60, 36.38527968596664)	(65, 36.369096961650214)	(70, 36.5257403452058)	(75, 36.54464392233832)	(80, 36.51836671862072)	(85, 36.50312686409205)	(90, 36.50424291404491)	(95, 36.522095864842505)	(100, 36.47988993438396)	(105, 36.46844464969501)	(110, 36.31664261386596)	(115, 36.28513152071427)	(120, 36.4018241644057)	(125, 36.41714483634475)	(130, 36.33038157363044)	(135, 36.21437395370317)	(140, 36.11086994169601)	(145, 35.966922588466204)	(150, 36.01327329754277)	(155, 35.95065134984318)	(160, 36.06495025880814)	(165, 35.955619696357445)	(170, 35.897585098808904)	(175, 36.03570205314706)	(180, 36.017960707344756)	(185, 35.69647674575228)	(190, 35.7256826184841)	(195, 35.459974215397644)	(200, 35.40562643114164)	(205, 35.59135638553753)	(210, 35.39972676018395)	(215, 35.334306990706)	(220, 35.556576844334316)	(225, 35.41427605293923)	(230, 35.38061321580418)	(235, 35.27505559316815)	(240, 35.31308028429527)	(245, 35.536663720138286)	(250, 36.0440513354145)
Fungus_79_1	(1, 36.458493964748065)	(2, 36.572953317284224)	(3, 36.530479284860526)	(4, 36.43135637447181)	(5, 36.728388410969515)	(6, 36.68185720779111)	(7, 36.6348546320769)	(8, 36.544250096799715)	(9, 36.70485345364556)	(10, 36.48835878183869)	(15, 36.58651201158229)	(20, 36.652665780037374)	(25, 36.56447197858622)	(30, 36.5120755542836)	(35, 36.57135738455582)	(40, 36.56781535664383)	(45, 36.44583761216141)	(50, 36.30466153768455)	(55, 36.087035571791716)	(60, 36.30062793555664)	(65, 36.27328496153264)	(70, 36.2943149105234)	(75, 36.16181209070554)	(80, 36.3203616100739)	(85, 36.42234979209104)	(90, 36.22902308041952)	(95, 36.05244019460952)	(100, 36.22521169677278)	(105, 36.333970808572246)	(110, 36.089341930270535)	(115, 36.22418814498072)	(120, 36.25035268766519)	(125, 36.00983148431845)	(130, 36.046224811030115)	(135, 36.20518173094729)	(140, 36.06352081614787)	(145, 35.948920051850976)	(150, 35.82484806653087)	(155, 35.92850962105015)	(160, 35.99660275079545)	(165, 36.078480160266665)	(170, 35.839548155754954)	(175, 36.00285853773505)	(180, 35.79023585461524)	(185, 35.993431087018735)	(190, 35.68060133667784)	(195, 35.33278901028602)	(200, 35.68056093331762)	(205, 35.700776081210755)	(210, 35.74893015269104)	(215, 35.0988872241208)	(220, 35.198275559742946)	(225, 35.60418596123234)	(230, 34.92231795807167)	(235, 34.59721527897704)	(240, 34.93865912396752)	(245, 35.70580207328914)	(250, 36.09637760702525)
Fungus_79_2	(1, 36.627279002037)	(2, 36.668608272588)	(3, 36.66579687210653)	(4, 36.606639618861635)	(5, 36.662968636891634)	(6, 36.702833285634924)	(7, 36.61303681756199)	(8, 36.5561017491288)	(9, 36.11681621521523)	(10, 36.41637346172623)	(15, 36.508176630023065)	(20, 36.47466877661992)	(25, 36.43061564620124)	(30, 36.47165872628407)	(35, 36.39428965842326)	(40, 36.49998821568661)	(45, 36.42598609451019)	(50, 36.45791484991835)	(55, 36.22154172488679)	(60, 36.1351458729651)	(65, 36.21888857089948)	(70, 36.341849463813745)	(75, 36.33188330162792)	(80, 36.31016649551354)	(85, 36.3768859110116)	(90, 36.25262537667716)	(95, 36.35541825895187)	(100, 36.33178229322739)	(105, 36.259244793858684)	(110, 36.174545883065946)	(115, 36.24469958418209)	(120, 36.244470631807545)	(125, 36.16934058349186)	(130, 36.089052372855676)	(135, 36.20007070588038)	(140, 36.35351930102186)	(145, 36.1485059174088)	(150, 36.307883705661524)	(155, 36.19059948485716)	(160, 36.13071833807512)	(165, 36.183592868806926)	(170, 36.11320684836956)	(175, 36.30043601959564)	(180, 36.14878200703692)	(185, 35.999892257706094)	(190, 36.01739027962492)	(195, 35.969714314573835)	(200, 35.53820642750122)	(205, 35.70349657413175)	(210, 35.60556892981599)	(215, 35.53025706637935)	(220, 35.77714588114851)	(225, 35.58317972590425)	(230, 35.36299538351285)	(235, 35.09987717150599)	(240, 35.34908985173471)	(245, 35.61573775449775)	(250, 35.974963181148745)
Fungus_7_1	(1, 36.293021158254724)	(2, 36.4955842008343)	(3, 35.8139163440941)	(4, 36.31893344357172)	(5, 36.504209102183474)	(6, 36.51683640873389)	(7, 35.85651471306701)	(8, 36.425927317824794)	(9, 36.5202750948927)	(10, 36.1529783156075)	(15, 36.46860836559059)	(20, 36.31702055695441)	(25, 36.06311398399038)	(30, 35.833759254387616)	(35, 36.24229396068999)	(40, 36.418482468337785)	(45, 36.32254876169717)	(50, 36.231902739674545)	(55, 36.309477996166706)	(60, 36.449791423954295)	(65, 36.26149798940209)	(70, 36.109301364200086)	(75, 36.35912661129693)	(80, 36.20429553910331)	(85, 36.31273629223195)	(90, 35.86890901574655)	(95, 35.76108835356459)	(100, 36.04427825171934)	(105, 36.22367619978203)	(110, 36.18120936525236)	(115, 36.12105678529821)	(120, 36.20496072757338)	(125, 35.92343567965726)	(130, 36.202311248073954)	(135, 36.00745988199482)	(140, 35.87606448945845)	(145, 35.13401856514713)	(150, 35.46921342402946)	(155, 35.91400653914089)	(160, 36.05027622233079)	(165, 35.88548987184787)	(170, 35.829531361569394)	(175, 35.90957946559435)	(180, 35.742666015257996)	(185, 35.50588146867601)	(190, 35.37469277312188)	(195, 35.37996918335901)	(200, 35.405088503889665)	(205, 35.50033447329851)	(210, 35.165515427111124)	(215, 35.0733511218009)	(220, 34.94618451062185)	(225, 35.15539303298683)	(230, 35.08273465225982)	(235, 35.08011540849452)	(240, 35.10251730893441)	(245, 35.50344954665006)	(250, 36.263850240323805)
Fungus_7_2	(1, 36.63474764177534)	(2, 36.679807583900185)	(3, 36.69179600886918)	(4, 36.60772670900823)	(5, 36.653989251756926)	(6, 36.66109211169153)	(7, 36.5792776880003)	(8, 36.49302867450862)	(9, 36.05919049945507)	(10, 36.43277838325379)	(15, 36.39638468187455)	(20, 36.402532977563986)	(25, 36.36925100529895)	(30, 36.42623172610771)	(35, 36.404126423390586)	(40, 36.44956969446427)	(45, 36.42106430155211)	(50, 36.41495734525912)	(55, 36.36530497200195)	(60, 35.976744710436314)	(65, 36.01500244278252)	(70, 36.12100041339396)	(75, 36.31862151903492)	(80, 36.335999098049534)	(85, 36.34330489683941)	(90, 36.33696117854861)	(95, 36.33709271299185)	(100, 36.19709872599496)	(105, 36.261558119433275)	(110, 36.14011800518622)	(115, 36.149573452591234)	(120, 36.28169792175579)	(125, 36.17647412529596)	(130, 36.176571836596636)	(135, 36.124672103423656)	(140, 36.030252921943706)	(145, 36.06006238490736)	(150, 36.03527377954827)	(155, 35.68319741440865)	(160, 35.82035401555864)	(165, 35.924386485775486)	(170, 35.944240670449844)	(175, 35.832597993160206)	(180, 35.7955992333421)	(185, 35.492074110263445)	(190, 35.367946935247474)	(195, 34.960960577248294)	(200, 34.880081927167495)	(205, 35.16470367169003)	(210, 35.15233567589913)	(215, 35.21372467961968)	(220, 35.19644235154264)	(225, 35.249458858236686)	(230, 35.244216102685826)	(235, 34.92705332749436)	(240, 34.4706747905816)	(245, 35.2159372163443)	(250, 36.204433755097774)
Fungus_80_1	(1, 36.46930441315278)	(2, 36.58919731088552)	(3, 36.546144511008805)	(4, 36.443530522219866)	(5, 36.68131296592376)	(6, 36.62017221119951)	(7, 36.38670467898214)	(8, 36.573074181804174)	(9, 36.69633810413576)	(10, 36.456070733727586)	(15, 36.605016084603086)	(20, 36.51692254348622)	(25, 36.44047155818389)	(30, 36.229934698437766)	(35, 36.31091634080095)	(40, 36.61578024772216)	(45, 36.49080962379365)	(50, 36.40715427734864)	(55, 36.57054302390539)	(60, 36.6020495829561)	(65, 36.40986650742589)	(70, 36.399687939437136)	(75, 36.59187101496735)	(80, 36.44568797796313)	(85, 36.58299462562364)	(90, 36.20129447344596)	(95, 35.971918401941714)	(100, 36.246246604896655)	(105, 36.486887677460366)	(110, 36.40497370600813)	(115, 36.26812166509352)	(120, 36.45682969583727)	(125, 36.29479321171961)	(130, 36.40191474197214)	(135, 36.324897424537205)	(140, 36.25373220580587)	(145, 35.83784793789609)	(150, 35.92907749503978)	(155, 36.01331843661511)	(160, 36.0589563307842)	(165, 36.144129601448576)	(170, 35.94339375493614)	(175, 36.13574634484619)	(180, 36.12858050969892)	(185, 36.15493999576214)	(190, 35.87332267447461)	(195, 35.735946680022344)	(200, 35.85779669832219)	(205, 35.78381908192553)	(210, 35.72206191127463)	(215, 35.52517866430374)	(220, 35.610663652654445)	(225, 35.555770754353624)	(230, 35.20623524849176)	(235, 35.4314697833844)	(240, 35.40592807424234)	(245, 35.78206750647939)	(250, 36.48911465892598)
Fungus_80_2	(1, 36.71055419644405)	(2, 36.759405158630784)	(3, 36.75755591085085)	(4, 36.706740122897926)	(5, 36.74777030801533)	(6, 36.76502995396144)	(7, 36.693795388438346)	(8, 36.57829445418296)	(9, 36.07410475218153)	(10, 36.52209273207096)	(15, 36.53925991562807)	(20, 36.57116714503111)	(25, 36.56366228112419)	(30, 36.56954134802458)	(35, 36.55247047945601)	(40, 36.52768670660528)	(45, 36.56485273438252)	(50, 36.51814767014043)	(55, 36.516830081097226)	(60, 36.31355537148691)	(65, 36.31142103134089)	(70, 36.42561208175216)	(75, 36.51308535434284)	(80, 36.524342650203224)	(85, 36.48166355248203)	(90, 36.44326854545104)	(95, 36.47936355055573)	(100, 36.44081829214262)	(105, 36.42335831102036)	(110, 36.34525070791517)	(115, 36.20389112553696)	(120, 36.34038872729375)	(125, 36.414882592028974)	(130, 36.357544353052226)	(135, 36.304798412728985)	(140, 36.31970797295475)	(145, 36.22476450985302)	(150, 36.25884460539749)	(155, 36.24178529462755)	(160, 36.19756130449021)	(165, 36.222079247972566)	(170, 36.220881089515146)	(175, 36.142526920039295)	(180, 36.10259472579123)	(185, 36.017841388476874)	(190, 35.99425192148402)	(195, 35.725036118120705)	(200, 35.62514206460809)	(205, 35.72227380424941)	(210, 35.64191628301196)	(215, 35.5704428563173)	(220, 35.564972208169195)	(225, 35.82587224463917)	(230, 35.484291434870116)	(235, 35.549559735493276)	(240, 35.31802642952321)	(245, 35.47190410222767)	(250, 36.27701625757093)
Fungus_82_1	(1, 36.10242537080308)	(2, 36.38857164277949)	(3, 34.84541853578078)	(4, 36.36021942046008)	(5, 36.415686813530094)	(6, 36.51778730210299)	(7, 33.925601969286134)	(8, 36.070124579839806)	(9, 36.462069999625136)	(10, 35.79477439428207)	(15, 36.41987529520549)	(20, 36.1955116270352)	(25, 35.94723162853465)	(30, 35.60437341463719)	(35, 35.99433955191243)	(40, 36.32777118294619)	(45, 36.2767421809594)	(50, 36.15524122505592)	(55, 36.161084107011206)	(60, 36.26066051056492)	(65, 36.17890514688426)	(70, 35.986167514276076)	(75, 36.29901910557423)	(80, 36.00944657561634)	(85, 36.215396918617)	(90, 35.65473765759912)	(95, 35.7739494433268)	(100, 36.03454497744567)	(105, 36.13151982406378)	(110, 36.090699621387245)	(115, 36.08442189706231)	(120, 36.09816441539941)	(125, 35.75015057041822)	(130, 36.13106748803559)	(135, 35.7553136987842)	(140, 36.03129365604968)	(145, 35.13178722713017)	(150, 35.2175836259356)	(155, 35.69766209748966)	(160, 35.6840420347624)	(165, 35.62758250134326)	(170, 35.502837721326024)	(175, 35.36117407439802)	(180, 35.11507328593385)	(185, 34.96101913056517)	(190, 34.83736395556611)	(195, 34.94243586699822)	(200, 35.00197428432194)	(205, 35.089612515463145)	(210, 34.66665083907084)	(215, 34.56568244011546)	(220, 34.69978918862298)	(225, 34.692227745533444)	(230, 34.468780546474825)	(235, 34.52489477106309)	(240, 34.52738683769449)	(245, 34.9788253236955)	(250, 35.87757467677218)
Fungus_82_2	(1, 36.590823326544125)	(2, 36.61383998300616)	(3, 36.579727348836045)	(4, 36.50243036899124)	(5, 36.547688962751)	(6, 36.537417686088794)	(7, 36.49250896550001)	(8, 36.210186307463545)	(9, 35.87805670444464)	(10, 36.27576753426883)	(15, 36.3329867922878)	(20, 36.39507928375964)	(25, 36.16846643091879)	(30, 36.281540441589925)	(35, 36.21495457896513)	(40, 36.32954304064776)	(45, 36.300780966899495)	(50, 36.24325931849704)	(55, 36.096867385572736)	(60, 35.78554773894463)	(65, 35.806427669969636)	(70, 35.966669582276424)	(75, 36.15625585725175)	(80, 36.07041697384698)	(85, 36.180731984655566)	(90, 36.12014144872483)	(95, 36.14845618463307)	(100, 36.11796473778256)	(105, 36.121918304614574)	(110, 36.03859350985268)	(115, 36.03919079333742)	(120, 36.11888190530932)	(125, 36.04385660198178)	(130, 36.04292194079646)	(135, 36.000464831498576)	(140, 36.049794449512056)	(145, 36.0407427307601)	(150, 35.86029814192356)	(155, 35.778902647790176)	(160, 35.79727098926639)	(165, 35.73862724762274)	(170, 35.88887528271002)	(175, 35.91332392007897)	(180, 35.796868635119765)	(185, 35.71474590460958)	(190, 35.47254620200177)	(195, 35.15779779829812)	(200, 35.27282360144447)	(205, 35.14145872121357)	(210, 35.20504817003836)	(215, 35.274505491759236)	(220, 35.223212732658205)	(225, 35.269284079190435)	(230, 35.17179627125119)	(235, 34.84668711886786)	(240, 34.777163564956766)	(245, 34.97786891576304)	(250, 36.09723856322237)
Fungus_85_1	(1, 36.497154836777476)	(2, 36.556079664570234)	(3, 36.77710392333034)	(4, 36.578142158330834)	(5, 36.72192273135669)	(6, 36.67732354996506)	(7, 36.48158131176999)	(8, 36.684361585304984)	(9, 36.726789457921534)	(10, 36.497968453628836)	(15, 36.60776180493161)	(20, 36.675606469002695)	(25, 36.54996505939902)	(30, 36.423275431766)	(35, 36.49233802535689)	(40, 36.59141709094539)	(45, 36.51282819207347)	(50, 36.49116252370969)	(55, 36.59705999800339)	(60, 36.67201008285914)	(65, 36.47824947589099)	(70, 36.35262054507338)	(75, 36.53650793650794)	(80, 36.45422531696117)	(85, 36.65852550663872)	(90, 36.43766596785465)	(95, 36.210577019067586)	(100, 36.40067385444744)	(105, 36.41832384945592)	(110, 36.52665967854647)	(115, 36.53503543975243)	(120, 36.54803583907358)	(125, 36.30402565638415)	(130, 36.51282819207347)	(135, 36.31408605370869)	(140, 36.39638863931316)	(145, 35.86970400319457)	(150, 36.08843715683338)	(155, 36.21020265548567)	(160, 35.85606968154138)	(165, 35.87880602974943)	(170, 36.028786063691726)	(175, 36.10275531596286)	(180, 36.06450034940601)	(185, 36.26250374363582)	(190, 35.41991364680044)	(195, 35.849538284915646)	(200, 35.366107617051014)	(205, 35.515658380752726)	(210, 35.628566437056996)	(215, 35.576749525806136)	(220, 35.55911756083414)	(225, 35.475472066283274)	(230, 35.7779808383378)	(235, 35.293018795140156)	(240, 34.678130776409304)	(245, 35.18651838633621)	(250, 35.78563283922463)
Fungus_85_2	(1, 36.726789457921534)	(2, 36.775294499351105)	(3, 36.767046021763)	(4, 36.74977538185085)	(5, 36.764250773684736)	(6, 36.75287012079465)	(7, 36.7228461615254)	(8, 36.62885594489368)	(9, 36.19669062593591)	(10, 36.6222571628232)	(15, 36.58126684636118)	(20, 36.547259658580415)	(25, 36.61485474693022)	(30, 36.63454377558151)	(35, 36.57355994808826)	(40, 36.60186932215234)	(45, 36.60150993311371)	(50, 36.59374563242487)	(55, 36.56360187680942)	(60, 36.02005340920435)	(65, 36.10131775980832)	(70, 36.304729459918136)	(75, 36.559783368273926)	(80, 36.58403713686732)	(85, 36.57315563541979)	(90, 36.55607217729859)	(95, 36.56290306478985)	(100, 36.53370769691524)	(105, 36.43180093840471)	(110, 36.341886293301386)	(115, 36.288639313167614)	(120, 36.51795198163122)	(125, 36.394993511031245)	(130, 36.39431466506939)	(135, 36.39918139163422)	(140, 36.4821902765299)	(145, 36.33901866826395)	(150, 35.98221523410203)	(155, 36.103299391035236)	(160, 35.96619746431067)	(165, 36.208902365977835)	(170, 36.13555455725267)	(175, 36.08678746131576)	(180, 36.03852450833583)	(185, 36.03791803933313)	(190, 35.943723170609964)	(195, 35.82247179794349)	(200, 35.79095537586104)	(205, 35.78994209843266)	(210, 35.755994808825)	(215, 35.10927672955974)	(220, 35.45003872265105)	(225, 35.2600559310458)	(230, 35.459421704594696)	(235, 35.03345296908158)	(240, 34.41012730931878)	(245, 34.9788003780897)	(250, 36.042588042588044)
Fungus_89_1	(1, 36.24226062587576)	(2, 36.431293787949556)	(3, 35.75910322279309)	(4, 36.40106492293321)	(5, 36.5516674451191)	(6, 36.55876693134049)	(7, 35.40977113498365)	(8, 36.28842596917328)	(9, 36.55424567958898)	(10, 36.15380476412891)	(15, 36.47202989257356)	(20, 36.4033815973844)	(25, 36.19486595049043)	(30, 35.880676319476876)	(35, 36.14045025688931)	(40, 36.427654367118166)	(45, 36.362776272769736)	(50, 36.211385333956095)	(55, 36.3129901914993)	(60, 36.410821111630085)	(65, 36.27462307333022)	(70, 36.138286781877625)	(75, 36.326281177020086)	(80, 36.19995889771135)	(85, 36.355404016814575)	(90, 35.94305091078935)	(95, 35.87609901914993)	(100, 36.06290518449323)	(105, 36.26789350770668)	(110, 36.23485474077533)	(115, 36.22200840728631)	(120, 36.14243811303129)	(125, 35.67685007006072)	(130, 35.842335357309665)	(135, 35.5944773470341)	(140, 35.635291919663715)	(145, 34.95677160205512)	(150, 35.17576459598318)	(155, 35.618260625875756)	(160, 35.49502101821579)	(165, 35.45552545539467)	(170, 35.454718355908454)	(175, 35.6192171882298)	(180, 35.1463092013078)	(185, 35.23776553012611)	(190, 34.94684353106025)	(195, 34.624687529191974)	(200, 34.44157683325549)	(205, 34.81330593180757)	(210, 34.76677066791219)	(215, 34.69709855207847)	(220, 34.54757197497945)	(225, 34.742166566201604)	(230, 34.19704396472383)	(235, 34.23017804095846)	(240, 34.63201056893446)	(245, 35.08250719059158)	(250, 36.02446483180428)
Fungus_89_2	(1, 36.63613264829519)	(2, 36.67204110228865)	(3, 36.693489023820646)	(4, 36.60399813171415)	(5, 36.67588977113498)	(6, 36.659897244278376)	(7, 36.602914525922465)	(8, 36.31303129378795)	(9, 35.75220924801495)	(10, 36.34822979915928)	(15, 36.43215319943952)	(20, 36.48851564689398)	(25, 36.39038580102756)	(30, 36.42654086875292)	(35, 36.439095749649695)	(40, 36.41935544138253)	(45, 36.41644091546006)	(50, 36.36831013545073)	(55, 36.20745819710415)	(60, 35.883191032227934)	(65, 36.13848108360579)	(70, 36.10700046707146)	(75, 36.237724427837456)	(80, 36.27570294255021)	(85, 36.240952825782344)	(90, 36.26120130780009)	(95, 36.233946753853346)	(100, 36.207936478281184)	(105, 36.12816814572629)	(110, 36.00535077066792)	(115, 36.01796543671181)	(120, 36.230953759925264)	(125, 36.166086875291924)	(130, 36.213070527790755)	(135, 36.12510415693601)	(140, 36.1835067725362)	(145, 35.98804670714619)	(150, 36.01615319943952)	(155, 35.92249229332088)	(160, 35.84199532928538)	(165, 35.6025595516114)	(170, 35.69289117234937)	(175, 35.73965436711817)	(180, 35.71387202241944)	(185, 35.62476599719757)	(190, 35.70992246613732)	(195, 35.412255955161136)	(200, 35.03418963101355)	(205, 35.13013358243812)	(210, 35.226843531060254)	(215, 35.03263895375993)	(220, 35.25378686186172)	(225, 34.99599857638227)	(230, 35.00117311216689)	(235, 34.797745184066024)	(240, 34.69129662797257)	(245, 35.08618993498645)	(250, 36.12127570289551)
Fungus_93_1	(1, 36.30581250348973)	(2, 36.48578979694392)	(3, 35.97200766811219)	(4, 36.504773958197624)	(5, 36.61486348154628)	(6, 36.57732323326323)	(7, 35.510208639654564)	(8, 36.41873103910365)	(9, 36.60002977907648)	(10, 36.188304267713896)	(15, 36.50046343687766)	(20, 36.384950399225744)	(25, 36.24772841482254)	(30, 35.90160248655289)	(35, 36.2819631856167)	(40, 36.500173090882015)	(45, 36.37747585103017)	(50, 36.26333265089617)	(55, 36.39448342608275)	(60, 36.43923393325765)	(65, 36.2994844497385)	(70, 36.19600960375216)	(75, 36.48316179344488)	(80, 36.2574401161384)	(85, 36.37246552141302)	(90, 35.92861583130153)	(95, 35.67152561931173)	(100, 36.09510320311192)	(105, 36.307055779932625)	(110, 36.21159150551843)	(115, 36.22328723780454)	(120, 36.340460458970014)	(125, 36.10533231588155)	(130, 36.338290308771796)	(135, 36.16942061084331)	(140, 36.12009529304472)	(145, 35.47148839546614)	(150, 35.68288633698747)	(155, 35.89087829663682)	(160, 35.97781831040966)	(165, 35.72780807385211)	(170, 35.74612965065421)	(175, 35.826562936216945)	(180, 35.91571404641813)	(185, 35.88029183494947)	(190, 35.480370005025215)	(195, 35.34141711180182)	(200, 35.59200059558153)	(205, 35.528980624988364)	(210, 35.413579258873234)	(215, 35.44604589700162)	(220, 35.355357426118545)	(225, 35.38889640404707)	(230, 34.81370311737767)	(235, 34.97504295329925)	(240, 34.83739117430925)	(245, 35.420775437360774)	(250, 36.140905209222886)
Fungus_93_2	(1, 36.66651156731002)	(2, 36.71319026968676)	(3, 36.72912207560163)	(4, 36.61741331496957)	(5, 36.72156563494575)	(6, 36.68836196467457)	(7, 36.61380260194681)	(8, 36.4744365240373)	(9, 35.91295203707495)	(10, 36.43426454987065)	(15, 36.45475999925552)	(20, 36.611107595525695)	(25, 36.474205736194605)	(30, 36.488816095590835)	(35, 36.41750637458356)	(40, 36.451316793537934)	(45, 36.45276107874705)	(50, 36.46770645275363)	(55, 36.46961975841724)	(60, 36.223257458728064)	(65, 36.19446481415995)	(70, 36.317884196616355)	(75, 36.38559064936999)	(80, 36.36745519179587)	(85, 36.39006495561056)	(90, 36.38289192056431)	(95, 36.352498650635596)	(100, 36.33939585698598)	(105, 36.28758770868619)	(110, 36.19441270077611)	(115, 36.232790485585056)	(120, 36.340378566509706)	(125, 36.25101900277318)	(130, 36.25680731076328)	(135, 36.25957304249102)	(140, 36.25116045338644)	(145, 36.134701930056394)	(150, 36.129892609205456)	(155, 36.02973813024624)	(160, 36.07040518155931)	(165, 36.11228200785423)	(170, 36.13142995402855)	(175, 36.187425784957846)	(180, 36.078218466749796)	(185, 35.855009399021014)	(190, 35.88918088927767)	(195, 35.554084386457966)	(200, 35.398905618939494)	(205, 35.427299968359726)	(210, 35.47167823707868)	(215, 35.39638928697724)	(220, 35.45906589891816)	(225, 35.476456006480156)	(230, 35.494097820530556)	(235, 35.18751062768628)	(240, 34.98815917395853)	(245, 35.30478016084074)	(250, 36.11959287531807)
Fungus_95_1	(1, 36.345933066175675)	(2, 36.48680457778259)	(3, 36.200981984909205)	(4, 36.48301382721398)	(5, 36.66782194303043)	(6, 36.61507635654717)	(7, 35.683454276327666)	(8, 36.545182136539225)	(9, 36.647821220982706)	(10, 36.217350806888334)	(15, 36.55486479656306)	(20, 36.478667099895304)	(25, 36.33563666558359)	(30, 36.22905159031012)	(35, 36.298415105238455)	(40, 36.50674392577349)	(45, 36.37110003971263)	(50, 36.34016029459547)	(55, 36.470623488212574)	(60, 36.56120076537059)	(65, 36.25039893136936)	(70, 36.271172244485356)	(75, 36.52180223112748)	(80, 36.267998844723635)	(85, 36.46358352287086)	(90, 36.13297952994693)	(95, 35.739196360879454)	(100, 36.29590237914726)	(105, 36.200007220477275)	(110, 36.23868009675439)	(115, 36.13310949853785)	(120, 36.43786779306112)	(125, 36.22275172388895)	(130, 36.44420737210729)	(135, 36.35377811473338)	(140, 35.74875988302827)	(145, 34.764179212245935)	(150, 36.01468284053576)	(155, 35.82439799270732)	(160, 35.61075851113758)	(165, 35.62327881872992)	(170, 35.458558070688476)	(175, 35.780251994656844)	(180, 35.54633741290299)	(185, 35.791270442976284)	(190, 35.51376945016065)	(195, 35.39700350193148)	(200, 35.710401097512545)	(205, 35.69764973464746)	(210, 35.608498501750965)	(215, 35.35996245351818)	(220, 35.409231246226994)	(225, 35.28111521414811)	(230, 35.258896094305385)	(235, 35.204798525217754)	(240, 34.63316495618115)	(245, 35.59531547331679)	(250, 35.46619165333721)
Fungus_95_2	(1, 36.67988014007726)	(2, 36.74421459258457)	(3, 36.72309469655944)	(4, 36.67042131484891)	(5, 36.7338893100834)	(6, 36.72309469655944)	(7, 36.659843315643165)	(8, 36.49705765551103)	(9, 36.11726055092242)	(10, 36.46889779414419)	(15, 36.461987797393405)	(20, 36.515166612513084)	(25, 36.48185133037293)	(30, 36.51440485216072)	(35, 36.46334885735947)	(40, 36.50235026535254)	(45, 36.47868515108849)	(50, 36.4922054947832)	(55, 36.40814469836456)	(60, 36.16811798259865)	(65, 36.16081446983646)	(70, 36.27941080905448)	(75, 36.400274378136395)	(80, 36.46787248637135)	(85, 36.43213834434456)	(90, 36.455294414960825)	(95, 36.45030867540344)	(100, 36.42027510018412)	(105, 36.47874652514531)	(110, 36.21643741651324)	(115, 36.1842629697823)	(120, 36.33019964619661)	(125, 36.39539333549948)	(130, 36.128885519332826)	(135, 36.156229466767755)	(140, 36.22667605328712)	(145, 36.382382035452544)	(150, 36.23577746489043)	(155, 35.941810173652485)	(160, 36.23519621646991)	(165, 36.106682551716666)	(170, 36.11394996209249)	(175, 36.01110870428535)	(180, 36.03737319036789)	(185, 35.97741795732698)	(190, 35.66095165890465)	(195, 35.57192678436045)	(200, 35.430434311708005)	(205, 35.58185494061158)	(210, 35.63147767067403)	(215, 35.42154229394563)	(220, 35.49921676701922)	(225, 35.353234709739525)	(230, 35.059962812932085)	(235, 34.584686031616364)	(240, 33.99423141073727)	(245, 34.76317426881193)	(250, 36.130146341463416)
Fungus_99_1	(1, 36.289338268484244)	(2, 36.475507808973546)	(3, 35.780193193102825)	(4, 36.446510788119525)	(5, 36.5901056242665)	(6, 36.621269296741)	(7, 35.1657669043965)	(8, 36.29988263970389)	(9, 36.58557371129367)	(10, 36.13891125756071)	(15, 36.5136083777196)	(20, 36.42568565496073)	(25, 36.275594475038375)	(30, 36.01425295657669)	(35, 36.29014354066986)	(40, 36.50026180373747)	(45, 36.366431344226775)	(50, 36.33566128013)	(55, 36.43427642863591)	(60, 36.50555926694953)	(65, 36.38590954229485)	(70, 36.296849327435226)	(75, 36.45370046041347)	(80, 36.341601516656134)	(85, 36.50499232644218)	(90, 36.23774307122868)	(95, 36.0264656495441)	(100, 36.051533808792996)	(105, 36.38064096777106)	(110, 36.24383136228221)	(115, 35.99083145255936)	(120, 36.24286359122506)	(125, 36.133180464024555)	(130, 36.15947278143902)	(135, 36.16315970027986)	(140, 36.24949354518371)	(145, 35.8238403899973)	(150, 35.91895639613614)	(155, 35.35613252685745)	(160, 35.14292678523066)	(165, 35.53029520628329)	(170, 35.77117631127562)	(175, 35.846604676356414)	(180, 35.86233456712106)	(185, 35.913828653967684)	(190, 35.32194998645843)	(195, 35.51333032409498)	(200, 35.723885528572715)	(205, 35.89876320303331)	(210, 35.618044596912526)	(215, 35.373769071048116)	(220, 35.37375196754815)	(225, 35.480886304653595)	(230, 35.062145156403844)	(235, 35.10195534295552)	(240, 35.19665427865808)	(245, 35.44712254532056)	(250, 36.1593609176567)
Fungus_99_2	(1, 36.67886611898528)	(2, 36.71132978243207)	(3, 36.6955132256026)	(4, 36.63062200956938)	(5, 36.6885077186964)	(6, 36.67290782702898)	(7, 36.59758057235714)	(8, 36.44443441364991)	(9, 35.902952062832895)	(10, 36.45258824591495)	(15, 36.546548704522884)	(20, 36.40422135957389)	(25, 36.333169630766456)	(30, 36.463226505371495)	(35, 36.412432969215494)	(40, 36.422031235894195)	(45, 36.3978730703259)	(50, 36.4451638530288)	(55, 36.25298907646474)	(60, 36.351499503475665)	(65, 36.34601065270381)	(70, 36.21584183443171)	(75, 36.414245734404616)	(80, 36.121675543919835)	(85, 36.294603231922004)	(90, 36.337040714995034)	(95, 36.346841202491646)	(100, 36.3945292046583)	(105, 36.3946664259276)	(110, 36.250056874605036)	(115, 36.23512864493996)	(120, 36.32694411844362)	(125, 36.28364719689447)	(130, 36.2912701995125)	(135, 36.237006409677704)	(140, 36.136069332851854)	(145, 36.18962173873793)	(150, 36.119415004062475)	(155, 35.93812404080528)	(160, 36.178882368872436)	(165, 35.95286449399657)	(170, 36.045683849417706)	(175, 36.04676717522795)	(180, 36.053837681682765)	(185, 35.81800126388011)	(190, 35.803470253678796)	(195, 35.64875327254672)	(200, 35.35073756432247)	(205, 35.67972555746141)	(210, 35.55532003249978)	(215, 35.718656675995305)	(220, 35.70759512886074)	(225, 35.74053400424678)	(230, 35.64144103452857)	(235, 35.619125061344604)	(240, 35.20146324755313)	(245, 35.340390556921264)	(250, 36.231521075137444)
Fungus_B_1	(1, 36.510024890245276)	(2, 36.588185263473875)	(3, 36.84010206251329)	(4, 36.570061662768445)	(5, 36.71062275643832)	(6, 36.64438218408775)	(7, 36.471951570336834)	(8, 36.705169416267466)	(9, 36.71287413540794)	(10, 36.52129179122212)	(15, 36.58883316031069)	(20, 36.63536666208052)	(25, 36.52020112318795)	(30, 36.258723468124224)	(35, 36.401585971407485)	(40, 36.66176032820103)	(45, 36.454055609060546)	(50, 36.29211391977586)	(55, 36.587312228740096)	(60, 36.65664469487561)	(65, 36.39310077422421)	(70, 36.38391264649598)	(75, 36.6157446435942)	(80, 36.465750272041625)	(85, 36.57804155044965)	(90, 36.16621930932696)	(95, 35.93994571675151)	(100, 36.343642981326056)	(105, 36.47165138647422)	(110, 36.496621680779484)	(115, 36.42235619316832)	(120, 36.45939888181512)	(125, 36.34625708246301)	(130, 36.53226100986855)	(135, 36.485412315042964)	(140, 36.215772160448275)	(145, 35.51528060937324)	(150, 35.735145276481845)	(155, 36.28869932833861)	(160, 36.28702830483671)	(165, 36.187437305349526)	(170, 36.082157821665774)	(175, 36.21989718702706)	(180, 36.176875836449824)	(185, 36.08850170729572)	(190, 35.918370001626)	(195, 35.94085377293592)	(200, 35.82441495415942)	(205, 35.839619266800916)	(210, 35.623261747820536)	(215, 35.45837075208565)	(220, 35.48779401460881)	(225, 35.42065074133031)	(230, 35.257260299815876)	(235, 35.456285776983506)	(240, 35.37922893404452)	(245, 35.68252479731084)	(250, 36.29539812869964)
Fungus_B_2	(1, 36.74917136746257)	(2, 36.80252904904254)	(3, 36.81030881414867)	(4, 36.76207927355505)	(5, 36.79945216445073)	(6, 36.790196495353406)	(7, 36.74697001913672)	(8, 36.59445160160598)	(9, 36.031957073707645)	(10, 36.58996385285988)	(15, 36.59933959550225)	(20, 36.66069217395655)	(25, 36.626616302485274)	(30, 36.638913834723766)	(35, 36.56484846968768)	(40, 36.60218383760053)	(45, 36.65988167752749)	(50, 36.63284011457017)	(55, 36.65089617390652)	(60, 36.276569398756735)	(65, 36.26242823729534)	(70, 36.39370614501382)	(75, 36.6000650398369)	(80, 36.61790096434066)	(85, 36.52252754812322)	(90, 36.58423784568048)	(95, 36.5620892796838)	(100, 36.5122962814724)	(105, 36.494430338582376)	(110, 36.308143738039554)	(115, 36.28324598816776)	(120, 36.45645707996148)	(125, 36.315045465347524)	(130, 36.385898863053626)	(135, 36.347537866943505)	(140, 36.39663043614214)	(145, 36.25980663156183)	(150, 36.10026891471026)	(155, 36.22205350777351)	(160, 36.30374854598442)	(165, 36.23852109417018)	(170, 36.25401808607772)	(175, 36.286558016785285)	(180, 36.074235469224895)	(185, 35.87594151417743)	(190, 35.67964628334855)	(195, 35.306983027104096)	(200, 35.65205188177758)	(205, 35.739055171292414)	(210, 35.63399832397343)	(215, 35.57017673324911)	(220, 35.69270399135128)	(225, 35.63942830577768)	(230, 35.62435002274436)	(235, 34.91684246410066)	(240, 35.26735570616313)	(245, 35.657326067362305)	(250, 36.263179155726114)
Fungus_C_1	(1, 36.425467122824166)	(2, 36.53949396593857)	(3, 36.81425366868429)	(4, 36.50544506685715)	(5, 36.69302104089126)	(6, 36.63286840357407)	(7, 36.5833677957818)	(8, 36.645751093399504)	(9, 36.676829956013385)	(10, 36.554915598330766)	(15, 36.62573029061243)	(20, 36.548639673170676)	(25, 36.36497863328195)	(30, 35.89886837851047)	(35, 36.28585285161096)	(40, 36.64979635825908)	(45, 36.50379086933093)	(50, 36.36425680163414)	(55, 36.5824103663045)	(60, 36.648440417559556)	(65, 36.38354825369375)	(70, 36.378462849480556)	(75, 36.61140895021116)	(80, 36.4786119778939)	(85, 36.62639948870258)	(90, 36.25963632718022)	(95, 35.76259508502826)	(100, 36.348627141371225)	(105, 36.51669361003546)	(110, 36.45230021178741)	(115, 36.351614722357986)	(120, 36.473087960700276)	(125, 36.35618131007432)	(130, 36.48702582803865)	(135, 36.4294798050052)	(140, 36.12964146521799)	(145, 35.136180558166345)	(150, 35.48280511798689)	(155, 35.50342243442735)	(160, 35.56879331303181)	(165, 35.981485519505746)	(170, 35.88569244457811)	(175, 36.13700515056957)	(180, 36.150108400065164)	(185, 35.9284910460293)	(190, 35.881689787836635)	(195, 35.90991641289773)	(200, 36.00921588530897)	(205, 35.79565397195383)	(210, 35.84628745441559)	(215, 35.30094865721769)	(220, 35.573264177186424)	(225, 35.26916492222531)	(230, 35.31170426369441)	(235, 35.237279459320085)	(240, 35.55768374962166)	(245, 35.317475547965664)	(250, 36.49595617010175)
Fungus_C_2	(1, 36.750717445518)	(2, 36.796157750291364)	(3, 36.79843853778964)	(4, 36.77139491459579)	(5, 36.77791145030515)	(6, 36.7833251876637)	(7, 36.73720816572052)	(8, 36.64908455205083)	(9, 36.25197689136183)	(10, 36.607243380076945)	(15, 36.55070992643833)	(20, 36.60968457460807)	(25, 36.61857713949146)	(30, 36.63327694023585)	(35, 36.574730879607)	(40, 36.6348609596852)	(45, 36.636595360727846)	(50, 36.62112360113789)	(55, 36.620827850671084)	(60, 36.34399538829781)	(65, 36.10539493965938)	(70, 36.401523866812035)	(75, 36.59356366780706)	(80, 36.56674060428337)	(85, 36.571312204719476)	(90, 36.562910886374176)	(95, 36.51030239232051)	(100, 36.42185295186536)	(105, 36.51872376154492)	(110, 36.38184894168954)	(115, 36.25023246487963)	(120, 36.50246751130995)	(125, 36.455718886674944)	(130, 36.398939809767285)	(135, 36.20807047884005)	(140, 36.357680113287465)	(145, 36.485875408849964)	(150, 36.28930661553693)	(155, 36.345890196373304)	(160, 36.33117034474981)	(165, 36.28093537351028)	(170, 36.323939496472306)	(175, 36.21359950875346)	(180, 36.102322142436435)	(185, 36.17347268694313)	(190, 35.96215647204782)	(195, 35.51085128513604)	(200, 35.46251362833189)	(205, 35.66840858678898)	(210, 35.10639748361467)	(215, 35.56410391368097)	(220, 35.36900706491149)	(225, 35.50764785837457)	(230, 35.5120935108413)	(235, 35.329301552311776)	(240, 35.29620353148075)	(245, 35.78016577044149)	(250, 36.288036681950814)
Fungus_I_1	(1, 36.49615740856635)	(2, 36.55569880091121)	(3, 36.73696397726988)	(4, 36.5784164017323)	(5, 36.71942824242121)	(6, 36.702180389015446)	(7, 36.442185896312616)	(8, 36.68613412771923)	(9, 36.73915437955291)	(10, 36.51243898165069)	(15, 36.60114151250407)	(20, 36.60997822114301)	(25, 36.505529827020794)	(30, 36.16061531529276)	(35, 36.39308083210254)	(40, 36.63138658722808)	(45, 36.472072996720655)	(50, 36.40565999949934)	(55, 36.572328335043935)	(60, 36.63460334943801)	(65, 36.37075625203395)	(70, 36.43038025383633)	(75, 36.59032718351816)	(80, 36.370798808421156)	(85, 36.595253711167295)	(90, 36.19180914711993)	(95, 36.01211104713745)	(100, 36.32297794577816)	(105, 36.539655042931884)	(110, 36.50832853530928)	(115, 36.47382782186396)	(120, 36.53473352191654)	(125, 36.28726312363882)	(130, 36.47206548676998)	(135, 36.4259894360027)	(140, 36.34663429043483)	(145, 35.67092898089969)	(150, 35.422312063484114)	(155, 35.94515232683305)	(160, 36.047402808721564)	(165, 36.10538463464089)	(170, 35.997341477457624)	(175, 36.22292036948957)	(180, 36.0084161514006)	(185, 35.911587853906425)	(190, 35.64146994768068)	(195, 35.733689638771374)	(200, 35.600560742984456)	(205, 35.57935264225098)	(210, 35.65874283425539)	(215, 35.35640723959246)	(220, 35.09365974780227)	(225, 35.3048528441343)	(230, 35.15826017557005)	(235, 34.80670565488991)	(240, 34.88174365828984)	(245, 35.20951186874531)	(250, 36.08495856700427)
Fungus_I_2	(1, 36.70235562119809)	(2, 36.75918091471199)	(3, 36.74523743960748)	(4, 36.726487596064786)	(5, 36.7447868425664)	(6, 36.74603850101384)	(7, 36.69517110170977)	(8, 36.542268505770146)	(9, 35.96625528825694)	(10, 36.487626104588585)	(15, 36.55098505519813)	(20, 36.588034145242446)	(25, 36.522437229328865)	(30, 36.56991764087416)	(35, 36.47932510576514)	(40, 36.533609532630734)	(45, 36.54334743535184)	(50, 36.509249755926604)	(55, 36.47760282374146)	(60, 36.21610133426791)	(65, 36.20529952186647)	(70, 36.46269306831552)	(75, 36.4731268931334)	(80, 36.489939169399456)	(85, 36.463984779833275)	(90, 36.41117730993567)	(95, 36.40325431196335)	(100, 36.237109169649784)	(105, 36.2395023406013)	(110, 36.2942724109445)	(115, 36.02297293914437)	(120, 36.39590958019376)	(125, 36.28081708263449)	(130, 36.339024207074374)	(135, 36.211990887926504)	(140, 36.30640098130023)	(145, 36.177214809622754)	(150, 36.20500162715598)	(155, 36.09648784639647)	(160, 36.008731569329356)	(165, 36.003860114651914)	(170, 35.97712969684832)	(175, 36.204906501113975)	(180, 35.939277042080754)	(185, 35.97545247452875)	(190, 36.02288782636994)	(195, 35.76787243097104)	(200, 35.56754449645781)	(205, 35.60828347560518)	(210, 35.67324705234436)	(215, 35.348902295541585)	(220, 35.6235058393965)	(225, 35.56890235401648)	(230, 35.27555166634895)	(235, 35.269012362637184)	(240, 35.18144764300679)	(245, 35.33565185192767)	(250, 36.0023575093607)
Fungus_M6_1	(1, 36.47609896386287)	(2, 36.60013976428216)	(3, 36.784306083777935)	(4, 36.48980661461343)	(5, 36.72479875287256)	(6, 36.65703995377027)	(7, 36.558721156818216)	(8, 36.639058741315125)	(9, 36.68424023329884)	(10, 36.49059144481326)	(15, 36.580395371652045)	(20, 36.643171036540295)	(25, 36.49857951109379)	(30, 36.22137855962156)	(35, 36.36746180000269)	(40, 36.626740670062226)	(45, 36.41762642620043)	(50, 36.34735724556853)	(55, 36.56761231538348)	(60, 36.59014661810754)	(65, 36.36273400438107)	(70, 36.368458964400425)	(75, 36.56675760304256)	(80, 36.4193896063754)	(85, 36.545631694238764)	(90, 36.305898321484726)	(95, 35.84543951835079)	(100, 36.34253806560858)	(105, 36.470207361814786)	(110, 36.28890621010334)	(115, 36.2241308408703)	(120, 36.373353402050775)	(125, 36.358963056537334)	(130, 36.44089986695516)	(135, 36.36508043165661)	(140, 36.19253604977759)	(145, 35.619357353079515)	(150, 35.85477684750911)	(155, 35.99498192471543)	(160, 36.11213127091425)	(165, 36.106782599346865)	(170, 36.03311607154856)	(175, 35.88852992165137)	(180, 35.994154090121086)	(185, 35.990348201206814)	(190, 35.7014527422021)	(195, 35.74614237142358)	(200, 35.64365752375321)	(205, 35.499909959548994)	(210, 35.52177769415813)	(215, 35.4688070312185)	(220, 35.410471276673675)	(225, 35.36960245433473)	(230, 35.3272429004443)	(235, 34.86268892388678)	(240, 35.09079618051963)	(245, 35.319971833916796)	(250, 35.70665163472379)
Fungus_M6_2	(1, 36.741167300533526)	(2, 36.79786590692236)	(3, 36.793632661837634)	(4, 36.75957855693379)	(5, 36.79704613565199)	(6, 36.78422545053823)	(7, 36.73353402050772)	(8, 36.59081318622247)	(9, 35.96657752214055)	(10, 36.52290387173939)	(15, 36.56911746919138)	(20, 36.58858770880649)	(25, 36.58868984424346)	(30, 36.6414212952386)	(35, 36.53355821047963)	(40, 36.57364099393907)	(45, 36.580459878243815)	(50, 36.565300829178476)	(55, 36.56791872169437)	(60, 36.23759390412708)	(65, 36.248879869911704)	(70, 36.27252153579444)	(75, 36.50811573557673)	(80, 36.56278507209955)	(85, 36.52621521011679)	(90, 36.56247060246469)	(95, 36.575691766002336)	(100, 36.571197806775885)	(105, 36.482248592278026)	(110, 36.45546491782129)	(115, 36.35452016502936)	(120, 36.501189340285705)	(125, 36.57561113276263)	(130, 36.388418379003106)	(135, 36.32819341226432)	(140, 36.44026555213611)	(145, 36.414946714867426)	(150, 36.37982825119942)	(155, 36.38832699466477)	(160, 36.35110937898967)	(165, 36.292894867694294)	(170, 36.39351708752738)	(175, 36.41886549031729)	(180, 36.22012605663141)	(185, 36.30878767924097)	(190, 36.29643197914287)	(195, 35.97085108384513)	(200, 35.71753638574942)	(205, 35.71942320355861)	(210, 35.644084879923675)	(215, 35.4371235435621)	(220, 35.52044474676454)	(225, 35.72977338669013)	(230, 35.665818351047065)	(235, 35.51321042344979)	(240, 35.16880680025175)	(245, 35.32829925984055)	(250, 35.786034836844905)
Fungus_Q_1	(1, 36.41766772084651)	(2, 36.444443055538194)	(3, 36.79444743059288)	(4, 36.48461855773197)	(5, 36.70002125026563)	(6, 36.6383954799435)	(7, 36.563469543369294)	(8, 36.65144564307054)	(9, 36.71597144964312)	(10, 36.52135901698771)	(15, 36.60869010862636)	(20, 36.61254015675196)	(25, 36.442048025600315)	(30, 36.10923386542332)	(35, 36.35783697296216)	(40, 36.63525794072426)	(45, 36.49613870173377)	(50, 36.38598232477906)	(55, 36.56614457680721)	(60, 36.651210640133)	(65, 36.40062750784384)	(70, 36.35063188289854)	(75, 36.627115338941735)	(80, 36.48691108638858)	(85, 36.60866010825136)	(90, 36.19702496281203)	(95, 35.654483181039765)	(100, 36.32423655295692)	(105, 36.46554331929149)	(110, 36.494128676608454)	(115, 36.35671195889948)	(120, 36.44780559756997)	(125, 36.23318541481769)	(130, 36.55891448643108)	(135, 36.362362029525364)	(140, 36.373284666058325)	(145, 34.977284716058946)	(150, 35.494803685046065)	(155, 36.33254165677071)	(160, 36.30361629520369)	(165, 36.08622857785723)	(170, 35.630712883911045)	(175, 35.830455380692264)	(180, 35.749639370492126)	(185, 35.471290891136135)	(190, 35.543474293428666)	(195, 35.8051250640633)	(200, 35.53549669370867)	(205, 35.6899086238578)	(210, 35.319883998549976)	(215, 35.2381029762872)	(220, 34.72041849867494)	(225, 34.473991019636756)	(230, 34.51276352595238)	(235, 35.03494226354051)	(240, 35.072808957938264)	(245, 35.58082890074896)	(250, 36.40764821627171)
Fungus_Q_2	(1, 36.742121776522204)	(2, 36.8070100876261)	(3, 36.80184752309404)	(4, 36.746246828085354)	(5, 36.796597457468216)	(6, 36.782372279653494)	(7, 36.73559669495869)	(8, 36.69129614120177)	(9, 36.43674295928699)	(10, 36.61351016887711)	(15, 36.51498393729922)	(20, 36.561844523056536)	(25, 36.60883011037638)	(30, 36.65460818260228)	(35, 36.567787097338716)	(40, 36.62933786672333)	(45, 36.65903573794672)	(50, 36.63128039100489)	(55, 36.60696008700109)	(60, 36.11766647083088)	(65, 36.04470305878824)	(70, 36.29119113988925)	(75, 36.52478905986325)	(80, 36.631315391442385)	(85, 36.59304491306141)	(90, 36.59418242728034)	(95, 36.643675545944326)	(100, 36.5373142164277)	(105, 36.48136851710647)	(110, 36.33271415892699)	(115, 36.421657770722135)	(120, 36.57355216940212)	(125, 36.426072825910325)	(130, 36.52366154576932)	(135, 36.42403280041)	(140, 36.34446680583507)	(145, 36.52468405855073)	(150, 36.408262603282544)	(155, 36.24632557906973)	(160, 36.26007575094688)	(165, 36.40225502818786)	(170, 36.47271340891761)	(175, 36.2345454318179)	(180, 36.1593519918999)	(185, 35.909221365267065)	(190, 35.733411667645846)	(195, 35.453110663883294)	(200, 35.17781972274654)	(205, 35.48204852560657)	(210, 35.25739321741521)	(215, 35.548779359742)	(220, 35.65635740825793)	(225, 35.64802135463914)	(230, 35.84092122541874)	(235, 35.5070328640314)	(240, 35.21901039898069)	(245, 35.71609857692316)	(250, 36.04399811916437)
Fungus_R_1	(1, 36.50059245400686)	(2, 36.54785157468039)	(3, 36.76982850015591)	(4, 36.594736513875894)	(5, 36.74732772061116)	(6, 36.70409728718428)	(7, 36.470358590583096)	(8, 36.69197380729654)	(9, 36.752192079825384)	(10, 36.51745806049267)	(15, 36.60292360461491)	(20, 36.48133956969129)	(25, 36.5052073589024)	(30, 36.17795073277206)	(35, 36.345147489865916)	(40, 36.65853695042095)	(45, 36.425995634549416)	(50, 36.3854917368257)	(55, 36.5721309635173)	(60, 36.656042407234175)	(65, 36.39093732460243)	(70, 36.38279513564079)	(75, 36.60925974430932)	(80, 36.465736202058)	(85, 36.58528219519801)	(90, 36.170933582787654)	(95, 35.862203928905515)	(100, 36.338417212347984)	(105, 36.46613782351106)	(110, 36.42488306828811)	(115, 36.34297723729342)	(120, 36.460981602744)	(125, 36.36321047708138)	(130, 36.44768319301528)	(135, 36.35747053320861)	(140, 36.220477705020265)	(145, 35.52111007171812)	(150, 35.918241347053325)	(155, 35.96380168381664)	(160, 35.79965575304023)	(165, 35.79126909884628)	(170, 35.616346741502966)	(175, 35.94889429373246)	(180, 35.85694543186779)	(185, 35.76216775802931)	(190, 35.49954724041161)	(195, 35.370559401309634)	(200, 35.545945743685685)	(205, 35.68466230121609)	(210, 35.25880885562831)	(215, 35.22393514187714)	(220, 35.117063161746316)	(225, 35.07795120601615)	(230, 34.98453452870515)	(235, 35.10906642015664)	(240, 35.28924959113063)	(245, 35.51090372143757)	(250, 36.23861930965483)
Fungus_R_2	(1, 36.725724976613655)	(2, 36.79876520112254)	(3, 36.79030869971936)	(4, 36.759925163704395)	(5, 36.77337075148114)	(6, 36.76858122856252)	(7, 36.72896788275647)	(8, 36.6223012160898)	(9, 36.0808107265357)	(10, 36.546147801683816)	(15, 36.59881259744309)	(20, 36.596203305269725)	(25, 36.60073838478329)	(30, 36.62864733395698)	(35, 36.50523230433427)	(40, 36.576284377923294)	(45, 36.59790957280948)	(50, 36.58599064546305)	(55, 36.54779918927346)	(60, 36.29492984097287)	(65, 36.25538384783287)	(70, 36.25515434985969)	(75, 36.53859931400063)	(80, 36.52539819145618)	(85, 36.496920486435926)	(90, 36.50034299968818)	(95, 36.51133146242594)	(100, 36.49728468974119)	(105, 36.46995946367322)	(110, 36.31270096663549)	(115, 36.22479575927658)	(120, 36.31250888681011)	(125, 36.298514499532274)	(130, 36.32704708450265)	(135, 36.29304895541004)	(140, 36.37306142812598)	(145, 36.2299245400686)	(150, 36.20269410664172)	(155, 36.17355784222015)	(160, 36.1702650452136)	(165, 36.149567820392896)	(170, 36.19823885251013)	(175, 36.18454381041472)	(180, 35.90229622700343)	(185, 35.88893046460866)	(190, 35.879760523854074)	(195, 35.44633863423761)	(200, 35.49594761459308)	(205, 35.68814717804802)	(210, 35.41513938260056)	(215, 35.283377611474904)	(220, 35.50882697860669)	(225, 35.52871214789219)	(230, 35.4011713362943)	(235, 35.02500969308369)	(240, 34.82689933579647)	(245, 35.24558675155453)	(250, 36.179079328705264)
