Sample	0	1	2	3	4	5	6	7	8	9	10	11	12	13	14	15	16	17	18	19	20	21	22	23	24	25	26	27	28	29	30	31	32	33	34	35	36	37	38	39	40	41	42	43	44	45	46	47	48	49	50	51	52	53	54	55	56	57	58	59	60	61	62	63	64	65	66	67	68	69	70	71	72	73	74	75	76	77	78	79	80	81	82	83	84	85	86	87	88	89	90	91	92	93	94	95	96	97	98	99	100
Fungus_006R_1	(0.0, 0.0)	(1.0, 0.0)	(2.0, 0.0)	(3.0, 0.0)	(4.0, 0.0)	(5.0, 0.0)	(6.0, 0.0)	(7.0, 0.0)	(8.0, 0.0)	(9.0, 0.0)	(10.0, 0.0)	(11.0, 0.0)	(12.0, 0.0)	(13.0, 0.0)	(14.0, 0.0)	(15.0, 0.0)	(16.0, 0.0)	(17.0, 0.0)	(18.0, 0.0)	(19.0, 0.0)	(20.0, 0.0)	(21.0, 0.0)	(22.0, 0.0)	(23.0, 0.0)	(24.0, 0.0)	(25.0, 0.0)	(26.0, 0.0)	(27.0, 1.3333333333333333)	(28.0, 1.0)	(29.0, 0.3333333333333333)	(30.0, 0.0)	(31.0, 0.6666666666666666)	(32.0, 1.0)	(33.0, 5.999999999999998)	(34.0, 3.0)	(35.0, 7.33333333333333)	(36.0, 144.99999999999974)	(37.0, 510.3333333333218)	(38.0, 373.9999999999962)	(39.0, 185.00000000000088)	(40.0, 240.66666666666913)	(41.0, 213.00000000000168)	(42.0, 392.9999999999951)	(43.0, 808.3333333333553)	(44.0, 2063.999999999821)	(45.0, 1422.9999999999557)	(46.0, 1421.3333333332894)	(47.0, 2601.000000000065)	(48.0, 1467.333333333279)	(49.0, 1358.666666666637)	(50.0, 1264.6666666666583)	(51.0, 1495.3333333332725)	(52.0, 1454.6666666666151)	(53.0, 2201.3333333332166)	(54.0, 2858.000000000182)	(55.0, 1123.0000000000239)	(56.0, 1603.9999999999145)	(57.0, 2007.3333333331561)	(58.0, 2699.333333333443)	(59.0, 1959.6666666665003)	(60.0, 4021.3333333340443)	(61.0, 2909.000000000205)	(62.0, 163.00000000000026)	(63.0, 502.33333333332223)	(64.0, 264.6666666666691)	(65.0, 111.66666666666616)	(66.0, 18.000000000000004)	(67.0, 1.0)	(68.0, 0.6666666666666666)	(69.0, 0.6666666666666666)	(70.0, 0.3333333333333333)	(71.0, 0.0)	(72.0, 0.0)	(73.0, 0.0)	(74.0, 0.0)	(75.0, 0.3333333333333333)	(76.0, 4.0)	(77.0, 0.3333333333333333)	(78.0, 0.0)	(79.0, 0.0)	(80.0, 0.0)	(81.0, 0.0)	(82.0, 0.0)	(83.0, 0.0)	(84.0, 0.0)	(85.0, 0.0)	(86.0, 0.0)	(87.0, 0.0)	(88.0, 0.0)	(89.0, 0.0)	(90.0, 0.0)	(91.0, 0.0)	(92.0, 0.0)	(93.0, 0.0)	(94.0, 0.0)	(95.0, 0.0)	(96.0, 0.0)	(97.0, 0.0)	(98.0, 0.0)	(99.0, 0.0)	(100.0, 0.0)
Fungus_006R_2	(0.0, 0.0)	(1.0, 0.0)	(2.0, 0.0)	(3.0, 0.0)	(4.0, 0.0)	(5.0, 0.0)	(6.0, 0.0)	(7.0, 0.0)	(8.0, 0.0)	(9.0, 0.0)	(10.0, 0.0)	(11.0, 0.0)	(12.0, 0.0)	(13.0, 0.0)	(14.0, 0.0)	(15.0, 0.0)	(16.0, 0.3333333333333333)	(17.0, 0.0)	(18.0, 0.0)	(19.0, 0.0)	(20.0, 0.0)	(21.0, 0.0)	(22.0, 0.0)	(23.0, 0.0)	(24.0, 0.0)	(25.0, 0.0)	(26.0, 0.0)	(27.0, 0.0)	(28.0, 0.3333333333333333)	(29.0, 0.3333333333333333)	(30.0, 1.6666666666666665)	(31.0, 2.333333333333333)	(32.0, 4.999999999999999)	(33.0, 3.666666666666667)	(34.0, 14.333333333333341)	(35.0, 378.9999999999959)	(36.0, 507.33333333332195)	(37.0, 335.99999999999835)	(38.0, 434.9999999999927)	(39.0, 529.9999999999903)	(40.0, 1323.9999999999782)	(41.0, 1204.3333333333387)	(42.0, 565.3333333333277)	(43.0, 714.0000000000113)	(44.0, 776.0000000000183)	(45.0, 959.3333333333725)	(46.0, 690.3333333333419)	(47.0, 741.3333333333477)	(48.0, 1849.9999999998586)	(49.0, 1846.666666666526)	(50.0, 1822.6666666665315)	(51.0, 1232.3333333333323)	(52.0, 1238.6666666666642)	(53.0, 920.6666666667014)	(54.0, 2040.3333333331486)	(55.0, 1072.3333333333687)	(56.0, 1070.3333333333692)	(57.0, 797.0000000000207)	(58.0, 1629.6666666665753)	(59.0, 1818.9999999998656)	(60.0, 1594.33333333325)	(61.0, 1346.999999999973)	(62.0, 1005.3333333333777)	(63.0, 1125.0000000000234)	(64.0, 502.99999999998886)	(65.0, 1534.3333333332637)	(66.0, 230.66666666666885)	(67.0, 24.99999999999998)	(68.0, 34.3333333333333)	(69.0, 283.3333333333347)	(70.0, 283.3333333333347)	(71.0, 494.3333333333227)	(72.0, 3066.6666666669435)	(73.0, 2621.000000000074)	(74.0, 272.6666666666686)	(75.0, 37.99999999999999)	(76.0, 5.333333333333332)	(77.0, 1.3333333333333333)	(78.0, 0.3333333333333333)	(79.0, 0.0)	(80.0, 0.0)	(81.0, 0.0)	(82.0, 0.0)	(83.0, 0.0)	(84.0, 0.3333333333333333)	(85.0, 0.3333333333333333)	(86.0, 0.0)	(87.0, 0.0)	(88.0, 0.0)	(89.0, 0.0)	(90.0, 0.0)	(91.0, 0.0)	(92.0, 0.0)	(93.0, 0.0)	(94.0, 0.0)	(95.0, 0.0)	(96.0, 0.0)	(97.0, 0.0)	(98.0, 0.0)	(99.0, 0.0)	(100.0, 0.0)
Fungus_034R_1	(0.0, 0.0)	(1.0, 0.0)	(2.0, 0.0)	(3.0, 0.0)	(4.0, 0.0)	(5.0, 0.0)	(6.0, 0.0)	(7.0, 0.0)	(8.0, 0.0)	(9.0, 0.0)	(10.0, 0.0)	(11.0, 0.0)	(12.0, 0.0)	(13.0, 0.0)	(14.0, 0.0)	(15.0, 0.0)	(16.0, 0.0)	(17.0, 0.0)	(18.0, 0.0)	(19.0, 0.0)	(20.0, 0.0)	(21.0, 0.0)	(22.0, 0.0)	(23.0, 0.0)	(24.0, 0.0)	(25.0, 0.0)	(26.0, 0.0)	(27.0, 0.0)	(28.0, 0.0)	(29.0, 0.0)	(30.0, 0.0)	(31.0, 0.0)	(32.0, 0.3333333333333333)	(33.0, 0.6666666666666666)	(34.0, 0.6666666666666666)	(35.0, 4.0)	(36.0, 81.66666666666659)	(37.0, 87.33333333333317)	(38.0, 31.33333333333329)	(39.0, 97.99999999999969)	(40.0, 82.33333333333324)	(41.0, 25.999999999999975)	(42.0, 158.6666666666668)	(43.0, 427.3333333333265)	(44.0, 1921.666666666509)	(45.0, 3171.0000000003242)	(46.0, 2095.666666666502)	(47.0, 608.3333333333326)	(48.0, 1084.0000000000327)	(49.0, 3633.0000000005343)	(50.0, 1828.66666666653)	(51.0, 1450.666666666616)	(52.0, 4789.000000000115)	(53.0, 6042.999999998974)	(54.0, 2717.3333333334513)	(55.0, 699.6666666666763)	(56.0, 880.0000000000301)	(57.0, 981.6666666667084)	(58.0, 1148.0000000000182)	(59.0, 1552.3333333332596)	(60.0, 963.6666666667063)	(61.0, 1574.999999999921)	(62.0, 2429.9999999999873)	(63.0, 548.6666666666591)	(64.0, 137.99999999999955)	(65.0, 55.000000000000114)	(66.0, 49.33333333333341)	(67.0, 6.666666666666664)	(68.0, 11.66666666666667)	(69.0, 71.66666666666673)	(70.0, 27.666666666666636)	(71.0, 3.666666666666667)	(72.0, 0.6666666666666666)	(73.0, 0.0)	(74.0, 0.0)	(75.0, 0.0)	(76.0, 0.0)	(77.0, 0.0)	(78.0, 0.0)	(79.0, 0.0)	(80.0, 0.0)	(81.0, 0.0)	(82.0, 0.0)	(83.0, 0.0)	(84.0, 0.0)	(85.0, 0.0)	(86.0, 0.0)	(87.0, 0.0)	(88.0, 0.0)	(89.0, 0.0)	(90.0, 0.0)	(91.0, 0.0)	(92.0, 0.0)	(93.0, 0.0)	(94.0, 0.0)	(95.0, 0.0)	(96.0, 0.0)	(97.0, 0.0)	(98.0, 0.0)	(99.0, 0.0)	(100.0, 0.0)
Fungus_034R_2	(0.0, 0.0)	(1.0, 0.0)	(2.0, 0.0)	(3.0, 0.0)	(4.0, 0.0)	(5.0, 0.0)	(6.0, 0.0)	(7.0, 0.0)	(8.0, 0.0)	(9.0, 0.0)	(10.0, 0.0)	(11.0, 0.0)	(12.0, 0.0)	(13.0, 0.0)	(14.0, 0.0)	(15.0, 0.0)	(16.0, 0.0)	(17.0, 0.0)	(18.0, 0.0)	(19.0, 0.3333333333333333)	(20.0, 0.3333333333333333)	(21.0, 0.3333333333333333)	(22.0, 0.0)	(23.0, 0.3333333333333333)	(24.0, 0.6666666666666666)	(25.0, 1.3333333333333333)	(26.0, 6.999999999999997)	(27.0, 9.666666666666666)	(28.0, 1.6666666666666665)	(29.0, 0.0)	(30.0, 1.0)	(31.0, 45.666666666666714)	(32.0, 47.66666666666673)	(33.0, 3.0)	(34.0, 5.333333333333332)	(35.0, 78.66666666666663)	(36.0, 20.999999999999993)	(37.0, 4.999999999999999)	(38.0, 14.333333333333341)	(39.0, 193.0000000000011)	(40.0, 1519.6666666666003)	(41.0, 345.9999999999978)	(42.0, 304.3333333333335)	(43.0, 401.9999999999946)	(44.0, 428.99999999999307)	(45.0, 1876.333333333186)	(46.0, 1465.9999999999459)	(47.0, 580.6666666666628)	(48.0, 1223.3333333333344)	(49.0, 2317.666666666603)	(50.0, 2771.333333333476)	(51.0, 1519.6666666666003)	(52.0, 2321.999999999938)	(53.0, 1444.9999999999507)	(54.0, 1036.0000000000437)	(55.0, 1962.3333333331664)	(56.0, 857.6666666666943)	(57.0, 411.99999999999403)	(58.0, 763.0000000000168)	(59.0, 1946.33333333317)	(60.0, 4501.33333333371)	(61.0, 1383.6666666666313)	(62.0, 788.6666666666864)	(63.0, 753.6666666666824)	(64.0, 416.66666666666043)	(65.0, 634.3333333333355)	(66.0, 135.3333333333328)	(67.0, 624.6666666666678)	(68.0, 1048.000000000041)	(69.0, 1815.666666666533)	(70.0, 429.999999999993)	(71.0, 23.66666666666665)	(72.0, 5.999999999999998)	(73.0, 5.666666666666665)	(74.0, 29.66666666666663)	(75.0, 16.00000000000001)	(76.0, 0.3333333333333333)	(77.0, 0.0)	(78.0, 0.0)	(79.0, 0.0)	(80.0, 0.0)	(81.0, 0.0)	(82.0, 0.0)	(83.0, 0.0)	(84.0, 0.0)	(85.0, 0.0)	(86.0, 0.0)	(87.0, 0.0)	(88.0, 0.0)	(89.0, 0.0)	(90.0, 0.0)	(91.0, 0.0)	(92.0, 0.0)	(93.0, 0.0)	(94.0, 0.0)	(95.0, 0.0)	(96.0, 0.0)	(97.0, 0.0)	(98.0, 0.0)	(99.0, 0.0)	(100.0, 0.0)
Fungus_044R_1	(0.0, 0.0)	(1.0, 0.0)	(2.0, 0.0)	(3.0, 0.0)	(4.0, 0.0)	(5.0, 0.0)	(6.0, 0.0)	(7.0, 0.0)	(8.0, 0.0)	(9.0, 0.0)	(10.0, 0.0)	(11.0, 0.0)	(12.0, 0.0)	(13.0, 0.0)	(14.0, 0.0)	(15.0, 0.0)	(16.0, 0.0)	(17.0, 0.0)	(18.0, 0.0)	(19.0, 0.0)	(20.0, 0.0)	(21.0, 0.0)	(22.0, 0.0)	(23.0, 0.0)	(24.0, 0.0)	(25.0, 0.0)	(26.0, 0.0)	(27.0, 0.0)	(28.0, 0.0)	(29.0, 0.3333333333333333)	(30.0, 0.3333333333333333)	(31.0, 0.0)	(32.0, 0.6666666666666666)	(33.0, 1.3333333333333333)	(34.0, 1.3333333333333333)	(35.0, 5.333333333333332)	(36.0, 13.33333333333334)	(37.0, 12.666666666666671)	(38.0, 61.66666666666683)	(39.0, 234.00000000000227)	(40.0, 30.666666666666625)	(41.0, 60.00000000000015)	(42.0, 316.99999999999943)	(43.0, 186.0000000000009)	(44.0, 335.99999999999835)	(45.0, 143.99999999999972)	(46.0, 834.0000000000249)	(47.0, 700.333333333343)	(48.0, 1456.6666666666147)	(49.0, 751.0000000000155)	(50.0, 725.6666666666792)	(51.0, 981.0000000000416)	(52.0, 1963.6666666664994)	(53.0, 9263.3333333323)	(54.0, 1924.6666666665083)	(55.0, 571.9999999999951)	(56.0, 1202.6666666666724)	(57.0, 893.0000000000316)	(58.0, 868.0000000000288)	(59.0, 482.33333333332337)	(60.0, 486.33333333332314)	(61.0, 299.00000000000045)	(62.0, 558.3333333333269)	(63.0, 516.9999999999889)	(64.0, 213.66666666666836)	(65.0, 154.66666666666669)	(66.0, 200.666666666668)	(67.0, 328.99999999999875)	(68.0, 465.33333333332433)	(69.0, 329.9999999999987)	(70.0, 5.333333333333332)	(71.0, 1.3333333333333333)	(72.0, 0.3333333333333333)	(73.0, 0.6666666666666666)	(74.0, 0.0)	(75.0, 0.3333333333333333)	(76.0, 0.6666666666666666)	(77.0, 0.0)	(78.0, 0.0)	(79.0, 0.0)	(80.0, 0.0)	(81.0, 0.0)	(82.0, 0.0)	(83.0, 0.0)	(84.0, 0.0)	(85.0, 0.0)	(86.0, 0.0)	(87.0, 0.0)	(88.0, 0.0)	(89.0, 0.0)	(90.0, 0.0)	(91.0, 0.0)	(92.0, 0.0)	(93.0, 0.0)	(94.0, 0.0)	(95.0, 0.0)	(96.0, 0.0)	(97.0, 0.0)	(98.0, 0.0)	(99.0, 0.0)	(100.0, 0.0)
Fungus_044R_2	(0.0, 0.0)	(1.0, 0.0)	(2.0, 0.0)	(3.0, 0.0)	(4.0, 0.0)	(5.0, 0.0)	(6.0, 0.0)	(7.0, 0.0)	(8.0, 0.0)	(9.0, 0.0)	(10.0, 0.0)	(11.0, 0.0)	(12.0, 0.0)	(13.0, 0.0)	(14.0, 0.0)	(15.0, 0.0)	(16.0, 0.0)	(17.0, 0.0)	(18.0, 0.0)	(19.0, 0.0)	(20.0, 0.0)	(21.0, 0.0)	(22.0, 0.0)	(23.0, 0.0)	(24.0, 0.0)	(25.0, 0.0)	(26.0, 0.0)	(27.0, 0.3333333333333333)	(28.0, 0.3333333333333333)	(29.0, 0.0)	(30.0, 0.3333333333333333)	(31.0, 0.3333333333333333)	(32.0, 1.0)	(33.0, 1.9999999999999998)	(34.0, 40.66666666666668)	(35.0, 38.666666666666664)	(36.0, 25.999999999999975)	(37.0, 151.99999999999994)	(38.0, 274.6666666666685)	(39.0, 305.0000000000001)	(40.0, 229.66666666666882)	(41.0, 378.6666666666626)	(42.0, 457.6666666666581)	(43.0, 391.66666666666185)	(44.0, 101.6666666666663)	(45.0, 277.333333333335)	(46.0, 152.99999999999997)	(47.0, 1292.666666666652)	(48.0, 563.9999999999942)	(49.0, 1187.0000000000093)	(50.0, 737.0000000000139)	(51.0, 1080.0000000000337)	(52.0, 7699.333333330801)	(53.0, 7281.999999997847)	(54.0, 998.0000000000435)	(55.0, 1048.6666666667074)	(56.0, 1051.3333333333735)	(57.0, 1491.6666666666067)	(58.0, 1322.9999999999784)	(59.0, 715.0000000000114)	(60.0, 422.3333333333268)	(61.0, 472.33333333332394)	(62.0, 599.9999999999983)	(63.0, 300.3333333333337)	(64.0, 118.33333333333273)	(65.0, 88.33333333333316)	(66.0, 263.66666666666913)	(67.0, 109.99999999999952)	(68.0, 181.00000000000077)	(69.0, 360.6666666666636)	(70.0, 18.000000000000004)	(71.0, 1.6666666666666665)	(72.0, 2.6666666666666665)	(73.0, 0.6666666666666666)	(74.0, 0.6666666666666666)	(75.0, 0.0)	(76.0, 0.0)	(77.0, 0.3333333333333333)	(78.0, 0.3333333333333333)	(79.0, 0.0)	(80.0, 0.0)	(81.0, 0.0)	(82.0, 0.0)	(83.0, 0.0)	(84.0, 0.0)	(85.0, 0.0)	(86.0, 0.0)	(87.0, 0.0)	(88.0, 0.0)	(89.0, 0.0)	(90.0, 0.0)	(91.0, 0.0)	(92.0, 0.0)	(93.0, 0.0)	(94.0, 0.0)	(95.0, 0.0)	(96.0, 0.0)	(97.0, 0.0)	(98.0, 0.0)	(99.0, 0.0)	(100.0, 0.0)
Fungus_049R_1	(0.0, 0.0)	(1.0, 0.0)	(2.0, 0.0)	(3.0, 0.0)	(4.0, 0.0)	(5.0, 0.0)	(6.0, 0.0)	(7.0, 0.0)	(8.0, 0.0)	(9.0, 0.0)	(10.0, 0.0)	(11.0, 0.0)	(12.0, 0.0)	(13.0, 0.0)	(14.0, 0.0)	(15.0, 0.0)	(16.0, 0.0)	(17.0, 0.0)	(18.0, 0.0)	(19.0, 0.0)	(20.0, 0.0)	(21.0, 0.0)	(22.0, 0.0)	(23.0, 0.0)	(24.0, 0.0)	(25.0, 0.0)	(26.0, 0.0)	(27.0, 0.0)	(28.0, 0.0)	(29.0, 0.0)	(30.0, 0.6666666666666666)	(31.0, 1.0)	(32.0, 0.0)	(33.0, 0.3333333333333333)	(34.0, 1.0)	(35.0, 3.0)	(36.0, 4.666666666666666)	(37.0, 3.0)	(38.0, 2.333333333333333)	(39.0, 8.666666666666664)	(40.0, 5.999999999999998)	(41.0, 16.00000000000001)	(42.0, 39.66666666666667)	(43.0, 93.66666666666642)	(44.0, 459.666666666658)	(45.0, 12036.333333337345)	(46.0, 10709.333333334931)	(47.0, 184.3333333333342)	(48.0, 94.6666666666664)	(49.0, 24.333333333333314)	(50.0, 79.33333333333329)	(51.0, 351.99999999999744)	(52.0, 343.9999999999979)	(53.0, 832.333333333358)	(54.0, 3721.6666666672413)	(55.0, 340.33333333333144)	(56.0, 33.33333333333329)	(57.0, 28.666666666666632)	(58.0, 3.666666666666667)	(59.0, 1.0)	(60.0, 1.9999999999999998)	(61.0, 8.666666666666664)	(62.0, 1.3333333333333333)	(63.0, 2.333333333333333)	(64.0, 3.0)	(65.0, 0.3333333333333333)	(66.0, 0.6666666666666666)	(67.0, 0.0)	(68.0, 0.0)	(69.0, 0.0)	(70.0, 0.0)	(71.0, 0.0)	(72.0, 0.0)	(73.0, 0.0)	(74.0, 0.0)	(75.0, 0.0)	(76.0, 0.0)	(77.0, 0.0)	(78.0, 0.0)	(79.0, 0.0)	(80.0, 0.0)	(81.0, 0.0)	(82.0, 0.0)	(83.0, 0.0)	(84.0, 0.0)	(85.0, 0.0)	(86.0, 0.0)	(87.0, 0.0)	(88.0, 0.0)	(89.0, 0.0)	(90.0, 0.0)	(91.0, 0.0)	(92.0, 0.0)	(93.0, 0.0)	(94.0, 0.0)	(95.0, 0.0)	(96.0, 0.0)	(97.0, 0.0)	(98.0, 0.0)	(99.0, 0.0)	(100.0, 0.0)
Fungus_049R_2	(0.0, 0.0)	(1.0, 0.0)	(2.0, 0.0)	(3.0, 0.0)	(4.0, 0.0)	(5.0, 0.0)	(6.0, 0.0)	(7.0, 0.0)	(8.0, 0.0)	(9.0, 0.0)	(10.0, 0.0)	(11.0, 0.0)	(12.0, 0.0)	(13.0, 0.0)	(14.0, 0.0)	(15.0, 0.0)	(16.0, 0.0)	(17.0, 0.0)	(18.0, 0.0)	(19.0, 0.0)	(20.0, 0.0)	(21.0, 0.0)	(22.0, 0.0)	(23.0, 0.0)	(24.0, 0.0)	(25.0, 0.0)	(26.0, 0.0)	(27.0, 0.3333333333333333)	(28.0, 0.6666666666666666)	(29.0, 0.6666666666666666)	(30.0, 0.6666666666666666)	(31.0, 1.0)	(32.0, 1.6666666666666665)	(33.0, 1.3333333333333333)	(34.0, 5.333333333333332)	(35.0, 11.000000000000002)	(36.0, 7.666666666666663)	(37.0, 10.0)	(38.0, 20.66666666666666)	(39.0, 42.33333333333336)	(40.0, 83.66666666666656)	(41.0, 261.66666666666924)	(42.0, 11300.333333336006)	(43.0, 11462.000000002967)	(44.0, 899.0000000000323)	(45.0, 750.3333333333487)	(46.0, 24.333333333333314)	(47.0, 19.333333333333332)	(48.0, 76.0)	(49.0, 86.33333333333319)	(50.0, 75.66666666666667)	(51.0, 11.66666666666667)	(52.0, 18.000000000000004)	(53.0, 317.9999999999994)	(54.0, 300.3333333333337)	(55.0, 18.000000000000004)	(56.0, 13.000000000000005)	(57.0, 33.66666666666663)	(58.0, 442.66666666665895)	(59.0, 3791.666666667273)	(60.0, 271.6666666666687)	(61.0, 12.333333333333337)	(62.0, 2.6666666666666665)	(63.0, 1.9999999999999998)	(64.0, 7.33333333333333)	(65.0, 6.999999999999997)	(66.0, 0.3333333333333333)	(67.0, 0.0)	(68.0, 0.3333333333333333)	(69.0, 0.3333333333333333)	(70.0, 0.0)	(71.0, 0.0)	(72.0, 0.0)	(73.0, 0.0)	(74.0, 0.0)	(75.0, 0.0)	(76.0, 0.0)	(77.0, 0.0)	(78.0, 0.0)	(79.0, 0.0)	(80.0, 0.0)	(81.0, 0.0)	(82.0, 0.0)	(83.0, 0.0)	(84.0, 0.0)	(85.0, 0.0)	(86.0, 0.0)	(87.0, 0.0)	(88.0, 0.0)	(89.0, 0.0)	(90.0, 0.0)	(91.0, 0.0)	(92.0, 0.0)	(93.0, 0.0)	(94.0, 0.0)	(95.0, 0.0)	(96.0, 0.0)	(97.0, 0.0)	(98.0, 0.0)	(99.0, 0.0)	(100.0, 0.0)
Fungus_060R_1	(0.0, 0.0)	(1.0, 0.0)	(2.0, 0.0)	(3.0, 0.0)	(4.0, 0.0)	(5.0, 0.0)	(6.0, 0.0)	(7.0, 0.0)	(8.0, 0.0)	(9.0, 0.0)	(10.0, 0.0)	(11.0, 0.0)	(12.0, 0.0)	(13.0, 0.0)	(14.0, 0.0)	(15.0, 0.0)	(16.0, 0.0)	(17.0, 0.0)	(18.0, 0.0)	(19.0, 0.0)	(20.0, 0.0)	(21.0, 0.0)	(22.0, 0.0)	(23.0, 0.0)	(24.0, 0.0)	(25.0, 0.0)	(26.0, 0.0)	(27.0, 0.0)	(28.0, 0.0)	(29.0, 0.0)	(30.0, 0.0)	(31.0, 0.0)	(32.0, 0.6666666666666666)	(33.0, 0.0)	(34.0, 0.0)	(35.0, 1.0)	(36.0, 7.666666666666663)	(37.0, 33.999999999999964)	(38.0, 124.66666666666598)	(39.0, 237.66666666666904)	(40.0, 249.0000000000027)	(41.0, 174.3333333333339)	(42.0, 253.6666666666695)	(43.0, 398.99999999999477)	(44.0, 2078.9999999998277)	(45.0, 9792.99999999993)	(46.0, 5811.666666665851)	(47.0, 1828.3333333331968)	(48.0, 2535.3333333333685)	(49.0, 1416.3333333332905)	(50.0, 924.6666666667019)	(51.0, 1591.666666666584)	(52.0, 1039.000000000043)	(53.0, 1088.0000000000318)	(54.0, 1177.666666666678)	(55.0, 1108.3333333333605)	(56.0, 2332.333333333276)	(57.0, 2466.0000000000036)	(58.0, 1556.9999999999252)	(59.0, 700.0000000000097)	(60.0, 361.66666666666356)	(61.0, 44.66666666666671)	(62.0, 196.66666666666788)	(63.0, 273.00000000000193)	(64.0, 128.66666666666595)	(65.0, 72.66666666666671)	(66.0, 27.333333333333304)	(67.0, 1.3333333333333333)	(68.0, 0.3333333333333333)	(69.0, 0.0)	(70.0, 0.0)	(71.0, 0.0)	(72.0, 0.0)	(73.0, 0.0)	(74.0, 0.0)	(75.0, 0.0)	(76.0, 0.0)	(77.0, 0.0)	(78.0, 0.0)	(79.0, 0.0)	(80.0, 0.0)	(81.0, 0.0)	(82.0, 0.0)	(83.0, 0.0)	(84.0, 0.0)	(85.0, 0.0)	(86.0, 0.0)	(87.0, 0.0)	(88.0, 0.0)	(89.0, 0.0)	(90.0, 0.0)	(91.0, 0.0)	(92.0, 0.0)	(93.0, 0.0)	(94.0, 0.0)	(95.0, 0.0)	(96.0, 0.0)	(97.0, 0.0)	(98.0, 0.0)	(99.0, 0.0)	(100.0, 0.0)
Fungus_060R_2	(0.0, 0.0)	(1.0, 0.0)	(2.0, 0.0)	(3.0, 0.0)	(4.0, 0.0)	(5.0, 0.0)	(6.0, 0.0)	(7.0, 0.0)	(8.0, 0.0)	(9.0, 0.0)	(10.0, 0.0)	(11.0, 0.0)	(12.0, 0.0)	(13.0, 0.0)	(14.0, 0.0)	(15.0, 0.0)	(16.0, 0.0)	(17.0, 0.0)	(18.0, 0.0)	(19.0, 0.0)	(20.0, 0.0)	(21.0, 0.0)	(22.0, 0.0)	(23.0, 0.0)	(24.0, 0.0)	(25.0, 0.6666666666666666)	(26.0, 0.3333333333333333)	(27.0, 0.0)	(28.0, 0.0)	(29.0, 0.6666666666666666)	(30.0, 1.3333333333333333)	(31.0, 3.0)	(32.0, 4.666666666666666)	(33.0, 5.999999999999998)	(34.0, 16.666666666666675)	(35.0, 114.66666666666612)	(36.0, 42.00000000000002)	(37.0, 77.33333333333331)	(38.0, 403.33333333332786)	(39.0, 4158.0000000006885)	(40.0, 8387.999999997375)	(41.0, 4707.333333333522)	(42.0, 1113.6666666666927)	(43.0, 945.0000000000375)	(44.0, 322.33333333333246)	(45.0, 710.3333333333442)	(46.0, 503.3333333333222)	(47.0, 1281.3333333333212)	(48.0, 2163.9999999998663)	(49.0, 1530.999999999931)	(50.0, 1287.9999999999864)	(51.0, 1144.6666666666856)	(52.0, 1753.9999999998804)	(53.0, 841.0000000000257)	(54.0, 1276.3333333333223)	(55.0, 921.6666666667015)	(56.0, 770.0000000000176)	(57.0, 426.9999999999932)	(58.0, 854.6666666666939)	(59.0, 493.99999999998937)	(60.0, 1227.3333333333335)	(61.0, 750.6666666666821)	(62.0, 428.66666666665975)	(63.0, 642.6666666666698)	(64.0, 151.99999999999994)	(65.0, 1170.3333333333464)	(66.0, 1213.66666666667)	(67.0, 130.33333333333266)	(68.0, 3.0)	(69.0, 3.666666666666667)	(70.0, 46.333333333333385)	(71.0, 236.33333333333567)	(72.0, 20.66666666666666)	(73.0, 0.0)	(74.0, 0.0)	(75.0, 0.0)	(76.0, 0.0)	(77.0, 0.0)	(78.0, 0.3333333333333333)	(79.0, 0.0)	(80.0, 0.3333333333333333)	(81.0, 0.0)	(82.0, 0.0)	(83.0, 0.0)	(84.0, 0.0)	(85.0, 0.0)	(86.0, 0.0)	(87.0, 0.0)	(88.0, 0.0)	(89.0, 0.0)	(90.0, 0.0)	(91.0, 0.0)	(92.0, 0.0)	(93.0, 0.0)	(94.0, 0.0)	(95.0, 0.0)	(96.0, 0.0)	(97.0, 0.0)	(98.0, 0.0)	(99.0, 0.0)	(100.0, 0.0)
Fungus_100_1	(0.0, 0.0)	(1.0, 0.0)	(2.0, 0.0)	(3.0, 0.0)	(4.0, 0.0)	(5.0, 0.0)	(6.0, 0.0)	(7.0, 0.0)	(8.0, 0.0)	(9.0, 0.0)	(10.0, 0.0)	(11.0, 0.0)	(12.0, 0.0)	(13.0, 0.0)	(14.0, 0.0)	(15.0, 0.0)	(16.0, 0.0)	(17.0, 0.0)	(18.0, 0.0)	(19.0, 0.0)	(20.0, 0.0)	(21.0, 0.0)	(22.0, 0.0)	(23.0, 0.0)	(24.0, 0.0)	(25.0, 0.0)	(26.0, 0.0)	(27.0, 0.0)	(28.0, 0.0)	(29.0, 0.3333333333333333)	(30.0, 0.3333333333333333)	(31.0, 1.0)	(32.0, 1.3333333333333333)	(33.0, 37.66666666666666)	(34.0, 46.333333333333385)	(35.0, 357.9999999999971)	(36.0, 755.3333333333493)	(37.0, 74.33333333333336)	(38.0, 242.33333333333584)	(39.0, 359.33333333333036)	(40.0, 38.666666666666664)	(41.0, 39.333333333333336)	(42.0, 357.9999999999971)	(43.0, 360.99999999999693)	(44.0, 601.3333333333318)	(45.0, 941.0000000000371)	(46.0, 1352.333333333305)	(47.0, 259.33333333333604)	(48.0, 437.3333333333259)	(49.0, 1050.666666666707)	(50.0, 1225.333333333334)	(51.0, 3852.000000000634)	(52.0, 3842.6666666672963)	(53.0, 2797.3333333334876)	(54.0, 1510.3333333332691)	(55.0, 505.33333333332206)	(56.0, 526.3333333333233)	(57.0, 850.0000000000267)	(58.0, 918.6666666667012)	(59.0, 712.6666666666778)	(60.0, 1263.9999999999918)	(61.0, 294.66666666666737)	(62.0, 71.3333333333334)	(63.0, 64.3333333333335)	(64.0, 79.99999999999994)	(65.0, 27.666666666666636)	(66.0, 2.6666666666666665)	(67.0, 9.666666666666666)	(68.0, 17.000000000000007)	(69.0, 1.0)	(70.0, 0.0)	(71.0, 0.0)	(72.0, 0.0)	(73.0, 0.0)	(74.0, 0.0)	(75.0, 0.0)	(76.0, 0.0)	(77.0, 0.0)	(78.0, 0.0)	(79.0, 0.0)	(80.0, 0.0)	(81.0, 0.0)	(82.0, 0.0)	(83.0, 0.0)	(84.0, 0.0)	(85.0, 0.0)	(86.0, 0.0)	(87.0, 0.0)	(88.0, 0.0)	(89.0, 0.0)	(90.0, 0.0)	(91.0, 0.0)	(92.0, 0.0)	(93.0, 0.0)	(94.0, 0.0)	(95.0, 0.0)	(96.0, 0.0)	(97.0, 0.0)	(98.0, 0.0)	(99.0, 0.0)	(100.0, 0.0)
Fungus_100_2	(0.0, 0.0)	(1.0, 0.0)	(2.0, 0.0)	(3.0, 0.0)	(4.0, 0.0)	(5.0, 0.0)	(6.0, 0.0)	(7.0, 0.0)	(8.0, 0.0)	(9.0, 0.0)	(10.0, 0.0)	(11.0, 0.0)	(12.0, 0.0)	(13.0, 0.0)	(14.0, 0.0)	(15.0, 0.0)	(16.0, 0.0)	(17.0, 0.0)	(18.0, 0.3333333333333333)	(19.0, 0.3333333333333333)	(20.0, 0.0)	(21.0, 0.3333333333333333)	(22.0, 0.3333333333333333)	(23.0, 1.0)	(24.0, 3.0)	(25.0, 37.33333333333332)	(26.0, 5.333333333333332)	(27.0, 3.3333333333333335)	(28.0, 388.3333333333287)	(29.0, 420.9999999999935)	(30.0, 15.000000000000009)	(31.0, 15.666666666666677)	(32.0, 7.9999999999999964)	(33.0, 311.6666666666664)	(34.0, 340.33333333333144)	(35.0, 90.33333333333313)	(36.0, 77.66666666666664)	(37.0, 143.66666666666637)	(38.0, 337.3333333333316)	(39.0, 208.33333333333488)	(40.0, 304.3333333333335)	(41.0, 221.33333333333525)	(42.0, 367.3333333333299)	(43.0, 818.6666666666898)	(44.0, 806.0000000000217)	(45.0, 150.99999999999991)	(46.0, 263.3333333333358)	(47.0, 366.6666666666633)	(48.0, 749.666666666682)	(49.0, 610.6666666666662)	(50.0, 205.00000000000145)	(51.0, 120.99999999999936)	(52.0, 788.333333333353)	(53.0, 937.6666666667033)	(54.0, 1178.3333333333446)	(55.0, 496.33333333332257)	(56.0, 2011.9999999998217)	(57.0, 2651.0000000000878)	(58.0, 1823.333333333198)	(59.0, 1178.0000000000114)	(60.0, 3589.6666666671813)	(61.0, 3791.666666667273)	(62.0, 415.6666666666605)	(63.0, 140.33333333333294)	(64.0, 792.3333333333535)	(65.0, 762.3333333333501)	(66.0, 23.66666666666665)	(67.0, 1.9999999999999998)	(68.0, 2.6666666666666665)	(69.0, 3.3333333333333335)	(70.0, 0.6666666666666666)	(71.0, 0.3333333333333333)	(72.0, 0.3333333333333333)	(73.0, 0.3333333333333333)	(74.0, 0.0)	(75.0, 0.0)	(76.0, 0.0)	(77.0, 0.0)	(78.0, 0.0)	(79.0, 0.0)	(80.0, 0.0)	(81.0, 0.0)	(82.0, 0.0)	(83.0, 0.0)	(84.0, 0.0)	(85.0, 0.0)	(86.0, 0.0)	(87.0, 0.0)	(88.0, 0.0)	(89.0, 0.0)	(90.0, 0.0)	(91.0, 0.0)	(92.0, 0.0)	(93.0, 0.0)	(94.0, 0.0)	(95.0, 0.0)	(96.0, 0.0)	(97.0, 0.0)	(98.0, 0.0)	(99.0, 0.0)	(100.0, 0.0)
Fungus_110_1	(0.0, 0.0)	(1.0, 0.0)	(2.0, 0.0)	(3.0, 0.0)	(4.0, 0.0)	(5.0, 0.0)	(6.0, 0.0)	(7.0, 0.0)	(8.0, 0.0)	(9.0, 0.0)	(10.0, 0.0)	(11.0, 0.0)	(12.0, 0.0)	(13.0, 0.0)	(14.0, 0.0)	(15.0, 0.0)	(16.0, 0.0)	(17.0, 0.0)	(18.0, 0.0)	(19.0, 0.0)	(20.0, 0.0)	(21.0, 0.0)	(22.0, 0.0)	(23.0, 0.0)	(24.0, 0.0)	(25.0, 0.0)	(26.0, 0.0)	(27.0, 0.0)	(28.0, 0.0)	(29.0, 0.0)	(30.0, 0.0)	(31.0, 0.0)	(32.0, 1.0)	(33.0, 2.333333333333333)	(34.0, 4.666666666666666)	(35.0, 15.666666666666677)	(36.0, 49.33333333333341)	(37.0, 1066.6666666667033)	(38.0, 1039.6666666667095)	(39.0, 133.6666666666661)	(40.0, 50.00000000000008)	(41.0, 62.666666666666835)	(42.0, 1581.333333333253)	(43.0, 1526.6666666665988)	(44.0, 67.33333333333346)	(45.0, 84.99999999999987)	(46.0, 313.9999999999996)	(47.0, 1735.333333333218)	(48.0, 1133.3333333333549)	(49.0, 368.9999999999965)	(50.0, 96.66666666666637)	(51.0, 76.0)	(52.0, 419.33333333332695)	(53.0, 8573.66666666438)	(54.0, 8034.999999997162)	(55.0, 259.00000000000273)	(56.0, 293.3333333333341)	(57.0, 136.99999999999952)	(58.0, 128.66666666666595)	(59.0, 163.3333333333336)	(60.0, 222.00000000000193)	(61.0, 314.66666666666623)	(62.0, 413.6666666666606)	(63.0, 379.66666666666254)	(64.0, 1037.66666666671)	(65.0, 408.6666666666609)	(66.0, 60.00000000000015)	(67.0, 5.666666666666665)	(68.0, 1.6666666666666665)	(69.0, 12.666666666666671)	(70.0, 13.33333333333334)	(71.0, 0.0)	(72.0, 0.0)	(73.0, 0.0)	(74.0, 0.3333333333333333)	(75.0, 0.0)	(76.0, 0.0)	(77.0, 0.0)	(78.0, 0.0)	(79.0, 0.0)	(80.0, 0.0)	(81.0, 0.0)	(82.0, 0.0)	(83.0, 0.0)	(84.0, 0.0)	(85.0, 0.0)	(86.0, 0.0)	(87.0, 0.0)	(88.0, 0.0)	(89.0, 0.0)	(90.0, 0.0)	(91.0, 0.0)	(92.0, 0.0)	(93.0, 0.0)	(94.0, 0.0)	(95.0, 0.0)	(96.0, 0.0)	(97.0, 0.0)	(98.0, 0.0)	(99.0, 0.0)	(100.0, 0.0)
Fungus_110_2	(0.0, 0.0)	(1.0, 0.0)	(2.0, 0.0)	(3.0, 0.0)	(4.0, 0.0)	(5.0, 0.0)	(6.0, 0.0)	(7.0, 0.0)	(8.0, 0.0)	(9.0, 0.0)	(10.0, 0.0)	(11.0, 0.0)	(12.0, 0.0)	(13.0, 0.0)	(14.0, 0.0)	(15.0, 0.0)	(16.0, 0.0)	(17.0, 0.0)	(18.0, 0.0)	(19.0, 0.0)	(20.0, 0.0)	(21.0, 0.0)	(22.0, 0.0)	(23.0, 0.0)	(24.0, 0.0)	(25.0, 0.0)	(26.0, 0.3333333333333333)	(27.0, 0.3333333333333333)	(28.0, 0.3333333333333333)	(29.0, 1.6666666666666665)	(30.0, 1.3333333333333333)	(31.0, 1.6666666666666665)	(32.0, 4.333333333333333)	(33.0, 8.33333333333333)	(34.0, 15.666666666666677)	(35.0, 101.6666666666663)	(36.0, 1122.3333333333574)	(37.0, 115.99999999999943)	(38.0, 134.99999999999946)	(39.0, 93.66666666666642)	(40.0, 82.9999999999999)	(41.0, 151.33333333333326)	(42.0, 536.9999999999911)	(43.0, 1464.6666666666129)	(44.0, 1093.0000000000307)	(45.0, 124.9999999999993)	(46.0, 1082.0000000000332)	(47.0, 1652.3333333332369)	(48.0, 457.6666666666581)	(49.0, 329.6666666666654)	(50.0, 146.66666666666646)	(51.0, 130.33333333333266)	(52.0, 139.9999999999996)	(53.0, 283.3333333333347)	(54.0, 8643.666666664507)	(55.0, 8400.333333330731)	(56.0, 304.6666666666668)	(57.0, 294.66666666666737)	(58.0, 293.6666666666674)	(59.0, 225.33333333333536)	(60.0, 189.33333333333434)	(61.0, 332.6666666666652)	(62.0, 1112.666666666693)	(63.0, 612.9999999999998)	(64.0, 187.00000000000094)	(65.0, 39.0)	(66.0, 10.0)	(67.0, 7.9999999999999964)	(68.0, 10.333333333333334)	(69.0, 23.999999999999982)	(70.0, 1.0)	(71.0, 0.0)	(72.0, 0.0)	(73.0, 0.0)	(74.0, 0.0)	(75.0, 0.0)	(76.0, 0.0)	(77.0, 0.0)	(78.0, 0.0)	(79.0, 0.0)	(80.0, 0.0)	(81.0, 0.0)	(82.0, 0.0)	(83.0, 0.0)	(84.0, 0.0)	(85.0, 0.0)	(86.0, 0.0)	(87.0, 0.0)	(88.0, 0.0)	(89.0, 0.0)	(90.0, 0.0)	(91.0, 0.0)	(92.0, 0.0)	(93.0, 0.0)	(94.0, 0.0)	(95.0, 0.0)	(96.0, 0.0)	(97.0, 0.0)	(98.0, 0.0)	(99.0, 0.0)	(100.0, 0.0)
Fungus_11_1	(0.0, 0.0)	(1.0, 0.0)	(2.0, 0.0)	(3.0, 0.0)	(4.0, 0.0)	(5.0, 0.0)	(6.0, 0.0)	(7.0, 0.0)	(8.0, 0.0)	(9.0, 0.0)	(10.0, 0.0)	(11.0, 0.0)	(12.0, 0.0)	(13.0, 0.0)	(14.0, 0.0)	(15.0, 0.0)	(16.0, 0.0)	(17.0, 0.0)	(18.0, 0.0)	(19.0, 0.0)	(20.0, 0.0)	(21.0, 0.0)	(22.0, 0.0)	(23.0, 0.0)	(24.0, 0.0)	(25.0, 0.0)	(26.0, 0.0)	(27.0, 0.0)	(28.0, 0.0)	(29.0, 0.0)	(30.0, 1.3333333333333333)	(31.0, 5.333333333333332)	(32.0, 1.3333333333333333)	(33.0, 1.6666666666666665)	(34.0, 11.000000000000002)	(35.0, 49.66666666666674)	(36.0, 72.33333333333339)	(37.0, 1652.3333333332369)	(38.0, 2789.333333333484)	(39.0, 710.3333333333442)	(40.0, 535.3333333333243)	(41.0, 121.99999999999935)	(42.0, 102.99999999999962)	(43.0, 193.33333333333445)	(44.0, 443.6666666666589)	(45.0, 1779.9999999998745)	(46.0, 2839.6666666668402)	(47.0, 6982.999999998119)	(48.0, 1475.333333333277)	(49.0, 1056.6666666667056)	(50.0, 1408.3333333332923)	(51.0, 844.000000000026)	(52.0, 920.0000000000347)	(53.0, 1024.0000000000464)	(54.0, 1239.666666666664)	(55.0, 959.0000000000391)	(56.0, 1541.333333333262)	(57.0, 1820.666666666532)	(58.0, 1107.3333333333608)	(59.0, 1538.3333333332628)	(60.0, 1033.6666666667109)	(61.0, 1270.3333333333237)	(62.0, 764.3333333333503)	(63.0, 64.00000000000017)	(64.0, 118.99999999999939)	(65.0, 26.99999999999997)	(66.0, 5.333333333333332)	(67.0, 1.9999999999999998)	(68.0, 4.333333333333333)	(69.0, 7.33333333333333)	(70.0, 4.666666666666666)	(71.0, 0.6666666666666666)	(72.0, 0.0)	(73.0, 0.0)	(74.0, 0.0)	(75.0, 0.0)	(76.0, 0.0)	(77.0, 0.0)	(78.0, 0.0)	(79.0, 0.0)	(80.0, 0.0)	(81.0, 0.0)	(82.0, 0.0)	(83.0, 0.0)	(84.0, 0.0)	(85.0, 0.0)	(86.0, 0.0)	(87.0, 0.0)	(88.0, 0.0)	(89.0, 0.0)	(90.0, 0.0)	(91.0, 0.0)	(92.0, 0.0)	(93.0, 0.0)	(94.0, 0.0)	(95.0, 0.0)	(96.0, 0.0)	(97.0, 0.0)	(98.0, 0.0)	(99.0, 0.0)	(100.0, 0.0)
Fungus_11_2	(0.0, 0.0)	(1.0, 0.0)	(2.0, 0.0)	(3.0, 0.0)	(4.0, 0.0)	(5.0, 0.0)	(6.0, 0.0)	(7.0, 0.0)	(8.0, 0.0)	(9.0, 0.0)	(10.0, 0.0)	(11.0, 0.0)	(12.0, 0.0)	(13.0, 0.0)	(14.0, 0.0)	(15.0, 0.0)	(16.0, 0.0)	(17.0, 0.0)	(18.0, 0.0)	(19.0, 0.0)	(20.0, 0.6666666666666666)	(21.0, 4.666666666666666)	(22.0, 0.3333333333333333)	(23.0, 0.3333333333333333)	(24.0, 1.9999999999999998)	(25.0, 2.6666666666666665)	(26.0, 5.333333333333332)	(27.0, 40.66666666666668)	(28.0, 19.666666666666664)	(29.0, 36.66666666666665)	(30.0, 41.000000000000014)	(31.0, 41.000000000000014)	(32.0, 44.33333333333337)	(33.0, 50.333333333333414)	(34.0, 148.33333333333317)	(35.0, 2384.6666666666333)	(36.0, 1731.333333333219)	(37.0, 818.6666666666898)	(38.0, 733.6666666666802)	(39.0, 1565.9999999999231)	(40.0, 2963.333333333563)	(41.0, 4428.666666667109)	(42.0, 2326.9999999999404)	(43.0, 477.9999999999903)	(44.0, 238.0000000000024)	(45.0, 169.00000000000043)	(46.0, 578.6666666666625)	(47.0, 1018.3333333333792)	(48.0, 248.00000000000267)	(49.0, 344.6666666666645)	(50.0, 689.3333333333418)	(51.0, 456.33333333332484)	(52.0, 1273.9999999999895)	(53.0, 1386.9999999999638)	(54.0, 952.666666666705)	(55.0, 868.0000000000288)	(56.0, 952.666666666705)	(57.0, 873.3333333333627)	(58.0, 845.0000000000261)	(59.0, 1445.333333333284)	(60.0, 2328.666666666608)	(61.0, 2695.6666666667747)	(62.0, 710.3333333333442)	(63.0, 329.33333333333206)	(64.0, 469.6666666666574)	(65.0, 556.9999999999934)	(66.0, 176.00000000000063)	(67.0, 33.66666666666663)	(68.0, 60.333333333333485)	(69.0, 74.66666666666669)	(70.0, 46.00000000000005)	(71.0, 2.6666666666666665)	(72.0, 11.66666666666667)	(73.0, 2.6666666666666665)	(74.0, 14.000000000000007)	(75.0, 3.3333333333333335)	(76.0, 1.9999999999999998)	(77.0, 7.9999999999999964)	(78.0, 3.0)	(79.0, 0.6666666666666666)	(80.0, 0.0)	(81.0, 0.0)	(82.0, 0.0)	(83.0, 0.0)	(84.0, 0.0)	(85.0, 0.0)	(86.0, 0.0)	(87.0, 0.0)	(88.0, 0.0)	(89.0, 0.0)	(90.0, 0.0)	(91.0, 0.0)	(92.0, 0.0)	(93.0, 0.0)	(94.0, 0.0)	(95.0, 0.0)	(96.0, 0.0)	(97.0, 0.0)	(98.0, 0.0)	(99.0, 0.0)	(100.0, 0.0)
Fungus_18_1	(0.0, 0.0)	(1.0, 0.0)	(2.0, 0.0)	(3.0, 0.0)	(4.0, 0.0)	(5.0, 0.0)	(6.0, 0.0)	(7.0, 0.0)	(8.0, 0.0)	(9.0, 0.0)	(10.0, 0.0)	(11.0, 0.0)	(12.0, 0.0)	(13.0, 0.0)	(14.0, 0.0)	(15.0, 0.0)	(16.0, 0.0)	(17.0, 0.0)	(18.0, 0.0)	(19.0, 0.0)	(20.0, 0.0)	(21.0, 0.0)	(22.0, 0.0)	(23.0, 0.0)	(24.0, 0.0)	(25.0, 0.0)	(26.0, 0.0)	(27.0, 0.0)	(28.0, 0.0)	(29.0, 0.0)	(30.0, 0.0)	(31.0, 0.0)	(32.0, 0.0)	(33.0, 0.0)	(34.0, 0.0)	(35.0, 0.0)	(36.0, 3.3333333333333335)	(37.0, 107.66666666666622)	(38.0, 122.99999999999933)	(39.0, 46.66666666666672)	(40.0, 108.33333333333287)	(41.0, 542.3333333333251)	(42.0, 279.6666666666682)	(43.0, 892.0000000000315)	(44.0, 231.66666666666887)	(45.0, 159.33333333333348)	(46.0, 184.3333333333342)	(47.0, 974.6666666667076)	(48.0, 1589.3333333332512)	(49.0, 1426.3333333332882)	(50.0, 1191.666666666675)	(51.0, 1070.000000000036)	(52.0, 733.0000000000134)	(53.0, 2046.3333333331473)	(54.0, 8387.999999997375)	(55.0, 1516.9999999999343)	(56.0, 390.9999999999952)	(57.0, 457.6666666666581)	(58.0, 356.33333333333053)	(59.0, 413.9999999999939)	(60.0, 552.6666666666596)	(61.0, 750.3333333333487)	(62.0, 85.66666666666653)	(63.0, 29.333333333333297)	(64.0, 13.000000000000005)	(65.0, 11.000000000000002)	(66.0, 24.333333333333314)	(67.0, 22.33333333333332)	(68.0, 0.0)	(69.0, 0.0)	(70.0, 0.0)	(71.0, 0.0)	(72.0, 0.0)	(73.0, 0.0)	(74.0, 0.0)	(75.0, 0.0)	(76.0, 0.0)	(77.0, 0.0)	(78.0, 0.0)	(79.0, 0.0)	(80.0, 0.0)	(81.0, 0.0)	(82.0, 0.0)	(83.0, 0.0)	(84.0, 0.0)	(85.0, 0.0)	(86.0, 0.0)	(87.0, 0.0)	(88.0, 0.0)	(89.0, 0.0)	(90.0, 0.0)	(91.0, 0.0)	(92.0, 0.0)	(93.0, 0.0)	(94.0, 0.0)	(95.0, 0.0)	(96.0, 0.0)	(97.0, 0.0)	(98.0, 0.0)	(99.0, 0.0)	(100.0, 0.0)
Fungus_18_2	(0.0, 0.0)	(1.0, 0.0)	(2.0, 0.0)	(3.0, 0.0)	(4.0, 0.0)	(5.0, 0.0)	(6.0, 0.0)	(7.0, 0.0)	(8.0, 0.0)	(9.0, 0.0)	(10.0, 0.0)	(11.0, 0.0)	(12.0, 0.0)	(13.0, 0.0)	(14.0, 0.0)	(15.0, 0.0)	(16.0, 0.0)	(17.0, 0.0)	(18.0, 0.0)	(19.0, 0.0)	(20.0, 0.0)	(21.0, 0.0)	(22.0, 0.0)	(23.0, 0.0)	(24.0, 0.0)	(25.0, 0.0)	(26.0, 0.0)	(27.0, 0.0)	(28.0, 0.0)	(29.0, 1.0)	(30.0, 1.0)	(31.0, 0.0)	(32.0, 0.6666666666666666)	(33.0, 1.3333333333333333)	(34.0, 12.333333333333337)	(35.0, 90.33333333333313)	(36.0, 65.00000000000016)	(37.0, 71.00000000000007)	(38.0, 335.99999999999835)	(39.0, 70.00000000000009)	(40.0, 257.66666666666947)	(41.0, 348.9999999999976)	(42.0, 169.33333333333377)	(43.0, 864.0000000000283)	(44.0, 807.0000000000218)	(45.0, 94.99999999999973)	(46.0, 130.99999999999935)	(47.0, 395.3333333333283)	(48.0, 1128.0000000000227)	(49.0, 2082.9999999998295)	(50.0, 1323.666666666645)	(51.0, 482.99999999999)	(52.0, 482.6666666666567)	(53.0, 1193.3333333333412)	(54.0, 8124.6666666637475)	(55.0, 1867.333333333188)	(56.0, 687.6666666666749)	(57.0, 592.9999999999975)	(58.0, 443.9999999999922)	(59.0, 1147.0000000000184)	(60.0, 685.6666666666747)	(61.0, 335.3333333333317)	(62.0, 158.6666666666668)	(63.0, 101.6666666666663)	(64.0, 146.66666666666646)	(65.0, 33.999999999999964)	(66.0, 20.33333333333333)	(67.0, 19.999999999999996)	(68.0, 1.0)	(69.0, 0.0)	(70.0, 0.0)	(71.0, 0.3333333333333333)	(72.0, 11.66666666666667)	(73.0, 11.333333333333336)	(74.0, 0.0)	(75.0, 0.0)	(76.0, 0.0)	(77.0, 0.0)	(78.0, 0.0)	(79.0, 0.0)	(80.0, 0.0)	(81.0, 0.0)	(82.0, 0.0)	(83.0, 0.0)	(84.0, 0.0)	(85.0, 0.0)	(86.0, 0.0)	(87.0, 0.0)	(88.0, 0.0)	(89.0, 0.0)	(90.0, 0.0)	(91.0, 0.0)	(92.0, 0.0)	(93.0, 0.0)	(94.0, 0.0)	(95.0, 0.0)	(96.0, 0.0)	(97.0, 0.0)	(98.0, 0.0)	(99.0, 0.0)	(100.0, 0.0)
Fungus_2093R_1	(0.0, 0.0)	(1.0, 0.0)	(2.0, 0.0)	(3.0, 0.0)	(4.0, 0.0)	(5.0, 0.0)	(6.0, 0.0)	(7.0, 0.0)	(8.0, 0.0)	(9.0, 0.0)	(10.0, 0.0)	(11.0, 0.0)	(12.0, 0.0)	(13.0, 0.0)	(14.0, 0.0)	(15.0, 0.0)	(16.0, 0.0)	(17.0, 0.0)	(18.0, 0.0)	(19.0, 0.0)	(20.0, 0.0)	(21.0, 0.0)	(22.0, 0.0)	(23.0, 0.0)	(24.0, 0.0)	(25.0, 0.0)	(26.0, 0.0)	(27.0, 0.0)	(28.0, 0.0)	(29.0, 0.0)	(30.0, 0.3333333333333333)	(31.0, 1.0)	(32.0, 6.999999999999997)	(33.0, 8.999999999999998)	(34.0, 4.0)	(35.0, 2.333333333333333)	(36.0, 15.333333333333343)	(37.0, 32.99999999999996)	(38.0, 115.33333333333277)	(39.0, 404.6666666666611)	(40.0, 771.3333333333511)	(41.0, 1239.666666666664)	(42.0, 376.6666666666627)	(43.0, 829.6666666666911)	(44.0, 451.66666666665844)	(45.0, 735.6666666666804)	(46.0, 728.3333333333462)	(47.0, 509.33333333332183)	(48.0, 1428.9999999999543)	(49.0, 2637.0000000000814)	(50.0, 5436.999999999525)	(51.0, 3319.333333333725)	(52.0, 2607.3333333334012)	(53.0, 1705.666666666558)	(54.0, 956.3333333333721)	(55.0, 622.6666666666675)	(56.0, 766.0000000000172)	(57.0, 461.33333333332456)	(58.0, 211.33333333333496)	(59.0, 72.33333333333339)	(60.0, 50.333333333333414)	(61.0, 17.33333333333334)	(62.0, 2.333333333333333)	(63.0, 3.3333333333333335)	(64.0, 1.6666666666666665)	(65.0, 1.6666666666666665)	(66.0, 1.0)	(67.0, 0.6666666666666666)	(68.0, 0.0)	(69.0, 0.0)	(70.0, 0.0)	(71.0, 0.0)	(72.0, 0.0)	(73.0, 0.0)	(74.0, 0.0)	(75.0, 0.0)	(76.0, 0.0)	(77.0, 0.0)	(78.0, 0.0)	(79.0, 0.0)	(80.0, 0.0)	(81.0, 0.0)	(82.0, 0.0)	(83.0, 0.0)	(84.0, 0.0)	(85.0, 0.0)	(86.0, 0.0)	(87.0, 0.0)	(88.0, 0.0)	(89.0, 0.0)	(90.0, 0.0)	(91.0, 0.0)	(92.0, 0.0)	(93.0, 0.0)	(94.0, 0.0)	(95.0, 0.0)	(96.0, 0.0)	(97.0, 0.0)	(98.0, 0.0)	(99.0, 0.0)	(100.0, 0.0)
Fungus_2093R_2	(0.0, 0.0)	(1.0, 0.0)	(2.0, 0.0)	(3.0, 0.0)	(4.0, 0.0)	(5.0, 0.0)	(6.0, 0.0)	(7.0, 0.0)	(8.0, 0.0)	(9.0, 0.0)	(10.0, 0.0)	(11.0, 0.0)	(12.0, 0.0)	(13.0, 0.0)	(14.0, 0.0)	(15.0, 0.0)	(16.0, 0.0)	(17.0, 0.0)	(18.0, 0.0)	(19.0, 0.0)	(20.0, 0.3333333333333333)	(21.0, 0.3333333333333333)	(22.0, 0.0)	(23.0, 0.3333333333333333)	(24.0, 1.3333333333333333)	(25.0, 2.333333333333333)	(26.0, 0.6666666666666666)	(27.0, 1.0)	(28.0, 2.6666666666666665)	(29.0, 48.666666666666735)	(30.0, 41.33333333333335)	(31.0, 1.9999999999999998)	(32.0, 1.9999999999999998)	(33.0, 3.3333333333333335)	(34.0, 11.333333333333336)	(35.0, 20.66666666666666)	(36.0, 125.99999999999929)	(37.0, 310.9999999999998)	(38.0, 903.0000000000327)	(39.0, 904.6666666666996)	(40.0, 356.99999999999716)	(41.0, 156.00000000000006)	(42.0, 242.6666666666692)	(43.0, 325.3333333333323)	(44.0, 738.6666666666807)	(45.0, 865.6666666666952)	(46.0, 2354.6666666666197)	(47.0, 1482.6666666666088)	(48.0, 3016.6666666669207)	(49.0, 1564.6666666665901)	(50.0, 1233.9999999999986)	(51.0, 1516.9999999999343)	(52.0, 1804.9999999998688)	(53.0, 1527.6666666665985)	(54.0, 1694.9999999998938)	(55.0, 962.6666666667062)	(56.0, 311.9999999999997)	(57.0, 383.9999999999956)	(58.0, 397.9999999999948)	(59.0, 213.66666666666836)	(60.0, 306.6666666666667)	(61.0, 415.3333333333272)	(62.0, 205.00000000000145)	(63.0, 227.66666666666876)	(64.0, 112.33333333333282)	(65.0, 152.66666666666663)	(66.0, 142.66666666666634)	(67.0, 22.999999999999986)	(68.0, 1.9999999999999998)	(69.0, 1.0)	(70.0, 1.0)	(71.0, 0.3333333333333333)	(72.0, 0.3333333333333333)	(73.0, 0.0)	(74.0, 0.0)	(75.0, 0.0)	(76.0, 0.0)	(77.0, 0.0)	(78.0, 0.0)	(79.0, 0.0)	(80.0, 0.0)	(81.0, 0.0)	(82.0, 0.3333333333333333)	(83.0, 0.3333333333333333)	(84.0, 0.0)	(85.0, 0.0)	(86.0, 0.0)	(87.0, 0.0)	(88.0, 0.0)	(89.0, 0.0)	(90.0, 0.0)	(91.0, 0.0)	(92.0, 0.0)	(93.0, 0.0)	(94.0, 0.0)	(95.0, 0.0)	(96.0, 0.0)	(97.0, 0.0)	(98.0, 0.0)	(99.0, 0.0)	(100.0, 0.0)
Fungus_2137_1	(0.0, 0.0)	(1.0, 0.0)	(2.0, 0.0)	(3.0, 0.0)	(4.0, 0.0)	(5.0, 0.0)	(6.0, 0.0)	(7.0, 0.0)	(8.0, 0.0)	(9.0, 0.0)	(10.0, 0.0)	(11.0, 0.0)	(12.0, 0.0)	(13.0, 0.0)	(14.0, 0.0)	(15.0, 0.0)	(16.0, 0.0)	(17.0, 0.0)	(18.0, 0.0)	(19.0, 0.0)	(20.0, 0.0)	(21.0, 0.0)	(22.0, 0.0)	(23.0, 0.0)	(24.0, 0.0)	(25.0, 0.0)	(26.0, 0.0)	(27.0, 0.0)	(28.0, 0.0)	(29.0, 0.0)	(30.0, 0.0)	(31.0, 0.0)	(32.0, 1.0)	(33.0, 1.3333333333333333)	(34.0, 3.0)	(35.0, 3.0)	(36.0, 47.33333333333339)	(37.0, 34.3333333333333)	(38.0, 20.66666666666666)	(39.0, 87.6666666666665)	(40.0, 157.66666666666677)	(41.0, 3083.3333333336177)	(42.0, 6899.999999998195)	(43.0, 2323.333333333272)	(44.0, 522.9999999999895)	(45.0, 163.3333333333336)	(46.0, 71.00000000000007)	(47.0, 200.666666666668)	(48.0, 414.33333333332723)	(49.0, 615.0)	(50.0, 662.3333333333387)	(51.0, 2213.333333333222)	(52.0, 2017.6666666664871)	(53.0, 934.666666666703)	(54.0, 1560.9999999999243)	(55.0, 525.9999999999899)	(56.0, 895.0000000000318)	(57.0, 572.3333333333285)	(58.0, 1265.9999999999914)	(59.0, 308.9999999999999)	(60.0, 92.99999999999976)	(61.0, 53.333333333333435)	(62.0, 132.66666666666606)	(63.0, 224.66666666666868)	(64.0, 933.6666666667029)	(65.0, 67.00000000000013)	(66.0, 2.6666666666666665)	(67.0, 5.999999999999998)	(68.0, 28.999999999999964)	(69.0, 30.666666666666625)	(70.0, 6.999999999999997)	(71.0, 0.6666666666666666)	(72.0, 0.0)	(73.0, 0.0)	(74.0, 0.0)	(75.0, 0.0)	(76.0, 0.0)	(77.0, 0.0)	(78.0, 0.0)	(79.0, 0.0)	(80.0, 0.0)	(81.0, 0.0)	(82.0, 0.0)	(83.0, 0.0)	(84.0, 0.0)	(85.0, 0.0)	(86.0, 0.0)	(87.0, 0.0)	(88.0, 0.0)	(89.0, 0.0)	(90.0, 0.0)	(91.0, 0.0)	(92.0, 0.0)	(93.0, 0.0)	(94.0, 0.0)	(95.0, 0.0)	(96.0, 0.0)	(97.0, 0.0)	(98.0, 0.0)	(99.0, 0.0)	(100.0, 0.0)
Fungus_2137_2	(0.0, 0.0)	(1.0, 0.0)	(2.0, 0.0)	(3.0, 0.0)	(4.0, 0.0)	(5.0, 0.0)	(6.0, 0.0)	(7.0, 0.0)	(8.0, 0.0)	(9.0, 0.0)	(10.0, 0.0)	(11.0, 0.0)	(12.0, 0.0)	(13.0, 0.0)	(14.0, 0.0)	(15.0, 0.0)	(16.0, 0.0)	(17.0, 0.0)	(18.0, 0.0)	(19.0, 0.0)	(20.0, 0.0)	(21.0, 0.0)	(22.0, 0.0)	(23.0, 0.0)	(24.0, 0.0)	(25.0, 0.0)	(26.0, 0.0)	(27.0, 0.3333333333333333)	(28.0, 0.3333333333333333)	(29.0, 0.3333333333333333)	(30.0, 2.6666666666666665)	(31.0, 13.33333333333334)	(32.0, 53.0000000000001)	(33.0, 134.99999999999946)	(34.0, 18.666666666666668)	(35.0, 79.66666666666661)	(36.0, 168.66666666666708)	(37.0, 2360.999999999956)	(38.0, 2452.9999999999977)	(39.0, 2061.99999999982)	(40.0, 4664.333333333561)	(41.0, 658.6666666666716)	(42.0, 185.33333333333422)	(43.0, 82.9999999999999)	(44.0, 144.33333333333306)	(45.0, 178.33333333333402)	(46.0, 191.3333333333344)	(47.0, 98.66666666666634)	(48.0, 124.9999999999993)	(49.0, 526.3333333333233)	(50.0, 2574.3333333333862)	(51.0, 2366.666666666625)	(52.0, 463.66666666665776)	(53.0, 461.6666666666579)	(54.0, 672.0000000000065)	(55.0, 641.6666666666697)	(56.0, 1410.3333333332919)	(57.0, 871.3333333333625)	(58.0, 751.0000000000155)	(59.0, 1067.0000000000366)	(60.0, 322.33333333333246)	(61.0, 384.99999999999557)	(62.0, 254.33333333333618)	(63.0, 143.33333333333303)	(64.0, 160.3333333333335)	(65.0, 48.666666666666735)	(66.0, 102.99999999999962)	(67.0, 106.66666666666623)	(68.0, 44.33333333333337)	(69.0, 2.6666666666666665)	(70.0, 0.6666666666666666)	(71.0, 1.3333333333333333)	(72.0, 0.6666666666666666)	(73.0, 5.999999999999998)	(74.0, 45.00000000000004)	(75.0, 12.333333333333337)	(76.0, 0.6666666666666666)	(77.0, 0.0)	(78.0, 0.0)	(79.0, 0.0)	(80.0, 0.0)	(81.0, 0.0)	(82.0, 0.0)	(83.0, 0.0)	(84.0, 0.0)	(85.0, 0.0)	(86.0, 0.0)	(87.0, 0.0)	(88.0, 0.0)	(89.0, 0.0)	(90.0, 0.0)	(91.0, 0.0)	(92.0, 0.0)	(93.0, 0.0)	(94.0, 0.0)	(95.0, 0.0)	(96.0, 0.0)	(97.0, 0.0)	(98.0, 0.0)	(99.0, 0.0)	(100.0, 0.0)
Fungus_2146_1	(0.0, 0.0)	(1.0, 0.0)	(2.0, 0.0)	(3.0, 0.0)	(4.0, 0.0)	(5.0, 0.0)	(6.0, 0.0)	(7.0, 0.0)	(8.0, 0.0)	(9.0, 0.0)	(10.0, 0.0)	(11.0, 0.0)	(12.0, 0.0)	(13.0, 0.0)	(14.0, 0.0)	(15.0, 0.0)	(16.0, 0.0)	(17.0, 0.0)	(18.0, 0.0)	(19.0, 0.0)	(20.0, 0.0)	(21.0, 0.0)	(22.0, 0.0)	(23.0, 0.0)	(24.0, 0.0)	(25.0, 0.0)	(26.0, 0.0)	(27.0, 0.0)	(28.0, 0.0)	(29.0, 0.0)	(30.0, 0.0)	(31.0, 0.0)	(32.0, 0.0)	(33.0, 0.0)	(34.0, 0.0)	(35.0, 0.0)	(36.0, 0.3333333333333333)	(37.0, 1.0)	(38.0, 12.000000000000004)	(39.0, 57.00000000000013)	(40.0, 322.33333333333246)	(41.0, 43.333333333333364)	(42.0, 16.666666666666675)	(43.0, 46.00000000000005)	(44.0, 81.33333333333326)	(45.0, 554.6666666666598)	(46.0, 2757.000000000136)	(47.0, 17328.000000008484)	(48.0, 1857.9999999998568)	(49.0, 227.33333333333542)	(50.0, 112.99999999999947)	(51.0, 115.99999999999943)	(52.0, 86.66666666666652)	(53.0, 113.3333333333328)	(54.0, 85.3333333333332)	(55.0, 71.00000000000007)	(56.0, 114.33333333333279)	(57.0, 148.99999999999986)	(58.0, 229.66666666666882)	(59.0, 235.666666666669)	(60.0, 80.33333333333327)	(61.0, 129.99999999999932)	(62.0, 168.0000000000004)	(63.0, 53.0000000000001)	(64.0, 6.999999999999997)	(65.0, 10.0)	(66.0, 14.333333333333341)	(67.0, 3.666666666666667)	(68.0, 0.3333333333333333)	(69.0, 0.0)	(70.0, 0.0)	(71.0, 0.0)	(72.0, 0.3333333333333333)	(73.0, 0.0)	(74.0, 0.0)	(75.0, 0.0)	(76.0, 0.0)	(77.0, 0.0)	(78.0, 0.0)	(79.0, 0.0)	(80.0, 0.0)	(81.0, 0.0)	(82.0, 0.0)	(83.0, 0.0)	(84.0, 0.0)	(85.0, 0.0)	(86.0, 0.0)	(87.0, 0.0)	(88.0, 0.0)	(89.0, 0.0)	(90.0, 0.0)	(91.0, 0.0)	(92.0, 0.0)	(93.0, 0.0)	(94.0, 0.0)	(95.0, 0.0)	(96.0, 0.0)	(97.0, 0.0)	(98.0, 0.0)	(99.0, 0.0)	(100.0, 0.0)
Fungus_2146_2	(0.0, 0.0)	(1.0, 0.0)	(2.0, 0.0)	(3.0, 0.0)	(4.0, 0.0)	(5.0, 0.0)	(6.0, 0.0)	(7.0, 0.0)	(8.0, 0.0)	(9.0, 0.0)	(10.0, 0.0)	(11.0, 0.0)	(12.0, 0.0)	(13.0, 0.0)	(14.0, 0.0)	(15.0, 0.0)	(16.0, 0.0)	(17.0, 0.0)	(18.0, 0.0)	(19.0, 0.0)	(20.0, 0.0)	(21.0, 0.0)	(22.0, 0.0)	(23.0, 0.0)	(24.0, 0.0)	(25.0, 0.6666666666666666)	(26.0, 0.6666666666666666)	(27.0, 1.0)	(28.0, 1.9999999999999998)	(29.0, 3.0)	(30.0, 5.333333333333332)	(31.0, 12.000000000000004)	(32.0, 19.999999999999996)	(33.0, 46.66666666666672)	(34.0, 92.66666666666643)	(35.0, 176.33333333333397)	(36.0, 367.99999999999653)	(37.0, 1062.0000000000377)	(38.0, 5609.999999999368)	(39.0, 14451.333333341738)	(40.0, 5367.666666666255)	(41.0, 199.33333333333462)	(42.0, 452.6666666666584)	(43.0, 437.66666666665924)	(44.0, 20.33333333333333)	(45.0, 29.333333333333297)	(46.0, 100.33333333333299)	(47.0, 163.66666666666694)	(48.0, 182.33333333333414)	(49.0, 41.000000000000014)	(50.0, 109.99999999999952)	(51.0, 107.33333333333289)	(52.0, 92.3333333333331)	(53.0, 74.00000000000003)	(54.0, 98.99999999999967)	(55.0, 80.33333333333327)	(56.0, 94.33333333333307)	(57.0, 106.66666666666623)	(58.0, 221.33333333333525)	(59.0, 201.66666666666802)	(60.0, 115.99999999999943)	(61.0, 165.0000000000003)	(62.0, 106.66666666666623)	(63.0, 89.33333333333314)	(64.0, 61.66666666666683)	(65.0, 54.33333333333344)	(66.0, 30.666666666666625)	(67.0, 16.333333333333343)	(68.0, 8.666666666666664)	(69.0, 0.3333333333333333)	(70.0, 0.6666666666666666)	(71.0, 7.33333333333333)	(72.0, 1.3333333333333333)	(73.0, 0.0)	(74.0, 0.0)	(75.0, 0.0)	(76.0, 0.0)	(77.0, 0.0)	(78.0, 0.0)	(79.0, 0.0)	(80.0, 0.0)	(81.0, 0.0)	(82.0, 0.0)	(83.0, 0.0)	(84.0, 0.0)	(85.0, 0.0)	(86.0, 0.0)	(87.0, 0.0)	(88.0, 0.0)	(89.0, 0.0)	(90.0, 0.0)	(91.0, 0.0)	(92.0, 0.0)	(93.0, 0.0)	(94.0, 0.0)	(95.0, 0.0)	(96.0, 0.0)	(97.0, 0.0)	(98.0, 0.0)	(99.0, 0.0)	(100.0, 0.0)
Fungus_2154_1	(0.0, 0.0)	(1.0, 0.0)	(2.0, 0.0)	(3.0, 0.0)	(4.0, 0.0)	(5.0, 0.0)	(6.0, 0.0)	(7.0, 0.0)	(8.0, 0.0)	(9.0, 0.0)	(10.0, 0.0)	(11.0, 0.0)	(12.0, 0.0)	(13.0, 0.0)	(14.0, 0.0)	(15.0, 0.0)	(16.0, 0.0)	(17.0, 0.0)	(18.0, 0.0)	(19.0, 0.0)	(20.0, 0.0)	(21.0, 0.0)	(22.0, 0.0)	(23.0, 0.0)	(24.0, 0.0)	(25.0, 0.0)	(26.0, 0.0)	(27.0, 0.0)	(28.0, 0.0)	(29.0, 0.0)	(30.0, 0.0)	(31.0, 0.0)	(32.0, 0.6666666666666666)	(33.0, 1.0)	(34.0, 2.6666666666666665)	(35.0, 12.000000000000004)	(36.0, 72.33333333333339)	(37.0, 860.0000000000279)	(38.0, 1001.3333333333773)	(39.0, 178.33333333333402)	(40.0, 64.3333333333335)	(41.0, 65.33333333333348)	(42.0, 240.00000000000244)	(43.0, 583.3333333333297)	(44.0, 710.0000000000108)	(45.0, 1087.6666666666986)	(46.0, 1379.9999999999654)	(47.0, 1499.666666666605)	(48.0, 2624.6666666667425)	(49.0, 2460.3333333333344)	(50.0, 1563.9999999999236)	(51.0, 1362.3333333333028)	(52.0, 1258.6666666666597)	(53.0, 1530.3333333332646)	(54.0, 1554.9999999999256)	(55.0, 1441.3333333332848)	(56.0, 1625.6666666665762)	(57.0, 1300.6666666666501)	(58.0, 608.666666666666)	(59.0, 461.9999999999912)	(60.0, 363.33333333333013)	(61.0, 310.9999999999998)	(62.0, 263.3333333333358)	(63.0, 169.33333333333377)	(64.0, 62.666666666666835)	(65.0, 16.00000000000001)	(66.0, 6.666666666666664)	(67.0, 26.66666666666664)	(68.0, 33.33333333333329)	(69.0, 34.99999999999997)	(70.0, 3.666666666666667)	(71.0, 0.0)	(72.0, 0.0)	(73.0, 0.0)	(74.0, 0.0)	(75.0, 0.0)	(76.0, 0.0)	(77.0, 0.0)	(78.0, 0.0)	(79.0, 0.0)	(80.0, 0.0)	(81.0, 0.0)	(82.0, 0.0)	(83.0, 0.0)	(84.0, 0.0)	(85.0, 0.0)	(86.0, 0.0)	(87.0, 0.0)	(88.0, 0.0)	(89.0, 0.0)	(90.0, 0.0)	(91.0, 0.0)	(92.0, 0.0)	(93.0, 0.0)	(94.0, 0.0)	(95.0, 0.0)	(96.0, 0.0)	(97.0, 0.0)	(98.0, 0.0)	(99.0, 0.0)	(100.0, 0.0)
Fungus_2154_2	(0.0, 0.0)	(1.0, 0.0)	(2.0, 0.0)	(3.0, 0.0)	(4.0, 0.0)	(5.0, 0.0)	(6.0, 0.0)	(7.0, 0.0)	(8.0, 0.0)	(9.0, 0.0)	(10.0, 0.0)	(11.0, 0.0)	(12.0, 0.0)	(13.0, 0.0)	(14.0, 0.0)	(15.0, 0.0)	(16.0, 0.0)	(17.0, 0.0)	(18.0, 0.0)	(19.0, 0.0)	(20.0, 0.0)	(21.0, 0.0)	(22.0, 0.0)	(23.0, 0.0)	(24.0, 0.0)	(25.0, 0.0)	(26.0, 0.3333333333333333)	(27.0, 0.6666666666666666)	(28.0, 1.6666666666666665)	(29.0, 2.6666666666666665)	(30.0, 13.666666666666673)	(31.0, 15.666666666666677)	(32.0, 10.333333333333334)	(33.0, 53.333333333333435)	(34.0, 107.99999999999955)	(35.0, 1011.000000000045)	(36.0, 278.33333333333496)	(37.0, 87.99999999999983)	(38.0, 177.00000000000065)	(39.0, 172.6666666666672)	(40.0, 212.66666666666833)	(41.0, 276.3333333333351)	(42.0, 1273.6666666666563)	(43.0, 1632.6666666665747)	(44.0, 430.3333333333263)	(45.0, 274.3333333333352)	(46.0, 411.6666666666607)	(47.0, 439.3333333333258)	(48.0, 649.0000000000039)	(49.0, 2733.3333333334585)	(50.0, 1083.6666666666995)	(51.0, 1005.6666666667111)	(52.0, 540.9999999999916)	(53.0, 542.9999999999918)	(54.0, 1673.333333333232)	(55.0, 1153.3333333333503)	(56.0, 1181.6666666666772)	(57.0, 1221.666666666668)	(58.0, 1059.3333333333717)	(59.0, 1051.0000000000402)	(60.0, 1319.6666666666458)	(61.0, 936.0000000000365)	(62.0, 550.333333333326)	(63.0, 274.0000000000019)	(64.0, 238.66666666666907)	(65.0, 234.00000000000227)	(66.0, 111.99999999999949)	(67.0, 69.66666666666676)	(68.0, 35.66666666666664)	(69.0, 110.9999999999995)	(70.0, 58.666666666666806)	(71.0, 3.3333333333333335)	(72.0, 43.6666666666667)	(73.0, 60.00000000000015)	(74.0, 22.666666666666654)	(75.0, 27.333333333333304)	(76.0, 23.333333333333318)	(77.0, 0.0)	(78.0, 0.0)	(79.0, 0.0)	(80.0, 0.0)	(81.0, 0.0)	(82.0, 0.0)	(83.0, 0.0)	(84.0, 0.0)	(85.0, 0.0)	(86.0, 0.0)	(87.0, 0.0)	(88.0, 0.0)	(89.0, 0.0)	(90.0, 0.0)	(91.0, 0.0)	(92.0, 0.0)	(93.0, 0.0)	(94.0, 0.0)	(95.0, 0.0)	(96.0, 0.0)	(97.0, 0.0)	(98.0, 0.0)	(99.0, 0.0)	(100.0, 0.0)
Fungus_2155_1	(0.0, 0.0)	(1.0, 0.0)	(2.0, 0.0)	(3.0, 0.0)	(4.0, 0.0)	(5.0, 0.0)	(6.0, 0.0)	(7.0, 0.0)	(8.0, 0.0)	(9.0, 0.0)	(10.0, 0.0)	(11.0, 0.0)	(12.0, 0.0)	(13.0, 0.0)	(14.0, 0.0)	(15.0, 0.0)	(16.0, 0.0)	(17.0, 0.0)	(18.0, 0.0)	(19.0, 0.0)	(20.0, 0.0)	(21.0, 0.0)	(22.0, 0.0)	(23.0, 0.0)	(24.0, 0.0)	(25.0, 0.0)	(26.0, 0.0)	(27.0, 0.0)	(28.0, 0.0)	(29.0, 0.0)	(30.0, 0.0)	(31.0, 0.0)	(32.0, 0.0)	(33.0, 0.0)	(34.0, 0.3333333333333333)	(35.0, 3.0)	(36.0, 3.3333333333333335)	(37.0, 11.000000000000002)	(38.0, 49.66666666666674)	(39.0, 134.33333333333277)	(40.0, 96.9999999999997)	(41.0, 124.66666666666598)	(42.0, 231.33333333333553)	(43.0, 203.33333333333474)	(44.0, 578.3333333333292)	(45.0, 1171.3333333333462)	(46.0, 5381.666666666242)	(47.0, 1468.666666666612)	(48.0, 1258.3333333333264)	(49.0, 3303.3333333337177)	(50.0, 4221.000000000631)	(51.0, 2933.000000000216)	(52.0, 1671.3333333332325)	(53.0, 2018.9999999998201)	(54.0, 2704.3333333334454)	(55.0, 2106.666666666507)	(56.0, 1599.6666666665822)	(57.0, 1552.6666666665928)	(58.0, 1258.3333333333264)	(59.0, 1137.0000000000207)	(60.0, 1577.6666666665872)	(61.0, 545.3333333333254)	(62.0, 524.6666666666564)	(63.0, 204.6666666666681)	(64.0, 203.33333333333474)	(65.0, 184.3333333333342)	(66.0, 33.66666666666663)	(67.0, 8.999999999999998)	(68.0, 1.6666666666666665)	(69.0, 0.3333333333333333)	(70.0, 1.0)	(71.0, 0.3333333333333333)	(72.0, 0.0)	(73.0, 0.0)	(74.0, 0.0)	(75.0, 0.0)	(76.0, 0.0)	(77.0, 0.0)	(78.0, 0.0)	(79.0, 0.0)	(80.0, 0.0)	(81.0, 0.0)	(82.0, 0.0)	(83.0, 0.0)	(84.0, 0.0)	(85.0, 0.0)	(86.0, 0.0)	(87.0, 0.0)	(88.0, 0.0)	(89.0, 0.0)	(90.0, 0.0)	(91.0, 0.0)	(92.0, 0.0)	(93.0, 0.0)	(94.0, 0.0)	(95.0, 0.0)	(96.0, 0.0)	(97.0, 0.0)	(98.0, 0.0)	(99.0, 0.0)	(100.0, 0.0)
Fungus_2155_2	(0.0, 0.0)	(1.0, 0.0)	(2.0, 0.0)	(3.0, 0.0)	(4.0, 0.0)	(5.0, 0.0)	(6.0, 0.0)	(7.0, 0.0)	(8.0, 0.0)	(9.0, 0.0)	(10.0, 0.0)	(11.0, 0.0)	(12.0, 0.0)	(13.0, 0.0)	(14.0, 0.0)	(15.0, 0.0)	(16.0, 0.0)	(17.0, 0.0)	(18.0, 0.0)	(19.0, 0.0)	(20.0, 0.0)	(21.0, 0.0)	(22.0, 0.0)	(23.0, 0.0)	(24.0, 0.0)	(25.0, 0.0)	(26.0, 0.0)	(27.0, 2.333333333333333)	(28.0, 4.0)	(29.0, 39.333333333333336)	(30.0, 76.66666666666666)	(31.0, 4.999999999999999)	(32.0, 1.0)	(33.0, 14.000000000000007)	(34.0, 73.00000000000004)	(35.0, 27.666666666666636)	(36.0, 26.99999999999997)	(37.0, 72.00000000000006)	(38.0, 99.333333333333)	(39.0, 201.00000000000134)	(40.0, 230.3333333333355)	(41.0, 243.00000000000253)	(42.0, 272.3333333333353)	(43.0, 4761.00000000014)	(44.0, 5009.666666666581)	(45.0, 503.3333333333222)	(46.0, 365.66666666666333)	(47.0, 736.0000000000138)	(48.0, 1462.33333333328)	(49.0, 1357.6666666666372)	(50.0, 3283.3333333337087)	(51.0, 1595.666666666583)	(52.0, 1989.6666666664935)	(53.0, 1826.6666666665305)	(54.0, 1055.3333333333726)	(55.0, 1299.6666666666504)	(56.0, 1177.3333333333449)	(57.0, 1728.3333333332196)	(58.0, 1646.9999999999047)	(59.0, 1801.333333333203)	(60.0, 2718.666666666785)	(61.0, 2367.999999999959)	(62.0, 1659.9999999999018)	(63.0, 1028.3333333333787)	(64.0, 584.9999999999966)	(65.0, 151.33333333333326)	(66.0, 64.00000000000017)	(67.0, 10.333333333333334)	(68.0, 92.66666666666643)	(69.0, 103.33333333333294)	(70.0, 39.333333333333336)	(71.0, 72.00000000000006)	(72.0, 44.33333333333337)	(73.0, 24.333333333333314)	(74.0, 20.999999999999993)	(75.0, 14.000000000000007)	(76.0, 2.6666666666666665)	(77.0, 0.6666666666666666)	(78.0, 0.0)	(79.0, 0.0)	(80.0, 0.0)	(81.0, 0.0)	(82.0, 0.0)	(83.0, 0.0)	(84.0, 0.0)	(85.0, 0.0)	(86.0, 0.0)	(87.0, 0.0)	(88.0, 0.0)	(89.0, 0.0)	(90.0, 0.0)	(91.0, 0.0)	(92.0, 0.0)	(93.0, 0.0)	(94.0, 0.0)	(95.0, 0.0)	(96.0, 0.0)	(97.0, 0.0)	(98.0, 0.0)	(99.0, 0.0)	(100.0, 0.0)
Fungus_2156_1	(0.0, 0.0)	(1.0, 0.0)	(2.0, 0.0)	(3.0, 0.0)	(4.0, 0.0)	(5.0, 0.0)	(6.0, 0.0)	(7.0, 0.0)	(8.0, 0.0)	(9.0, 0.0)	(10.0, 0.0)	(11.0, 0.0)	(12.0, 0.0)	(13.0, 0.0)	(14.0, 0.0)	(15.0, 0.0)	(16.0, 0.0)	(17.0, 0.0)	(18.0, 0.0)	(19.0, 0.0)	(20.0, 0.0)	(21.0, 0.0)	(22.0, 0.0)	(23.0, 0.0)	(24.0, 0.0)	(25.0, 0.0)	(26.0, 0.3333333333333333)	(27.0, 0.3333333333333333)	(28.0, 0.0)	(29.0, 1.0)	(30.0, 2.333333333333333)	(31.0, 117.33333333333275)	(32.0, 113.66666666666613)	(33.0, 0.3333333333333333)	(34.0, 0.0)	(35.0, 1.9999999999999998)	(36.0, 68.00000000000011)	(37.0, 57.6666666666668)	(38.0, 3.0)	(39.0, 4.333333333333333)	(40.0, 51.000000000000085)	(41.0, 51.33333333333342)	(42.0, 70.33333333333341)	(43.0, 1686.9999999998956)	(44.0, 2150.3333333331934)	(45.0, 2091.6666666665)	(46.0, 1578.666666666587)	(47.0, 867.6666666666954)	(48.0, 2378.333333333297)	(49.0, 1995.9999999998254)	(50.0, 1179.6666666666777)	(51.0, 3566.3333333338373)	(52.0, 1250.6666666666615)	(53.0, 1294.9999999999848)	(54.0, 923.000000000035)	(55.0, 679.0000000000073)	(56.0, 788.333333333353)	(57.0, 963.3333333333729)	(58.0, 937.33333333337)	(59.0, 491.66666666665617)	(60.0, 430.99999999999295)	(61.0, 341.3333333333314)	(62.0, 3513.6666666671467)	(63.0, 4115.000000000728)	(64.0, 828.3333333333576)	(65.0, 367.99999999999653)	(66.0, 47.00000000000006)	(67.0, 1.6666666666666665)	(68.0, 0.3333333333333333)	(69.0, 0.3333333333333333)	(70.0, 0.3333333333333333)	(71.0, 0.0)	(72.0, 0.0)	(73.0, 0.0)	(74.0, 0.0)	(75.0, 0.0)	(76.0, 0.0)	(77.0, 0.0)	(78.0, 0.0)	(79.0, 0.0)	(80.0, 0.0)	(81.0, 0.0)	(82.0, 0.0)	(83.0, 0.0)	(84.0, 0.0)	(85.0, 0.0)	(86.0, 0.0)	(87.0, 0.0)	(88.0, 0.0)	(89.0, 0.0)	(90.0, 0.0)	(91.0, 0.0)	(92.0, 0.0)	(93.0, 0.0)	(94.0, 0.0)	(95.0, 0.0)	(96.0, 0.0)	(97.0, 0.0)	(98.0, 0.0)	(99.0, 0.0)	(100.0, 0.0)
Fungus_2156_2	(0.0, 0.0)	(1.0, 0.0)	(2.0, 0.0)	(3.0, 0.0)	(4.0, 0.0)	(5.0, 0.0)	(6.0, 0.0)	(7.0, 0.0)	(8.0, 0.0)	(9.0, 0.0)	(10.0, 0.0)	(11.0, 0.0)	(12.0, 0.0)	(13.0, 0.0)	(14.0, 0.0)	(15.0, 0.0)	(16.0, 0.0)	(17.0, 0.0)	(18.0, 0.0)	(19.0, 0.0)	(20.0, 0.3333333333333333)	(21.0, 0.6666666666666666)	(22.0, 1.0)	(23.0, 1.0)	(24.0, 1.9999999999999998)	(25.0, 1.9999999999999998)	(26.0, 7.33333333333333)	(27.0, 117.33333333333275)	(28.0, 114.99999999999945)	(29.0, 17.66666666666667)	(30.0, 1.3333333333333333)	(31.0, 0.3333333333333333)	(32.0, 0.0)	(33.0, 1.0)	(34.0, 3.0)	(35.0, 12.666666666666671)	(36.0, 77.66666666666664)	(37.0, 1134.3333333333546)	(38.0, 1227.6666666666667)	(39.0, 155.00000000000003)	(40.0, 79.33333333333329)	(41.0, 52.33333333333343)	(42.0, 1799.99999999987)	(43.0, 2162.333333333199)	(44.0, 764.6666666666837)	(45.0, 624.000000000001)	(46.0, 134.99999999999946)	(47.0, 540.9999999999916)	(48.0, 2620.333333333407)	(49.0, 1073.0000000000352)	(50.0, 2987.333333333574)	(51.0, 427.6666666666598)	(52.0, 347.33333333333104)	(53.0, 463.9999999999911)	(54.0, 747.6666666666817)	(55.0, 649.3333333333372)	(56.0, 785.3333333333527)	(57.0, 1274.3333333333228)	(58.0, 1761.333333333212)	(59.0, 3960.66666666735)	(60.0, 3633.0000000005343)	(61.0, 1549.9999999999268)	(62.0, 1322.6666666666451)	(63.0, 643.3333333333366)	(64.0, 373.6666666666629)	(65.0, 171.00000000000048)	(66.0, 74.33333333333336)	(67.0, 196.66666666666788)	(68.0, 225.6666666666687)	(69.0, 18.333333333333336)	(70.0, 3.666666666666667)	(71.0, 0.0)	(72.0, 0.6666666666666666)	(73.0, 0.3333333333333333)	(74.0, 0.0)	(75.0, 0.0)	(76.0, 0.0)	(77.0, 0.0)	(78.0, 0.0)	(79.0, 0.0)	(80.0, 0.0)	(81.0, 0.0)	(82.0, 0.0)	(83.0, 0.0)	(84.0, 0.0)	(85.0, 0.0)	(86.0, 0.0)	(87.0, 0.0)	(88.0, 0.0)	(89.0, 0.0)	(90.0, 0.0)	(91.0, 0.0)	(92.0, 0.0)	(93.0, 0.0)	(94.0, 0.0)	(95.0, 0.0)	(96.0, 0.0)	(97.0, 0.0)	(98.0, 0.0)	(99.0, 0.0)	(100.0, 0.0)
Fungus_21_1	(0.0, 0.0)	(1.0, 0.0)	(2.0, 0.0)	(3.0, 0.0)	(4.0, 0.0)	(5.0, 0.0)	(6.0, 0.0)	(7.0, 0.0)	(8.0, 0.0)	(9.0, 0.0)	(10.0, 0.0)	(11.0, 0.0)	(12.0, 0.0)	(13.0, 0.0)	(14.0, 0.0)	(15.0, 0.0)	(16.0, 0.0)	(17.0, 0.0)	(18.0, 0.0)	(19.0, 0.0)	(20.0, 0.0)	(21.0, 0.0)	(22.0, 0.0)	(23.0, 0.0)	(24.0, 0.0)	(25.0, 0.0)	(26.0, 0.0)	(27.0, 1.9999999999999998)	(28.0, 22.999999999999986)	(29.0, 1.0)	(30.0, 1.0)	(31.0, 0.0)	(32.0, 0.3333333333333333)	(33.0, 1.9999999999999998)	(34.0, 2.6666666666666665)	(35.0, 5.999999999999998)	(36.0, 10.666666666666668)	(37.0, 172.33333333333385)	(38.0, 390.6666666666619)	(39.0, 1009.0000000000448)	(40.0, 7035.999999998071)	(41.0, 1155.666666666683)	(42.0, 588.3333333333303)	(43.0, 348.9999999999976)	(44.0, 201.00000000000134)	(45.0, 600.9999999999984)	(46.0, 806.6666666666885)	(47.0, 735.333333333347)	(48.0, 1227.3333333333335)	(49.0, 1005.3333333333777)	(50.0, 664.6666666666723)	(51.0, 699.6666666666763)	(52.0, 756.000000000016)	(53.0, 3501.0000000004743)	(54.0, 3568.6666666671717)	(55.0, 1092.6666666666974)	(56.0, 1062.333333333371)	(57.0, 1028.666666666712)	(58.0, 886.6666666666976)	(59.0, 807.3333333333552)	(60.0, 422.6666666666601)	(61.0, 376.3333333333294)	(62.0, 291.0000000000009)	(63.0, 229.00000000000213)	(64.0, 99.99999999999966)	(65.0, 55.666666666666785)	(66.0, 5.666666666666665)	(67.0, 4.333333333333333)	(68.0, 13.666666666666673)	(69.0, 41.666666666666686)	(70.0, 0.6666666666666666)	(71.0, 0.0)	(72.0, 0.0)	(73.0, 0.0)	(74.0, 0.0)	(75.0, 0.0)	(76.0, 0.0)	(77.0, 0.0)	(78.0, 0.0)	(79.0, 0.0)	(80.0, 0.0)	(81.0, 0.0)	(82.0, 0.0)	(83.0, 0.0)	(84.0, 0.0)	(85.0, 0.0)	(86.0, 0.0)	(87.0, 0.0)	(88.0, 0.0)	(89.0, 0.0)	(90.0, 0.0)	(91.0, 0.0)	(92.0, 0.0)	(93.0, 0.0)	(94.0, 0.0)	(95.0, 0.0)	(96.0, 0.0)	(97.0, 0.0)	(98.0, 0.0)	(99.0, 0.0)	(100.0, 0.0)
Fungus_21_2	(0.0, 0.0)	(1.0, 0.0)	(2.0, 0.0)	(3.0, 0.0)	(4.0, 0.0)	(5.0, 0.0)	(6.0, 0.0)	(7.0, 0.0)	(8.0, 0.0)	(9.0, 0.0)	(10.0, 0.0)	(11.0, 0.0)	(12.0, 0.0)	(13.0, 0.0)	(14.0, 0.0)	(15.0, 0.0)	(16.0, 0.0)	(17.0, 0.0)	(18.0, 0.0)	(19.0, 0.0)	(20.0, 0.3333333333333333)	(21.0, 0.3333333333333333)	(22.0, 0.6666666666666666)	(23.0, 1.3333333333333333)	(24.0, 1.0)	(25.0, 1.9999999999999998)	(26.0, 20.33333333333333)	(27.0, 1.6666666666666665)	(28.0, 1.6666666666666665)	(29.0, 0.6666666666666666)	(30.0, 1.6666666666666665)	(31.0, 8.33333333333333)	(32.0, 0.3333333333333333)	(33.0, 2.333333333333333)	(34.0, 4.999999999999999)	(35.0, 311.9999999999997)	(36.0, 328.66666666666544)	(37.0, 128.9999999999993)	(38.0, 103.66666666666627)	(39.0, 107.99999999999955)	(40.0, 254.33333333333618)	(41.0, 6904.99999999819)	(42.0, 7015.666666664756)	(43.0, 667.6666666666727)	(44.0, 336.666666666665)	(45.0, 101.33333333333297)	(46.0, 391.66666666666185)	(47.0, 551.6666666666595)	(48.0, 764.0000000000169)	(49.0, 728.3333333333462)	(50.0, 694.3333333333424)	(51.0, 533.6666666666574)	(52.0, 433.66666666665947)	(53.0, 625.0000000000011)	(54.0, 1319.3333333333126)	(55.0, 3138.0000000003092)	(56.0, 1144.6666666666856)	(57.0, 1064.6666666667038)	(58.0, 747.000000000015)	(59.0, 855.0000000000273)	(60.0, 765.3333333333504)	(61.0, 380.6666666666625)	(62.0, 590.6666666666639)	(63.0, 539.3333333333247)	(64.0, 626.0000000000013)	(65.0, 459.9999999999913)	(66.0, 207.6666666666682)	(67.0, 88.33333333333316)	(68.0, 82.66666666666657)	(69.0, 250.00000000000273)	(70.0, 191.3333333333344)	(71.0, 3.3333333333333335)	(72.0, 1.0)	(73.0, 38.33333333333333)	(74.0, 37.33333333333332)	(75.0, 1.6666666666666665)	(76.0, 0.0)	(77.0, 0.0)	(78.0, 0.0)	(79.0, 0.0)	(80.0, 0.0)	(81.0, 0.0)	(82.0, 0.0)	(83.0, 0.0)	(84.0, 0.0)	(85.0, 0.0)	(86.0, 0.0)	(87.0, 0.0)	(88.0, 0.0)	(89.0, 0.0)	(90.0, 0.0)	(91.0, 0.0)	(92.0, 0.0)	(93.0, 0.0)	(94.0, 0.0)	(95.0, 0.0)	(96.0, 0.0)	(97.0, 0.0)	(98.0, 0.0)	(99.0, 0.0)	(100.0, 0.0)
Fungus_23_1	(0.0, 0.0)	(1.0, 0.0)	(2.0, 0.0)	(3.0, 0.0)	(4.0, 0.0)	(5.0, 0.0)	(6.0, 0.0)	(7.0, 0.0)	(8.0, 0.0)	(9.0, 0.0)	(10.0, 0.0)	(11.0, 0.0)	(12.0, 0.0)	(13.0, 0.0)	(14.0, 0.0)	(15.0, 0.0)	(16.0, 0.0)	(17.0, 0.0)	(18.0, 0.0)	(19.0, 0.0)	(20.0, 0.0)	(21.0, 0.0)	(22.0, 0.0)	(23.0, 0.0)	(24.0, 0.0)	(25.0, 0.0)	(26.0, 0.0)	(27.0, 0.0)	(28.0, 0.0)	(29.0, 0.0)	(30.0, 0.0)	(31.0, 0.6666666666666666)	(32.0, 0.6666666666666666)	(33.0, 1.0)	(34.0, 6.999999999999997)	(35.0, 153.33333333333331)	(36.0, 152.66666666666663)	(37.0, 16.333333333333343)	(38.0, 155.00000000000003)	(39.0, 163.66666666666694)	(40.0, 60.00000000000015)	(41.0, 74.33333333333336)	(42.0, 1272.6666666666565)	(43.0, 1980.6666666664955)	(44.0, 998.3333333333769)	(45.0, 2195.999999999881)	(46.0, 2103.6666666665055)	(47.0, 879.00000000003)	(48.0, 1044.6666666667084)	(49.0, 1347.9999999999727)	(50.0, 5601.999999999375)	(51.0, 4188.666666667327)	(52.0, 695.3333333333425)	(53.0, 850.0000000000267)	(54.0, 2208.9999999998868)	(55.0, 2706.6666666667797)	(56.0, 656.0000000000047)	(57.0, 930.3333333333692)	(58.0, 647.333333333337)	(59.0, 286.6666666666678)	(60.0, 62.666666666666835)	(61.0, 103.66666666666627)	(62.0, 84.99999999999987)	(63.0, 31.33333333333329)	(64.0, 22.666666666666654)	(65.0, 78.3333333333333)	(66.0, 21.666666666666657)	(67.0, 3.0)	(68.0, 9.666666666666666)	(69.0, 0.6666666666666666)	(70.0, 0.0)	(71.0, 0.0)	(72.0, 0.0)	(73.0, 0.0)	(74.0, 0.0)	(75.0, 0.0)	(76.0, 0.0)	(77.0, 0.0)	(78.0, 0.0)	(79.0, 0.0)	(80.0, 0.0)	(81.0, 0.0)	(82.0, 0.0)	(83.0, 0.0)	(84.0, 0.0)	(85.0, 0.0)	(86.0, 0.0)	(87.0, 0.0)	(88.0, 0.0)	(89.0, 0.0)	(90.0, 0.0)	(91.0, 0.0)	(92.0, 0.0)	(93.0, 0.0)	(94.0, 0.0)	(95.0, 0.0)	(96.0, 0.0)	(97.0, 0.0)	(98.0, 0.0)	(99.0, 0.0)	(100.0, 0.0)
Fungus_23_2	(0.0, 0.0)	(1.0, 0.0)	(2.0, 0.0)	(3.0, 0.0)	(4.0, 0.0)	(5.0, 0.0)	(6.0, 0.0)	(7.0, 0.0)	(8.0, 0.0)	(9.0, 0.0)	(10.0, 0.0)	(11.0, 0.0)	(12.0, 0.0)	(13.0, 0.0)	(14.0, 0.0)	(15.0, 0.0)	(16.0, 0.0)	(17.0, 0.0)	(18.0, 0.0)	(19.0, 0.0)	(20.0, 0.0)	(21.0, 0.0)	(22.0, 0.0)	(23.0, 0.0)	(24.0, 0.0)	(25.0, 0.3333333333333333)	(26.0, 0.6666666666666666)	(27.0, 0.3333333333333333)	(28.0, 0.0)	(29.0, 0.3333333333333333)	(30.0, 1.0)	(31.0, 1.3333333333333333)	(32.0, 2.6666666666666665)	(33.0, 11.66666666666667)	(34.0, 17.000000000000007)	(35.0, 50.00000000000008)	(36.0, 22.666666666666654)	(37.0, 102.33333333333296)	(38.0, 437.99999999999255)	(39.0, 106.99999999999956)	(40.0, 646.0000000000035)	(41.0, 1549.6666666665935)	(42.0, 3123.0000000003024)	(43.0, 2725.0000000001214)	(44.0, 2931.3333333335486)	(45.0, 1980.9999999998288)	(46.0, 530.9999999999905)	(47.0, 738.3333333333474)	(48.0, 1354.6666666666379)	(49.0, 571.9999999999951)	(50.0, 525.6666666666565)	(51.0, 279.0000000000016)	(52.0, 592.6666666666641)	(53.0, 2858.000000000182)	(54.0, 2443.66666666666)	(55.0, 2656.3333333334235)	(56.0, 2306.9999999999313)	(57.0, 283.666666666668)	(58.0, 196.66666666666788)	(59.0, 236.00000000000233)	(60.0, 492.6666666666561)	(61.0, 195.66666666666785)	(62.0, 434.3333333333261)	(63.0, 437.66666666665924)	(64.0, 168.66666666666708)	(65.0, 268.66666666666885)	(66.0, 32.66666666666662)	(67.0, 14.000000000000007)	(68.0, 29.66666666666663)	(69.0, 26.99999999999997)	(70.0, 4.999999999999999)	(71.0, 1.3333333333333333)	(72.0, 0.3333333333333333)	(73.0, 0.0)	(74.0, 0.0)	(75.0, 0.0)	(76.0, 0.0)	(77.0, 0.0)	(78.0, 0.0)	(79.0, 0.0)	(80.0, 0.0)	(81.0, 0.0)	(82.0, 0.0)	(83.0, 0.0)	(84.0, 0.0)	(85.0, 0.0)	(86.0, 0.0)	(87.0, 0.0)	(88.0, 0.0)	(89.0, 0.0)	(90.0, 0.0)	(91.0, 0.0)	(92.0, 0.0)	(93.0, 0.0)	(94.0, 0.0)	(95.0, 0.0)	(96.0, 0.0)	(97.0, 0.0)	(98.0, 0.0)	(99.0, 0.0)	(100.0, 0.0)
Fungus_26_1	(0.0, 0.0)	(1.0, 0.0)	(2.0, 0.0)	(3.0, 0.0)	(4.0, 0.0)	(5.0, 0.0)	(6.0, 0.0)	(7.0, 0.0)	(8.0, 0.0)	(9.0, 0.0)	(10.0, 0.0)	(11.0, 0.0)	(12.0, 0.0)	(13.0, 0.0)	(14.0, 0.0)	(15.0, 0.0)	(16.0, 0.0)	(17.0, 0.0)	(18.0, 0.0)	(19.0, 0.0)	(20.0, 0.0)	(21.0, 0.0)	(22.0, 0.0)	(23.0, 0.0)	(24.0, 0.0)	(25.0, 0.0)	(26.0, 0.0)	(27.0, 0.0)	(28.0, 0.0)	(29.0, 0.3333333333333333)	(30.0, 0.6666666666666666)	(31.0, 1.9999999999999998)	(32.0, 5.333333333333332)	(33.0, 12.333333333333337)	(34.0, 13.666666666666673)	(35.0, 4.999999999999999)	(36.0, 33.33333333333329)	(37.0, 162.6666666666669)	(38.0, 75.00000000000001)	(39.0, 61.33333333333349)	(40.0, 74.66666666666669)	(41.0, 1063.666666666704)	(42.0, 1378.6666666666324)	(43.0, 1947.666666666503)	(44.0, 274.3333333333352)	(45.0, 217.0000000000018)	(46.0, 695.0000000000091)	(47.0, 893.333333333365)	(48.0, 1059.666666666705)	(49.0, 606.3333333333323)	(50.0, 1137.0000000000207)	(51.0, 1450.3333333332828)	(52.0, 1137.333333333354)	(53.0, 1486.3333333332746)	(54.0, 3868.666666667308)	(55.0, 1487.3333333332744)	(56.0, 1206.000000000005)	(57.0, 2217.333333333224)	(58.0, 1900.3333333331805)	(59.0, 1024.3333333333796)	(60.0, 725.6666666666792)	(61.0, 433.33333333332615)	(62.0, 296.33333333333394)	(63.0, 88.99999999999982)	(64.0, 10.0)	(65.0, 3.3333333333333335)	(66.0, 5.333333333333332)	(67.0, 7.666666666666663)	(68.0, 4.0)	(69.0, 13.33333333333334)	(70.0, 60.66666666666682)	(71.0, 4.0)	(72.0, 0.0)	(73.0, 0.0)	(74.0, 0.0)	(75.0, 0.0)	(76.0, 0.0)	(77.0, 0.0)	(78.0, 0.0)	(79.0, 0.0)	(80.0, 0.0)	(81.0, 0.0)	(82.0, 0.0)	(83.0, 0.0)	(84.0, 0.0)	(85.0, 0.0)	(86.0, 0.0)	(87.0, 0.0)	(88.0, 0.0)	(89.0, 0.0)	(90.0, 0.0)	(91.0, 0.0)	(92.0, 0.0)	(93.0, 0.0)	(94.0, 0.0)	(95.0, 0.0)	(96.0, 0.0)	(97.0, 0.0)	(98.0, 0.0)	(99.0, 0.0)	(100.0, 0.0)
Fungus_26_2	(0.0, 0.0)	(1.0, 0.0)	(2.0, 0.0)	(3.0, 0.0)	(4.0, 0.0)	(5.0, 0.0)	(6.0, 0.0)	(7.0, 0.0)	(8.0, 0.0)	(9.0, 0.0)	(10.0, 0.0)	(11.0, 0.0)	(12.0, 0.0)	(13.0, 0.0)	(14.0, 0.0)	(15.0, 0.0)	(16.0, 0.0)	(17.0, 0.0)	(18.0, 0.0)	(19.0, 0.0)	(20.0, 0.0)	(21.0, 0.0)	(22.0, 0.0)	(23.0, 0.0)	(24.0, 0.3333333333333333)	(25.0, 0.6666666666666666)	(26.0, 19.999999999999996)	(27.0, 19.0)	(28.0, 0.3333333333333333)	(29.0, 1.0)	(30.0, 1.0)	(31.0, 1.3333333333333333)	(32.0, 3.3333333333333335)	(33.0, 4.666666666666666)	(34.0, 22.33333333333332)	(35.0, 31.999999999999954)	(36.0, 72.33333333333339)	(37.0, 69.33333333333343)	(38.0, 1052.3333333333733)	(39.0, 983.6666666667086)	(40.0, 188.66666666666765)	(41.0, 333.33333333333184)	(42.0, 1961.6666666664999)	(43.0, 661.666666666672)	(44.0, 434.6666666666594)	(45.0, 59.00000000000014)	(46.0, 168.0000000000004)	(47.0, 341.6666666666647)	(48.0, 382.66666666666237)	(49.0, 454.33333333332496)	(50.0, 1046.3333333333746)	(51.0, 455.3333333333249)	(52.0, 962.6666666667062)	(53.0, 691.6666666666754)	(54.0, 904.3333333333662)	(55.0, 1235.3333333333317)	(56.0, 807.6666666666886)	(57.0, 1885.6666666665171)	(58.0, 2488.0000000000136)	(59.0, 3846.000000000631)	(60.0, 1269.9999999999905)	(61.0, 1318.9999999999793)	(62.0, 964.333333333373)	(63.0, 612.333333333333)	(64.0, 251.3333333333361)	(65.0, 395.99999999999494)	(66.0, 158.0000000000001)	(67.0, 87.6666666666665)	(68.0, 11.000000000000002)	(69.0, 129.66666666666598)	(70.0, 122.33333333333267)	(71.0, 0.6666666666666666)	(72.0, 0.6666666666666666)	(73.0, 0.3333333333333333)	(74.0, 0.0)	(75.0, 0.0)	(76.0, 0.0)	(77.0, 0.0)	(78.0, 0.6666666666666666)	(79.0, 0.3333333333333333)	(80.0, 0.0)	(81.0, 0.0)	(82.0, 0.0)	(83.0, 0.0)	(84.0, 0.0)	(85.0, 0.0)	(86.0, 0.0)	(87.0, 0.0)	(88.0, 0.0)	(89.0, 0.0)	(90.0, 0.0)	(91.0, 0.0)	(92.0, 0.0)	(93.0, 0.0)	(94.0, 0.0)	(95.0, 0.0)	(96.0, 0.0)	(97.0, 0.0)	(98.0, 0.0)	(99.0, 0.0)	(100.0, 0.0)
Fungus_42_1	(0.0, 0.0)	(1.0, 0.0)	(2.0, 0.0)	(3.0, 0.0)	(4.0, 0.0)	(5.0, 0.0)	(6.0, 0.0)	(7.0, 0.0)	(8.0, 0.0)	(9.0, 0.0)	(10.0, 0.0)	(11.0, 0.0)	(12.0, 0.0)	(13.0, 0.0)	(14.0, 0.0)	(15.0, 0.0)	(16.0, 0.0)	(17.0, 0.0)	(18.0, 0.0)	(19.0, 0.0)	(20.0, 0.0)	(21.0, 0.0)	(22.0, 0.0)	(23.0, 0.0)	(24.0, 0.0)	(25.0, 0.0)	(26.0, 0.0)	(27.0, 0.0)	(28.0, 0.0)	(29.0, 0.0)	(30.0, 0.0)	(31.0, 0.0)	(32.0, 0.0)	(33.0, 0.0)	(34.0, 0.3333333333333333)	(35.0, 0.0)	(36.0, 0.0)	(37.0, 0.6666666666666666)	(38.0, 29.66666666666663)	(39.0, 33.66666666666663)	(40.0, 6.999999999999997)	(41.0, 15.666666666666677)	(42.0, 118.33333333333273)	(43.0, 313.333333333333)	(44.0, 259.33333333333604)	(45.0, 291.66666666666754)	(46.0, 1437.666666666619)	(47.0, 1115.0000000000257)	(48.0, 202.66666666666805)	(49.0, 956.0000000000388)	(50.0, 1211.3333333333371)	(51.0, 763.0000000000168)	(52.0, 572.6666666666619)	(53.0, 816.3333333333562)	(54.0, 1032.0000000000446)	(55.0, 757.3333333333495)	(56.0, 6738.666666665008)	(57.0, 5904.666666665767)	(58.0, 1384.3333333332978)	(59.0, 1549.3333333332603)	(60.0, 913.6666666667006)	(61.0, 77.99999999999997)	(62.0, 322.9999999999991)	(63.0, 240.3333333333358)	(64.0, 36.333333333333314)	(65.0, 9.666666666666666)	(66.0, 24.333333333333314)	(67.0, 16.333333333333343)	(68.0, 0.6666666666666666)	(69.0, 0.3333333333333333)	(70.0, 1.6666666666666665)	(71.0, 0.0)	(72.0, 0.0)	(73.0, 0.0)	(74.0, 0.0)	(75.0, 0.0)	(76.0, 0.0)	(77.0, 0.0)	(78.0, 0.0)	(79.0, 0.0)	(80.0, 0.0)	(81.0, 0.0)	(82.0, 0.0)	(83.0, 0.0)	(84.0, 0.0)	(85.0, 0.0)	(86.0, 0.0)	(87.0, 0.0)	(88.0, 0.0)	(89.0, 0.0)	(90.0, 0.0)	(91.0, 0.0)	(92.0, 0.0)	(93.0, 0.0)	(94.0, 0.0)	(95.0, 0.0)	(96.0, 0.0)	(97.0, 0.0)	(98.0, 0.0)	(99.0, 0.0)	(100.0, 0.0)
Fungus_42_2	(0.0, 0.0)	(1.0, 0.0)	(2.0, 0.0)	(3.0, 0.0)	(4.0, 0.0)	(5.0, 0.0)	(6.0, 0.0)	(7.0, 0.0)	(8.0, 0.0)	(9.0, 0.0)	(10.0, 0.0)	(11.0, 0.0)	(12.0, 0.0)	(13.0, 0.0)	(14.0, 0.0)	(15.0, 0.0)	(16.0, 0.0)	(17.0, 0.0)	(18.0, 0.0)	(19.0, 0.0)	(20.0, 0.0)	(21.0, 0.0)	(22.0, 0.0)	(23.0, 0.0)	(24.0, 0.0)	(25.0, 0.0)	(26.0, 0.0)	(27.0, 0.0)	(28.0, 0.0)	(29.0, 0.0)	(30.0, 0.0)	(31.0, 0.3333333333333333)	(32.0, 0.6666666666666666)	(33.0, 0.0)	(34.0, 0.6666666666666666)	(35.0, 4.333333333333333)	(36.0, 34.666666666666636)	(37.0, 131.66666666666603)	(38.0, 169.6666666666671)	(39.0, 28.3333333333333)	(40.0, 150.66666666666657)	(41.0, 86.66666666666652)	(42.0, 119.66666666666605)	(43.0, 58.666666666666806)	(44.0, 297.6666666666672)	(45.0, 184.00000000000085)	(46.0, 985.3333333333754)	(47.0, 381.99999999999574)	(48.0, 524.9999999999898)	(49.0, 602.9999999999986)	(50.0, 151.99999999999994)	(51.0, 133.33333333333275)	(52.0, 1065.6666666667036)	(53.0, 1006.6666666667112)	(54.0, 1710.9999999998902)	(55.0, 1490.9999999999402)	(56.0, 1881.666666666518)	(57.0, 855.0000000000273)	(58.0, 428.99999999999307)	(59.0, 74.00000000000003)	(60.0, 252.33333333333613)	(61.0, 2160.6666666665315)	(62.0, 6763.666666664985)	(63.0, 1607.333333333247)	(64.0, 91.99999999999977)	(65.0, 256.6666666666695)	(66.0, 54.66666666666678)	(67.0, 5.666666666666665)	(68.0, 4.0)	(69.0, 0.3333333333333333)	(70.0, 0.0)	(71.0, 0.3333333333333333)	(72.0, 0.3333333333333333)	(73.0, 0.0)	(74.0, 0.0)	(75.0, 0.0)	(76.0, 0.0)	(77.0, 0.3333333333333333)	(78.0, 0.0)	(79.0, 0.0)	(80.0, 0.3333333333333333)	(81.0, 0.3333333333333333)	(82.0, 0.0)	(83.0, 0.0)	(84.0, 0.0)	(85.0, 0.0)	(86.0, 0.0)	(87.0, 0.0)	(88.0, 0.0)	(89.0, 0.0)	(90.0, 0.0)	(91.0, 0.0)	(92.0, 0.0)	(93.0, 0.0)	(94.0, 0.0)	(95.0, 0.0)	(96.0, 0.0)	(97.0, 0.0)	(98.0, 0.0)	(99.0, 0.0)	(100.0, 0.0)
Fungus_45_1	(0.0, 0.0)	(1.0, 0.0)	(2.0, 0.0)	(3.0, 0.0)	(4.0, 0.0)	(5.0, 0.0)	(6.0, 0.0)	(7.0, 0.0)	(8.0, 0.0)	(9.0, 0.0)	(10.0, 0.0)	(11.0, 0.0)	(12.0, 0.0)	(13.0, 0.0)	(14.0, 0.0)	(15.0, 0.0)	(16.0, 0.0)	(17.0, 0.0)	(18.0, 0.0)	(19.0, 0.0)	(20.0, 0.0)	(21.0, 0.0)	(22.0, 0.0)	(23.0, 0.0)	(24.0, 0.0)	(25.0, 0.0)	(26.0, 0.0)	(27.0, 0.6666666666666666)	(28.0, 1.0)	(29.0, 0.6666666666666666)	(30.0, 3.0)	(31.0, 2.6666666666666665)	(32.0, 2.333333333333333)	(33.0, 4.333333333333333)	(34.0, 4.0)	(35.0, 5.666666666666665)	(36.0, 14.333333333333341)	(37.0, 14.666666666666675)	(38.0, 84.33333333333321)	(39.0, 99.333333333333)	(40.0, 61.33333333333349)	(41.0, 103.66666666666627)	(42.0, 970.6666666667071)	(43.0, 2762.0000000001382)	(44.0, 2397.9999999999727)	(45.0, 8630.33333333115)	(46.0, 7703.999999997463)	(47.0, 2095.3333333331684)	(48.0, 607.9999999999992)	(49.0, 321.3333333333325)	(50.0, 219.3333333333352)	(51.0, 733.0000000000134)	(52.0, 845.0000000000261)	(53.0, 1919.9999999998427)	(54.0, 1804.6666666665355)	(55.0, 1211.0000000000039)	(56.0, 1128.6666666666893)	(57.0, 657.0000000000048)	(58.0, 373.9999999999962)	(59.0, 689.3333333333418)	(60.0, 444.66666666665884)	(61.0, 232.6666666666689)	(62.0, 182.33333333333414)	(63.0, 132.9999999999994)	(64.0, 31.999999999999954)	(65.0, 24.333333333333314)	(66.0, 30.333333333333293)	(67.0, 24.666666666666647)	(68.0, 45.00000000000004)	(69.0, 68.00000000000011)	(70.0, 6.333333333333331)	(71.0, 0.3333333333333333)	(72.0, 0.0)	(73.0, 0.0)	(74.0, 3.0)	(75.0, 14.333333333333341)	(76.0, 4.666666666666666)	(77.0, 0.3333333333333333)	(78.0, 0.0)	(79.0, 0.0)	(80.0, 0.0)	(81.0, 0.0)	(82.0, 0.0)	(83.0, 0.0)	(84.0, 0.0)	(85.0, 0.0)	(86.0, 0.0)	(87.0, 0.0)	(88.0, 0.0)	(89.0, 0.0)	(90.0, 0.0)	(91.0, 0.0)	(92.0, 0.0)	(93.0, 0.0)	(94.0, 0.0)	(95.0, 0.0)	(96.0, 0.0)	(97.0, 0.0)	(98.0, 0.0)	(99.0, 0.0)	(100.0, 0.0)
Fungus_45_2	(0.0, 0.0)	(1.0, 0.0)	(2.0, 0.0)	(3.0, 0.0)	(4.0, 0.0)	(5.0, 0.0)	(6.0, 0.0)	(7.0, 0.0)	(8.0, 0.0)	(9.0, 0.0)	(10.0, 0.0)	(11.0, 0.0)	(12.0, 0.0)	(13.0, 0.0)	(14.0, 0.0)	(15.0, 0.0)	(16.0, 0.0)	(17.0, 0.0)	(18.0, 0.0)	(19.0, 0.0)	(20.0, 0.0)	(21.0, 0.0)	(22.0, 0.0)	(23.0, 0.0)	(24.0, 0.0)	(25.0, 0.0)	(26.0, 0.0)	(27.0, 1.0)	(28.0, 1.3333333333333333)	(29.0, 4.333333333333333)	(30.0, 7.9999999999999964)	(31.0, 13.33333333333334)	(32.0, 12.666666666666671)	(33.0, 17.000000000000007)	(34.0, 26.333333333333307)	(35.0, 37.99999999999999)	(36.0, 61.33333333333349)	(37.0, 830.0000000000244)	(38.0, 929.6666666667024)	(39.0, 573.9999999999953)	(40.0, 1306.3333333333155)	(41.0, 1680.3333333332305)	(42.0, 10302.000000000857)	(43.0, 5555.333333332751)	(44.0, 393.3333333333284)	(45.0, 591.9999999999974)	(46.0, 130.33333333333266)	(47.0, 133.99999999999943)	(48.0, 346.3333333333311)	(49.0, 222.66666666666862)	(50.0, 214.0000000000017)	(51.0, 638.0000000000026)	(52.0, 589.9999999999972)	(53.0, 351.3333333333308)	(54.0, 1307.9999999999818)	(55.0, 815.3333333333561)	(56.0, 655.6666666666713)	(57.0, 456.9999999999915)	(58.0, 383.333333333329)	(59.0, 537.3333333333245)	(60.0, 663.0000000000055)	(61.0, 511.3333333333217)	(62.0, 963.3333333333729)	(63.0, 530.6666666666571)	(64.0, 316.3333333333328)	(65.0, 221.33333333333525)	(66.0, 71.00000000000007)	(67.0, 15.666666666666677)	(68.0, 19.0)	(69.0, 33.66666666666663)	(70.0, 45.33333333333338)	(71.0, 107.66666666666622)	(72.0, 15.000000000000009)	(73.0, 42.00000000000002)	(74.0, 48.3333333333334)	(75.0, 1.9999999999999998)	(76.0, 0.0)	(77.0, 0.0)	(78.0, 0.0)	(79.0, 0.0)	(80.0, 0.0)	(81.0, 0.0)	(82.0, 0.0)	(83.0, 0.0)	(84.0, 0.0)	(85.0, 0.0)	(86.0, 0.0)	(87.0, 0.0)	(88.0, 0.0)	(89.0, 0.0)	(90.0, 0.0)	(91.0, 0.0)	(92.0, 0.0)	(93.0, 0.0)	(94.0, 0.0)	(95.0, 0.0)	(96.0, 0.0)	(97.0, 0.0)	(98.0, 0.0)	(99.0, 0.0)	(100.0, 0.0)
Fungus_4_1	(0.0, 0.0)	(1.0, 0.0)	(2.0, 0.0)	(3.0, 0.0)	(4.0, 0.0)	(5.0, 0.0)	(6.0, 0.0)	(7.0, 0.0)	(8.0, 0.0)	(9.0, 0.0)	(10.0, 0.0)	(11.0, 0.0)	(12.0, 0.0)	(13.0, 0.0)	(14.0, 0.0)	(15.0, 0.0)	(16.0, 0.0)	(17.0, 0.0)	(18.0, 0.0)	(19.0, 0.0)	(20.0, 0.0)	(21.0, 0.0)	(22.0, 0.0)	(23.0, 0.0)	(24.0, 0.0)	(25.0, 0.0)	(26.0, 0.0)	(27.0, 0.0)	(28.0, 0.0)	(29.0, 1.6666666666666665)	(30.0, 4.333333333333333)	(31.0, 23.999999999999982)	(32.0, 17.66666666666667)	(33.0, 15.666666666666677)	(34.0, 49.33333333333341)	(35.0, 50.333333333333414)	(36.0, 66.33333333333347)	(37.0, 48.3333333333334)	(38.0, 45.666666666666714)	(39.0, 262.00000000000256)	(40.0, 70.66666666666674)	(41.0, 145.99999999999977)	(42.0, 314.66666666666623)	(43.0, 342.66666666666464)	(44.0, 379.66666666666254)	(45.0, 584.9999999999966)	(46.0, 1301.3333333333167)	(47.0, 1885.9999999998504)	(48.0, 1394.3333333332955)	(49.0, 1104.3333333333615)	(50.0, 813.6666666666893)	(51.0, 1250.6666666666615)	(52.0, 1135.6666666666877)	(53.0, 1613.3333333332457)	(54.0, 3375.666666667084)	(55.0, 2406.33333333331)	(56.0, 2216.9999999998904)	(57.0, 1165.3333333333476)	(58.0, 1410.9999999999584)	(59.0, 5890.666666665779)	(60.0, 1558.3333333332582)	(61.0, 993.6666666667097)	(62.0, 468.6666666666575)	(63.0, 3390.3333333337573)	(64.0, 2347.99999999995)	(65.0, 68.66666666666677)	(66.0, 5.666666666666665)	(67.0, 5.999999999999998)	(68.0, 3.3333333333333335)	(69.0, 0.3333333333333333)	(70.0, 0.0)	(71.0, 0.0)	(72.0, 0.0)	(73.0, 0.0)	(74.0, 0.0)	(75.0, 0.0)	(76.0, 0.0)	(77.0, 0.0)	(78.0, 0.0)	(79.0, 0.0)	(80.0, 0.0)	(81.0, 0.0)	(82.0, 0.0)	(83.0, 0.0)	(84.0, 0.0)	(85.0, 0.0)	(86.0, 0.0)	(87.0, 0.0)	(88.0, 0.0)	(89.0, 0.0)	(90.0, 0.0)	(91.0, 0.0)	(92.0, 0.0)	(93.0, 0.0)	(94.0, 0.0)	(95.0, 0.0)	(96.0, 0.0)	(97.0, 0.0)	(98.0, 0.0)	(99.0, 0.0)	(100.0, 0.0)
Fungus_4_2	(0.0, 0.0)	(1.0, 0.0)	(2.0, 0.0)	(3.0, 0.0)	(4.0, 0.0)	(5.0, 0.0)	(6.0, 0.0)	(7.0, 0.0)	(8.0, 0.0)	(9.0, 0.0)	(10.0, 0.0)	(11.0, 0.0)	(12.0, 0.0)	(13.0, 0.0)	(14.0, 0.0)	(15.0, 0.0)	(16.0, 0.0)	(17.0, 0.0)	(18.0, 0.0)	(19.0, 0.0)	(20.0, 0.0)	(21.0, 0.0)	(22.0, 0.0)	(23.0, 0.0)	(24.0, 0.0)	(25.0, 0.3333333333333333)	(26.0, 22.33333333333332)	(27.0, 23.999999999999982)	(28.0, 1.9999999999999998)	(29.0, 1.3333333333333333)	(30.0, 0.6666666666666666)	(31.0, 5.999999999999998)	(32.0, 70.66666666666674)	(33.0, 90.66666666666646)	(34.0, 29.99999999999996)	(35.0, 12.000000000000004)	(36.0, 22.999999999999986)	(37.0, 216.66666666666845)	(38.0, 391.66666666666185)	(39.0, 350.6666666666642)	(40.0, 53.333333333333435)	(41.0, 275.0000000000018)	(42.0, 622.3333333333342)	(43.0, 366.9999999999966)	(44.0, 370.33333333332973)	(45.0, 779.0000000000186)	(46.0, 1135.3333333333544)	(47.0, 413.3333333333273)	(48.0, 451.99999999999176)	(49.0, 993.3333333333763)	(50.0, 867.333333333362)	(51.0, 1212.333333333337)	(52.0, 1251.9999999999945)	(53.0, 1160.0000000000155)	(54.0, 2401.9999999999745)	(55.0, 1836.333333333195)	(56.0, 5104.999999999827)	(57.0, 1711.6666666665567)	(58.0, 1542.9999999999284)	(59.0, 1768.6666666665437)	(60.0, 1336.3333333333087)	(61.0, 791.6666666666868)	(62.0, 1088.6666666666983)	(63.0, 1422.3333333332891)	(64.0, 3930.6666666673364)	(65.0, 1893.9999999998486)	(66.0, 759.6666666666831)	(67.0, 340.66666666666475)	(68.0, 280.00000000000153)	(69.0, 163.66666666666694)	(70.0, 98.33333333333302)	(71.0, 4.333333333333333)	(72.0, 0.6666666666666666)	(73.0, 1.0)	(74.0, 0.6666666666666666)	(75.0, 0.0)	(76.0, 0.3333333333333333)	(77.0, 0.3333333333333333)	(78.0, 0.0)	(79.0, 0.0)	(80.0, 0.0)	(81.0, 0.0)	(82.0, 0.0)	(83.0, 0.3333333333333333)	(84.0, 0.0)	(85.0, 0.0)	(86.0, 0.0)	(87.0, 0.0)	(88.0, 0.0)	(89.0, 0.0)	(90.0, 0.0)	(91.0, 0.0)	(92.0, 0.3333333333333333)	(93.0, 0.0)	(94.0, 0.0)	(95.0, 0.0)	(96.0, 0.0)	(97.0, 0.0)	(98.0, 0.0)	(99.0, 0.0)	(100.0, 0.0)
Fungus_70_1	(0.0, 0.0)	(1.0, 0.0)	(2.0, 0.0)	(3.0, 0.0)	(4.0, 0.0)	(5.0, 0.0)	(6.0, 0.0)	(7.0, 0.0)	(8.0, 0.0)	(9.0, 0.0)	(10.0, 0.0)	(11.0, 0.0)	(12.0, 0.0)	(13.0, 0.0)	(14.0, 0.0)	(15.0, 0.0)	(16.0, 0.0)	(17.0, 0.0)	(18.0, 0.0)	(19.0, 0.0)	(20.0, 0.0)	(21.0, 0.0)	(22.0, 0.0)	(23.0, 0.0)	(24.0, 0.0)	(25.0, 0.0)	(26.0, 0.0)	(27.0, 0.0)	(28.0, 0.0)	(29.0, 0.0)	(30.0, 0.0)	(31.0, 0.0)	(32.0, 0.0)	(33.0, 0.0)	(34.0, 0.0)	(35.0, 0.0)	(36.0, 0.3333333333333333)	(37.0, 0.0)	(38.0, 1.3333333333333333)	(39.0, 11.66666666666667)	(40.0, 2.333333333333333)	(41.0, 4.999999999999999)	(42.0, 6.666666666666664)	(43.0, 60.66666666666682)	(44.0, 52.00000000000009)	(45.0, 60.66666666666682)	(46.0, 305.0000000000001)	(47.0, 606.9999999999991)	(48.0, 131.3333333333327)	(49.0, 89.66666666666647)	(50.0, 125.66666666666596)	(51.0, 208.33333333333488)	(52.0, 81.66666666666659)	(53.0, 109.66666666666619)	(54.0, 431.9999999999929)	(55.0, 541.9999999999917)	(56.0, 2715.000000000117)	(57.0, 18458.666666671037)	(58.0, 2511.3333333333576)	(59.0, 215.33333333333508)	(60.0, 110.33333333333285)	(61.0, 81.99999999999991)	(62.0, 79.99999999999994)	(63.0, 80.6666666666666)	(64.0, 75.33333333333334)	(65.0, 10.666666666666668)	(66.0, 87.33333333333317)	(67.0, 77.99999999999997)	(68.0, 3.0)	(69.0, 1.3333333333333333)	(70.0, 0.0)	(71.0, 0.0)	(72.0, 0.0)	(73.0, 0.0)	(74.0, 0.0)	(75.0, 0.0)	(76.0, 0.0)	(77.0, 0.0)	(78.0, 0.0)	(79.0, 0.0)	(80.0, 0.0)	(81.0, 0.0)	(82.0, 0.0)	(83.0, 0.0)	(84.0, 0.0)	(85.0, 0.0)	(86.0, 0.0)	(87.0, 0.0)	(88.0, 0.0)	(89.0, 0.0)	(90.0, 0.0)	(91.0, 0.0)	(92.0, 0.0)	(93.0, 0.0)	(94.0, 0.0)	(95.0, 0.0)	(96.0, 0.0)	(97.0, 0.0)	(98.0, 0.0)	(99.0, 0.0)	(100.0, 0.0)
Fungus_70_2	(0.0, 0.0)	(1.0, 0.0)	(2.0, 0.0)	(3.0, 0.0)	(4.0, 0.0)	(5.0, 0.0)	(6.0, 0.0)	(7.0, 0.0)	(8.0, 0.0)	(9.0, 0.0)	(10.0, 0.0)	(11.0, 0.0)	(12.0, 0.0)	(13.0, 0.0)	(14.0, 0.0)	(15.0, 0.0)	(16.0, 0.0)	(17.0, 0.0)	(18.0, 0.0)	(19.0, 0.0)	(20.0, 0.0)	(21.0, 0.0)	(22.0, 0.0)	(23.0, 0.0)	(24.0, 0.0)	(25.0, 0.0)	(26.0, 0.0)	(27.0, 0.0)	(28.0, 0.0)	(29.0, 0.0)	(30.0, 0.3333333333333333)	(31.0, 0.3333333333333333)	(32.0, 0.0)	(33.0, 0.0)	(34.0, 0.0)	(35.0, 0.0)	(36.0, 15.000000000000009)	(37.0, 16.333333333333343)	(38.0, 18.666666666666668)	(39.0, 14.666666666666675)	(40.0, 18.333333333333336)	(41.0, 19.666666666666664)	(42.0, 40.33333333333334)	(43.0, 45.33333333333338)	(44.0, 67.00000000000013)	(45.0, 78.3333333333333)	(46.0, 428.66666666665975)	(47.0, 429.999999999993)	(48.0, 156.3333333333334)	(49.0, 330.99999999999864)	(50.0, 217.0000000000018)	(51.0, 55.666666666666785)	(52.0, 62.3333333333335)	(53.0, 51.66666666666676)	(54.0, 193.33333333333445)	(55.0, 56.00000000000012)	(56.0, 57.6666666666668)	(57.0, 134.99999999999946)	(58.0, 882.0000000000304)	(59.0, 422.3333333333268)	(60.0, 527.6666666666567)	(61.0, 17315.00000000853)	(62.0, 16993.333333343035)	(63.0, 301.00000000000034)	(64.0, 41.000000000000014)	(65.0, 38.33333333333333)	(66.0, 15.666666666666677)	(67.0, 28.3333333333333)	(68.0, 4.333333333333333)	(69.0, 1.9999999999999998)	(70.0, 0.3333333333333333)	(71.0, 1.0)	(72.0, 0.3333333333333333)	(73.0, 0.0)	(74.0, 0.0)	(75.0, 0.0)	(76.0, 0.0)	(77.0, 0.0)	(78.0, 0.0)	(79.0, 0.0)	(80.0, 0.0)	(81.0, 0.0)	(82.0, 0.0)	(83.0, 0.0)	(84.0, 0.0)	(85.0, 0.0)	(86.0, 0.0)	(87.0, 0.0)	(88.0, 0.0)	(89.0, 0.0)	(90.0, 0.0)	(91.0, 0.0)	(92.0, 0.0)	(93.0, 0.0)	(94.0, 0.0)	(95.0, 0.0)	(96.0, 0.0)	(97.0, 0.0)	(98.0, 0.0)	(99.0, 0.0)	(100.0, 0.0)
Fungus_71_1	(0.0, 0.0)	(1.0, 0.0)	(2.0, 0.0)	(3.0, 0.0)	(4.0, 0.0)	(5.0, 0.0)	(6.0, 0.0)	(7.0, 0.0)	(8.0, 0.0)	(9.0, 0.0)	(10.0, 0.0)	(11.0, 0.0)	(12.0, 0.0)	(13.0, 0.0)	(14.0, 0.0)	(15.0, 0.0)	(16.0, 0.0)	(17.0, 0.0)	(18.0, 0.0)	(19.0, 0.0)	(20.0, 0.0)	(21.0, 0.0)	(22.0, 0.0)	(23.0, 0.0)	(24.0, 0.0)	(25.0, 0.0)	(26.0, 0.0)	(27.0, 0.0)	(28.0, 0.0)	(29.0, 0.3333333333333333)	(30.0, 1.3333333333333333)	(31.0, 1.3333333333333333)	(32.0, 1.0)	(33.0, 1.3333333333333333)	(34.0, 4.0)	(35.0, 8.666666666666664)	(36.0, 91.33333333333312)	(37.0, 1156.0000000000164)	(38.0, 447.66666666665867)	(39.0, 43.333333333333364)	(40.0, 22.999999999999986)	(41.0, 69.66666666666676)	(42.0, 917.0000000000343)	(43.0, 876.0000000000297)	(44.0, 156.66666666666674)	(45.0, 353.666666666664)	(46.0, 2119.3333333331793)	(47.0, 652.666666666671)	(48.0, 2946.3333333335554)	(49.0, 2008.9999999998224)	(50.0, 6487.333333331903)	(51.0, 6370.999999998676)	(52.0, 299.33333333333377)	(53.0, 259.00000000000273)	(54.0, 276.6666666666684)	(55.0, 142.9999999999997)	(56.0, 303.66666666666686)	(57.0, 559.6666666666604)	(58.0, 341.999999999998)	(59.0, 180.33333333333408)	(60.0, 186.0000000000009)	(61.0, 162.00000000000023)	(62.0, 192.00000000000108)	(63.0, 52.00000000000009)	(64.0, 137.6666666666662)	(65.0, 167.00000000000037)	(66.0, 137.33333333333286)	(67.0, 98.33333333333302)	(68.0, 4.999999999999999)	(69.0, 6.333333333333331)	(70.0, 14.000000000000007)	(71.0, 1.6666666666666665)	(72.0, 0.0)	(73.0, 0.0)	(74.0, 0.0)	(75.0, 0.0)	(76.0, 0.0)	(77.0, 0.0)	(78.0, 0.0)	(79.0, 0.0)	(80.0, 0.0)	(81.0, 0.0)	(82.0, 0.0)	(83.0, 0.0)	(84.0, 0.0)	(85.0, 0.0)	(86.0, 0.0)	(87.0, 0.0)	(88.0, 0.0)	(89.0, 0.0)	(90.0, 0.0)	(91.0, 0.0)	(92.0, 0.0)	(93.0, 0.0)	(94.0, 0.0)	(95.0, 0.0)	(96.0, 0.0)	(97.0, 0.0)	(98.0, 0.0)	(99.0, 0.0)	(100.0, 0.0)
Fungus_71_2	(0.0, 0.0)	(1.0, 0.0)	(2.0, 0.0)	(3.0, 0.0)	(4.0, 0.0)	(5.0, 0.0)	(6.0, 0.0)	(7.0, 0.0)	(8.0, 0.0)	(9.0, 0.0)	(10.0, 0.0)	(11.0, 0.0)	(12.0, 0.0)	(13.0, 0.0)	(14.0, 0.0)	(15.0, 0.0)	(16.0, 0.0)	(17.0, 0.0)	(18.0, 0.0)	(19.0, 0.0)	(20.0, 0.0)	(21.0, 0.0)	(22.0, 0.6666666666666666)	(23.0, 0.3333333333333333)	(24.0, 0.0)	(25.0, 1.3333333333333333)	(26.0, 1.6666666666666665)	(27.0, 3.0)	(28.0, 5.333333333333332)	(29.0, 11.66666666666667)	(30.0, 749.666666666682)	(31.0, 1046.0000000000414)	(32.0, 50.66666666666675)	(33.0, 102.99999999999962)	(34.0, 97.99999999999969)	(35.0, 6.666666666666664)	(36.0, 34.3333333333333)	(37.0, 6.999999999999997)	(38.0, 34.99999999999997)	(39.0, 127.99999999999926)	(40.0, 209.3333333333349)	(41.0, 1015.6666666667122)	(42.0, 303.33333333333354)	(43.0, 1960.9999999998333)	(44.0, 214.6666666666684)	(45.0, 93.33333333333309)	(46.0, 136.66666666666617)	(47.0, 566.9999999999945)	(48.0, 2314.6666666666015)	(49.0, 8138.333333330402)	(50.0, 6610.9999999984575)	(51.0, 294.33333333333405)	(52.0, 206.00000000000148)	(53.0, 160.66666666666686)	(54.0, 656.333333333338)	(55.0, 418.333333333327)	(56.0, 112.66666666666615)	(57.0, 174.00000000000057)	(58.0, 221.33333333333525)	(59.0, 210.0000000000016)	(60.0, 281.3333333333348)	(61.0, 503.9999999999888)	(62.0, 399.3333333333281)	(63.0, 326.99999999999886)	(64.0, 209.00000000000156)	(65.0, 27.333333333333304)	(66.0, 26.99999999999997)	(67.0, 9.333333333333332)	(68.0, 40.66666666666668)	(69.0, 36.66666666666665)	(70.0, 3.666666666666667)	(71.0, 1.0)	(72.0, 0.3333333333333333)	(73.0, 0.0)	(74.0, 0.0)	(75.0, 0.3333333333333333)	(76.0, 0.3333333333333333)	(77.0, 0.0)	(78.0, 0.0)	(79.0, 0.0)	(80.0, 0.0)	(81.0, 0.0)	(82.0, 0.0)	(83.0, 0.0)	(84.0, 0.0)	(85.0, 0.0)	(86.0, 0.0)	(87.0, 0.0)	(88.0, 0.0)	(89.0, 0.0)	(90.0, 0.0)	(91.0, 0.0)	(92.0, 0.0)	(93.0, 0.0)	(94.0, 0.0)	(95.0, 0.0)	(96.0, 0.0)	(97.0, 0.0)	(98.0, 0.0)	(99.0, 0.0)	(100.0, 0.0)
Fungus_72_1	(0.0, 0.0)	(1.0, 0.0)	(2.0, 0.0)	(3.0, 0.0)	(4.0, 0.0)	(5.0, 0.0)	(6.0, 0.0)	(7.0, 0.0)	(8.0, 0.0)	(9.0, 0.0)	(10.0, 0.0)	(11.0, 0.0)	(12.0, 0.0)	(13.0, 0.0)	(14.0, 0.0)	(15.0, 0.0)	(16.0, 0.0)	(17.0, 0.0)	(18.0, 0.0)	(19.0, 0.0)	(20.0, 0.0)	(21.0, 0.0)	(22.0, 0.0)	(23.0, 0.0)	(24.0, 0.0)	(25.0, 0.0)	(26.0, 0.0)	(27.0, 0.0)	(28.0, 0.0)	(29.0, 0.0)	(30.0, 0.0)	(31.0, 0.0)	(32.0, 0.3333333333333333)	(33.0, 0.3333333333333333)	(34.0, 0.0)	(35.0, 0.3333333333333333)	(36.0, 1.6666666666666665)	(37.0, 4.333333333333333)	(38.0, 30.666666666666625)	(39.0, 298.3333333333338)	(40.0, 372.3333333333296)	(41.0, 430.3333333333263)	(42.0, 450.3333333333252)	(43.0, 145.99999999999977)	(44.0, 459.9999999999913)	(45.0, 518.3333333333223)	(46.0, 76.99999999999999)	(47.0, 155.6666666666667)	(48.0, 944.6666666667041)	(49.0, 1282.9999999999875)	(50.0, 372.66666666666293)	(51.0, 647.333333333337)	(52.0, 815.0000000000227)	(53.0, 1483.9999999999418)	(54.0, 1367.9999999999682)	(55.0, 959.0000000000391)	(56.0, 350.6666666666642)	(57.0, 491.66666666665617)	(58.0, 1274.9999999999893)	(59.0, 1040.0000000000427)	(60.0, 435.33333333332604)	(61.0, 801.3333333333545)	(62.0, 1150.6666666666843)	(63.0, 1482.3333333332755)	(64.0, 4784.333333333452)	(65.0, 1327.9999999999773)	(66.0, 618.6666666666671)	(67.0, 34.666666666666636)	(68.0, 2.333333333333333)	(69.0, 0.3333333333333333)	(70.0, 0.0)	(71.0, 0.0)	(72.0, 0.0)	(73.0, 0.0)	(74.0, 0.0)	(75.0, 0.0)	(76.0, 0.0)	(77.0, 0.0)	(78.0, 0.0)	(79.0, 0.0)	(80.0, 0.0)	(81.0, 0.0)	(82.0, 0.0)	(83.0, 0.0)	(84.0, 0.0)	(85.0, 0.0)	(86.0, 0.0)	(87.0, 0.0)	(88.0, 0.0)	(89.0, 0.0)	(90.0, 0.0)	(91.0, 0.0)	(92.0, 0.0)	(93.0, 0.0)	(94.0, 0.0)	(95.0, 0.0)	(96.0, 0.0)	(97.0, 0.0)	(98.0, 0.0)	(99.0, 0.0)	(100.0, 0.0)
Fungus_72_2	(0.0, 0.0)	(1.0, 0.0)	(2.0, 0.0)	(3.0, 0.0)	(4.0, 0.0)	(5.0, 0.0)	(6.0, 0.0)	(7.0, 0.0)	(8.0, 0.0)	(9.0, 0.0)	(10.0, 0.0)	(11.0, 0.0)	(12.0, 0.0)	(13.0, 0.0)	(14.0, 0.0)	(15.0, 0.0)	(16.0, 0.0)	(17.0, 0.0)	(18.0, 0.0)	(19.0, 0.0)	(20.0, 0.0)	(21.0, 0.0)	(22.0, 0.0)	(23.0, 0.0)	(24.0, 0.0)	(25.0, 0.0)	(26.0, 0.0)	(27.0, 0.0)	(28.0, 0.0)	(29.0, 0.3333333333333333)	(30.0, 0.0)	(31.0, 0.0)	(32.0, 0.0)	(33.0, 0.6666666666666666)	(34.0, 3.666666666666667)	(35.0, 66.33333333333347)	(36.0, 8.999999999999998)	(37.0, 8.666666666666664)	(38.0, 237.66666666666904)	(39.0, 246.00000000000261)	(40.0, 47.66666666666673)	(41.0, 496.9999999999892)	(42.0, 238.33333333333573)	(43.0, 552.999999999993)	(44.0, 362.3333333333302)	(45.0, 317.33333333333275)	(46.0, 231.0000000000022)	(47.0, 340.99999999999807)	(48.0, 453.333333333325)	(49.0, 983.3333333333752)	(50.0, 350.6666666666642)	(51.0, 610.6666666666662)	(52.0, 738.3333333333474)	(53.0, 1392.6666666666292)	(54.0, 728.0000000000128)	(55.0, 1169.3333333333467)	(56.0, 868.0000000000288)	(57.0, 1085.0000000000325)	(58.0, 5115.333333333151)	(59.0, 947.0000000000377)	(60.0, 740.0000000000142)	(61.0, 964.333333333373)	(62.0, 1660.6666666665683)	(63.0, 1432.3333333332869)	(64.0, 1132.6666666666883)	(65.0, 199.00000000000128)	(66.0, 161.66666666666688)	(67.0, 139.9999999999996)	(68.0, 268.33333333333553)	(69.0, 24.99999999999998)	(70.0, 16.333333333333343)	(71.0, 1.6666666666666665)	(72.0, 1.0)	(73.0, 0.6666666666666666)	(74.0, 0.3333333333333333)	(75.0, 0.0)	(76.0, 0.0)	(77.0, 0.0)	(78.0, 0.0)	(79.0, 0.0)	(80.0, 0.0)	(81.0, 0.0)	(82.0, 0.3333333333333333)	(83.0, 0.3333333333333333)	(84.0, 0.0)	(85.0, 0.0)	(86.0, 0.0)	(87.0, 0.0)	(88.0, 0.0)	(89.0, 0.0)	(90.0, 0.0)	(91.0, 0.0)	(92.0, 0.0)	(93.0, 0.0)	(94.0, 0.0)	(95.0, 0.0)	(96.0, 0.0)	(97.0, 0.0)	(98.0, 0.0)	(99.0, 0.0)	(100.0, 0.0)
Fungus_76_1	(0.0, 0.0)	(1.0, 0.0)	(2.0, 0.0)	(3.0, 0.0)	(4.0, 0.0)	(5.0, 0.0)	(6.0, 0.0)	(7.0, 0.0)	(8.0, 0.0)	(9.0, 0.0)	(10.0, 0.0)	(11.0, 0.0)	(12.0, 0.0)	(13.0, 0.0)	(14.0, 0.0)	(15.0, 0.0)	(16.0, 0.0)	(17.0, 0.0)	(18.0, 0.0)	(19.0, 0.0)	(20.0, 0.0)	(21.0, 0.0)	(22.0, 0.0)	(23.0, 0.0)	(24.0, 0.0)	(25.0, 0.0)	(26.0, 0.0)	(27.0, 0.0)	(28.0, 0.0)	(29.0, 0.0)	(30.0, 0.0)	(31.0, 0.0)	(32.0, 0.3333333333333333)	(33.0, 1.0)	(34.0, 1.3333333333333333)	(35.0, 1.0)	(36.0, 3.3333333333333335)	(37.0, 13.666666666666673)	(38.0, 235.666666666669)	(39.0, 723.0000000000123)	(40.0, 159.66666666666683)	(41.0, 233.66666666666893)	(42.0, 162.33333333333357)	(43.0, 117.66666666666607)	(44.0, 207.0000000000015)	(45.0, 879.6666666666968)	(46.0, 982.6666666667085)	(47.0, 312.99999999999966)	(48.0, 557.3333333333268)	(49.0, 275.0000000000018)	(50.0, 387.9999999999954)	(51.0, 1913.6666666665108)	(52.0, 1520.9999999999334)	(53.0, 850.3333333333601)	(54.0, 1116.0000000000255)	(55.0, 1086.3333333333655)	(56.0, 1622.9999999999102)	(57.0, 620.3333333333339)	(58.0, 1083.000000000033)	(59.0, 1021.3333333333795)	(60.0, 967.3333333333734)	(61.0, 836.3333333333585)	(62.0, 2540.6666666667043)	(63.0, 2839.0000000001733)	(64.0, 1027.0000000000457)	(65.0, 752.6666666666823)	(66.0, 400.99999999999466)	(67.0, 24.333333333333314)	(68.0, 16.333333333333343)	(69.0, 15.000000000000009)	(70.0, 1.3333333333333333)	(71.0, 0.3333333333333333)	(72.0, 0.0)	(73.0, 0.3333333333333333)	(74.0, 0.3333333333333333)	(75.0, 0.0)	(76.0, 0.0)	(77.0, 0.0)	(78.0, 0.0)	(79.0, 0.0)	(80.0, 0.0)	(81.0, 0.0)	(82.0, 0.0)	(83.0, 0.0)	(84.0, 0.0)	(85.0, 0.0)	(86.0, 0.0)	(87.0, 0.0)	(88.0, 0.0)	(89.0, 0.0)	(90.0, 0.0)	(91.0, 0.0)	(92.0, 0.0)	(93.0, 0.0)	(94.0, 0.0)	(95.0, 0.0)	(96.0, 0.0)	(97.0, 0.0)	(98.0, 0.0)	(99.0, 0.0)	(100.0, 0.0)
Fungus_76_2	(0.0, 0.0)	(1.0, 0.0)	(2.0, 0.0)	(3.0, 0.0)	(4.0, 0.0)	(5.0, 0.0)	(6.0, 0.0)	(7.0, 0.0)	(8.0, 0.0)	(9.0, 0.0)	(10.0, 0.0)	(11.0, 0.0)	(12.0, 0.0)	(13.0, 0.0)	(14.0, 0.0)	(15.0, 0.0)	(16.0, 0.0)	(17.0, 0.0)	(18.0, 0.0)	(19.0, 0.0)	(20.0, 0.0)	(21.0, 0.0)	(22.0, 0.0)	(23.0, 0.0)	(24.0, 0.0)	(25.0, 0.0)	(26.0, 0.0)	(27.0, 0.0)	(28.0, 0.0)	(29.0, 0.0)	(30.0, 0.0)	(31.0, 0.6666666666666666)	(32.0, 0.6666666666666666)	(33.0, 1.3333333333333333)	(34.0, 2.333333333333333)	(35.0, 4.666666666666666)	(36.0, 19.666666666666664)	(37.0, 190.33333333333437)	(38.0, 617.666666666667)	(39.0, 692.6666666666755)	(40.0, 279.3333333333349)	(41.0, 265.666666666669)	(42.0, 900.3333333333658)	(43.0, 660.0000000000051)	(44.0, 190.00000000000102)	(45.0, 153.33333333333331)	(46.0, 414.99999999999386)	(47.0, 368.33333333332985)	(48.0, 247.00000000000264)	(49.0, 1544.3333333332614)	(50.0, 1443.3333333332844)	(51.0, 829.0000000000243)	(52.0, 932.3333333333694)	(53.0, 490.99999999998954)	(54.0, 1247.9999999999955)	(55.0, 1767.3333333332107)	(56.0, 1382.3333333332982)	(57.0, 2567.333333333383)	(58.0, 1973.6666666664971)	(59.0, 1091.6666666666977)	(60.0, 1171.3333333333462)	(61.0, 1143.6666666666858)	(62.0, 1083.3333333333662)	(63.0, 723.3333333333456)	(64.0, 378.9999999999959)	(65.0, 61.000000000000156)	(66.0, 120.3333333333327)	(67.0, 35.33333333333331)	(68.0, 252.66666666666947)	(69.0, 273.33333333333525)	(70.0, 31.66666666666662)	(71.0, 1.0)	(72.0, 0.0)	(73.0, 0.3333333333333333)	(74.0, 0.0)	(75.0, 0.0)	(76.0, 0.0)	(77.0, 0.0)	(78.0, 0.0)	(79.0, 0.0)	(80.0, 0.0)	(81.0, 0.0)	(82.0, 0.0)	(83.0, 0.3333333333333333)	(84.0, 0.0)	(85.0, 0.0)	(86.0, 0.0)	(87.0, 0.0)	(88.0, 0.0)	(89.0, 0.0)	(90.0, 0.0)	(91.0, 0.0)	(92.0, 0.0)	(93.0, 0.0)	(94.0, 0.0)	(95.0, 0.0)	(96.0, 0.0)	(97.0, 0.0)	(98.0, 0.0)	(99.0, 0.0)	(100.0, 0.0)
Fungus_79_1	(0.0, 0.0)	(1.0, 0.0)	(2.0, 0.0)	(3.0, 0.0)	(4.0, 0.0)	(5.0, 0.0)	(6.0, 0.0)	(7.0, 0.0)	(8.0, 0.0)	(9.0, 0.0)	(10.0, 0.0)	(11.0, 0.0)	(12.0, 0.0)	(13.0, 0.0)	(14.0, 0.0)	(15.0, 0.0)	(16.0, 0.0)	(17.0, 0.0)	(18.0, 0.0)	(19.0, 0.0)	(20.0, 0.0)	(21.0, 0.0)	(22.0, 0.0)	(23.0, 0.0)	(24.0, 0.0)	(25.0, 0.0)	(26.0, 0.0)	(27.0, 0.0)	(28.0, 0.0)	(29.0, 0.0)	(30.0, 0.0)	(31.0, 0.6666666666666666)	(32.0, 1.0)	(33.0, 0.6666666666666666)	(34.0, 1.6666666666666665)	(35.0, 16.00000000000001)	(36.0, 69.66666666666676)	(37.0, 7.666666666666663)	(38.0, 0.3333333333333333)	(39.0, 66.6666666666668)	(40.0, 64.66666666666683)	(41.0, 6.999999999999997)	(42.0, 66.6666666666668)	(43.0, 301.66666666666697)	(44.0, 139.33333333333292)	(45.0, 246.33333333333596)	(46.0, 258.3333333333361)	(47.0, 690.0000000000085)	(48.0, 1300.333333333317)	(49.0, 932.000000000036)	(50.0, 1845.333333333193)	(51.0, 953.3333333333718)	(52.0, 206.00000000000148)	(53.0, 273.33333333333525)	(54.0, 1406.9999999999593)	(55.0, 634.0000000000022)	(56.0, 1444.3333333332841)	(57.0, 1516.666666666601)	(58.0, 4545.3333333336695)	(59.0, 1129.0000000000225)	(60.0, 424.66666666666)	(61.0, 752.6666666666823)	(62.0, 3733.00000000058)	(63.0, 1489.6666666666072)	(64.0, 360.3333333333303)	(65.0, 164.33333333333363)	(66.0, 47.00000000000006)	(67.0, 483.3333333333233)	(68.0, 446.6666666666587)	(69.0, 4.0)	(70.0, 0.3333333333333333)	(71.0, 0.0)	(72.0, 0.0)	(73.0, 0.0)	(74.0, 0.0)	(75.0, 0.0)	(76.0, 0.0)	(77.0, 0.0)	(78.0, 0.0)	(79.0, 0.0)	(80.0, 0.0)	(81.0, 0.0)	(82.0, 0.0)	(83.0, 0.0)	(84.0, 0.0)	(85.0, 0.0)	(86.0, 0.0)	(87.0, 0.0)	(88.0, 0.0)	(89.0, 0.0)	(90.0, 0.0)	(91.0, 0.0)	(92.0, 0.0)	(93.0, 0.0)	(94.0, 0.0)	(95.0, 0.0)	(96.0, 0.0)	(97.0, 0.0)	(98.0, 0.0)	(99.0, 0.0)	(100.0, 0.0)
Fungus_79_2	(0.0, 0.0)	(1.0, 0.0)	(2.0, 0.0)	(3.0, 0.0)	(4.0, 0.0)	(5.0, 0.0)	(6.0, 0.0)	(7.0, 0.0)	(8.0, 0.0)	(9.0, 0.0)	(10.0, 0.0)	(11.0, 0.0)	(12.0, 0.0)	(13.0, 0.0)	(14.0, 0.0)	(15.0, 0.0)	(16.0, 0.0)	(17.0, 0.0)	(18.0, 0.0)	(19.0, 0.0)	(20.0, 0.0)	(21.0, 0.0)	(22.0, 0.0)	(23.0, 0.0)	(24.0, 0.0)	(25.0, 0.0)	(26.0, 0.0)	(27.0, 0.0)	(28.0, 0.0)	(29.0, 0.0)	(30.0, 0.0)	(31.0, 0.0)	(32.0, 0.3333333333333333)	(33.0, 0.3333333333333333)	(34.0, 0.0)	(35.0, 0.0)	(36.0, 0.0)	(37.0, 1.3333333333333333)	(38.0, 14.000000000000007)	(39.0, 18.000000000000004)	(40.0, 221.33333333333525)	(41.0, 266.66666666666896)	(42.0, 132.9999999999994)	(43.0, 190.00000000000102)	(44.0, 196.66666666666788)	(45.0, 260.0000000000027)	(46.0, 905.000000000033)	(47.0, 1140.3333333333533)	(48.0, 1023.0000000000464)	(49.0, 1047.3333333333744)	(50.0, 333.99999999999847)	(51.0, 551.6666666666595)	(52.0, 245.66666666666927)	(53.0, 821.3333333333568)	(54.0, 1235.666666666665)	(55.0, 491.33333333332286)	(56.0, 481.66666666665674)	(57.0, 2088.6666666664987)	(58.0, 5226.999999999716)	(59.0, 4187.666666667328)	(60.0, 1201.0000000000061)	(61.0, 1003.6666666667109)	(62.0, 622.3333333333342)	(63.0, 1292.3333333333187)	(64.0, 754.6666666666825)	(65.0, 163.66666666666694)	(66.0, 72.00000000000006)	(67.0, 196.66666666666788)	(68.0, 94.6666666666664)	(69.0, 43.6666666666667)	(70.0, 476.3333333333237)	(71.0, 420.9999999999935)	(72.0, 5.999999999999998)	(73.0, 1.9999999999999998)	(74.0, 1.0)	(75.0, 0.0)	(76.0, 0.3333333333333333)	(77.0, 0.3333333333333333)	(78.0, 0.0)	(79.0, 0.0)	(80.0, 0.0)	(81.0, 0.0)	(82.0, 0.0)	(83.0, 0.0)	(84.0, 0.0)	(85.0, 0.0)	(86.0, 0.0)	(87.0, 0.0)	(88.0, 0.0)	(89.0, 0.0)	(90.0, 0.0)	(91.0, 0.0)	(92.0, 0.0)	(93.0, 0.0)	(94.0, 0.0)	(95.0, 0.0)	(96.0, 0.0)	(97.0, 0.0)	(98.0, 0.0)	(99.0, 0.0)	(100.0, 0.0)
Fungus_7_1	(0.0, 0.0)	(1.0, 0.0)	(2.0, 0.0)	(3.0, 0.0)	(4.0, 0.0)	(5.0, 0.0)	(6.0, 0.0)	(7.0, 0.0)	(8.0, 0.0)	(9.0, 0.0)	(10.0, 0.0)	(11.0, 0.0)	(12.0, 0.0)	(13.0, 0.0)	(14.0, 0.0)	(15.0, 0.0)	(16.0, 0.0)	(17.0, 0.0)	(18.0, 0.0)	(19.0, 0.0)	(20.0, 0.0)	(21.0, 0.0)	(22.0, 0.0)	(23.0, 0.0)	(24.0, 0.0)	(25.0, 0.0)	(26.0, 0.0)	(27.0, 0.3333333333333333)	(28.0, 0.3333333333333333)	(29.0, 1.6666666666666665)	(30.0, 7.666666666666663)	(31.0, 23.333333333333318)	(32.0, 52.33333333333343)	(33.0, 76.0)	(34.0, 24.99999999999998)	(35.0, 3.3333333333333335)	(36.0, 4.666666666666666)	(37.0, 55.33333333333345)	(38.0, 38.666666666666664)	(39.0, 161.0000000000002)	(40.0, 136.99999999999952)	(41.0, 93.99999999999974)	(42.0, 319.66666666666595)	(43.0, 1395.3333333332953)	(44.0, 775.0000000000182)	(45.0, 674.0000000000067)	(46.0, 571.9999999999951)	(47.0, 779.6666666666854)	(48.0, 1641.6666666665726)	(49.0, 1429.3333333332876)	(50.0, 674.3333333333401)	(51.0, 1818.333333333199)	(52.0, 1466.3333333332791)	(53.0, 2156.333333333196)	(54.0, 4259.666666667263)	(55.0, 1523.6666666665994)	(56.0, 1045.6666666667081)	(57.0, 1743.3333333332162)	(58.0, 1017.6666666667124)	(59.0, 340.33333333333144)	(60.0, 339.3333333333315)	(61.0, 388.666666666662)	(62.0, 229.66666666666882)	(63.0, 33.66666666666663)	(64.0, 22.999999999999986)	(65.0, 56.00000000000012)	(66.0, 66.00000000000014)	(67.0, 6.333333333333331)	(68.0, 1.6666666666666665)	(69.0, 0.0)	(70.0, 0.0)	(71.0, 0.0)	(72.0, 0.0)	(73.0, 0.0)	(74.0, 0.0)	(75.0, 0.0)	(76.0, 0.0)	(77.0, 0.0)	(78.0, 0.0)	(79.0, 0.0)	(80.0, 0.0)	(81.0, 0.0)	(82.0, 0.0)	(83.0, 0.0)	(84.0, 0.0)	(85.0, 0.0)	(86.0, 0.0)	(87.0, 0.0)	(88.0, 0.0)	(89.0, 0.0)	(90.0, 0.0)	(91.0, 0.0)	(92.0, 0.0)	(93.0, 0.0)	(94.0, 0.0)	(95.0, 0.0)	(96.0, 0.0)	(97.0, 0.0)	(98.0, 0.0)	(99.0, 0.0)	(100.0, 0.0)
Fungus_7_2	(0.0, 0.0)	(1.0, 0.0)	(2.0, 0.0)	(3.0, 0.0)	(4.0, 0.0)	(5.0, 0.0)	(6.0, 0.0)	(7.0, 0.0)	(8.0, 0.0)	(9.0, 0.0)	(10.0, 0.0)	(11.0, 0.0)	(12.0, 0.0)	(13.0, 0.0)	(14.0, 0.0)	(15.0, 0.0)	(16.0, 0.0)	(17.0, 0.0)	(18.0, 0.0)	(19.0, 0.3333333333333333)	(20.0, 0.6666666666666666)	(21.0, 0.3333333333333333)	(22.0, 0.6666666666666666)	(23.0, 0.6666666666666666)	(24.0, 1.6666666666666665)	(25.0, 4.666666666666666)	(26.0, 53.66666666666677)	(27.0, 113.99999999999946)	(28.0, 5.333333333333332)	(29.0, 5.666666666666665)	(30.0, 67.66666666666679)	(31.0, 6.333333333333331)	(32.0, 1.0)	(33.0, 4.0)	(34.0, 4.333333333333333)	(35.0, 57.6666666666668)	(36.0, 60.00000000000015)	(37.0, 17.33333333333334)	(38.0, 97.33333333333303)	(39.0, 1282.333333333321)	(40.0, 1133.0000000000216)	(41.0, 147.33333333333314)	(42.0, 231.66666666666887)	(43.0, 448.9999999999919)	(44.0, 587.9999999999969)	(45.0, 346.6666666666644)	(46.0, 234.00000000000227)	(47.0, 486.99999999998977)	(48.0, 541.333333333325)	(49.0, 1404.3333333332932)	(50.0, 1612.333333333246)	(51.0, 971.6666666667072)	(52.0, 704.0000000000101)	(53.0, 1223.3333333333344)	(54.0, 3884.333333333982)	(55.0, 2310.6666666665997)	(56.0, 1019.0000000000459)	(57.0, 545.3333333333254)	(58.0, 1220.0000000000018)	(59.0, 1599.6666666665822)	(60.0, 844.6666666666928)	(61.0, 877.6666666666965)	(62.0, 405.9999999999944)	(63.0, 224.000000000002)	(64.0, 543.3333333333252)	(65.0, 749.666666666682)	(66.0, 108.6666666666662)	(67.0, 104.99999999999959)	(68.0, 106.66666666666623)	(69.0, 66.33333333333347)	(70.0, 14.000000000000007)	(71.0, 80.6666666666666)	(72.0, 70.66666666666674)	(73.0, 1.0)	(74.0, 0.3333333333333333)	(75.0, 0.6666666666666666)	(76.0, 0.6666666666666666)	(77.0, 0.3333333333333333)	(78.0, 0.0)	(79.0, 0.0)	(80.0, 0.0)	(81.0, 0.0)	(82.0, 0.0)	(83.0, 0.0)	(84.0, 0.0)	(85.0, 0.0)	(86.0, 0.0)	(87.0, 0.0)	(88.0, 0.0)	(89.0, 0.0)	(90.0, 0.0)	(91.0, 0.0)	(92.0, 0.0)	(93.0, 0.0)	(94.0, 0.0)	(95.0, 0.0)	(96.0, 0.0)	(97.0, 0.0)	(98.0, 0.0)	(99.0, 0.0)	(100.0, 0.0)
Fungus_80_1	(0.0, 0.0)	(1.0, 0.0)	(2.0, 0.0)	(3.0, 0.0)	(4.0, 0.0)	(5.0, 0.0)	(6.0, 0.0)	(7.0, 0.0)	(8.0, 0.0)	(9.0, 0.0)	(10.0, 0.0)	(11.0, 0.0)	(12.0, 0.0)	(13.0, 0.0)	(14.0, 0.0)	(15.0, 0.0)	(16.0, 0.0)	(17.0, 0.0)	(18.0, 0.0)	(19.0, 0.0)	(20.0, 0.0)	(21.0, 0.0)	(22.0, 0.0)	(23.0, 0.0)	(24.0, 0.0)	(25.0, 0.0)	(26.0, 0.0)	(27.0, 0.0)	(28.0, 0.0)	(29.0, 0.0)	(30.0, 0.0)	(31.0, 0.0)	(32.0, 0.3333333333333333)	(33.0, 1.0)	(34.0, 1.3333333333333333)	(35.0, 1.0)	(36.0, 8.33333333333333)	(37.0, 59.33333333333348)	(38.0, 21.333333333333325)	(39.0, 149.9999999999999)	(40.0, 147.99999999999983)	(41.0, 222.00000000000193)	(42.0, 287.00000000000114)	(43.0, 358.99999999999704)	(44.0, 582.666666666663)	(45.0, 1061.6666666667045)	(46.0, 1416.3333333332905)	(47.0, 2354.333333333286)	(48.0, 2129.999999999851)	(49.0, 693.6666666666756)	(50.0, 662.3333333333387)	(51.0, 1402.666666666627)	(52.0, 1289.3333333333194)	(53.0, 1410.3333333332919)	(54.0, 1175.000000000012)	(55.0, 897.6666666666988)	(56.0, 1004.3333333333776)	(57.0, 1006.0000000000445)	(58.0, 3202.0000000003383)	(59.0, 649.3333333333372)	(60.0, 426.9999999999932)	(61.0, 215.33333333333508)	(62.0, 206.33333333333482)	(63.0, 246.00000000000261)	(64.0, 1155.666666666683)	(65.0, 239.6666666666691)	(66.0, 62.666666666666835)	(67.0, 54.33333333333344)	(68.0, 95.66666666666639)	(69.0, 88.66666666666649)	(70.0, 1.9999999999999998)	(71.0, 0.0)	(72.0, 0.0)	(73.0, 0.0)	(74.0, 0.0)	(75.0, 0.0)	(76.0, 0.0)	(77.0, 0.0)	(78.0, 0.0)	(79.0, 0.0)	(80.0, 0.0)	(81.0, 0.0)	(82.0, 0.0)	(83.0, 0.0)	(84.0, 0.0)	(85.0, 0.0)	(86.0, 0.0)	(87.0, 0.0)	(88.0, 0.0)	(89.0, 0.0)	(90.0, 0.0)	(91.0, 0.0)	(92.0, 0.0)	(93.0, 0.0)	(94.0, 0.0)	(95.0, 0.0)	(96.0, 0.0)	(97.0, 0.0)	(98.0, 0.0)	(99.0, 0.0)	(100.0, 0.0)
Fungus_80_2	(0.0, 0.0)	(1.0, 0.0)	(2.0, 0.0)	(3.0, 0.0)	(4.0, 0.0)	(5.0, 0.0)	(6.0, 0.0)	(7.0, 0.0)	(8.0, 0.0)	(9.0, 0.3333333333333333)	(10.0, 0.0)	(11.0, 0.0)	(12.0, 0.0)	(13.0, 0.0)	(14.0, 0.0)	(15.0, 0.0)	(16.0, 0.0)	(17.0, 0.0)	(18.0, 0.0)	(19.0, 0.0)	(20.0, 0.0)	(21.0, 0.0)	(22.0, 0.0)	(23.0, 0.0)	(24.0, 0.0)	(25.0, 0.0)	(26.0, 0.0)	(27.0, 0.0)	(28.0, 0.0)	(29.0, 0.0)	(30.0, 0.3333333333333333)	(31.0, 0.6666666666666666)	(32.0, 0.0)	(33.0, 0.6666666666666666)	(34.0, 1.0)	(35.0, 5.999999999999998)	(36.0, 59.00000000000014)	(37.0, 67.66666666666679)	(38.0, 183.00000000000082)	(39.0, 126.99999999999928)	(40.0, 157.66666666666677)	(41.0, 100.33333333333299)	(42.0, 401.33333333332797)	(43.0, 474.99999999999045)	(44.0, 1323.3333333333117)	(45.0, 2777.666666666812)	(46.0, 478.3333333333236)	(47.0, 597.6666666666647)	(48.0, 856.3333333333608)	(49.0, 1142.0000000000196)	(50.0, 263.3333333333358)	(51.0, 276.3333333333351)	(52.0, 502.66666666665554)	(53.0, 446.6666666666587)	(54.0, 2240.3333333332343)	(55.0, 1097.0000000000298)	(56.0, 884.6666666666973)	(57.0, 1110.6666666666933)	(58.0, 2224.333333333227)	(59.0, 1498.3333333332719)	(60.0, 1015.3333333333788)	(61.0, 472.99999999999056)	(62.0, 734.0000000000135)	(63.0, 1363.6666666666358)	(64.0, 639.0000000000027)	(65.0, 222.33333333333528)	(66.0, 20.33333333333333)	(67.0, 11.000000000000002)	(68.0, 17.000000000000007)	(69.0, 19.999999999999996)	(70.0, 1.3333333333333333)	(71.0, 0.0)	(72.0, 0.0)	(73.0, 0.0)	(74.0, 0.0)	(75.0, 0.0)	(76.0, 0.0)	(77.0, 0.0)	(78.0, 0.0)	(79.0, 0.0)	(80.0, 0.0)	(81.0, 0.0)	(82.0, 0.0)	(83.0, 0.0)	(84.0, 0.0)	(85.0, 0.3333333333333333)	(86.0, 0.0)	(87.0, 0.0)	(88.0, 0.0)	(89.0, 0.0)	(90.0, 0.0)	(91.0, 0.0)	(92.0, 0.0)	(93.0, 0.0)	(94.0, 0.0)	(95.0, 0.0)	(96.0, 0.0)	(97.0, 0.0)	(98.0, 0.0)	(99.0, 0.0)	(100.0, 0.0)
Fungus_82_1	(0.0, 0.0)	(1.0, 0.0)	(2.0, 0.0)	(3.0, 0.0)	(4.0, 0.0)	(5.0, 0.0)	(6.0, 0.0)	(7.0, 0.0)	(8.0, 0.0)	(9.0, 0.0)	(10.0, 0.0)	(11.0, 0.0)	(12.0, 0.0)	(13.0, 0.0)	(14.0, 0.0)	(15.0, 0.0)	(16.0, 0.0)	(17.0, 0.0)	(18.0, 0.0)	(19.0, 0.0)	(20.0, 0.0)	(21.0, 0.0)	(22.0, 0.0)	(23.0, 0.0)	(24.0, 0.0)	(25.0, 0.0)	(26.0, 0.0)	(27.0, 0.0)	(28.0, 0.0)	(29.0, 0.0)	(30.0, 0.0)	(31.0, 0.0)	(32.0, 4.666666666666666)	(33.0, 4.666666666666666)	(34.0, 0.6666666666666666)	(35.0, 0.3333333333333333)	(36.0, 1.9999999999999998)	(37.0, 6.333333333333331)	(38.0, 37.33333333333332)	(39.0, 159.00000000000014)	(40.0, 63.333333333333506)	(41.0, 95.33333333333306)	(42.0, 158.0000000000001)	(43.0, 357.6666666666638)	(44.0, 485.3333333333232)	(45.0, 360.3333333333303)	(46.0, 1780.9999999998743)	(47.0, 1923.6666666665085)	(48.0, 1287.9999999999864)	(49.0, 2380.333333333298)	(50.0, 1791.6666666665385)	(51.0, 3135.666666666975)	(52.0, 3062.6666666669416)	(53.0, 2831.333333333503)	(54.0, 3538.666666667158)	(55.0, 2684.000000000103)	(56.0, 3935.333333334005)	(57.0, 3312.333333333722)	(58.0, 1795.9999999998709)	(59.0, 1175.6666666666786)	(60.0, 1285.6666666666536)	(61.0, 898.0000000000322)	(62.0, 328.99999999999875)	(63.0, 260.6666666666693)	(64.0, 111.99999999999949)	(65.0, 29.66666666666663)	(66.0, 8.33333333333333)	(67.0, 5.999999999999998)	(68.0, 6.333333333333331)	(69.0, 12.000000000000004)	(70.0, 9.333333333333332)	(71.0, 3.3333333333333335)	(72.0, 0.0)	(73.0, 0.0)	(74.0, 0.0)	(75.0, 0.0)	(76.0, 0.0)	(77.0, 0.0)	(78.0, 0.0)	(79.0, 0.0)	(80.0, 0.0)	(81.0, 0.0)	(82.0, 0.0)	(83.0, 0.0)	(84.0, 0.0)	(85.0, 0.0)	(86.0, 0.0)	(87.0, 0.0)	(88.0, 0.0)	(89.0, 0.0)	(90.0, 0.0)	(91.0, 0.0)	(92.0, 0.0)	(93.0, 0.0)	(94.0, 0.0)	(95.0, 0.0)	(96.0, 0.0)	(97.0, 0.0)	(98.0, 0.0)	(99.0, 0.0)	(100.0, 0.0)
Fungus_82_2	(0.0, 0.0)	(1.0, 0.0)	(2.0, 0.0)	(3.0, 0.0)	(4.0, 0.0)	(5.0, 0.0)	(6.0, 0.0)	(7.0, 0.0)	(8.0, 0.0)	(9.0, 0.0)	(10.0, 0.0)	(11.0, 0.0)	(12.0, 0.0)	(13.0, 0.0)	(14.0, 0.0)	(15.0, 0.0)	(16.0, 0.0)	(17.0, 0.0)	(18.0, 0.0)	(19.0, 0.0)	(20.0, 0.0)	(21.0, 0.0)	(22.0, 0.0)	(23.0, 0.0)	(24.0, 0.0)	(25.0, 0.0)	(26.0, 0.0)	(27.0, 0.0)	(28.0, 0.0)	(29.0, 0.3333333333333333)	(30.0, 0.3333333333333333)	(31.0, 1.6666666666666665)	(32.0, 5.333333333333332)	(33.0, 1.3333333333333333)	(34.0, 3.3333333333333335)	(35.0, 25.33333333333331)	(36.0, 25.999999999999975)	(37.0, 19.666666666666664)	(38.0, 211.6666666666683)	(39.0, 365.99999999999665)	(40.0, 165.0000000000003)	(41.0, 357.3333333333305)	(42.0, 431.9999999999929)	(43.0, 405.66666666666106)	(44.0, 324.33333333333235)	(45.0, 455.6666666666582)	(46.0, 491.66666666665617)	(47.0, 222.66666666666862)	(48.0, 938.3333333333701)	(49.0, 1563.9999999999236)	(50.0, 2493.000000000016)	(51.0, 1994.6666666664923)	(52.0, 3046.333333333601)	(53.0, 3128.0000000003047)	(54.0, 2186.6666666665433)	(55.0, 2439.6666666666583)	(56.0, 2080.666666666495)	(57.0, 1656.6666666665692)	(58.0, 1792.6666666665383)	(59.0, 3333.666666667065)	(60.0, 3303.0000000003843)	(61.0, 1171.000000000013)	(62.0, 2252.6666666665733)	(63.0, 1682.6666666665633)	(64.0, 306.6666666666667)	(65.0, 173.66666666666723)	(66.0, 101.6666666666663)	(67.0, 229.33333333333547)	(68.0, 288.6666666666677)	(69.0, 225.33333333333536)	(70.0, 51.66666666666676)	(71.0, 2.333333333333333)	(72.0, 1.9999999999999998)	(73.0, 1.0)	(74.0, 0.3333333333333333)	(75.0, 0.3333333333333333)	(76.0, 0.0)	(77.0, 0.6666666666666666)	(78.0, 0.6666666666666666)	(79.0, 0.0)	(80.0, 0.0)	(81.0, 0.3333333333333333)	(82.0, 0.0)	(83.0, 0.0)	(84.0, 0.0)	(85.0, 0.0)	(86.0, 0.0)	(87.0, 0.0)	(88.0, 0.3333333333333333)	(89.0, 0.0)	(90.0, 0.0)	(91.0, 0.0)	(92.0, 0.0)	(93.0, 0.0)	(94.0, 0.0)	(95.0, 0.0)	(96.0, 0.0)	(97.0, 0.0)	(98.0, 0.0)	(99.0, 0.0)	(100.0, 0.0)
Fungus_85_1	(0.0, 0.0)	(1.0, 0.0)	(2.0, 0.0)	(3.0, 0.0)	(4.0, 0.0)	(5.0, 0.0)	(6.0, 0.0)	(7.0, 0.0)	(8.0, 0.0)	(9.0, 0.0)	(10.0, 0.0)	(11.0, 0.0)	(12.0, 0.0)	(13.0, 0.0)	(14.0, 0.0)	(15.0, 0.0)	(16.0, 0.0)	(17.0, 0.0)	(18.0, 0.0)	(19.0, 0.0)	(20.0, 0.0)	(21.0, 0.0)	(22.0, 0.0)	(23.0, 0.0)	(24.0, 0.0)	(25.0, 0.0)	(26.0, 0.0)	(27.0, 0.0)	(28.0, 0.3333333333333333)	(29.0, 0.6666666666666666)	(30.0, 0.3333333333333333)	(31.0, 0.3333333333333333)	(32.0, 1.6666666666666665)	(33.0, 1.3333333333333333)	(34.0, 8.999999999999998)	(35.0, 23.333333333333318)	(36.0, 102.99999999999962)	(37.0, 4565.333333333651)	(38.0, 6339.999999998704)	(39.0, 357.6666666666638)	(40.0, 49.00000000000007)	(41.0, 69.66666666666676)	(42.0, 139.33333333333292)	(43.0, 312.66666666666634)	(44.0, 437.66666666665924)	(45.0, 814.6666666666894)	(46.0, 726.333333333346)	(47.0, 834.6666666666916)	(48.0, 1015.6666666667122)	(49.0, 642.3333333333364)	(50.0, 699.3333333333429)	(51.0, 634.6666666666689)	(52.0, 626.3333333333346)	(53.0, 1305.9999999999823)	(54.0, 1013.666666666712)	(55.0, 1669.9999999998995)	(56.0, 1193.6666666666745)	(57.0, 3434.000000000444)	(58.0, 963.0000000000396)	(59.0, 680.6666666666741)	(60.0, 6518.999999998541)	(61.0, 5782.3333333325445)	(62.0, 125.66666666666596)	(63.0, 14.666666666666675)	(64.0, 5.666666666666665)	(65.0, 1.0)	(66.0, 0.3333333333333333)	(67.0, 1.6666666666666665)	(68.0, 1.0)	(69.0, 0.0)	(70.0, 0.0)	(71.0, 0.0)	(72.0, 0.0)	(73.0, 0.0)	(74.0, 0.0)	(75.0, 0.0)	(76.0, 0.0)	(77.0, 0.0)	(78.0, 0.0)	(79.0, 0.0)	(80.0, 0.0)	(81.0, 0.0)	(82.0, 0.0)	(83.0, 0.0)	(84.0, 0.0)	(85.0, 0.0)	(86.0, 0.0)	(87.0, 0.0)	(88.0, 0.0)	(89.0, 0.0)	(90.0, 0.0)	(91.0, 0.0)	(92.0, 0.0)	(93.0, 0.0)	(94.0, 0.0)	(95.0, 0.0)	(96.0, 0.0)	(97.0, 0.0)	(98.0, 0.0)	(99.0, 0.0)	(100.0, 0.0)
Fungus_85_2	(0.0, 0.0)	(1.0, 0.0)	(2.0, 0.0)	(3.0, 0.0)	(4.0, 0.0)	(5.0, 0.0)	(6.0, 0.0)	(7.0, 0.0)	(8.0, 0.0)	(9.0, 0.0)	(10.0, 0.0)	(11.0, 0.0)	(12.0, 0.0)	(13.0, 0.0)	(14.0, 0.0)	(15.0, 0.0)	(16.0, 0.0)	(17.0, 0.0)	(18.0, 0.0)	(19.0, 0.0)	(20.0, 0.0)	(21.0, 0.0)	(22.0, 0.0)	(23.0, 0.0)	(24.0, 0.3333333333333333)	(25.0, 0.0)	(26.0, 0.6666666666666666)	(27.0, 1.0)	(28.0, 2.333333333333333)	(29.0, 2.333333333333333)	(30.0, 3.666666666666667)	(31.0, 9.333333333333332)	(32.0, 16.00000000000001)	(33.0, 30.999999999999957)	(34.0, 305.3333333333334)	(35.0, 5935.999999999071)	(36.0, 3593.666666667183)	(37.0, 783.0000000000191)	(38.0, 97.99999999999969)	(39.0, 72.33333333333339)	(40.0, 31.999999999999954)	(41.0, 222.66666666666862)	(42.0, 641.6666666666697)	(43.0, 599.9999999999983)	(44.0, 202.3333333333347)	(45.0, 681.3333333333409)	(46.0, 204.33333333333476)	(47.0, 162.33333333333357)	(48.0, 495.3333333333226)	(49.0, 507.66666666665526)	(50.0, 1139.3333333333535)	(51.0, 916.0000000000342)	(52.0, 1098.0000000000296)	(53.0, 1557.999999999925)	(54.0, 720.6666666666787)	(55.0, 411.6666666666607)	(56.0, 2825.666666666834)	(57.0, 3013.6666666669194)	(58.0, 1387.6666666666304)	(59.0, 6859.999999998231)	(60.0, 3354.0000000004075)	(61.0, 508.3333333333219)	(62.0, 345.66666666666447)	(63.0, 302.6666666666669)	(64.0, 263.3333333333358)	(65.0, 127.99999999999926)	(66.0, 45.00000000000004)	(67.0, 140.6666666666663)	(68.0, 24.333333333333314)	(69.0, 3.0)	(70.0, 6.666666666666664)	(71.0, 7.33333333333333)	(72.0, 1.3333333333333333)	(73.0, 0.0)	(74.0, 0.0)	(75.0, 0.0)	(76.0, 0.0)	(77.0, 0.0)	(78.0, 0.0)	(79.0, 0.0)	(80.0, 0.0)	(81.0, 0.0)	(82.0, 0.0)	(83.0, 0.0)	(84.0, 0.0)	(85.0, 0.0)	(86.0, 0.0)	(87.0, 0.0)	(88.0, 0.0)	(89.0, 0.0)	(90.0, 0.0)	(91.0, 0.0)	(92.0, 0.0)	(93.0, 0.0)	(94.0, 0.0)	(95.0, 0.0)	(96.0, 0.0)	(97.0, 0.0)	(98.0, 0.0)	(99.0, 0.0)	(100.0, 0.0)
Fungus_89_1	(0.0, 0.0)	(1.0, 0.0)	(2.0, 0.0)	(3.0, 0.0)	(4.0, 0.0)	(5.0, 0.0)	(6.0, 0.0)	(7.0, 0.0)	(8.0, 0.0)	(9.0, 0.0)	(10.0, 0.0)	(11.0, 0.0)	(12.0, 0.0)	(13.0, 0.0)	(14.0, 0.0)	(15.0, 0.0)	(16.0, 0.0)	(17.0, 0.0)	(18.0, 0.0)	(19.0, 0.0)	(20.0, 0.0)	(21.0, 0.0)	(22.0, 0.0)	(23.0, 0.0)	(24.0, 0.0)	(25.0, 0.0)	(26.0, 0.0)	(27.0, 0.0)	(28.0, 0.0)	(29.0, 0.0)	(30.0, 0.0)	(31.0, 0.0)	(32.0, 0.0)	(33.0, 0.0)	(34.0, 1.0)	(35.0, 2.333333333333333)	(36.0, 127.66666666666593)	(37.0, 157.33333333333343)	(38.0, 22.33333333333332)	(39.0, 2.333333333333333)	(40.0, 7.666666666666663)	(41.0, 87.6666666666665)	(42.0, 143.99999999999972)	(43.0, 186.33333333333425)	(44.0, 345.66666666666447)	(45.0, 307.99999999999994)	(46.0, 516.6666666666555)	(47.0, 1482.999999999942)	(48.0, 1329.3333333333103)	(49.0, 501.9999999999889)	(50.0, 1179.6666666666777)	(51.0, 990.333333333376)	(52.0, 1144.6666666666856)	(53.0, 1319.6666666666458)	(54.0, 2297.9999999999272)	(55.0, 1599.9999999999154)	(56.0, 1409.6666666666254)	(57.0, 3011.6666666669184)	(58.0, 2912.6666666668734)	(59.0, 1618.6666666665778)	(60.0, 1661.9999999999013)	(61.0, 942.0000000000372)	(62.0, 388.99999999999534)	(63.0, 984.000000000042)	(64.0, 126.33333333333262)	(65.0, 140.33333333333294)	(66.0, 121.33333333333269)	(67.0, 1.6666666666666665)	(68.0, 0.0)	(69.0, 0.0)	(70.0, 0.0)	(71.0, 0.0)	(72.0, 0.0)	(73.0, 0.0)	(74.0, 0.0)	(75.0, 0.0)	(76.0, 0.0)	(77.0, 0.0)	(78.0, 0.0)	(79.0, 0.0)	(80.0, 0.0)	(81.0, 0.0)	(82.0, 0.0)	(83.0, 0.0)	(84.0, 0.0)	(85.0, 0.0)	(86.0, 0.0)	(87.0, 0.0)	(88.0, 0.0)	(89.0, 0.0)	(90.0, 0.0)	(91.0, 0.0)	(92.0, 0.0)	(93.0, 0.0)	(94.0, 0.0)	(95.0, 0.0)	(96.0, 0.0)	(97.0, 0.0)	(98.0, 0.0)	(99.0, 0.0)	(100.0, 0.0)
Fungus_89_2	(0.0, 0.0)	(1.0, 0.0)	(2.0, 0.0)	(3.0, 0.0)	(4.0, 0.0)	(5.0, 0.0)	(6.0, 0.0)	(7.0, 0.0)	(8.0, 0.0)	(9.0, 0.0)	(10.0, 0.0)	(11.0, 0.0)	(12.0, 0.0)	(13.0, 0.0)	(14.0, 0.0)	(15.0, 0.0)	(16.0, 0.0)	(17.0, 0.0)	(18.0, 0.0)	(19.0, 0.0)	(20.0, 0.0)	(21.0, 0.0)	(22.0, 0.0)	(23.0, 0.0)	(24.0, 0.0)	(25.0, 0.0)	(26.0, 0.0)	(27.0, 0.0)	(28.0, 0.0)	(29.0, 0.3333333333333333)	(30.0, 1.6666666666666665)	(31.0, 2.6666666666666665)	(32.0, 4.666666666666666)	(33.0, 15.333333333333343)	(34.0, 175.33333333333394)	(35.0, 51.000000000000085)	(36.0, 160.00000000000017)	(37.0, 45.00000000000004)	(38.0, 1.9999999999999998)	(39.0, 3.666666666666667)	(40.0, 13.33333333333334)	(41.0, 174.66666666666725)	(42.0, 157.00000000000009)	(43.0, 230.00000000000216)	(44.0, 413.3333333333273)	(45.0, 195.3333333333345)	(46.0, 121.33333333333269)	(47.0, 218.6666666666685)	(48.0, 1516.9999999999343)	(49.0, 1176.0000000000118)	(50.0, 402.99999999999454)	(51.0, 1177.0000000000116)	(52.0, 694.6666666666757)	(53.0, 950.3333333333715)	(54.0, 1053.333333333373)	(55.0, 581.9999999999962)	(56.0, 507.33333333332195)	(57.0, 1764.3333333332114)	(58.0, 2676.000000000099)	(59.0, 985.3333333333754)	(60.0, 1239.666666666664)	(61.0, 1191.3333333333417)	(62.0, 762.3333333333501)	(63.0, 1326.9999999999775)	(64.0, 2204.999999999885)	(65.0, 3348.0000000004047)	(66.0, 530.3333333333237)	(67.0, 72.00000000000006)	(68.0, 26.99999999999997)	(69.0, 10.666666666666668)	(70.0, 4.666666666666666)	(71.0, 2.333333333333333)	(72.0, 1.9999999999999998)	(73.0, 1.0)	(74.0, 0.3333333333333333)	(75.0, 0.0)	(76.0, 0.0)	(77.0, 0.0)	(78.0, 0.0)	(79.0, 0.0)	(80.0, 0.0)	(81.0, 0.0)	(82.0, 0.0)	(83.0, 0.0)	(84.0, 0.0)	(85.0, 0.0)	(86.0, 0.0)	(87.0, 0.0)	(88.0, 0.0)	(89.0, 0.0)	(90.0, 0.0)	(91.0, 0.0)	(92.0, 0.0)	(93.0, 0.0)	(94.0, 0.0)	(95.0, 0.0)	(96.0, 0.0)	(97.0, 0.0)	(98.0, 0.0)	(99.0, 0.0)	(100.0, 0.0)
Fungus_93_1	(0.0, 0.0)	(1.0, 0.0)	(2.0, 0.0)	(3.0, 0.0)	(4.0, 0.0)	(5.0, 0.0)	(6.0, 0.0)	(7.0, 0.0)	(8.0, 0.0)	(9.0, 0.0)	(10.0, 0.0)	(11.0, 0.0)	(12.0, 0.0)	(13.0, 0.0)	(14.0, 0.0)	(15.0, 0.0)	(16.0, 0.0)	(17.0, 0.0)	(18.0, 0.0)	(19.0, 0.0)	(20.0, 0.0)	(21.0, 0.0)	(22.0, 0.0)	(23.0, 0.0)	(24.0, 0.0)	(25.0, 0.0)	(26.0, 0.0)	(27.0, 0.0)	(28.0, 0.0)	(29.0, 0.3333333333333333)	(30.0, 0.3333333333333333)	(31.0, 0.0)	(32.0, 0.6666666666666666)	(33.0, 28.999999999999964)	(34.0, 27.999999999999968)	(35.0, 2.6666666666666665)	(36.0, 3.3333333333333335)	(37.0, 7.9999999999999964)	(38.0, 89.33333333333314)	(39.0, 162.00000000000023)	(40.0, 581.9999999999962)	(41.0, 366.33333333332996)	(42.0, 857.0000000000275)	(43.0, 1716.9999999998888)	(44.0, 672.3333333333399)	(45.0, 567.9999999999947)	(46.0, 933.3333333333695)	(47.0, 866.0000000000285)	(48.0, 1444.9999999999507)	(49.0, 1581.9999999999195)	(50.0, 2051.666666666482)	(51.0, 2441.3333333333258)	(52.0, 1171.6666666666795)	(53.0, 2032.999999999817)	(54.0, 1846.666666666526)	(55.0, 806.0000000000217)	(56.0, 969.666666666707)	(57.0, 979.6666666667081)	(58.0, 1347.9999999999727)	(59.0, 1878.6666666665187)	(60.0, 647.6666666666704)	(61.0, 105.66666666666625)	(62.0, 37.66666666666666)	(63.0, 12.666666666666671)	(64.0, 10.333333333333334)	(65.0, 5.666666666666665)	(66.0, 10.0)	(67.0, 14.000000000000007)	(68.0, 1.9999999999999998)	(69.0, 0.0)	(70.0, 0.0)	(71.0, 0.0)	(72.0, 0.0)	(73.0, 0.0)	(74.0, 0.0)	(75.0, 0.0)	(76.0, 0.0)	(77.0, 0.0)	(78.0, 0.0)	(79.0, 0.0)	(80.0, 0.0)	(81.0, 0.0)	(82.0, 0.0)	(83.0, 0.0)	(84.0, 0.0)	(85.0, 0.0)	(86.0, 0.0)	(87.0, 0.0)	(88.0, 0.0)	(89.0, 0.0)	(90.0, 0.0)	(91.0, 0.0)	(92.0, 0.0)	(93.0, 0.0)	(94.0, 0.0)	(95.0, 0.0)	(96.0, 0.0)	(97.0, 0.0)	(98.0, 0.0)	(99.0, 0.0)	(100.0, 0.0)
Fungus_93_2	(0.0, 0.0)	(1.0, 0.0)	(2.0, 0.0)	(3.0, 0.0)	(4.0, 0.0)	(5.0, 0.0)	(6.0, 0.0)	(7.0, 0.0)	(8.0, 0.0)	(9.0, 0.0)	(10.0, 0.0)	(11.0, 0.0)	(12.0, 0.0)	(13.0, 0.0)	(14.0, 0.0)	(15.0, 0.3333333333333333)	(16.0, 0.0)	(17.0, 0.0)	(18.0, 0.0)	(19.0, 0.0)	(20.0, 0.0)	(21.0, 0.0)	(22.0, 0.0)	(23.0, 0.0)	(24.0, 0.0)	(25.0, 0.0)	(26.0, 0.0)	(27.0, 0.0)	(28.0, 0.0)	(29.0, 0.0)	(30.0, 0.0)	(31.0, 2.333333333333333)	(32.0, 30.333333333333293)	(33.0, 30.999999999999957)	(34.0, 4.333333333333333)	(35.0, 37.33333333333332)	(36.0, 163.3333333333336)	(37.0, 128.3333333333326)	(38.0, 89.66666666666647)	(39.0, 84.66666666666654)	(40.0, 822.0000000000235)	(41.0, 449.66666666665856)	(42.0, 1030.6666666667115)	(43.0, 1577.333333333254)	(44.0, 814.0000000000226)	(45.0, 385.3333333333289)	(46.0, 749.0000000000152)	(47.0, 498.6666666666558)	(48.0, 501.6666666666556)	(49.0, 705.0000000000102)	(50.0, 640.6666666666696)	(51.0, 1832.333333333196)	(52.0, 1472.3333333332778)	(53.0, 720.0000000000119)	(54.0, 1589.6666666665844)	(55.0, 1286.9999999999866)	(56.0, 1358.9999999999702)	(57.0, 2048.999999999814)	(58.0, 2107.6666666665074)	(59.0, 2100.9999999998377)	(60.0, 577.333333333329)	(61.0, 715.6666666666781)	(62.0, 1206.6666666666715)	(63.0, 168.0000000000004)	(64.0, 139.9999999999996)	(65.0, 125.33333333333263)	(66.0, 24.99999999999998)	(67.0, 11.000000000000002)	(68.0, 11.000000000000002)	(69.0, 0.6666666666666666)	(70.0, 1.3333333333333333)	(71.0, 1.0)	(72.0, 0.3333333333333333)	(73.0, 0.0)	(74.0, 0.0)	(75.0, 0.0)	(76.0, 0.0)	(77.0, 0.0)	(78.0, 0.0)	(79.0, 0.0)	(80.0, 0.0)	(81.0, 0.0)	(82.0, 0.0)	(83.0, 0.0)	(84.0, 0.0)	(85.0, 0.0)	(86.0, 0.0)	(87.0, 0.0)	(88.0, 0.0)	(89.0, 0.0)	(90.0, 0.0)	(91.0, 0.0)	(92.0, 0.0)	(93.0, 0.0)	(94.0, 0.0)	(95.0, 0.0)	(96.0, 0.0)	(97.0, 0.0)	(98.0, 0.0)	(99.0, 0.0)	(100.0, 0.0)
Fungus_95_1	(0.0, 0.0)	(1.0, 0.0)	(2.0, 0.0)	(3.0, 0.0)	(4.0, 0.0)	(5.0, 0.0)	(6.0, 0.0)	(7.0, 0.0)	(8.0, 0.0)	(9.0, 0.0)	(10.0, 0.0)	(11.0, 0.0)	(12.0, 0.0)	(13.0, 0.0)	(14.0, 0.0)	(15.0, 0.0)	(16.0, 0.0)	(17.0, 0.0)	(18.0, 0.0)	(19.0, 0.0)	(20.0, 0.0)	(21.0, 0.0)	(22.0, 0.0)	(23.0, 0.0)	(24.0, 0.0)	(25.0, 0.0)	(26.0, 0.0)	(27.0, 0.0)	(28.0, 0.0)	(29.0, 0.0)	(30.0, 0.3333333333333333)	(31.0, 0.6666666666666666)	(32.0, 1.6666666666666665)	(33.0, 1.3333333333333333)	(34.0, 4.333333333333333)	(35.0, 11.000000000000002)	(36.0, 48.3333333333334)	(37.0, 909.6666666667002)	(38.0, 819.6666666666899)	(39.0, 27.333333333333304)	(40.0, 59.66666666666681)	(41.0, 83.66666666666656)	(42.0, 178.66666666666737)	(43.0, 1319.999999999979)	(44.0, 9256.999999998956)	(45.0, 2832.00000000017)	(46.0, 1177.666666666678)	(47.0, 390.3333333333286)	(48.0, 831.6666666666913)	(49.0, 950.0000000000381)	(50.0, 533.333333333324)	(51.0, 343.6666666666646)	(52.0, 233.00000000000225)	(53.0, 670.666666666673)	(54.0, 457.3333333333248)	(55.0, 134.66666666666612)	(56.0, 1299.6666666666504)	(57.0, 1600.9999999999152)	(58.0, 214.33333333333505)	(59.0, 317.66666666666606)	(60.0, 861.6666666666947)	(61.0, 504.99999999998875)	(62.0, 8.666666666666664)	(63.0, 12.333333333333337)	(64.0, 3.3333333333333335)	(65.0, 0.6666666666666666)	(66.0, 7.666666666666663)	(67.0, 1.3333333333333333)	(68.0, 3.666666666666667)	(69.0, 0.0)	(70.0, 0.0)	(71.0, 0.0)	(72.0, 0.0)	(73.0, 0.0)	(74.0, 0.0)	(75.0, 0.0)	(76.0, 0.0)	(77.0, 0.0)	(78.0, 0.0)	(79.0, 0.0)	(80.0, 0.0)	(81.0, 0.0)	(82.0, 0.0)	(83.0, 0.0)	(84.0, 0.0)	(85.0, 0.0)	(86.0, 0.0)	(87.0, 0.0)	(88.0, 0.0)	(89.0, 0.0)	(90.0, 0.0)	(91.0, 0.0)	(92.0, 0.0)	(93.0, 0.0)	(94.0, 0.0)	(95.0, 0.0)	(96.0, 0.0)	(97.0, 0.0)	(98.0, 0.0)	(99.0, 0.0)	(100.0, 0.0)
Fungus_95_2	(0.0, 0.0)	(1.0, 0.0)	(2.0, 0.0)	(3.0, 0.0)	(4.0, 0.0)	(5.0, 0.0)	(6.0, 0.0)	(7.0, 0.0)	(8.0, 0.0)	(9.0, 0.0)	(10.0, 0.0)	(11.0, 0.0)	(12.0, 0.0)	(13.0, 0.0)	(14.0, 0.0)	(15.0, 0.0)	(16.0, 0.0)	(17.0, 0.0)	(18.0, 0.0)	(19.0, 0.0)	(20.0, 0.0)	(21.0, 0.0)	(22.0, 0.0)	(23.0, 0.0)	(24.0, 0.0)	(25.0, 0.0)	(26.0, 0.0)	(27.0, 0.0)	(28.0, 0.3333333333333333)	(29.0, 1.0)	(30.0, 1.3333333333333333)	(31.0, 3.666666666666667)	(32.0, 13.666666666666673)	(33.0, 16.666666666666675)	(34.0, 16.666666666666675)	(35.0, 90.66666666666646)	(36.0, 974.6666666667076)	(37.0, 150.99999999999991)	(38.0, 72.00000000000006)	(39.0, 535.3333333333243)	(40.0, 7395.9999999977435)	(41.0, 1074.000000000035)	(42.0, 1418.33333333329)	(43.0, 2758.33333333347)	(44.0, 1287.666666666653)	(45.0, 654.6666666666712)	(46.0, 230.66666666666885)	(47.0, 59.33333333333348)	(48.0, 328.99999999999875)	(49.0, 900.6666666666991)	(50.0, 375.9999999999961)	(51.0, 130.666666666666)	(52.0, 185.00000000000088)	(53.0, 188.66666666666765)	(54.0, 325.9999999999989)	(55.0, 140.6666666666663)	(56.0, 202.66666666666805)	(57.0, 1202.000000000006)	(58.0, 1821.999999999865)	(59.0, 1306.999999999982)	(60.0, 665.0000000000057)	(61.0, 224.66666666666868)	(62.0, 37.33333333333332)	(63.0, 27.333333333333304)	(64.0, 207.0000000000015)	(65.0, 25.33333333333331)	(66.0, 12.000000000000004)	(67.0, 1.3333333333333333)	(68.0, 0.0)	(69.0, 0.0)	(70.0, 0.0)	(71.0, 0.0)	(72.0, 0.0)	(73.0, 0.0)	(74.0, 0.0)	(75.0, 0.0)	(76.0, 0.0)	(77.0, 0.0)	(78.0, 0.0)	(79.0, 0.0)	(80.0, 0.0)	(81.0, 0.0)	(82.0, 0.0)	(83.0, 0.0)	(84.0, 0.0)	(85.0, 0.0)	(86.0, 0.0)	(87.0, 0.0)	(88.0, 0.0)	(89.0, 0.0)	(90.0, 0.0)	(91.0, 0.0)	(92.0, 0.0)	(93.0, 0.0)	(94.0, 0.0)	(95.0, 0.0)	(96.0, 0.0)	(97.0, 0.0)	(98.0, 0.0)	(99.0, 0.0)	(100.0, 0.0)
Fungus_99_1	(0.0, 0.0)	(1.0, 0.0)	(2.0, 0.0)	(3.0, 0.0)	(4.0, 0.0)	(5.0, 0.0)	(6.0, 0.0)	(7.0, 0.0)	(8.0, 0.0)	(9.0, 0.0)	(10.0, 0.0)	(11.0, 0.0)	(12.0, 0.0)	(13.0, 0.0)	(14.0, 0.0)	(15.0, 0.0)	(16.0, 0.0)	(17.0, 0.0)	(18.0, 0.0)	(19.0, 0.0)	(20.0, 0.0)	(21.0, 0.0)	(22.0, 0.0)	(23.0, 0.0)	(24.0, 0.0)	(25.0, 0.0)	(26.0, 0.0)	(27.0, 0.0)	(28.0, 0.3333333333333333)	(29.0, 0.0)	(30.0, 11.66666666666667)	(31.0, 64.3333333333335)	(32.0, 4.0)	(33.0, 0.0)	(34.0, 1.6666666666666665)	(35.0, 6.666666666666664)	(36.0, 93.66666666666642)	(37.0, 15.666666666666677)	(38.0, 1.9999999999999998)	(39.0, 3.3333333333333335)	(40.0, 6.666666666666664)	(41.0, 27.666666666666636)	(42.0, 98.99999999999967)	(43.0, 244.3333333333359)	(44.0, 1724.999999999887)	(45.0, 4622.0000000002665)	(46.0, 3255.6666666670294)	(47.0, 1853.3333333331911)	(48.0, 411.99999999999403)	(49.0, 153.66666666666666)	(50.0, 302.0000000000003)	(51.0, 425.3333333333266)	(52.0, 384.33333333332894)	(53.0, 524.6666666666564)	(54.0, 729.6666666666797)	(55.0, 198.66666666666794)	(56.0, 482.6666666666567)	(57.0, 1155.0000000000166)	(58.0, 393.3333333333284)	(59.0, 842.0000000000258)	(60.0, 1620.9999999999106)	(61.0, 4508.333333333703)	(62.0, 510.6666666666551)	(63.0, 61.000000000000156)	(64.0, 277.0000000000017)	(65.0, 76.0)	(66.0, 9.666666666666666)	(67.0, 13.666666666666673)	(68.0, 46.66666666666672)	(69.0, 357.3333333333305)	(70.0, 1308.6666666666483)	(71.0, 98.66666666666634)	(72.0, 0.6666666666666666)	(73.0, 0.0)	(74.0, 0.3333333333333333)	(75.0, 0.3333333333333333)	(76.0, 0.0)	(77.0, 0.0)	(78.0, 0.0)	(79.0, 0.0)	(80.0, 0.0)	(81.0, 0.0)	(82.0, 0.0)	(83.0, 0.0)	(84.0, 0.0)	(85.0, 0.0)	(86.0, 0.0)	(87.0, 0.0)	(88.0, 0.0)	(89.0, 0.0)	(90.0, 0.0)	(91.0, 0.0)	(92.0, 0.0)	(93.0, 0.0)	(94.0, 0.0)	(95.0, 0.0)	(96.0, 0.0)	(97.0, 0.0)	(98.0, 0.0)	(99.0, 0.0)	(100.0, 0.0)
Fungus_99_2	(0.0, 0.0)	(1.0, 0.0)	(2.0, 0.0)	(3.0, 0.0)	(4.0, 0.0)	(5.0, 0.0)	(6.0, 0.0)	(7.0, 0.0)	(8.0, 0.0)	(9.0, 0.0)	(10.0, 0.0)	(11.0, 0.0)	(12.0, 0.0)	(13.0, 0.0)	(14.0, 0.0)	(15.0, 0.0)	(16.0, 0.3333333333333333)	(17.0, 0.3333333333333333)	(18.0, 0.0)	(19.0, 0.0)	(20.0, 0.3333333333333333)	(21.0, 1.0)	(22.0, 7.33333333333333)	(23.0, 62.00000000000016)	(24.0, 6.333333333333331)	(25.0, 0.6666666666666666)	(26.0, 0.3333333333333333)	(27.0, 0.0)	(28.0, 0.0)	(29.0, 0.3333333333333333)	(30.0, 0.3333333333333333)	(31.0, 1.0)	(32.0, 3.0)	(33.0, 6.333333333333331)	(34.0, 75.33333333333334)	(35.0, 161.66666666666688)	(36.0, 117.9999999999994)	(37.0, 88.99999999999982)	(38.0, 18.333333333333336)	(39.0, 86.66666666666652)	(40.0, 106.3333333333329)	(41.0, 207.0000000000015)	(42.0, 3149.3333333336477)	(43.0, 4876.6666666667015)	(44.0, 1835.3333333331952)	(45.0, 1380.9999999999652)	(46.0, 294.00000000000074)	(47.0, 221.0000000000019)	(48.0, 216.66666666666845)	(49.0, 221.0000000000019)	(50.0, 232.6666666666689)	(51.0, 104.33333333333293)	(52.0, 274.3333333333352)	(53.0, 360.3333333333303)	(54.0, 1037.3333333333767)	(55.0, 605.999999999999)	(56.0, 258.3333333333361)	(57.0, 509.33333333332183)	(58.0, 2089.9999999998327)	(59.0, 2455.6666666666656)	(60.0, 4795.000000000109)	(61.0, 4170.000000000678)	(62.0, 240.00000000000244)	(63.0, 57.333333333333464)	(64.0, 293.0000000000008)	(65.0, 226.00000000000205)	(66.0, 19.999999999999996)	(67.0, 1.9999999999999998)	(68.0, 0.6666666666666666)	(69.0, 0.3333333333333333)	(70.0, 0.3333333333333333)	(71.0, 1.0)	(72.0, 1.0)	(73.0, 0.3333333333333333)	(74.0, 0.0)	(75.0, 0.0)	(76.0, 0.0)	(77.0, 0.0)	(78.0, 0.0)	(79.0, 0.3333333333333333)	(80.0, 0.3333333333333333)	(81.0, 0.0)	(82.0, 0.0)	(83.0, 0.0)	(84.0, 0.0)	(85.0, 0.0)	(86.0, 0.0)	(87.0, 0.0)	(88.0, 0.0)	(89.0, 0.0)	(90.0, 0.0)	(91.0, 0.0)	(92.0, 0.0)	(93.0, 0.0)	(94.0, 0.0)	(95.0, 0.0)	(96.0, 0.0)	(97.0, 0.0)	(98.0, 0.0)	(99.0, 0.0)	(100.0, 0.0)
Fungus_B_1	(0.0, 0.0)	(1.0, 0.0)	(2.0, 0.0)	(3.0, 0.0)	(4.0, 0.0)	(5.0, 0.0)	(6.0, 0.0)	(7.0, 0.0)	(8.0, 0.0)	(9.0, 0.0)	(10.0, 0.0)	(11.0, 0.0)	(12.0, 0.0)	(13.0, 0.0)	(14.0, 0.0)	(15.0, 0.0)	(16.0, 0.0)	(17.0, 0.0)	(18.0, 0.0)	(19.0, 0.0)	(20.0, 0.0)	(21.0, 0.0)	(22.0, 0.0)	(23.0, 0.0)	(24.0, 0.0)	(25.0, 0.0)	(26.0, 0.0)	(27.0, 0.0)	(28.0, 0.0)	(29.0, 0.0)	(30.0, 0.0)	(31.0, 0.6666666666666666)	(32.0, 1.6666666666666665)	(33.0, 3.3333333333333335)	(34.0, 10.666666666666668)	(35.0, 361.66666666666356)	(36.0, 340.33333333333144)	(37.0, 32.99999999999996)	(38.0, 52.00000000000009)	(39.0, 192.66666666666777)	(40.0, 283.3333333333347)	(41.0, 488.66666666665634)	(42.0, 785.3333333333527)	(43.0, 2133.3333333331857)	(44.0, 1114.000000000026)	(45.0, 1223.0000000000011)	(46.0, 2500.3333333333526)	(47.0, 1849.9999999998586)	(48.0, 3069.666666666945)	(49.0, 4138.000000000707)	(50.0, 3775.666666667266)	(51.0, 4047.333333334056)	(52.0, 3646.3333333338737)	(53.0, 1337.3333333333085)	(54.0, 1196.0000000000073)	(55.0, 856.3333333333608)	(56.0, 664.0000000000056)	(57.0, 759.3333333333497)	(58.0, 1397.3333333332948)	(59.0, 1296.666666666651)	(60.0, 417.6666666666604)	(61.0, 161.66666666666688)	(62.0, 47.66666666666673)	(63.0, 14.000000000000007)	(64.0, 41.666666666666686)	(65.0, 53.0000000000001)	(66.0, 18.333333333333336)	(67.0, 0.0)	(68.0, 0.0)	(69.0, 0.0)	(70.0, 1.0)	(71.0, 1.0)	(72.0, 0.0)	(73.0, 0.0)	(74.0, 0.0)	(75.0, 0.0)	(76.0, 0.0)	(77.0, 0.0)	(78.0, 0.0)	(79.0, 0.0)	(80.0, 0.0)	(81.0, 0.0)	(82.0, 0.0)	(83.0, 0.0)	(84.0, 0.0)	(85.0, 0.0)	(86.0, 0.0)	(87.0, 0.0)	(88.0, 0.0)	(89.0, 0.0)	(90.0, 0.0)	(91.0, 0.0)	(92.0, 0.0)	(93.0, 0.0)	(94.0, 0.0)	(95.0, 0.0)	(96.0, 0.0)	(97.0, 0.0)	(98.0, 0.0)	(99.0, 0.0)	(100.0, 0.0)
Fungus_B_2	(0.0, 0.0)	(1.0, 0.0)	(2.0, 0.0)	(3.0, 0.0)	(4.0, 0.0)	(5.0, 0.0)	(6.0, 0.0)	(7.0, 0.0)	(8.0, 0.0)	(9.0, 0.0)	(10.0, 0.0)	(11.0, 0.0)	(12.0, 0.0)	(13.0, 0.0)	(14.0, 0.0)	(15.0, 0.0)	(16.0, 0.0)	(17.0, 0.0)	(18.0, 0.0)	(19.0, 0.0)	(20.0, 0.0)	(21.0, 0.0)	(22.0, 0.0)	(23.0, 0.0)	(24.0, 0.3333333333333333)	(25.0, 0.3333333333333333)	(26.0, 0.0)	(27.0, 0.3333333333333333)	(28.0, 0.6666666666666666)	(29.0, 4.999999999999999)	(30.0, 6.666666666666664)	(31.0, 0.3333333333333333)	(32.0, 6.999999999999997)	(33.0, 40.66666666666668)	(34.0, 11.333333333333336)	(35.0, 40.00000000000001)	(36.0, 436.6666666666593)	(37.0, 306.6666666666667)	(38.0, 830.0000000000244)	(39.0, 608.666666666666)	(40.0, 263.0000000000025)	(41.0, 311.6666666666664)	(42.0, 890.0000000000313)	(43.0, 1613.3333333332457)	(44.0, 1776.666666666542)	(45.0, 961.0000000000393)	(46.0, 699.6666666666763)	(47.0, 2994.0000000002437)	(48.0, 2901.6666666668684)	(49.0, 1300.6666666666501)	(50.0, 2248.999999999905)	(51.0, 3395.666666667093)	(52.0, 2196.9999999998813)	(53.0, 2522.666666666696)	(54.0, 2924.3333333335454)	(55.0, 3842.333333333963)	(56.0, 1143.0000000000193)	(57.0, 1650.3333333332373)	(58.0, 492.9999999999894)	(59.0, 536.3333333333244)	(60.0, 548.3333333333258)	(61.0, 222.33333333333528)	(62.0, 611.3333333333329)	(63.0, 313.333333333333)	(64.0, 385.9999999999955)	(65.0, 179.33333333333405)	(66.0, 409.99999999999415)	(67.0, 445.9999999999921)	(68.0, 190.33333333333437)	(69.0, 37.99999999999999)	(70.0, 59.00000000000014)	(71.0, 26.66666666666664)	(72.0, 4.999999999999999)	(73.0, 5.333333333333332)	(74.0, 5.999999999999998)	(75.0, 0.3333333333333333)	(76.0, 0.0)	(77.0, 0.0)	(78.0, 0.0)	(79.0, 0.0)	(80.0, 0.0)	(81.0, 0.0)	(82.0, 0.0)	(83.0, 0.0)	(84.0, 0.0)	(85.0, 0.0)	(86.0, 0.0)	(87.0, 0.0)	(88.0, 0.0)	(89.0, 0.0)	(90.0, 0.0)	(91.0, 0.0)	(92.0, 0.0)	(93.0, 0.0)	(94.0, 0.0)	(95.0, 0.0)	(96.0, 0.0)	(97.0, 0.0)	(98.0, 0.0)	(99.0, 0.0)	(100.0, 0.0)
Fungus_C_1	(0.0, 0.0)	(1.0, 0.0)	(2.0, 0.0)	(3.0, 0.0)	(4.0, 0.0)	(5.0, 0.0)	(6.0, 0.0)	(7.0, 0.0)	(8.0, 0.0)	(9.0, 0.0)	(10.0, 0.0)	(11.0, 0.0)	(12.0, 0.0)	(13.0, 0.0)	(14.0, 0.0)	(15.0, 0.0)	(16.0, 0.0)	(17.0, 0.0)	(18.0, 0.0)	(19.0, 0.0)	(20.0, 0.0)	(21.0, 0.0)	(22.0, 0.0)	(23.0, 0.0)	(24.0, 0.0)	(25.0, 0.0)	(26.0, 0.0)	(27.0, 0.0)	(28.0, 0.0)	(29.0, 0.0)	(30.0, 0.0)	(31.0, 0.0)	(32.0, 0.0)	(33.0, 0.0)	(34.0, 0.0)	(35.0, 0.0)	(36.0, 0.3333333333333333)	(37.0, 2.333333333333333)	(38.0, 19.666666666666664)	(39.0, 180.33333333333408)	(40.0, 30.999999999999957)	(41.0, 35.99999999999998)	(42.0, 334.3333333333318)	(43.0, 937.0000000000366)	(44.0, 1339.9999999999745)	(45.0, 1731.9999999998854)	(46.0, 4685.333333333542)	(47.0, 6940.999999998157)	(48.0, 7211.999999997911)	(49.0, 2051.666666666482)	(50.0, 1119.6666666666913)	(51.0, 943.3333333333707)	(52.0, 1117.3333333333585)	(53.0, 1875.3333333331861)	(54.0, 2001.3333333331575)	(55.0, 836.6666666666919)	(56.0, 1801.9999999998695)	(57.0, 2537.3333333333694)	(58.0, 2333.66666666661)	(59.0, 1403.3333333332935)	(60.0, 439.3333333333258)	(61.0, 78.99999999999996)	(62.0, 6.999999999999997)	(63.0, 0.0)	(64.0, 0.0)	(65.0, 0.0)	(66.0, 0.0)	(67.0, 0.0)	(68.0, 0.0)	(69.0, 0.0)	(70.0, 0.0)	(71.0, 0.0)	(72.0, 0.0)	(73.0, 0.0)	(74.0, 0.0)	(75.0, 0.0)	(76.0, 0.0)	(77.0, 0.0)	(78.0, 0.0)	(79.0, 0.0)	(80.0, 0.0)	(81.0, 0.0)	(82.0, 0.0)	(83.0, 0.0)	(84.0, 0.0)	(85.0, 0.0)	(86.0, 0.0)	(87.0, 0.0)	(88.0, 0.0)	(89.0, 0.0)	(90.0, 0.0)	(91.0, 0.0)	(92.0, 0.0)	(93.0, 0.0)	(94.0, 0.0)	(95.0, 0.0)	(96.0, 0.0)	(97.0, 0.0)	(98.0, 0.0)	(99.0, 0.0)	(100.0, 0.0)
Fungus_C_2	(0.0, 0.0)	(1.0, 0.0)	(2.0, 0.0)	(3.0, 0.0)	(4.0, 0.0)	(5.0, 0.0)	(6.0, 0.0)	(7.0, 0.0)	(8.0, 0.0)	(9.0, 0.0)	(10.0, 0.0)	(11.0, 0.0)	(12.0, 0.0)	(13.0, 0.0)	(14.0, 0.0)	(15.0, 0.0)	(16.0, 0.0)	(17.0, 0.0)	(18.0, 0.0)	(19.0, 0.0)	(20.0, 0.0)	(21.0, 0.0)	(22.0, 0.0)	(23.0, 0.0)	(24.0, 0.0)	(25.0, 0.0)	(26.0, 0.0)	(27.0, 0.0)	(28.0, 0.0)	(29.0, 0.3333333333333333)	(30.0, 0.0)	(31.0, 0.0)	(32.0, 0.3333333333333333)	(33.0, 0.3333333333333333)	(34.0, 4.0)	(35.0, 6.666666666666664)	(36.0, 10.666666666666668)	(37.0, 144.33333333333306)	(38.0, 558.3333333333269)	(39.0, 319.66666666666595)	(40.0, 538.3333333333246)	(41.0, 223.3333333333353)	(42.0, 429.999999999993)	(43.0, 663.6666666666722)	(44.0, 4048.000000000723)	(45.0, 660.6666666666719)	(46.0, 237.66666666666904)	(47.0, 808.3333333333553)	(48.0, 1615.3333333332453)	(49.0, 7659.999999997503)	(50.0, 1049.333333333374)	(51.0, 1936.3333333331723)	(52.0, 2616.3333333334053)	(53.0, 381.6666666666624)	(54.0, 1349.666666666639)	(55.0, 1730.3333333332191)	(56.0, 988.0000000000424)	(57.0, 1129.0000000000225)	(58.0, 753.3333333333491)	(59.0, 261.33333333333593)	(60.0, 222.00000000000193)	(61.0, 735.0000000000136)	(62.0, 2838.66666666684)	(63.0, 1116.666666666692)	(64.0, 600.666666666665)	(65.0, 124.33333333333265)	(66.0, 111.99999999999949)	(67.0, 6.333333333333331)	(68.0, 1.0)	(69.0, 0.0)	(70.0, 0.3333333333333333)	(71.0, 0.3333333333333333)	(72.0, 0.0)	(73.0, 0.0)	(74.0, 0.0)	(75.0, 0.0)	(76.0, 0.0)	(77.0, 0.0)	(78.0, 0.0)	(79.0, 0.0)	(80.0, 0.0)	(81.0, 0.0)	(82.0, 0.0)	(83.0, 0.0)	(84.0, 0.0)	(85.0, 0.0)	(86.0, 0.0)	(87.0, 0.0)	(88.0, 0.0)	(89.0, 0.0)	(90.0, 0.0)	(91.0, 0.0)	(92.0, 0.0)	(93.0, 0.0)	(94.0, 0.0)	(95.0, 0.0)	(96.0, 0.0)	(97.0, 0.0)	(98.0, 0.0)	(99.0, 0.0)	(100.0, 0.0)
Fungus_I_1	(0.0, 0.0)	(1.0, 0.0)	(2.0, 0.0)	(3.0, 0.0)	(4.0, 0.0)	(5.0, 0.0)	(6.0, 0.0)	(7.0, 0.0)	(8.0, 0.0)	(9.0, 0.0)	(10.0, 0.0)	(11.0, 0.0)	(12.0, 0.0)	(13.0, 0.0)	(14.0, 0.0)	(15.0, 0.0)	(16.0, 0.0)	(17.0, 0.0)	(18.0, 0.0)	(19.0, 0.0)	(20.0, 0.0)	(21.0, 0.0)	(22.0, 0.0)	(23.0, 0.0)	(24.0, 0.0)	(25.0, 0.0)	(26.0, 0.0)	(27.0, 0.0)	(28.0, 0.0)	(29.0, 0.0)	(30.0, 0.0)	(31.0, 0.6666666666666666)	(32.0, 0.6666666666666666)	(33.0, 0.3333333333333333)	(34.0, 1.3333333333333333)	(35.0, 1.0)	(36.0, 0.0)	(37.0, 2.6666666666666665)	(38.0, 45.33333333333338)	(39.0, 52.666666666666764)	(40.0, 7.666666666666663)	(41.0, 26.99999999999997)	(42.0, 133.99999999999943)	(43.0, 489.9999999999896)	(44.0, 535.999999999991)	(45.0, 882.6666666666971)	(46.0, 891.3333333333647)	(47.0, 1066.33333333337)	(48.0, 3253.6666666670285)	(49.0, 2942.666666666887)	(50.0, 1868.666666666521)	(51.0, 2372.3333333332944)	(52.0, 1192.0000000000082)	(53.0, 1590.333333333251)	(54.0, 3140.666666666977)	(55.0, 5889.333333332447)	(56.0, 4026.000000000713)	(57.0, 2144.9999999998577)	(58.0, 1534.666666666597)	(59.0, 1337.6666666666417)	(60.0, 933.0000000000362)	(61.0, 1232.6666666666656)	(62.0, 652.666666666671)	(63.0, 1109.6666666666936)	(64.0, 177.66666666666734)	(65.0, 46.00000000000005)	(66.0, 1.9999999999999998)	(67.0, 2.6666666666666665)	(68.0, 2.6666666666666665)	(69.0, 1.3333333333333333)	(70.0, 0.0)	(71.0, 0.0)	(72.0, 0.0)	(73.0, 0.0)	(74.0, 0.0)	(75.0, 0.0)	(76.0, 0.6666666666666666)	(77.0, 1.0)	(78.0, 1.3333333333333333)	(79.0, 0.3333333333333333)	(80.0, 0.0)	(81.0, 0.0)	(82.0, 0.0)	(83.0, 0.0)	(84.0, 0.0)	(85.0, 0.0)	(86.0, 0.0)	(87.0, 0.0)	(88.0, 0.0)	(89.0, 0.0)	(90.0, 0.0)	(91.0, 0.0)	(92.0, 0.0)	(93.0, 0.0)	(94.0, 0.0)	(95.0, 0.0)	(96.0, 0.0)	(97.0, 0.0)	(98.0, 0.0)	(99.0, 0.0)	(100.0, 0.0)
Fungus_I_2	(0.0, 0.0)	(1.0, 0.0)	(2.0, 0.0)	(3.0, 0.0)	(4.0, 0.0)	(5.0, 0.0)	(6.0, 0.0)	(7.0, 0.0)	(8.0, 0.0)	(9.0, 0.0)	(10.0, 0.0)	(11.0, 0.0)	(12.0, 0.0)	(13.0, 0.0)	(14.0, 0.0)	(15.0, 0.0)	(16.0, 0.0)	(17.0, 0.0)	(18.0, 0.0)	(19.0, 0.0)	(20.0, 0.0)	(21.0, 0.0)	(22.0, 0.0)	(23.0, 0.0)	(24.0, 0.0)	(25.0, 0.0)	(26.0, 0.6666666666666666)	(27.0, 0.6666666666666666)	(28.0, 0.0)	(29.0, 0.0)	(30.0, 0.0)	(31.0, 0.0)	(32.0, 0.0)	(33.0, 0.3333333333333333)	(34.0, 7.666666666666663)	(35.0, 8.999999999999998)	(36.0, 18.000000000000004)	(37.0, 22.33333333333332)	(38.0, 71.66666666666673)	(39.0, 35.33333333333331)	(40.0, 9.666666666666666)	(41.0, 81.99999999999991)	(42.0, 831.6666666666913)	(43.0, 1023.6666666667131)	(44.0, 107.66666666666622)	(45.0, 222.33333333333528)	(46.0, 695.6666666666758)	(47.0, 821.6666666666902)	(48.0, 645.0000000000034)	(49.0, 1713.6666666665562)	(50.0, 1764.6666666665446)	(51.0, 2499.333333333352)	(52.0, 3068.333333333611)	(53.0, 1382.3333333332982)	(54.0, 3968.33333333402)	(55.0, 3964.000000000685)	(56.0, 989.0000000000425)	(57.0, 1389.9999999999632)	(58.0, 2333.3333333332766)	(59.0, 2537.666666666703)	(60.0, 3216.0000000003447)	(61.0, 2080.9999999998286)	(62.0, 1007.6666666667113)	(63.0, 1076.3333333333678)	(64.0, 1297.3333333333176)	(65.0, 980.3333333333749)	(66.0, 465.66666666665765)	(67.0, 91.33333333333312)	(68.0, 223.3333333333353)	(69.0, 231.33333333333553)	(70.0, 166.33333333333368)	(71.0, 60.66666666666682)	(72.0, 52.00000000000009)	(73.0, 10.0)	(74.0, 3.3333333333333335)	(75.0, 1.0)	(76.0, 0.6666666666666666)	(77.0, 0.3333333333333333)	(78.0, 0.0)	(79.0, 0.0)	(80.0, 0.0)	(81.0, 0.0)	(82.0, 0.0)	(83.0, 0.0)	(84.0, 0.0)	(85.0, 0.0)	(86.0, 0.0)	(87.0, 0.0)	(88.0, 0.0)	(89.0, 0.0)	(90.0, 0.0)	(91.0, 0.0)	(92.0, 0.0)	(93.0, 0.0)	(94.0, 0.0)	(95.0, 0.0)	(96.0, 0.0)	(97.0, 0.0)	(98.0, 0.0)	(99.0, 0.0)	(100.0, 0.0)
Fungus_M6_1	(0.0, 0.0)	(1.0, 0.0)	(2.0, 0.0)	(3.0, 0.0)	(4.0, 0.0)	(5.0, 0.0)	(6.0, 0.0)	(7.0, 0.0)	(8.0, 0.0)	(9.0, 0.0)	(10.0, 0.0)	(11.0, 0.0)	(12.0, 0.0)	(13.0, 0.0)	(14.0, 0.0)	(15.0, 0.0)	(16.0, 0.0)	(17.0, 0.0)	(18.0, 0.0)	(19.0, 0.0)	(20.0, 0.0)	(21.0, 0.0)	(22.0, 0.0)	(23.0, 0.0)	(24.0, 0.0)	(25.0, 0.0)	(26.0, 0.0)	(27.0, 0.0)	(28.0, 0.0)	(29.0, 0.0)	(30.0, 0.3333333333333333)	(31.0, 0.6666666666666666)	(32.0, 1.3333333333333333)	(33.0, 1.6666666666666665)	(34.0, 3.0)	(35.0, 15.333333333333343)	(36.0, 55.666666666666785)	(37.0, 102.66666666666629)	(38.0, 1599.9999999999154)	(39.0, 1434.3333333332864)	(40.0, 50.333333333333414)	(41.0, 56.33333333333346)	(42.0, 581.6666666666629)	(43.0, 1301.3333333333167)	(44.0, 758.3333333333496)	(45.0, 2508.333333333356)	(46.0, 4034.6666666673837)	(47.0, 1032.666666666711)	(48.0, 774.0000000000181)	(49.0, 2001.3333333331575)	(50.0, 1803.999999999869)	(51.0, 1257.9999999999932)	(52.0, 1192.6666666666747)	(53.0, 919.6666666667013)	(54.0, 1718.3333333332218)	(55.0, 1840.6666666665274)	(56.0, 1356.9999999999707)	(57.0, 2756.333333333469)	(58.0, 4624.000000000265)	(59.0, 1348.9999999999725)	(60.0, 791.6666666666868)	(61.0, 615.0)	(62.0, 117.33333333333275)	(63.0, 38.33333333333333)	(64.0, 36.66666666666665)	(65.0, 24.333333333333314)	(66.0, 17.33333333333334)	(67.0, 19.0)	(68.0, 4.0)	(69.0, 6.333333333333331)	(70.0, 4.0)	(71.0, 0.0)	(72.0, 0.0)	(73.0, 0.0)	(74.0, 0.0)	(75.0, 0.0)	(76.0, 0.0)	(77.0, 0.0)	(78.0, 0.0)	(79.0, 0.0)	(80.0, 0.0)	(81.0, 0.0)	(82.0, 0.0)	(83.0, 0.0)	(84.0, 0.0)	(85.0, 0.0)	(86.0, 0.0)	(87.0, 0.0)	(88.0, 0.0)	(89.0, 0.0)	(90.0, 0.0)	(91.0, 0.0)	(92.0, 0.0)	(93.0, 0.0)	(94.0, 0.0)	(95.0, 0.0)	(96.0, 0.0)	(97.0, 0.0)	(98.0, 0.0)	(99.0, 0.0)	(100.0, 0.0)
Fungus_M6_2	(0.0, 0.0)	(1.0, 0.0)	(2.0, 0.0)	(3.0, 0.0)	(4.0, 0.0)	(5.0, 0.0)	(6.0, 0.0)	(7.0, 0.0)	(8.0, 0.0)	(9.0, 0.0)	(10.0, 0.0)	(11.0, 0.0)	(12.0, 0.0)	(13.0, 0.0)	(14.0, 0.0)	(15.0, 0.0)	(16.0, 0.0)	(17.0, 0.0)	(18.0, 0.0)	(19.0, 0.0)	(20.0, 0.0)	(21.0, 0.0)	(22.0, 0.0)	(23.0, 0.0)	(24.0, 0.0)	(25.0, 0.0)	(26.0, 0.0)	(27.0, 0.3333333333333333)	(28.0, 0.3333333333333333)	(29.0, 0.3333333333333333)	(30.0, 0.3333333333333333)	(31.0, 0.3333333333333333)	(32.0, 0.0)	(33.0, 1.6666666666666665)	(34.0, 2.333333333333333)	(35.0, 16.333333333333343)	(36.0, 37.99999999999999)	(37.0, 200.33333333333465)	(38.0, 2415.999999999981)	(39.0, 648.0000000000038)	(40.0, 287.66666666666777)	(41.0, 299.6666666666671)	(42.0, 249.0000000000027)	(43.0, 777.6666666666852)	(44.0, 2191.333333333212)	(45.0, 3979.333333334025)	(46.0, 496.33333333332257)	(47.0, 588.3333333333303)	(48.0, 741.3333333333477)	(49.0, 625.0000000000011)	(50.0, 625.6666666666679)	(51.0, 928.333333333369)	(52.0, 531.9999999999906)	(53.0, 372.99999999999625)	(54.0, 433.66666666665947)	(55.0, 379.66666666666254)	(56.0, 1206.6666666666715)	(57.0, 1855.9999999998572)	(58.0, 2570.666666666718)	(59.0, 1874.3333333331864)	(60.0, 4389.333333333811)	(61.0, 1854.9999999998574)	(62.0, 1383.9999999999645)	(63.0, 542.3333333333251)	(64.0, 520.6666666666559)	(65.0, 1173.666666666679)	(66.0, 1010.6666666667116)	(67.0, 542.6666666666584)	(68.0, 87.99999999999983)	(69.0, 32.333333333333286)	(70.0, 22.999999999999986)	(71.0, 0.0)	(72.0, 9.666666666666666)	(73.0, 11.000000000000002)	(74.0, 10.333333333333334)	(75.0, 0.6666666666666666)	(76.0, 0.3333333333333333)	(77.0, 0.3333333333333333)	(78.0, 0.0)	(79.0, 0.0)	(80.0, 0.0)	(81.0, 0.0)	(82.0, 0.0)	(83.0, 0.0)	(84.0, 0.0)	(85.0, 0.0)	(86.0, 0.0)	(87.0, 0.0)	(88.0, 0.0)	(89.0, 0.0)	(90.0, 0.0)	(91.0, 0.0)	(92.0, 0.0)	(93.0, 0.0)	(94.0, 0.0)	(95.0, 0.0)	(96.0, 0.0)	(97.0, 0.0)	(98.0, 0.0)	(99.0, 0.0)	(100.0, 0.0)
Fungus_Q_1	(0.0, 0.0)	(1.0, 0.0)	(2.0, 0.0)	(3.0, 0.0)	(4.0, 0.0)	(5.0, 0.0)	(6.0, 0.0)	(7.0, 0.0)	(8.0, 0.0)	(9.0, 0.0)	(10.0, 0.0)	(11.0, 0.0)	(12.0, 0.0)	(13.0, 0.0)	(14.0, 0.0)	(15.0, 0.0)	(16.0, 0.0)	(17.0, 0.0)	(18.0, 0.0)	(19.0, 0.0)	(20.0, 0.0)	(21.0, 0.0)	(22.0, 0.0)	(23.0, 0.0)	(24.0, 0.0)	(25.0, 0.0)	(26.0, 0.0)	(27.0, 0.0)	(28.0, 0.0)	(29.0, 0.0)	(30.0, 0.0)	(31.0, 0.0)	(32.0, 1.0)	(33.0, 1.3333333333333333)	(34.0, 1.0)	(35.0, 10.0)	(36.0, 19.666666666666664)	(37.0, 34.666666666666636)	(38.0, 33.66666666666663)	(39.0, 22.999999999999986)	(40.0, 90.99999999999979)	(41.0, 113.99999999999946)	(42.0, 124.66666666666598)	(43.0, 251.66666666666944)	(44.0, 466.9999999999909)	(45.0, 470.33333333332405)	(46.0, 1339.333333333308)	(47.0, 3504.333333333809)	(48.0, 3120.3333333336345)	(49.0, 1571.9999999999218)	(50.0, 1514.6666666666015)	(51.0, 941.6666666667038)	(52.0, 662.6666666666721)	(53.0, 1358.9999999999702)	(54.0, 5827.666666665837)	(55.0, 4175.000000000673)	(56.0, 3281.3333333337077)	(57.0, 448.3333333333253)	(58.0, 1738.3333333332173)	(59.0, 4618.666666666936)	(60.0, 2677.333333333433)	(61.0, 828.666666666691)	(62.0, 312.33333333333303)	(63.0, 39.0)	(64.0, 3.0)	(65.0, 0.6666666666666666)	(66.0, 0.6666666666666666)	(67.0, 0.0)	(68.0, 0.0)	(69.0, 0.0)	(70.0, 0.0)	(71.0, 0.0)	(72.0, 0.0)	(73.0, 0.0)	(74.0, 0.0)	(75.0, 0.0)	(76.0, 0.0)	(77.0, 0.0)	(78.0, 0.0)	(79.0, 0.0)	(80.0, 0.0)	(81.0, 0.0)	(82.0, 0.0)	(83.0, 0.0)	(84.0, 0.0)	(85.0, 0.0)	(86.0, 0.0)	(87.0, 0.0)	(88.0, 0.0)	(89.0, 0.0)	(90.0, 0.0)	(91.0, 0.0)	(92.0, 0.0)	(93.0, 0.0)	(94.0, 0.0)	(95.0, 0.0)	(96.0, 0.0)	(97.0, 0.0)	(98.0, 0.0)	(99.0, 0.0)	(100.0, 0.0)
Fungus_Q_2	(0.0, 0.0)	(1.0, 0.0)	(2.0, 0.0)	(3.0, 0.0)	(4.0, 0.0)	(5.0, 0.0)	(6.0, 0.0)	(7.0, 0.0)	(8.0, 0.0)	(9.0, 0.0)	(10.0, 0.0)	(11.0, 0.0)	(12.0, 0.0)	(13.0, 0.0)	(14.0, 0.0)	(15.0, 0.0)	(16.0, 0.0)	(17.0, 0.0)	(18.0, 0.0)	(19.0, 0.0)	(20.0, 0.0)	(21.0, 0.0)	(22.0, 0.0)	(23.0, 0.0)	(24.0, 1.3333333333333333)	(25.0, 0.3333333333333333)	(26.0, 0.0)	(27.0, 0.0)	(28.0, 0.0)	(29.0, 0.0)	(30.0, 0.0)	(31.0, 2.6666666666666665)	(32.0, 6.666666666666664)	(33.0, 7.9999999999999964)	(34.0, 4.666666666666666)	(35.0, 10.0)	(36.0, 25.33333333333331)	(37.0, 47.00000000000006)	(38.0, 98.33333333333302)	(39.0, 102.66666666666629)	(40.0, 186.0000000000009)	(41.0, 182.0000000000008)	(42.0, 175.33333333333394)	(43.0, 302.3333333333336)	(44.0, 333.66666666666515)	(45.0, 1267.999999999991)	(46.0, 964.6666666667064)	(47.0, 1085.0000000000325)	(48.0, 1464.999999999946)	(49.0, 3253.0000000003615)	(50.0, 1426.6666666666215)	(51.0, 1328.6666666666438)	(52.0, 1094.666666666697)	(53.0, 840.0000000000256)	(54.0, 5517.6666666661185)	(55.0, 901.3333333333659)	(56.0, 285.6666666666679)	(57.0, 538.666666666658)	(58.0, 1142.3333333333528)	(59.0, 3170.6666666669907)	(60.0, 2858.666666666849)	(61.0, 2677.6666666667666)	(62.0, 2366.3333333332916)	(63.0, 2143.6666666665237)	(64.0, 268.0000000000022)	(65.0, 178.33333333333402)	(66.0, 393.66666666666174)	(67.0, 356.99999999999716)	(68.0, 42.66666666666669)	(69.0, 479.66666666665685)	(70.0, 454.33333333332496)	(71.0, 2.333333333333333)	(72.0, 0.6666666666666666)	(73.0, 0.3333333333333333)	(74.0, 0.0)	(75.0, 0.0)	(76.0, 0.0)	(77.0, 0.0)	(78.0, 0.0)	(79.0, 0.0)	(80.0, 0.0)	(81.0, 0.0)	(82.0, 0.0)	(83.0, 0.0)	(84.0, 0.0)	(85.0, 0.0)	(86.0, 0.0)	(87.0, 0.0)	(88.0, 0.0)	(89.0, 0.0)	(90.0, 0.0)	(91.0, 0.0)	(92.0, 0.0)	(93.0, 0.0)	(94.0, 0.0)	(95.0, 0.0)	(96.0, 0.0)	(97.0, 0.0)	(98.0, 0.0)	(99.0, 0.0)	(100.0, 0.0)
Fungus_R_1	(0.0, 0.0)	(1.0, 0.0)	(2.0, 0.0)	(3.0, 0.0)	(4.0, 0.0)	(5.0, 0.0)	(6.0, 0.0)	(7.0, 0.0)	(8.0, 0.0)	(9.0, 0.0)	(10.0, 0.0)	(11.0, 0.0)	(12.0, 0.0)	(13.0, 0.0)	(14.0, 0.0)	(15.0, 0.0)	(16.0, 0.0)	(17.0, 0.0)	(18.0, 0.0)	(19.0, 0.0)	(20.0, 0.0)	(21.0, 0.0)	(22.0, 0.0)	(23.0, 0.0)	(24.0, 0.0)	(25.0, 0.0)	(26.0, 0.0)	(27.0, 0.0)	(28.0, 0.0)	(29.0, 0.3333333333333333)	(30.0, 2.333333333333333)	(31.0, 15.333333333333343)	(32.0, 5.999999999999998)	(33.0, 6.666666666666664)	(34.0, 8.33333333333333)	(35.0, 39.66666666666667)	(36.0, 744.6666666666814)	(37.0, 1208.666666666671)	(38.0, 602.9999999999986)	(39.0, 270.66666666666873)	(40.0, 625.3333333333345)	(41.0, 583.6666666666631)	(42.0, 976.6666666667078)	(43.0, 1750.6666666665478)	(44.0, 2045.3333333331475)	(45.0, 1472.666666666611)	(46.0, 1539.3333333332625)	(47.0, 1518.9999999999338)	(48.0, 1753.9999999998804)	(49.0, 1776.9999999998752)	(50.0, 3335.3333333337323)	(51.0, 3822.0000000006203)	(52.0, 1450.666666666616)	(53.0, 977.3333333333745)	(54.0, 1988.999999999827)	(55.0, 2844.333333333509)	(56.0, 2808.000000000159)	(57.0, 876.333333333363)	(58.0, 751.6666666666822)	(59.0, 1932.3333333331732)	(60.0, 914.6666666667007)	(61.0, 193.0000000000011)	(62.0, 59.33333333333348)	(63.0, 208.00000000000153)	(64.0, 494.9999999999893)	(65.0, 296.0000000000006)	(66.0, 76.0)	(67.0, 29.99999999999996)	(68.0, 12.666666666666671)	(69.0, 3.0)	(70.0, 3.0)	(71.0, 1.0)	(72.0, 0.0)	(73.0, 0.0)	(74.0, 0.0)	(75.0, 0.0)	(76.0, 0.0)	(77.0, 0.0)	(78.0, 0.0)	(79.0, 0.0)	(80.0, 0.0)	(81.0, 0.0)	(82.0, 0.0)	(83.0, 0.0)	(84.0, 0.0)	(85.0, 0.0)	(86.0, 0.0)	(87.0, 0.0)	(88.0, 0.0)	(89.0, 0.0)	(90.0, 0.0)	(91.0, 0.0)	(92.0, 0.0)	(93.0, 0.0)	(94.0, 0.0)	(95.0, 0.0)	(96.0, 0.0)	(97.0, 0.0)	(98.0, 0.0)	(99.0, 0.0)	(100.0, 0.0)
Fungus_R_2	(0.0, 0.0)	(1.0, 0.0)	(2.0, 0.0)	(3.0, 0.0)	(4.0, 0.0)	(5.0, 0.0)	(6.0, 0.0)	(7.0, 0.0)	(8.0, 0.0)	(9.0, 0.0)	(10.0, 0.0)	(11.0, 0.0)	(12.0, 0.0)	(13.0, 0.0)	(14.0, 0.0)	(15.0, 0.0)	(16.0, 0.0)	(17.0, 0.0)	(18.0, 0.0)	(19.0, 0.0)	(20.0, 0.0)	(21.0, 2.6666666666666665)	(22.0, 3.3333333333333335)	(23.0, 2.6666666666666665)	(24.0, 0.6666666666666666)	(25.0, 1.9999999999999998)	(26.0, 19.333333333333332)	(27.0, 24.99999999999998)	(28.0, 11.66666666666667)	(29.0, 19.0)	(30.0, 35.99999999999998)	(31.0, 59.33333333333348)	(32.0, 65.66666666666681)	(33.0, 29.99999999999996)	(34.0, 45.666666666666714)	(35.0, 100.99999999999964)	(36.0, 804.3333333333549)	(37.0, 1036.0000000000437)	(38.0, 1280.6666666666547)	(39.0, 1264.333333333325)	(40.0, 1185.333333333343)	(41.0, 1329.9999999999768)	(42.0, 757.6666666666829)	(43.0, 1169.3333333333467)	(44.0, 927.0000000000355)	(45.0, 768.6666666666841)	(46.0, 557.3333333333268)	(47.0, 683.3333333333411)	(48.0, 2126.3333333331825)	(49.0, 2072.999999999825)	(50.0, 2010.3333333331555)	(51.0, 2770.3333333334754)	(52.0, 1816.6666666665328)	(53.0, 1424.9999999999552)	(54.0, 1088.0000000000318)	(55.0, 1586.3333333332519)	(56.0, 1392.9999999999625)	(57.0, 1776.3333333332087)	(58.0, 1732.3333333332187)	(59.0, 1447.99999999995)	(60.0, 882.0000000000304)	(61.0, 698.6666666666762)	(62.0, 754.0000000000158)	(63.0, 2014.999999999821)	(64.0, 537.9999999999912)	(65.0, 114.66666666666612)	(66.0, 134.66666666666612)	(67.0, 203.66666666666808)	(68.0, 302.3333333333336)	(69.0, 160.00000000000017)	(70.0, 103.33333333333294)	(71.0, 21.333333333333325)	(72.0, 126.66666666666595)	(73.0, 263.3333333333358)	(74.0, 447.33333333332536)	(75.0, 46.66666666666672)	(76.0, 5.333333333333332)	(77.0, 1.3333333333333333)	(78.0, 0.3333333333333333)	(79.0, 0.0)	(80.0, 0.0)	(81.0, 0.0)	(82.0, 0.0)	(83.0, 0.0)	(84.0, 0.0)	(85.0, 0.0)	(86.0, 0.0)	(87.0, 0.0)	(88.0, 0.0)	(89.0, 0.0)	(90.0, 0.0)	(91.0, 0.0)	(92.0, 0.0)	(93.0, 0.0)	(94.0, 0.0)	(95.0, 0.0)	(96.0, 0.0)	(97.0, 0.0)	(98.0, 0.0)	(99.0, 0.0)	(100.0, 0.0)
