Sample	1	2	3	4	5	6	7	8	9	12	17	22	27	32	37	42	47	52	57	62	67	72	77	82	87	92	97	102	107	112	117	122	127	132	137	142	147	152	157	162	167	172	177	182	187	192	197	202	207	212	217	222	227	232	237	242	247	250
SRR6443836_1	31.700354286131706	32.24285035976478	32.56802658972205	32.630994557872825	32.37251177910077	34.360093502319295	34.266116366558315	33.081303188575184	33.639614302932905	36.082639979546364	37.308265458928375	37.686672267066	37.67554695204354	38.407677416998425	37.5812118777165	38.02412067643084	37.44175462946053	37.28654808429819	36.98299426567807	37.92383213411739	37.69760035063369	37.84986303371197	37.85659812264875	37.36666788414479	37.58007231820008	37.42794112275832	37.53364257277475	37.958230760802074	37.51860915300047	37.74691551919354	37.60911647613135	37.69208517476899	37.1353153877059	36.70155958946638	36.36339530296943	36.496336608349466	36.99438255597356	36.50355381862011	35.36013733153146	35.96907849081413	36.191365645202524	36.201957704810255	35.31299170897403	34.59975893933307	34.94720040907264	35.1734906315059	33.07217940757515	33.87518901347748	34.684648818437495	33.89819204499799	34.54112275831842	33.671405091493476	33.647204061507	32.149822856934136	32.30457650023741	32.24322290806823	31.19500361329158	26.465488571606237
SRR6443836_2	31.899631104130904	31.754410314474597	32.18448445889185	30.13908469995252	31.03824098761825	35.07030936118923	35.3946090069031	33.19142408415209	34.44910332736769	35.779341831330576	36.46087147083531	36.226224478614995	36.61601957704811	36.80095693779904	36.750385331823665	36.71976332225428	35.7644545089302	36.174082325870195	36.37529493407356	34.16351948573724	34.7415975747836	35.94544724058585	37.02693305087841	37.35955294203587	36.94110814858102	37.29200482121334	36.619284853354756	35.835582015413266	35.77148179261478	36.5766901639943	33.78901347748274	36.286051353226924	35.605157237298656	36.79786697834106	34.27932356915885	35.092808356769794	35.06834435151028	34.92437999926951	34.93549070455458	32.919814456335146	30.718236604697033	33.4212644727711	33.30744731363454	34.4643851126776	32.00695423499763	32.93335768289565	31.963402607838123	29.72288250118704	29.63957047372073	31.795310274297822	29.022506300449248	26.613148763650976	28.109792176485627	24.04331056649257	24.73454837649293	24.31744037400928	26.804996500570873	21.67966811820039
SRR6443839_1	32.1894680992174	32.62849184241942	32.53150285183711	32.64003183446081	32.19740018570102	34.87719856744926	34.6910996153336	32.92166069770526	34.02618384401114	35.76708316752885	37.29788566122828	37.645157182650216	37.54400848918955	38.34591855683778	37.54389706857674	38.05376309855418	37.36876508820799	37.47684308263696	36.857233054781794	37.72453110492108	37.566589733386394	37.68185170447009	37.758593977981164	37.40573550868815	37.69577928107176	37.268024936994294	37.335683777689354	37.67493832073219	37.09036742273511	37.48474864040323	37.49030375381351	37.459620639342084	36.94324446213025	36.377768934871995	36.252951319803685	36.28411725693063	36.69125878763762	36.29057434673034	35.384560286510144	35.493492505637356	35.6094601406022	35.59321925984879	35.275299111287964	34.60838838042181	34.83048149621966	34.72212229738692	33.22072953972675	33.887555378697435	34.60376707786179	33.67741079718795	34.2994243268338	33.38390768006367	33.67530441703144	32.27582437989123	32.04248839368616	32.516328425520626	31.608741536914714	28.606782503245178
SRR6443839_2	31.22628995888049	31.84791086350975	32.07038068709378	31.66862979174957	31.48871203077331	35.80090197638944	35.71810584958217	34.27215811115533	34.61273378432153	36.02918158907017	36.596270062342484	36.64736967767608	36.88610691073087	37.243454038997214	37.128165539196175	36.946778087279476	36.41439448202679	36.61495689083433	36.858941504178276	35.70927178670911	35.70220453641066	36.75535747446611	37.310194986072425	37.38256532696645	37.001114206128136	37.4436821859663	37.230990847592516	36.39358535614802	36.12153866560551	37.165990184374586	35.089805013927574	36.885242074545694	35.911218994561615	36.75308131051864	34.85824114604059	35.498787637617724	35.62065525931821	34.84440376707786	34.947786178538266	33.602801432550734	32.086297917495685	34.206234248574084	33.96883406287306	35.00028120440377	33.21224035017907	33.41670778617854	32.72733784321528	31.395405226157315	31.193643719326168	32.787510279877964	30.282154131847722	29.188380421806606	29.453036211699168	25.972378299509217	27.355437060618122	27.213874519167	29.2114500097855	22.951769972861868
SRR6443844_1	32.476223533495315	32.405623047552936	32.81825754946199	32.81902117320375	32.30732384588684	35.04928844151336	35.15321069073239	33.292953835473796	33.55133634154807	35.7613467545991	37.45255119750087	37.67089205137105	37.6545227351614	38.42059007289136	37.57345366192294	38.05971537660535	37.40474835126692	37.3018674071503	36.81875737591115	37.4089552238806	37.48262408885804	37.5203471017008	37.72508156889968	37.228892745574456	37.503602915654284	37.05038528288789	37.23180839986116	37.411843110031235	37.148184658104825	37.355015619576534	37.01749392572023	37.43520999652898	36.77357861853523	36.673030197847964	35.49438389448109	36.223116973273164	36.28512322110378	35.72531759805623	34.4736966331135	35.30857341200972	35.28788615064214	35.546338077056575	34.47852828878861	33.77775772301284	34.29896563693162	34.53453661922943	32.430350572717806	33.018771259979175	33.93291218326969	33.223575147518225	33.708212426240884	32.92641443943075	33.151030892051374	31.602124262408886	31.931384935786184	32.08781673030198	30.80882540905181	24.039117944527618
SRR6443844_2	30.862131204442903	31.564873307879207	32.01013536966331	30.52058313085734	31.10433877125998	35.9127386324193	35.713363415480735	34.616522040958	35.045539743144744	35.9706074279764	36.496591461298166	36.36696980215203	36.79086428323499	36.89324540090247	36.84913571676501	36.560263797292606	35.498923984727526	36.02218674071503	36.331912530371405	34.343769524470666	34.86587990281152	36.232099965289834	36.79322457480042	37.25051023950017	36.93277334258937	37.210690732384585	36.74657410621312	35.90181187087817	35.40106907323845	36.64041652204096	34.66195071155849	36.43718153418952	35.647330787920865	36.77516140229087	34.26297813259285	34.73292606733773	35.00302672683097	34.37445331482124	34.33171815341895	33.208358208955225	30.60474835126692	32.87203054494967	32.722068726136754	34.42826796251302	32.28477611940299	32.850940645609164	31.266171468240195	29.49872960777508	29.386310308920514	31.41437001041305	28.856577577230127	26.69493925720236	27.316404026379736	23.64331829225963	24.794307532106906	25.31972231863936	27.32314842380614	21.672053291364897
SRR6443871_1	32.749370681806006	32.51119383000375	32.85697070322961	32.53569707032296	32.491484119757914	34.648304857800866	34.319934658025815	32.91832253226929	33.40096941781372	35.92168603716995	37.353532215735626	37.67951368432328	37.66230517915484	38.42463178190777	37.63349043971935	38.1190134433078	37.47278667452198	37.52435327513256	37.30202988591934	37.989395318943814	37.88989341759949	38.0552461035831	37.90652884151893	37.330003749129666	37.682100583793044	37.472625997536284	37.481099030582186	37.977633763590596	37.75821327191902	37.88967382571903	37.50709121096888	37.89585988966847	37.39924481816721	37.020089979111994	36.456997482727225	36.55291628729045	36.871292378554976	36.602378019388354	35.65872208237373	35.79636870012318	36.25030796422259	36.10061057254566	35.39018799207327	34.72321246853409	35.168571581597135	35.323051791548394	33.53613625408387	34.1530876760752	34.58125435166836	33.89301590702159	34.68764929569922	33.686096084837445	34.06754860478817	32.564388624069416	32.283798403941944	32.67434524128328	32.2853228469898	31.14370891893745
SRR6443871_2	31.421723528466607	32.39475657436667	32.27082105939692	31.82767393283702	32.45278774570189	36.1780033206577	36.15025976112688	33.979192330351886	34.84888329494939	36.14817631621231	36.565406244978846	36.77247603234964	36.980375984146534	37.226988377698035	37.2485672968775	37.34933319050934	36.62752396765037	36.525081677467725	36.92217342402657	35.808628354132075	35.67070858550693	36.90411868673344	37.43001446092872	37.7779336939639	37.21737453805367	37.715933801081896	37.34666595254673	36.70805527288309	36.187493974613034	37.24194204916716	35.22137539499759	36.868351989716665	36.20249584917787	37.06473140163891	35.40467570028386	35.62783996572224	36.042113437951905	35.814873332976276	35.49182689732741	34.01149911627658	32.33505436238016	34.662396229446735	34.37245460875154	35.69599378715655	34.000680199239454	34.28473568635852	33.07774623748058	31.969101815649942	31.750179422634034	33.111520539874675	30.620352418188634	29.427288308071343	29.997091746558834	26.12775962722939	28.02635102565476	27.201022976808957	29.630749361518156	23.2299708208866
SRR6443905_1	32.4068848758465	32.8053915610349	32.837645424552875	32.75052092377149	32.383964229901025	34.890823059558954	35.01206806737281	33.32392776523702	33.96253689876715	35.88777565549575	37.41633964229901	37.64906233721132	37.64735197082827	38.40760548706373	37.62490015627713	38.048037853794064	37.42392776523702	37.418857440527866	36.997968397291196	37.783009202986634	37.74929675290849	37.777357180065984	37.79273311338774	37.27576836256295	37.55418475429762	37.2822278173294	37.3638739364473	37.73412918909533	37.651050529605826	37.65173641257162	37.43241882271228	37.67860739711755	37.07912832088905	36.781698211495055	36.06712102795624	36.52776523702032	36.663978121201595	36.2141430803959	34.999661399548536	35.64254210800486	35.714551137350234	35.9057648897378	34.994113561382186	34.23166348324362	34.66720784858482	34.843314811599235	32.73937315506164	33.27142733113387	34.226827574231635	33.67063726341379	34.07506511547144	33.10889911442959	33.55765757944088	31.549192568154194	31.732601146032295	32.10523528390346	31.067118742030733	29.41067315398336
SRR6443905_2	30.860826532384095	31.551831915263065	31.846587949296755	31.80022573363431	32.17303351276263	35.86738148984199	35.81116513283556	34.48302656711235	34.84476471609654	35.82558603924292	36.203820107657585	36.2094981767668	36.365705851710366	36.750321236325746	36.69664872373676	36.54948775829137	35.49747351970829	35.573467615905535	35.771479423511025	34.007779128320884	34.59472998784511	35.826844938357354	36.56021878798403	37.102153151588816	36.75116339642299	37.02553394686577	36.42246917867685	35.672608091682584	35.118458065636396	36.38658621288418	34.18403368640389	36.13117728772356	35.32368466747699	36.44074492099323	33.96447299878451	34.417251258899114	34.91831915263067	34.444973085605135	34.389937489147414	32.418466747699256	30.21679979163049	32.805938530994965	32.4458933842681	33.91732939746484	31.71983851363084	32.65169300225734	31.055565202292065	29.156685188400765	29.02189616252822	31.04591943045667	28.39591943045668	26.168145511373503	27.08300052092377	23.10897725299531	24.083729814203856	24.24515540892516	26.4839298314436	21.375720786887186
SRR6443910_1	31.339562669934516	31.99494504652855	32.83670968483131	32.79083215256769	32.37027534178379	35.292268218894804	35.069582200436564	33.176387240071996	33.68130816068625	35.690682801669666	37.38998200130203	37.65162179757209	37.57955807452227	38.36175851108643	37.52780607360319	38.03369203078926	37.428545169072876	37.44233140581319	36.85328380500134	37.58861103664841	37.70830620763604	37.6600390610041	37.69797418910121	37.35090567916363	37.73672883238233	37.21729406808869	37.26222188182131	37.62155248343736	37.291509975874085	37.59097767395549	37.40730670547238	37.428085627848205	36.97186841802934	36.68088691456363	36.1779496802359	36.23396775552406	36.57565963313293	36.000995672653474	35.11504614559798	35.17942787117528	35.41904798376288	35.2436947114464	34.86978133496726	33.9879217248114	34.56613181174127	34.49703212959062	32.65650825259449	33.326841037031365	34.24408532148739	33.556849079002795	34.0812085934209	33.07846666411366	33.40438095967526	31.912825029678704	31.742250986098878	32.33738750813771	31.540953845426998	29.942383611621985
SRR6443910_2	31.115842683720754	31.821736299927238	32.20844024049324	31.075517941255313	31.583234404319686	36.16244782292345	35.97388274039751	35.02875962164439	35.29958258338758	36.199165166775174	36.682043426645734	36.78094435721671	37.038295102056445	37.28045035040019	37.20115651208211	37.21455213878145	36.539623942097805	36.837192203117226	36.85761881055413	35.79752613640715	35.99901198636694	37.033454601156514	37.43126412131888	37.60110289893923	37.23964308964883	37.559238693371114	37.37238157239689	36.565810132884	36.15374717573623	37.33468387393252	35.83925247960785	37.251123961245355	36.35626699345154	37.11270248535212	35.306322521349514	35.7130241642094	36.15563895377782	35.41446023053651	35.18848849232184	34.06732278941523	31.897935893999158	34.42322214988703	34.16733427794585	35.08185961015586	33.48090223260445	33.78244552521733	32.74765059548884	31.711185999310693	31.533060161605327	33.20032933787769	30.67214797227435	29.47969210737947	29.672576877417377	25.92247539539693	27.696779381917054	27.849109638877188	29.356320941891067	23.153092040463523
SRR6443915_1	32.67683738951447	32.5164971546192	32.945877224845624	32.95656253783751	32.42026879767526	34.28008838842475	34.287958590628406	33.281026758687496	33.62686160552125	36.05947451265287	37.37447632885337	37.64345562416757	37.58401138152318	38.43608790410461	37.59196028574888	38.021830730112605	37.42638939338902	37.398377527545705	37.14313476207773	37.66983896355491	37.747941639423665	37.5181135730718	37.78501634580458	37.489332849013195	37.576141179319535	37.33127497275699	37.31584332243613	37.31127860515801	37.086469306211406	37.34418815837269	37.21948783145659	37.31703596077007	37.04256568591839	36.75506719941882	36.06448722605643	35.99008354522339	36.24504177261169	35.84183315171329	34.791693909674294	35.047959801428746	35.37649231141784	35.27780602978569	34.64407313234048	34.03003390240949	34.560751907010534	34.64164547766073	32.734362513621505	33.775051459014406	34.078423537958585	33.550314808088146	34.12442184283812	33.21678169269888	33.26999031359729	31.809535052669816	31.780929894660375	32.493455624167574	31.80465359440271	31.175519809798978
SRR6443915_2	32.266830124712435	32.26961496549219	32.14320741009807	31.844896476571012	32.03030027848408	35.81393025790047	35.91857367720063	34.47324131250757	35.27700084756024	36.22448843685677	36.59720305121685	36.72859910400775	36.832455503087544	37.26322193970215	37.183412035355374	37.217411308875164	36.66494733018525	36.64200871776244	36.949703353916945	35.62884731807725	35.554419421237434	36.978907858094196	37.44833514953384	37.740664729386125	37.376655769463625	37.77540259111272	37.284047705533354	36.70055696815596	36.402076522581424	37.2662489405497	35.37625015135004	37.49187552972515	36.525650805182224	37.1409371594624	35.46877345925657	35.909135488557936	36.0663760745853	35.512937401622466	35.13076038261291	33.7447935585422	31.54975783993219	34.22430076280421	34.15820317229689	34.692577793921785	33.1531117568713	33.37389514469064	32.52482140695	31.284810509746944	31.059353432618963	32.811877951325826	29.71356096379707	28.807555394115514	29.79452718246761	25.49328611212011	27.054050127134037	26.406853129918876	29.29227221932254	22.50547817776709
SRR6443923_1	31.789159891598917	32.2839566395664	32.620216802168024	32.62959349593496	32.43609756097561	33.495772357723574	33.036151761517615	32.623956639566394	32.82449864498645	35.98435772357723	37.06385907859078	37.73453658536586	37.72067208672087	38.46023848238482	37.61745257452575	38.034753387533875	37.55279132791328	37.33319241192412	36.67051490514905	38.09421138211382	36.97064498644986	38.08145257452574	37.9339837398374	37.24548509485095	37.647512195121955	37.482655826558265	37.72491056910569	37.93468834688347	36.599739837398374	37.786915989159894	37.93809214092141	38.107913279132795	36.98588617886179	35.89635772357724	36.66678590785908	36.87261788617887	37.29147967479675	36.69745257452574	35.68178861788617	36.06156097560976	36.63182655826559	36.46458536585366	35.76876964769648	35.232346883468836	35.34369647696477	35.600325203252034	33.93394037940379	34.87374525745257	35.42243902439024	34.088704607046076	34.7879241192412	34.55810298102981	33.665669376693764	33.51120867208672	33.37384281842818	32.34228726287263	30.919349840423234	30.15248193589497
SRR6443923_2	31.167317073170732	31.757344173441734	32.111869918699185	32.03680216802168	32.266937669376695	35.90211382113821	35.227371273712734	32.586937669376695	32.96742547425474	35.21789701897019	36.217279132791326	36.4319891598916	36.73840650406504	36.97033062330623	36.85215176151761	36.602720867208674	36.17274796747968	36.646644986449864	37.32514905149052	34.537268292682924	34.92372899728998	36.34549593495935	37.528065040650404	37.52419512195122	36.9349918699187	37.535338753387535	36.7219512195122	36.03094850948509	36.34692682926829	36.83227100271003	32.213972899728994	36.14339295392954	35.57820054200542	36.708715447154475	34.35978319783197	35.468487804878045	34.55930623306233	34.26551761517616	34.901831978319784	33.26924661246612	32.520227642276424	33.467371273712736	33.94291598915989	34.993257452574525	31.09119783197832	32.44646070460705	32.396617886178866	29.660140921409216	30.544639566395666	31.955609756097555	28.88153929539295	27.186222222222227	28.735609756097563	25.39369105691057	25.508000000000003	23.155490514905146	26.270395840237676	21.84387064850794
SRR6443924_1	32.38958714501631	32.470885371092194	32.77825948611884	32.565149948293694	32.340505926338395	34.01598918144937	34.111884496062366	33.31902792140641	33.37101264815846	36.0784424469016	37.31321295044149	37.59968976215099	37.61815289157585	38.39997613555008	37.567822766685225	38.01318908599157	37.38611884496063	37.26065547689126	37.03103969453504	37.85462572587702	37.76588974624135	37.768554609816235	37.885872245644734	37.31754037069446	37.38069366001113	37.247347068650065	37.52777026489539	37.85037785379048	37.70133640919577	37.61844721979158	37.29346909553735	37.73807970726275	37.28545064036274	37.05731445390184	35.88630976056002	36.62540768435288	36.91567098878371	36.2725558825869	34.97436162596453	35.661538461538456	36.24935963726036	36.30717524461061	34.96908758253122	34.079142470766044	34.73072150186938	35.04601861427094	32.72161323681489	33.61053217723331	34.281441412775436	33.67800493198632	34.45150743775356	33.461920292737254	33.583255110969695	31.59641237769469	31.695648715297114	31.87367751173336	31.308269157094152	26.772071528773125
SRR6443924_2	30.66561928247554	31.42629862381672	31.933815925542916	30.189165539734308	30.9714422082571	35.807453663193066	35.70416036910349	35.08101980749344	35.37276270781958	36.079349295998725	36.64803118288123	36.33549439185427	36.639217246042485	36.74264577201496	36.90344443560576	36.842240076366245	35.960830482857375	35.86254076843529	36.52395195290749	34.44276509426457	35.00882984647204	36.18716092594066	37.09834539813858	37.552119958634954	37.14896189642828	37.40689682602816	36.74577201495505	36.09498051069922	35.70999920451833	36.71707103651261	34.582197120356376	36.75888155278021	35.87743218518813	37.05231087423435	34.496221462095306	34.873566144300376	35.403834221621196	35.62579747036831	35.35720308646886	33.81669716013046	31.444992442924196	33.394169119401795	33.60653090446265	35.10864688568928	33.026473629782835	33.68331874950282	32.3714422082571	30.243473072945665	29.94154005250179	32.062795322567816	29.32827141834381	26.807095696444197	28.176016227825947	24.152088139368384	25.103802402354624	24.220547291384936	27.18784234046459	21.70725346891088
SRR6443934_1	31.952162749358088	32.573414971360855	32.9110013825795	32.88477187438278	32.13968003160182	34.6001975113569	34.62907367173612	33.30555006912898	34.02370136282836	36.01566660082955	37.332135097768116	37.602915267627885	37.5775706103101	38.36650997432353	37.53255382184476	37.99457238791231	37.395236026071494	37.25612482717756	36.84637566660083	37.72839818289551	37.629144775824614	37.49074461781552	37.75954967410626	37.35138060438475	37.49802883665811	37.21260122457041	37.338621370728816	37.70467311870433	37.475157021528744	37.51811969188228	37.41539798538416	37.44832707880703	37.0750701165317	36.83555204424254	35.95944696820067	36.51774047007704	36.83532293106854	36.22287181512937	35.02160774244519	35.64988346829942	35.76619395615248	35.900762393837645	35.02520244914082	34.038996642306934	34.64246494173415	34.62132332609125	32.53446573177958	33.314904206991905	34.35081177167687	33.70533675686352	34.17644084534861	33.19499901244321	33.32474027256568	31.539845941141614	31.72515109618803	31.929662255579693	31.014613743644823	29.18892072141988
SRR6443934_2	31.94252419514122	31.906893146355916	32.19549674106261	30.59150701165317	31.277977483705314	35.37191388504839	35.65174797550859	33.90278491013233	35.06731187043255	36.05749950622161	36.61536638356706	36.453177957732564	36.74578708275725	36.94912107446178	37.029871617618014	36.791514912107445	35.82416748963065	36.10976101125815	36.422816511949435	34.49190598459411	35.23043254987162	36.30761998814932	37.02439660280466	37.35474619790638	37.04099545723879	37.284440055303186	36.827303969978274	36.04231483310291	35.650981631443805	36.731416156429	35.08	36.61087102508394	35.80086904997037	37.029326486272964	34.456764763973936	35.05393640134308	35.40583053525578	35.02613470274541	35.08163539403515	33.44449535848311	30.65012048192771	33.473403120679436	33.370570807821444	34.603729014418334	32.414086509974325	33.33245901639344	32.045933241161364	30.103843571005335	29.79424846928698	32.23625518467312	29.15063006122852	26.99704523010073	27.95887813549279	23.78346434920008	24.699672131147544	25.15266047797748	27.27623823805201	21.630217976102543
SRR6443943_1	32.43842915756381	32.66707518516545	32.55938615655139	32.73442745244312	32.32439921138168	34.73330846698993	34.8183513614323	33.23999573719827	33.721958757393296	35.956380881334255	37.346981403527465	37.657942132466566	37.584046464538815	38.37630947940534	37.56497042681302	37.98043374007567	37.34248414770609	37.364597431661956	36.86696861512229	37.642105824052855	37.758586881227686	37.665807001651835	37.739532157510524	37.192891778121165	37.48579954174881	37.15589065913572	37.20049022219854	37.5247402355198	37.45005594927265	37.397218521873505	36.97450844567592	37.42107955453722	36.97330420418821	36.68549048862365	35.90826450684712	36.24814834550008	36.548920978313	36.026099003570096	34.659114402941334	35.27165769702136	35.40076730431076	35.76782650396973	34.82843288751532	34.11048116374487	34.46707518516545	34.65526722438322	32.54838812809719	33.45275217136463	34.13020727873395	33.49921671018277	34.17598976927586	33.214781264986414	33.44247881920391	31.96014280385784	32.318569830020785	32.28918846912133	31.091597097732443	29.23859082603913
SRR6443943_2	30.909788458464327	31.57718335375926	32.03197101294826	30.37486012681835	31.135983375073266	35.94644855331166	35.83774710928758	34.9330207278734	35.29727713539724	36.068215484627274	36.530377790803	36.41957691692865	36.74812170298929	37.002674908083335	36.79280652208664	36.882591783449676	35.51243139553471	36.08780305856024	36.27808387062397	34.41315074332606	34.89103213086802	36.105088719560925	36.89857728992381	37.22999946714978	36.88193104918208	37.17659721852188	36.64150903181116	35.78268236798636	35.76587627217989	36.59809239622742	34.52437789737304	36.342313635637026	35.864048595939686	36.68331645974316	34.21130708157936	34.3100335695636	35.0855224596366	34.461512228912454	34.54286779986146	33.323631907070926	30.82824106143763	33.16660094847338	33.224340597857946	34.476485319976554	32.318623115042364	33.284307561144566	31.809548675867212	29.433079341397132	29.821228752597648	31.480630894655512	28.906687270208344	26.70427878723291	27.541866041455744	24.031246336654768	24.917024564394946	24.977343208824003	27.531039328633483	21.69567556834222
SRR6443949_1	32.21764649283171	32.34936976811316	32.70999711344174	32.581400942942366	32.18170884249014	35.16472625805831	35.23183873761185	33.326758395073604	33.52439141730011	35.59745020687001	37.41985952083133	37.68910805349755	37.697363610122196	38.401616472625804	37.58632733570672	38.06142595978062	37.41178677956317	37.30439719041662	36.80609063792937	37.67005676897912	37.81491388434523	37.73910324256711	37.72737419416915	37.35089002213028	37.72454536707399	37.35653805445973	37.33703454248052	37.83232945251611	37.62630616761281	37.73700567689791	37.287193303184836	37.52701818531704	36.916972962570966	36.635774078706824	35.986933512941405	36.215404599249496	36.47347252958723	35.94858077552199	34.795573944000765	35.46481285480611	35.209467911094	35.51554892716251	34.756663138651014	33.90482055229482	34.365611469258155	34.546569806600594	32.480025016838255	33.0036851727124	34.00482055229482	33.371134417396334	33.7183392668142	32.839045511401906	33.31772346771866	31.75464254786876	32.020427210622536	32.275156355239105	31.010809253693083	24.509826979553818
SRR6443949_2	30.951024728182432	31.632396805542193	31.92552679688252	31.141200808236313	31.543394592514193	35.94130664870586	36.235206388915614	34.045944385644184	35.04897527181757	36.110487828346	36.32398729914365	36.28693351294141	36.735966515924176	36.81583758298855	36.75126527470413	36.59690176080054	35.06716058885789	35.53808332531512	35.22905801982103	33.56850764937939	34.305580679303375	35.41760800538824	35.984027710959296	36.51541422111036	36.132849033002984	36.61590493601463	36.008524968728956	34.969363994996634	34.64229770037525	35.86003078995478	33.91386510151064	35.402520927547386	34.799441932069655	35.692523814105655	33.466631386510144	34.146868084287505	34.289492927932265	33.76943134802271	33.55480611950351	31.75548927162513	29.381776195516217	32.62708553834311	31.579909554507843	33.45526796882517	31.23614933128067	32.18891561628019	30.794910035600886	28.800384874434712	28.650572500721637	30.925315115943427	28.30466660252093	26.000519580486866	26.68138169922063	23.113720773597613	23.95508515346868	24.931222938516306	26.4412870582212	21.313300584221007
SRR6443958_1	31.509502647503783	32.56590393343419	32.75486951588502	32.71090204236006	32.32535930408472	33.92960476550681	34.18296142208774	33.228441754916794	33.50685514372164	36.16541225416036	37.39222768532527	37.69975416036309	37.69287065052951	38.4447806354009	37.61130862329803	38.03698940998487	37.466291603630864	37.3169723903177	37.12903744326777	37.768541981845694	37.77741111951589	37.60860438729198	37.795035930408474	37.487291981845694	37.47665468986384	37.32288199697428	37.4436176248109	37.575	37.45079425113464	37.498241301059004	37.424007186081695	37.542095310136155	37.138625189107415	36.97234304084721	35.93281959152799	35.93964636913766	36.295158850226926	35.85480332829047	34.48293305597579	35.3357602118003	35.53115219138575	35.71815044205948	34.558243109072855	33.58920145619592	34.32447638409531	34.670389106898014	32.35551983357762	33.31295919814666	33.97570800434968	33.41512930830693	33.827100373504805	32.847865349156066	32.95501867523994	31.305451278899348	31.551387641246276	31.884232423998867	30.981376217715393	29.481775661287674
SRR6443958_2	31.642586989409985	31.411875945537066	31.841527987897127	29.609351361573374	30.63124054462935	34.64764561270802	35.004113086232984	32.96974281391831	34.44038388804841	35.48496596066566	36.061062783661114	35.81084531013616	36.12441376701967	36.32440431164902	36.32378971255673	36.1686932677761	35.360060514372165	35.38375567322238	35.91713313161876	33.89687027231467	34.158301815431166	35.48389750378216	36.55335665658094	37.108235627836606	36.70586232980333	37.06522314674736	36.24923411497731	35.54120650529501	35.146889183055976	36.1376512859304	33.59014750378215	36.170319591527985	35.21714258698941	36.40860438729199	33.66922276853253	34.39065809379728	34.577846066565805	34.06482602118003	33.884162254160366	32.07344931921332	29.321047655068078	32.02633320726172	32.20734682299546	33.39217095310136	30.951002269288956	31.88272503782148	30.447267397882	28.144950832072617	27.977581316187592	30.2160552193646	27.611024962178515	25.17463124054463	26.62806354009077	22.471350226928895	23.315119137670195	22.80199508320726	25.547945236499704	20.59762290822908
SRR6443964_1	31.701872201872202	31.876800976800975	32.82820512820513	32.8029304029304	32.417623117623116	34.71562881562882	34.65868945868946	33.103988603988604	33.58461538461538	35.942035002035	37.354676434676435	37.506210826210825	37.56669108669109	38.36871794871795	37.56689458689459	37.90144892144892	37.289247049247045	37.23742775742776	36.95982091982093	37.65214489214489	37.677362637362634	37.603288563288565	37.761505901505906	36.80860398860399	37.112258852258854	37.04249898249898	36.97172161172161	37.3393080993081	37.24249898249899	37.23456247456247	36.82538054538055	37.151876271876276	36.89404151404152	36.612112332112325	35.542026862026866	36.37942205942206	36.6034188034188	36.10669922669923	34.50774114774115	35.42161172161172	35.43741147741148	35.70700040700041	34.65988603988605	34.13649979649979	34.677012617012615	34.75606837606837	32.463679283679284	33.4248026048026	34.420952380952386	33.261978021978024	34.07089947089948	32.97814407814408	33.189214489214486	32.00703296703297	32.43677655677656	32.7011803011803	31.04322301183288	30.376833284665025
SRR6443964_2	30.6002849002849	32.05860805860806	31.52108262108262	31.551933251933253	31.694098494098494	35.746682946682945	35.77724867724868	33.6988196988197	34.645991045991046	35.620130240130244	36.12889702889703	36.29684167684168	36.3797964997965	36.84629222629222	36.88384208384208	36.98873422873423	35.32892144892145	35.7810582010582	36.414578754578756	34.28127798127798	34.98756206756207	36.20643060643061	37.17734635734635	37.58945868945869	37.266349206349204	37.34003256003256	36.68260480260481	36.0372323972324	35.65329263329263	36.60773300773301	34.22290598290598	36.9656166056166	36.115970695970695	36.942645502645505	34.65713471713472	34.29671957671958	35.37459503459503	35.42064306064306	34.89377289377289	32.37256003256003	30.165706145706146	32.424875864875865	32.99020757020757	34.09821733821734	32.147317867317874	32.876239316239314	31.80984940984941	29.589711029711026	28.696133496133495	30.755490435490437	27.873341473341476	26.169287749287747	27.66220594220594	23.505356125356123	24.153943833943835	24.254969474969474	26.602605790698277	21.38189598246769
SRR6443968_1	32.62637955207247	32.46338569939246	32.86199086889312	32.87730524499407	32.48020994355969	33.971348455980156	33.69612107703922	32.90038465686451	33.63637344070173	35.99650573390373	37.232296796922746	37.68831290218212	37.677082359708095	38.443290074414925	37.611381529280656	38.065175971528205	37.52884926483805	37.33927454434338	36.66524068015961	38.032289607074816	37.176208793184024	37.90347629147643	37.92764137038502	37.53369522234605	37.76952942445267	37.65196103102419	37.65452780673689	37.788848545853256	36.78224107560125	37.58518172340654	37.74201387640652	37.76493511162239	36.87802422978754	36.09052018549808	36.58285940252364	36.65257935794658	37.0634144587842	36.523032677858865	35.458058022072834	35.88154725527555	36.152654851349894	36.17244131286624	35.591824849007764	35.08986194995686	35.18446937014668	35.25429968363532	33.626121656600525	34.46110871440898	34.80040264595916	33.83376473971815	34.6789186079954	34.193377911993096	33.632873166522856	33.04954702329594	32.88137762438884	32.38541846419327	30.94796391565084	29.961442429016046
SRR6443968_2	31.01664449796887	31.671963187978573	31.940539957579897	31.24837329690477	31.636840780817487	35.95172017111838	35.40284717978215	32.4414207139519	33.35690405147931	35.50499334939066	36.165165186756305	36.33311284466334	36.737793435668834	36.99708811158644	36.84030628752202	36.47642808354603	35.70003954416364	36.3634252435561	36.87458748247475	34.578653341481825	34.88468202897509	36.23909120322105	37.348592587266786	37.44820074055434	36.83100262429449	37.37772585109825	36.75259014271848	35.977661142466836	36.06573677966712	36.86790811374339	33.52031491533954	36.003832188949204	35.31892727468814	36.646007836934245	34.09133982816263	35.236941438688575	34.51741021677391	34.19113491749649	34.67888701153971	32.817938670597115	31.555041880864223	33.537426753424164	33.70554696768163	34.380040982133224	31.273990725096162	32.41929755185678	32.08563827875041	29.082158392350003	29.97385052306144	31.80376029046986	28.64464895567459	27.020649243268508	28.316835028939135	24.42638674192041	24.80812452816623	23.61865046554265	26.16210089026606	21.47040080306447
SRR6443974_1	32.51895119418484	32.72601246105919	32.56786085150571	32.647248182762205	32.355244029075806	34.60716510903427	34.20295950155763	32.97331256490135	33.46754932502596	35.77822429906542	37.22892004153685	37.64820353063344	37.63109034267912	38.39179646936656	37.55669781931464	38.06164070612669	37.47409138110072	37.43789200415368	36.88698857736241	37.75191069574247	37.320166147455865	37.692845275181725	37.699200415368644	37.134288681204566	37.620280373831775	37.25602284527518	37.374184839044645	37.56992731048806	36.83152647975078	37.54790238836968	37.51077881619937	37.474652128764276	36.78613707165109	36.15321910695742	36.361879543094496	36.37258566978193	36.70520249221184	36.26382139148494	35.44965732087228	35.48498442367602	35.82866043613707	35.59980269989616	35.20416407061267	34.538785046728975	34.81145379023883	34.84402907580478	33.267476635514015	34.06603322949117	34.70666666666666	33.790830737279336	34.337185877466254	33.518701973001036	33.51658359293873	32.61246105919004	32.12894080996885	32.3265005192108	31.54478565106249	30.265534145547882
SRR6443974_2	31.317341640706125	32.084631360332295	32.28873312564901	32.21479750778816	32.221391484942885	36.42294911734164	36.14029075804777	34.635046728971965	34.48421599169263	35.91445482866044	36.458868120456906	36.68478712357217	36.917964693665624	37.19014537902389	37.14472481827622	37.02551401869159	36.572980269989614	36.81026998961578	37.07412253374871	35.68758047767393	35.77866043613707	36.91541017653168	37.4142471443406	37.521754932502596	36.9918691588785	37.56063343717549	37.28915887850467	36.521246105919005	36.31602284527518	37.22273104880581	34.72498442367601	36.848120456905505	35.93279335410176	36.89669781931464	35.099781931464165	35.84722741433022	35.61504672897196	35.024267912772586	34.964008307372794	33.30352024922119	32.160051921079955	34.222066458982354	33.99013499480789	35.00314641744548	32.96306334371755	33.28276220145379	32.60638629283489	31.05208722741433	31.244413291796473	32.76909657320872	30.093457943925234	28.989646936656282	29.745752855659397	26.063385254413294	27.31706126687435	26.457279335410174	28.746625625825146	22.920821897812232
SRR6444008_1	32.7982729671384	32.53039098105061	32.844998800671625	32.76272487407052	32.43175821539938	34.0315663228592	34.04965219477093	33.43770688414488	33.25176301271288	36.09201247301511	37.36826097385464	37.72297433437275	37.734324778124254	38.42683617174383	37.650131926121375	38.064581434396736	37.444279203645955	37.38308467258335	36.921160949868074	37.905118733509234	38.094295994243225	38.07277524586232	38.04455744782922	37.45104341568721	37.568980570880306	37.432017270328615	37.56267690093547	37.99955864715759	37.99088510434157	37.91901175341808	37.132847205564886	37.974593427680496	37.33494842887983	37.038311345646434	36.63941472775246	36.92417366274886	37.28643799472296	36.85503478052291	35.84033581194531	36.32964260014391	36.65522667306308	36.72543055888703	35.87244902854401	35.27727512592948	35.41063084672583	35.62795874310386	34.06910050371792	34.50758455265052	35.231739026145355	34.38984888462461	35.1029215639242	34.19188294555049	34.60967138402494	33.496502758455264	33.609114895658436	33.6869177260734	32.42311880820885	31.28492832140156
SRR6444008_2	30.913888222595347	31.4848644758935	31.23300551691053	30.410218277764454	31.830894698968578	36.170208683137446	36.24034540657232	35.47234348764692	35.53350923482849	36.383353322139605	36.74793955384984	36.521007435835934	36.80106500359799	36.99301511153754	37.036651475173905	37.220455744782925	36.06189493883426	36.62177980331014	36.76392420244663	34.814526265291434	35.4168673542816	36.44990165507316	37.368126649076515	37.76132405852722	37.22393859438714	37.56445190693212	36.852616934516675	36.131110578076274	36.24873111057808	37.016723434876475	34.67060686015831	36.840978651954906	36.04273446869753	37.08824178460062	34.74116574718158	34.684547853202204	35.68119932837611	35.70307507795634	35.405660829935236	33.86514751739026	31.31161429599424	33.57192612137204	33.64382825617655	35.320316622691294	33.41829695370593	34.136080594866876	32.25112976733029	29.539304389541854	30.619045334612615	32.22959942432238	29.604029743343727	27.439376349244423	28.47268889421924	24.72538258575198	25.728078675941475	25.243626769009357	27.67474789067985	21.883992693102993
SRR6444010_1	32.454526324649635	32.844913934598715	32.8678506796852	32.85248937334287	32.5329742014225	34.55389082951054	34.73490172972518	33.25323008290897	33.694583561297925	35.989941500778585	37.42526829678886	37.64247295989226	37.65815411809267	38.44738016076765	37.61606834729178	38.01647237069147	37.42177517781238	37.335499347670556	36.76318336770338	37.6366314549051	37.36976558225664	37.4142670763015	37.60753335297336	37.3390177181095	37.28390219266866	37.07147847312824	37.289853120659906	37.352872353857165	37.27276629771474	37.32626572955683	37.21391355582678	37.36771179664155	36.92360590884223	36.71453221665755	36.00264298640629	36.35700517654981	36.45220319010143	35.96859559782837	34.70309330415387	35.548554353772985	35.611514666891125	35.8752072724212	34.88014814191322	34.070720929253824	34.68529102310509	34.776566642818054	32.548352342073144	33.572770506291825	34.29920457893186	33.68370018096881	34.002508311939735	33.18442826480367	33.40733134127352	31.919245822987243	32.291536551491944	32.51012162787761	31.32566684171337	30.20661472293355
SRR6444010_2	31.929337990825303	31.852531459113674	31.873448087201716	31.577080089221834	32.14102941795379	36.404275914313374	35.95934514540634	34.34956441227221	34.95391608097302	35.930162871933	36.30591305079753	36.18468077942848	36.135524599133035	36.64371869870797	36.69106519085897	36.69775682841631	35.71219224780101	35.483304574723284	36.18532890029881	34.20011784015824	34.3708934809141	35.91263835697151	36.7953705652119	37.271133369807664	36.895139093472494	37.226976979083375	36.48593914397543	35.80058078363705	35.31624931610622	36.36387357434452	34.096898278691974	36.390783216194606	35.446285930726816	36.730566895332686	33.901022684230455	34.686242161525186	34.92910231050881	34.70905264929927	34.64978746685746	32.86191658600227	30.150532385000634	32.63595808257228	32.558747527460966	33.91462480535331	31.804393754471608	32.89516434493497	31.082715373932068	29.15318378856109	28.67183199360296	31.030739446992975	28.12882454442153	26.126333066790117	27.39430158663356	23.04338201254156	24.076301502462016	23.90376667648668	26.75091002969101	21.309334185804104
SRR6444024_1	31.535365072290162	32.578377023149564	32.73371033791125	32.23876647073572	32.28620776109424	34.26339248405159	33.88486503050394	33.05515781263058	33.366103016965205	35.82480987269131	37.29913363233696	37.68962308828036	37.6815555617461	38.44863359055074	37.632977686157616	38.13826225032733	37.51856701117085	37.49747332646182	36.87134300916511	37.81881494275287	37.35504359695796	37.730233724266654	37.78323536785803	37.196099952642285	37.66376577429868	37.322077053792796	37.45330250438756	37.70409783547372	36.83208624676157	37.6550073822325	37.59810011978716	37.52452851213194	36.90939075688776	36.266701952809434	36.4620720394462	36.489121653620074	36.864350781402344	36.44534640777781	35.67443518957016	35.752904142407445	36.10456026966042	35.819238376466004	35.399643424241575	34.824826587179984	34.98505724712372	35.006696938462824	33.49202997464969	34.32530295010726	34.903629829790795	33.90615928907708	34.60509234754993	33.84112321363902	33.761422960135945	33.004189765161435	32.54976181853637	32.58924144078892	32.0100102734232	30.23929446643703
SRR6444024_2	32.35652004345767	32.35443073237318	32.36145081761707	32.064685071175866	32.125135805220495	35.83327297545756	35.77064935788506	34.16837061592891	34.3646265704655	35.91634398417695	36.622748419087955	36.81401788450289	37.0146363205839	37.32374293116416	37.24057163551272	37.1758754213444	36.71276151210408	36.912661225172016	37.20442376800289	35.77737415382901	35.91144106749867	37.044170822074264	37.565384293952135	37.70946875783493	37.21010112265649	37.694487004485055	37.348341086998914	36.65903000250718	36.57506198289551	37.38794328216843	34.89780761623534	36.99369306627295	36.132245034403994	37.06395520517035	35.422313842382366	36.157651057191416	35.898370337354095	35.32784355238599	35.3059420007243	33.7409644259966	32.60207259659582	34.51757528484274	34.36385213249018	35.259297434325994	33.369757918489015	33.637535170069924	33.06921469760704	31.53666323091066	31.529247569434773	33.29674903195253	30.59268462545616	29.369964063849345	30.211633284118456	26.586589408585674	27.86093545421623	26.88202356742903	29.19405788402103	23.178859325122936
SRR6444025_1	32.74576778385773	32.356831395348834	32.858883378932966	32.665526675786595	32.442544459644324	34.07083618331053	33.930873803009575	33.06399623803009	33.47328146374829	36.24610123119015	37.36824555403557	37.700367647058826	37.68085670314637	38.489603283173736	37.620630984952115	38.04080882352942	37.44552838577291	37.295836183310534	37.05458276333789	37.74434849521204	37.75054719562244	37.58540526675787	37.802659028727774	37.47275991792066	37.462628248974006	37.2782062243502	37.2905266757866	37.29033002735978	37.30259062927496	37.31412448700411	37.0375940492476	37.38667920656635	37.05839603283174	36.8686730506156	35.77891586867305	35.86644151846785	35.95752393980848	35.520998632010944	34.009268125854994	34.97718878248973	35.1219134746922	35.364671682626536	34.16319254445964	33.36388508891929	34.1405266757866	34.41191860465117	32.18466142270862	33.26741621067032	33.65369357045144	33.0625170998632	33.48035225718195	32.571075581395355	32.63977428180574	31.15748974008208	31.4718878248974	31.9656976744186	31.08243416479504	29.772130702293914
SRR6444025_2	30.93138679890561	32.16740766073871	31.779625512995896	31.756155950752394	31.841056771545826	35.915996922024625	36.1765133378933	34.13876538987688	35.205198358413135	36.20819938440492	36.489475034199735	36.410217168262655	36.637807797537626	36.92476915184678	36.87014363885089	36.720673734610116	35.96045656634747	36.12867647058824	36.6563183994528	34.49744357045144	34.92742818057455	36.214338235294115	37.14386969904241	37.650735294117645	37.27295656634747	37.58100205198358	36.81727086183311	36.22360636114911	35.991706566347474	36.792724008207934	34.40247948016416	37.042724008207934	36.095571135430916	37.05237688098495	34.66849350205199	35.24629787961696	35.56836525307797	35.26052496580028	34.70133378932969	32.844228796169624	30.363508891928866	32.92305061559507	33.23776504787962	33.90877222982216	31.897648768809848	32.756138850889194	31.186516757865938	29.097648768809847	29.327718878248977	31.461927154582764	28.352855677154583	26.51341484268126	28.045707934336527	23.371229480164157	24.829240766073873	24.076376538987688	27.10012824897401	21.167632702218476
SRR6444031_1	31.483267998852664	32.51525002390286	32.7211970551678	32.714743283296684	32.30810784969882	33.99373745099914	33.89133760397743	32.992876948082994	33.50807916626829	36.0467444306339	37.31404531982025	37.757309494215505	37.73488861267807	38.47253083468783	37.62153169519075	38.088335404914424	37.547289415814134	37.33692513624629	36.854747107754086	37.98869872836791	37.40827038913854	37.90796443254614	37.94603690601396	37.42030786882111	37.66948082990726	37.46755904006119	37.72598718806769	38.00587054211684	37.20320298307677	37.760684577875516	37.82001147337221	37.89044841763075	37.10795487140261	36.44755712783249	36.55420212257386	36.76438474041495	37.19401472416101	36.50807916626829	35.453991777416576	35.94814035758677	36.37543742231571	36.41559422506932	35.500344201166456	34.73785256716703	35.08867960608088	35.371479108901426	33.40367147910891	34.20173056697581	34.97674729897697	34.010689358447266	34.6298116454728	33.93011760206521	33.77864040539249	32.55901137776078	32.60673104503299	32.343943015584664	31.17425007908829	24.679161551741846
SRR6444031_2	30.686012047040826	31.97786595276795	31.726551295534946	31.09919686394493	31.021464767186156	35.353427669949326	35.21761162635051	33.69007553303375	33.956257768429104	35.53342575772062	36.12108232144565	35.97374509991395	36.359613729802085	36.44384740414954	36.408566784587435	36.0496605794053	35.4811263027058	35.91669375657328	36.31347165120949	34.001682761258245	34.42538483602638	35.6746820919782	36.735098957835355	36.91892150301176	36.495343723109286	37.01328042833923	36.30286834305383	35.453513720240935	35.37836313223061	36.236877330528735	32.95051152117794	35.8182044172483	34.95762501195143	36.307037001625396	33.497781814705036	34.581795582751695	34.09836504445932	33.78621283105459	34.276785543551014	32.34513815852376	30.63203939191127	32.648800076489145	32.81524046275935	33.98033272779425	30.74865665933646	31.898451094750932	31.257472033655226	28.424419160531603	28.839554450712306	30.992370207476814	28.334391433215416	25.982072855913565	27.3279376613443	23.478630844248972	23.823644707907068	22.93542403671479	25.371575340620137	21.188218116831756
SRR6444036_1	32.64189622037156	32.605167627589154	33.01494768310912	32.770873371770236	32.577977080219235	34.09979357961421	34.10128834792512	33.56993380311766	33.53591002918357	36.29856929318812	37.38439746601182	37.73091323225852	37.72877784895722	38.46991244928465	37.64084276460958	38.07246067335753	37.48094526300804	37.34603174603175	37.286184070040576	38.05311410064773	38.05829596412556	38.026920065485086	37.96166275179728	37.606676631788744	37.54180368709517	37.50362303366787	37.64791800128123	38.106413267848254	37.98465371200797	37.85852373834437	37.71092604455833	37.93753292049256	37.592640045554845	37.287906612570296	36.20787244643746	36.54053669300306	36.8720193608086	36.31262011531069	34.90093245070824	35.652516193323365	36.29408498825539	36.38407004057228	35.146658125133456	34.25472275606804	34.846209694640194	35.12575984055805	32.73215175457328	33.72473485657342	34.18718770019218	33.86379101715424	34.50135952736849	33.53583884974019	33.672175955584024	31.872944693572492	31.94043704178234	32.17636842479892	31.54709045262817	29.558466500015836
SRR6444036_2	30.94675777635419	31.625952025055163	32.041711153818774	30.639760837070256	31.21061997295181	35.89230550217097	35.844188198448286	35.21289771513987	35.509146558473915	36.19665456616129	36.78274610292547	36.50024912805182	36.857114385365506	36.953562531141	37.14261513274966	37.17957149975087	36.42287707310129	36.367214748380675	36.736778418392774	34.69747312976013	35.27456758488149	36.225453768951525	37.32413694924906	37.753790305359814	37.33921275535626	37.55761975941349	36.92944693572496	36.2753647946473	36.36643177450352	36.94413837283793	34.45164780411417	36.967485230265495	36.537803402377385	37.33418748665385	35.16045270125987	35.726941419318095	35.9665598975016	36.13062851448502	35.747996298668944	34.22504092817994	31.676603316962066	33.878169264716355	34.296078012669945	35.29204925617481	33.57171328920208	34.25493629439818	33.13908463235818	30.966645312833656	30.84974019503168	32.83278525161933	29.75424585379742	27.58315894369706	28.984425937789165	24.66350629938074	25.649341590148765	24.886297957149974	27.78116151047461	21.88571170665169
SRR6444040_1	32.81790561069475	32.38780636013774	32.882438727972456	32.70601579906826	32.50309904800486	34.152724326514075	34.04994936196071	33.33080818310715	33.33652015393964	36.28651407737492	37.34192424549322	37.69322260482074	37.70345553980151	38.46945108365404	37.62110593477821	38.04320842616974	37.48640064816691	37.29537775977314	37.161247721288234	37.8201579906826	38.028373506177836	38.005039497670644	38.00809398420093	37.35966781446221	37.46062791168726	37.35949767065019	37.46851934373101	37.90364998987239	37.81260684626291	37.75352643305651	37.3290662345554	37.80927688879887	37.39580311930322	37.217711160623864	36.118079805549925	36.83535750455742	37.05731415839578	36.65645533724934	35.31530078995341	36.01671460401053	36.54506785497266	36.646481669029775	35.38016609276889	34.80153129430829	35.230528661130236	35.55760178245898	33.515705894267775	34.20239821754102	34.83483086894875	34.16762406319627	34.74296131253798	33.78341502937006	34.1720478023091	32.94927283775572	33.28248734049018	33.430334211059346	32.10671601383661	31.241343792886482
SRR6444040_2	30.909783269191816	31.3726149483492	32.01016811829046	31.015718047397204	31.750536763216527	36.22499493619607	35.67441766254811	33.83941664978732	35.182702045776786	36.03907636216326	36.649025724123966	36.51057727364797	36.720980352440755	37.11252177435689	37.01897508608467	37.19465262305043	35.95867935993518	36.486489771116055	36.6912862061981	34.37598541624468	34.971302410370676	36.0599068260077	37.365792991695365	37.78315576260887	37.37767065019243	37.502442779015595	36.7973992303018	36.19950577273649	36.13066234555398	36.777451893862676	33.57230706907029	36.68966578894065	36.50531091756127	37.22707717237189	35.12258456552562	35.140676524204984	35.668486935385864	36.02676929309297	35.13360340287624	33.50621024913916	30.7547417459996	32.996240631962735	33.698764431841205	35.23906826007697	33.06257241239619	33.92921207210857	32.546226453311725	30.23122544055094	30.010638039295117	32.1813003848491	29.288337046789547	26.90202147052866	28.47840388900142	24.379574640469922	25.506534332590643	24.579250557018433	27.562909513212777	21.91048936615834
SRR6444041_1	32.390138980807414	32.5078755790867	32.90489741892786	32.699404367968235	32.51892786234282	34.4686962276638	34.46035737921906	33.39000661813369	33.7295168762409	36.12010589013898	37.38160158835208	37.70334877564527	37.68771674387823	38.42807412309729	37.598146922567835	38.053434811383184	37.41371277299802	37.31507610853739	37.136876240900065	37.769662475182	37.73343481138319	37.61557908669755	37.81498345466578	37.42317670416942	37.52757114493713	37.294467240238255	37.46792852415619	37.74078093977499	37.54896095301125	37.596823295830575	37.405810721376575	37.60379880873593	37.104050297816016	36.87919258769027	36.02640635340834	36.52586366644606	36.649927200529454	36.19773659827929	35.0234281932495	35.70481800132362	36.10349437458636	36.238146922567836	35.14397088021178	34.40721376571807	34.898676373262745	35.12455327597617	32.950350761085375	33.652124420913296	34.30382528127068	33.94465916611516	34.3142025148908	33.52172071475844	33.74410324288551	31.67358041032429	31.91073461283918	32.169397749834545	31.34969631845962	29.468466781253742
SRR6444041_2	31.1180675049636	31.76829913964262	32.05168762409001	31.944738583719392	32.23593646591661	35.83726009265387	35.85744540039709	34.89549966909332	35.30727994705493	36.02344142951688	36.55372600926539	36.39868960953011	36.77279947054931	36.909953673064194	36.90267372600927	36.780423560555924	35.633951025810724	35.32152217074785	35.772971542025154	33.83289212442091	34.45895433487756	35.53220383851753	36.16076770350761	36.73330244870946	36.4635208471211	36.833236267372605	36.06876240900066	35.31025810721376	35.30132362673726	35.93499669093316	33.80915949702184	35.643494374586375	35.35054930509596	36.134189278623424	34.273924553275975	34.84726671078755	34.65221707478491	34.24472534745202	34.28923891462607	32.92387822634017	30.617776307081403	32.94231634679021	32.77497021839841	34.20071475843812	31.90856386499007	32.83978821972203	31.920979483785572	30.260833884844477	29.721363335539376	31.665307743216413	28.8473461283918	26.80005294506949	27.919020516214424	24.027332892124424	24.935711449371276	24.596095301125082	27.004011182101	21.852188225535933
SRR6444047_1	32.7707991242474	32.61973180076628	32.98118500273673	32.75667077175698	32.56318418171866	34.063526272577995	33.927750410509034	33.21852764094143	33.20381773399015	35.86657088122605	37.3858100711549	37.58689107827039	37.55103995621237	38.403995621237	37.62194170771757	37.99407498631636	37.28998357963875	37.39731800766283	37.300909961685825	37.6884236453202	37.7650109469075	37.66616037219485	37.94927476737822	37.46938970990695	37.5738232074439	37.18083607006021	37.47918719211823	37.59465654077723	37.380665024630545	37.566824028461966	37.27664887794198	37.74737958401751	37.14497126436781	36.953482484948	35.784585385878486	36.3942665571976	36.621373836891074	36.33908045977011	35.60452928297756	35.67556787082649	36.30494663382594	36.23780788177339	35.54844006568145	34.814189928845096	35.15765599343185	35.507478106185005	33.815339354132455	34.13955254515599	34.77250957854406	34.10328407224959	34.64086617405583	33.76865079365079	34.16607827038862	32.705295566502464	32.59529282977559	33.12569102353585	32.21612451016562	31.12623407002036
SRR6444047_2	31.340756704980844	32.10710864805692	32.28260125889436	32.20285987958402	32.25075259989053	36.4065065681445	36.17231116584565	35.28612479474548	35.21055692391899	36.086767925561034	36.711891078270384	36.65336617405583	36.84722906403941	37.1741789819376	37.27826354679803	37.174746852764095	35.96812397372742	35.683045977011496	36.522851669403394	35.09766009852217	35.06405309250137	36.31440886699507	36.68442118226601	36.99902162014231	36.65959222769568	37.1796592775041	36.58554324028462	35.75966748768473	35.80982484948002	36.438977832512315	34.191304050355775	36.38539272030651	35.80196360153257	36.17645046524357	35.00159414340449	35.236035851122054	34.8629105090312	34.47965243568692	34.24225506294472	33.82737411056377	31.434715380405038	33.16431992337165	33.427045703338806	35.09280925013683	32.77317323481117	32.98723316912972	32.16987547892721	31.63639162561576	30.769492337164753	32.064935686918446	29.680658182813357	28.756677613574162	29.27064860426929	25.945915435139575	27.549863163656266	26.564771483305968	29.40884646962233	23.291182389207666
SRR6444051_1	32.47549582544461	32.56749123188181	32.881498494677054	32.83655606940005	32.407057947174025	34.72177907445917	34.72798659176262	33.28629069803532	33.468853781929916	35.86498649864986	37.41515254973773	37.695099165088926	37.65826996492753	38.4102361960334	37.56773953257395	38.10340482324094	37.45719606443403	37.39867779881436	36.93128278345076	37.818070082870356	37.93468450293305	37.914367298798844	37.789292032651545	37.353971259194886	37.700363139762246	37.422154629256035	37.496489648964896	38.00914988050529	37.6794189763804	37.80613302709581	37.46620317204135	37.67507992178528	37.24880350103976	36.90912815419473	36.49912784381887	36.59710729693659	36.957714392128864	36.50084732611192	35.556938452465936	35.63478692696856	36.084906421676656	35.93008473261119	35.26347807194513	34.48656382879667	34.90767559514572	35.08440361277507	33.04512244327881	33.9951270989168	34.49568267171544	33.70297029702971	34.64569353487073	33.479499674105334	33.834693814209004	32.26751295819237	32.03442689096496	32.59225301840529	32.129872282077336	25.018909426598512
SRR6444051_2	32.24190694931562	32.209286445885965	32.23079549334244	31.82091312579534	31.976194171141252	35.69651447903411	35.90856327012011	35.204196281697136	35.42307334181694	36.3052981160185	36.76227691734691	36.712182252708025	36.937732393929046	37.10527328594929	37.23677333250566	37.188931996647945	36.54152518700146	36.70849498742977	36.72789347900307	35.528986002048484	35.649070424283806	36.77785778577858	37.32478972035135	37.58405909556473	37.12320059592166	37.584710884881595	37.269375213383405	36.55401471181601	36.271734069958725	37.217561066451466	35.61800800769733	37.24252149352866	36.25345293150005	37.06822682268226	35.291027033737855	35.668375803097554	36.05327291349825	35.91473354231975	35.64722058412738	34.1531084142897	32.32755206555139	34.91634749681865	34.497495266768055	35.713839659828054	34.096390328688045	34.40087525993978	33.447065396194795	31.86111300785251	31.651963127347216	33.6767249138707	30.81523945497998	29.37715633632329	30.16592693752134	26.056767745740093	27.655656600142777	27.276563518420808	29.358060953367122	23.323372509476727
SRR6444056_1	32.41417555719869	32.52154853702334	33.04719023978029	32.67312770677089	32.43899862680892	34.071828456744484	33.93155170592585	33.24939262702018	33.24598605682898	36.10584134361466	37.26485158973275	37.6059100031689	37.624733284039294	38.3810446815253	37.53900390831309	38.03416076898701	37.43726629344037	37.37911693250237	37.1665839231013	37.96130241892891	37.98526988486321	37.908635259321855	37.97075631139749	37.443477342347094	37.59607584239992	37.40325868807437	37.651964719552126	38.035100876729686	37.78646878631034	37.79576423365374	37.480458434562166	37.9167001161931	37.467355022710464	37.208946868068026	36.4342769620788	36.72536178303581	37.016362099926056	36.58705503327347	35.64869546846942	35.663584028731385	36.5726470898912	36.377236717017006	35.39698954262174	34.60238195838175	35.08570824970952	35.461640435195946	33.31768775747333	34.27670328509559	34.48787366642019	33.88995986056828	34.80428329988381	33.627669800359136	34.003649519383124	32.13401288687018	32.01943916071642	32.446114030686346	32.365660820256444	24.676545268495985
SRR6444056_2	31.433268194781874	32.17751135523397	32.371844301257	32.261513679095806	32.52799197211366	36.11246963135101	36.124907573676985	35.40210732016478	35.74350374986796	36.428493715010035	36.92717862047111	36.76008239146509	36.99296503644238	37.12378261328827	37.30404563219605	37.34515157916975	36.77196049434879	36.52669272208725	37.06853807964508	35.659390514418504	35.717534593852335	36.97058730326397	37.45857188127179	37.762929122214004	37.249704235766345	37.76020914756523	37.2187070877786	36.653448822224576	36.51681630928489	37.222309073624174	35.37844089996831	37.35512834055139	36.49268511672124	37.19811450301046	35.533479454948775	35.77419985211788	36.17235660716172	36.13847047639168	35.895468469420095	34.70840287313827	32.90161085877258	34.83137741628816	34.90894158656385	36.17943910425689	34.54963029470794	34.68940530263019	33.79536283933665	32.2600982359776	31.912147459596497	33.85262490757368	31.12759057779656	29.64531002429492	30.57462765395585	26.503174184007605	28.159501426006123	26.811941480933775	29.684928750687124	23.50242142240181
SRR6444059_1	32.86753220407749	32.65479933732292	32.91905872806573	32.678060655238866	32.61831828785881	34.223247793893904	34.25002535754133	33.27825675355851	33.582648679717344	36.11580620076411	37.40579504344592	37.57562295026541	37.5579808635088	38.359853940561926	37.600439530716436	38.0245325759881	37.3684214085269	37.368840653210256	37.2266761334821	37.942015755485684	37.95142171281739	37.977042972580044	37.91642830577814	37.20077763126754	37.56121310477736	37.34501808837949	37.325962741319266	37.83036819150015	37.76307265780843	37.76255198295973	37.29446529397843	37.70635967136626	37.38239848530954	37.15613483449978	36.26703181526186	36.754762146262294	36.99327179903304	36.80778307468641	35.79567907495689	35.910342495858266	36.571295263211276	36.29297765155358	35.453676843493255	35.00363119991886	35.27654596476992	35.583548027183284	33.88258444061264	34.441856848226664	34.85128985360247	34.17145078946479	34.88471447408459	33.900246813402305	34.321067045339284	33.21956925989789	32.8668898130304	33.56585860634953	32.585659408275355	31.807105144988515
SRR6444059_2	31.22013726882375	31.98874125164824	32.05037698211448	32.030057138993136	32.18311525847787	36.39889103019238	36.14078506947966	35.31507590357372	35.08892044494033	36.071711126889134	36.38571187071035	36.67227237380397	36.769354566047944	37.08445751766575	37.17951786861413	37.33039862054975	36.48065050546033	36.62011022077966	36.98421746627447	35.649268012306855	35.39541535652703	36.87956182168577	37.32461710112587	37.7315752104676	37.196050985563105	37.63953071643507	37.131872738952566	36.631240490921996	36.260114277986276	37.17333739053995	34.593995334212394	36.83606180478074	36.27148121851439	37.121973154816246	35.69907698549549	35.60659972275755	35.896791425770026	35.82966494235386	35.31061973831017	33.48219900598438	31.839970247151502	34.090009128714875	33.97853061500491	35.642492477262735	33.88437637353349	34.27338810562261	32.835743990262706	31.684998478547516	31.210149778544142	32.54940663353281	30.14340872975623	28.979450248503905	29.61148189471549	26.01516719072252	27.614687087939956	26.58634749974642	29.48649785125748	23.13347406409825
SRR6444066_1	32.49333706085174	32.874289441804116	33.13228030938403	32.63507594818749	32.3343584008946	33.96393625943528	34.13069611406206	33.396095424471156	33.355418879880716	36.18447488584475	37.32554281986767	37.69678501537601	37.674746062808694	38.41466778492219	37.567934022924234	37.99829466032988	37.41668064486068	37.23963283943715	37.26626595843817	37.99374708787625	38.060879694343484	38.02178734507501	37.92766750535831	37.54022924238188	37.52029633771316	37.44573665082471	37.64569937564067	38.08597521200261	37.973273693038855	37.78176311620538	37.62507688006709	37.985900661634524	37.54384493523437	37.19219084894232	36.140601994222344	36.46316279936632	36.82676358214519	36.22351132233715	34.8804864411518	35.5319355139316	36.230267449445535	36.337918180971016	34.98747553816047	34.159239586245455	34.75009784735812	35.06841860031683	32.66613549529401	33.58126922001677	34.108116671326066	33.64077905134657	34.33007175472929	33.31092162892554	33.52033361289722	31.562818003913897	31.74240052185258	32.015198956294846	31.376637943618203	29.333705018261632
SRR6444066_2	30.95224117044078	31.62221600969155	31.998835150498557	31.951495666759854	32.23534619327183	35.88216382443388	35.877271456527815	35.006523157208086	35.49179945950983	36.07350666293915	36.62528189357935	36.34993010902991	36.63676265026559	36.76076786879135	36.92314788929271	36.94975305190569	36.00003727518405	36.006821358680455	36.484856956481224	34.359640294473955	34.859453918553726	35.982927965706835	37.212701518963755	37.603839343956764	37.15530705432858	37.396347031963465	36.61615879228403	36.01307427080421	35.999114714378905	36.67706644301556	33.98617090671885	36.63907371167645	36.10901127574317	37.08116671326064	34.72375361103345	35.252175938868696	35.57515608983319	35.83292330630883	35.32274718106421	33.699813624079766	31.14820613176778	33.41542260739912	33.78061690429597	35.11076320939335	33.06667598546268	33.66391762184326	32.424135681669924	30.435728263908306	30.073189823874753	32.20827509085826	29.354421768707482	26.853247600410025	28.474680831236604	24.29626316279937	25.16478426987233	24.08688845401174	27.033656676448363	21.632097061331624
SRR6444070_1	31.53795776922851	32.63613403424275	32.76168100789992	32.23491233737629	32.26196000117471	34.40747701976447	34.26075592493613	33.20128630583537	33.39925406008634	35.980752400810545	37.39304572552935	37.68745117617691	37.682388182432234	38.43302105665031	37.602472761446066	38.120930369152155	37.47074094740243	37.45583389621451	36.90901295116149	37.89222049279023	37.953469795307036	37.83306804499133	37.928930134210454	37.496613902675406	37.76242694781357	37.41480720096327	37.54945229215001	38.052515344630116	37.69195030982937	37.877695221873076	37.32959384452733	37.72888901941205	37.25827728994743	36.970138909283136	36.55584858007107	36.48839094299727	36.81964112654548	36.40945640362985	35.653813397550735	35.73663034859475	36.10998208569499	35.926962497430324	35.265719068456136	34.41145340812311	34.91254882382309	35.14379607059998	33.208463774925846	34.114328507239144	34.48326334028369	33.825050659305155	34.41383806642976	33.39252885377816	33.954867698452325	32.52318580952102	32.30396170450207	32.879005021878946	32.36323818968195	24.999140738761348
SRR6444070_2	32.14534081231095	32.20096326099087	31.94719685178115	31.176940471645473	31.916213914422485	36.11767642653667	35.98281988781534	35.63924701183519	35.54430119526592	36.36902293618396	36.73630143020763	36.62107427094652	36.94258024727614	37.15505565181639	37.145546386302904	37.148876684972535	36.2493847464098	36.20331267804177	36.26504948459664	35.0378902234883	35.10203518252034	36.21284543772576	36.55362250741534	36.976441220522155	36.52862470999383	37.171930339784446	36.643135297054414	35.899709259639955	35.70930075475023	36.457625326715814	34.77038559807348	36.42994332031365	35.72910046694664	36.325470617603	34.79848462600218	35.148935420398814	35.36492907697277	34.94150538897536	34.83904731138587	33.4845378990338	31.808252327391266	34.21455463863029	33.59147161610525	35.185926991865145	33.29479310446096	33.782162051041084	32.666083228099026	30.931179701036683	30.77154268597105	32.98022965551672	30.539860797039733	29.120765909958596	29.611888050277525	25.72846025080027	27.178291386449736	26.925687938680216	29.17796882927022	23.174721719521628
SRR6444072_1	32.75467720685112	32.474466403162054	32.783662714097495	32.60274044795784	32.379341238471675	33.921054018445325	33.86239789196311	33.183135704874836	33.61602108036891	35.99954677206851	37.32631357048748	37.68715678524374	37.69565217391304	38.43550988142293	37.581154150197634	37.99524637681159	37.40438471673254	37.35856653491437	36.981744400527006	37.92010540184453	38.10127009222661	37.80671409749671	37.87540447957839	37.38958629776021	37.580911725955204	37.42894334650857	37.3758418972332	37.74046903820817	37.79041897233201	37.612890645586305	37.11075625823452	37.68271936758893	37.29203689064558	36.81254281949934	36.349069828722	36.52610276679842	36.47924110671937	36.16280368906456	34.83620553359684	35.40807378129117	35.827762845849804	35.89429249011857	35.123562582345194	34.39391831357049	34.58534914361001	34.52972859025033	32.852584980237154	33.582808959156786	34.27527799736495	33.6137233201581	34.333565217391296	33.2577812911726	33.497770750988145	31.86406324110672	32.02193412384717	32.00422661396574	31.12237473608703	29.540178924828574
SRR6444072_2	30.546455862977602	32.02471673254282	31.915783926218708	30.796205533596837	32.02566534914361	35.76790513833992	36.034202898550724	35.51220026350461	35.3936231884058	36.13175230566535	36.34971277997364	36.13145718050066	36.393380764163375	36.6091277997365	36.5918208168643	36.56368906455863	34.92402635046113	35.55046113306983	36.06631884057971	33.918260869565216	34.386308300395264	35.67740711462451	36.79752305665349	37.20857971014493	36.59222134387352	37.12798945981555	36.41793939393939	35.56278260869565	35.583304347826086	36.378845849802374	33.997122529644265	35.9049907773386	35.267731225296444	36.36402635046114	33.958840579710134	34.274508563899865	35.038945981554676	34.749575757575755	33.82255599472991	31.98749934123847	29.51600527009223	31.95938866930171	32.26781554677207	32.984337285902505	31.03040843214756	32.209886693017125	30.555077733860344	28.064653491436097	28.661733860342558	30.89770750988142	27.189860342555995	25.725881422924903	26.997638998682476	22.979878787878786	23.929285902503295	23.15455072463768	26.201888208918813	20.750007613140742
SRR6444079_1	32.78620528952581	32.29820575556332	32.78259349877665	32.611324711639284	32.45438657811954	33.499941745310494	32.878713736455786	32.40434579983689	32.45735756728417	35.99933589653968	37.08648491203542	37.7444017243388	37.777513689852036	38.52727484562507	37.686473261097525	38.11000815565653	37.59468717231737	37.38446929977863	36.81008971222183	38.047442619130834	36.8628218571595	37.82693696842596	37.88352557380868	37.36433647908657	37.46428987533496	37.29268321099849	37.679599207736224	37.70502155423511	36.5465687987883	37.52535244087149	37.65530700221368	37.8905743912385	36.872725154374926	36.13533729465222	36.46205289525807	36.68081090527787	36.829919608528485	36.29687754864266	35.19626004893394	35.90881975999068	36.35754398229058	36.26154025399045	35.33421880461377	34.75606431317721	35.12968658977048	35.34588139345217	33.360025632063376	34.558254689502505	34.92552720494	33.78137015029709	34.31081207037166	34.04215309332401	33.494512408248866	33.13742281253641	32.945263893743444	32.14691832692532	31.09863246606817	29.787864678399103
SRR6444079_2	32.123092158918794	32.05907025515554	31.98485378072935	31.580624490271468	31.628509845042526	35.454503087498544	35.05487591751136	33.004951648607715	33.36566468600722	35.35036700454386	36.27416987067459	36.356844926016535	36.615891879296285	36.88563439356868	36.82033088663637	36.508691599673774	35.840102528253524	35.92246300827217	36.913491786088784	34.187673307701274	34.46536176162181	35.95364091809391	37.05136898520331	37.22854479785623	36.688663637422806	37.28173132937202	36.489490854013745	35.86942793894909	36.12538739368519	36.47890015146219	32.29219387160666	35.90736339275312	35.35167190958872	36.491343353139925	34.21829197250379	35.42377956425492	34.355807992543404	34.21027612722824	34.891098683444014	33.416998718396826	32.24865431667249	33.19602703017593	33.79417453104975	34.87222416404521	31.349714552021442	32.69410462542235	32.5768612373296	29.665687987883025	30.31746475591285	31.60368169637656	28.708213911219854	26.807142024933007	28.630630315740415	24.991331702202025	25.489397646510543	22.994733776068973	26.644809507165327	22.084830888410906
SRR6444103_1	32.6063989174037	32.421390942922045	32.79367841090329	32.606447247595575	32.312793001788215	34.17553525687497	34.23319317577691	33.2492871296699	33.252138610990286	35.973022086897686	37.35168914020589	37.6540041563965	37.66599971001885	38.42567299792181	37.57353438693151	37.99217050891692	37.387492146343824	37.23053501522401	36.725600502634	37.6449470784399	37.49625441013001	37.4971920158523	37.66236527959016	37.3159054661447	37.2408293460925	37.05717461698323	37.27945483543569	37.453453192209174	37.36729979218018	37.408254796771544	37.198598424435744	37.479213184476336	37.009347059107824	36.784495674447825	35.98469866125368	36.35189212701174	36.39892706974047	35.97708182301484	34.645208061476005	35.501938040694014	35.785056304673525	35.91973321734087	34.791242569233	33.93545019573727	34.67470881059398	34.892426658933836	32.54240007732831	33.60339277946933	34.03328983616065	33.611241602629164	34.023923444976084	33.182610796964866	33.356425499009234	32.033840800347974	32.332792035184376	32.44954811270601	31.459487457824004	30.042951749540578
SRR6444103_2	32.06466579672321	31.982697791310233	31.869508481948674	31.31351795466628	31.57556425499009	35.35000724952878	35.51553815668648	34.6724179594993	35.0457686917017	35.85446812623846	36.42469672804601	36.271480353777	36.44897781644194	36.65765791890194	36.729041612295205	36.94791938523996	35.830728335991495	35.94959160987869	36.365685563771684	34.16105553139046	34.41728287661302	35.864095500459136	36.91500652457591	37.422386544874584	36.99529263931178	37.34613116814074	36.61702189357692	35.96072688608574	35.82509303561935	36.46322555700546	34.26964380648591	36.437484896815036	35.707070707070706	36.879822144893915	34.29933787637137	35.05346285824755	35.23483640230052	35.19179353342033	34.984379681987335	33.33549852592915	30.8241747619738	33.08934319269248	33.15630950654874	34.52132811367261	32.52950558213716	33.473046251993615	31.58435068387222	29.653230873326567	29.312319365907882	31.60011599246049	28.693538253346865	26.615117684017207	27.96423565801556	23.846087670968053	25.05092069015514	24.622367212797833	27.574472418828673	21.706025027332476
SRR6444123_1	32.38729189789123	32.87069922308546	33.11648168701443	32.5177025527192	32.21426193118757	34.338623751387345	34.31798002219756	33.23312985571587	33.711487236404	36.07856825749168	37.341032186459486	37.61644839067703	37.55668146503884	38.37458379578246	37.544628190899	38.00293007769145	37.32380688124307	37.44913429522752	36.91449500554939	37.83719200887902	37.846237513873476	37.677624861265265	37.8749500554939	37.34066592674806	37.67149833518313	37.28429522752497	37.39258601553829	37.72442841287459	37.47519422863485	37.56726970033297	37.16637069922309	37.526026637069926	37.18779134295228	36.8027192008879	36.45892341842397	36.404883462819086	36.842230854605994	36.34910099889012	35.417913429522756	35.58791342952275	35.824051054384014	35.79619311875693	35.17645948945616	34.498723640399554	34.826293007769145	35.009356270810216	33.12027746947836	34.099755826859045	34.468057713651504	33.78289678135405	34.498379578246386	33.436126526082134	33.76659267480577	32.48311875693673	32.35568257491676	32.73206437291898	32.1655230203286	31.557505431046337
SRR6444123_2	30.969256381798	31.508490566037736	31.8661487236404	30.942341842397337	31.913263041065484	36.25715871254162	36.225138734739176	35.49334073251942	35.49617092119867	36.32460599334073	36.6130410654828	36.586814650388455	36.6919089900111	37.02759156492786	37.000699223085455	37.12479467258601	36.27146503884573	36.40982241953385	36.681009988901216	35.41829078801332	35.4034295227525	36.61469478357381	37.06106548279689	37.39556048834628	36.88422863485016	37.39348501664817	36.96475027746948	36.22215316315205	36.07933407325194	36.87250832408435	35.11399556048834	36.83557158712542	36.08780244173141	36.84882352941177	34.960743618202	35.046470588235294	35.658457269700335	35.17051054384018	35.16956714761376	33.88097669256381	31.877857935627084	34.220887902330745	34.15786903440621	35.332830188679246	33.578779134295225	34.01511653718091	32.88764705882353	31.008801331853498	31.14449500554939	32.913251942286344	30.316581576026636	28.892430632630415	29.45801331853496	25.598546059933405	27.072475027746954	26.70360710321865	29.418557703887625	22.988858785697833
SRR6444127_1	32.69990155327062	32.52461168234522	32.884762633996935	32.85451761102603	32.598938963027784	34.233810982279586	34.363979435572084	33.517829796543424	33.57542113323124	36.19175235178298	37.43999124917961	37.73498140450667	37.73746444979217	38.456409975935244	37.633756289652155	38.07792605556771	37.48501422008313	37.33885364252899	37.296094946401226	37.98551739225552	38.03850360971341	38.03493765040472	37.940231896740315	37.56697659155546	37.58292496171516	37.4949573397506	37.659177422883396	38.132563990374095	37.99547145044848	37.839816232771824	37.6930540363159	37.97201925180486	37.531820170641	37.28277182235835	36.182859330562245	36.63655655217676	36.95971341063224	36.359374316342155	34.978068256399034	35.704309779041786	36.28406256836579	36.41597024721068	35.09737475388318	33.99774666374973	34.77526799387442	35.14919054911398	32.84465106103697	33.59017720411289	34.231557646029316	33.78073725661781	34.43833953183111	33.34029752789324	33.59035222052067	31.5986764384161	31.64187267556333	31.936425289870925	31.352891864287123	28.574779965689565
SRR6444127_2	30.54435572084883	31.35747101290746	31.716035878363595	31.257547582585868	31.035768978341718	35.568858017939185	35.59532924961715	34.75798512360534	35.27116604681689	36.18409538394225	36.692835265806174	36.360227521330124	36.72302559614964	36.77837453511267	37.00091883614088	36.83733318748633	36.147604462918395	35.93818639247429	36.440789761540145	34.48804419164297	34.9581054473857	36.03341719536206	37.18534237584773	37.54902647123168	37.14121636403413	37.44118354845767	36.80184861080726	36.02335375191424	35.89356814701379	36.80245022970904	34.35746007438197	36.61378254211333	35.945733975060165	37.015663968497044	34.565587398818636	35.17486326843142	35.47125355502079	35.6792605556771	35.323594399474956	33.516221833296875	30.86128855830234	33.5218989280245	33.61428571428572	35.114996718442356	32.890013126230585	33.508685189236495	32.3049551520455	30.449704659811857	30.03504703565959	32.15235178297966	29.098610807263178	26.658805513016848	28.292725880551302	24.00459418070444	25.050142200831328	24.09691533581273	26.91697659155546	21.484355581874347
SRR6444141_1	32.45830718192415	32.365327714516276	32.80068143100511	32.63014435577871	32.193221554738635	34.80498520577423	34.67116470904689	32.943512956155296	33.50300367614095	35.70646462835112	37.36661884694702	37.686084461579846	37.63982784900923	38.40448309871783	37.59989240563077	38.100322783107686	37.456881556531876	37.48877432081055	37.01773513852775	37.777198959921094	37.7576167847216	37.924737738725	37.833425984040176	37.32773244866852	37.65021967183717	37.407737828386985	37.45534833677038	37.96724648076751	37.52576885143011	37.78647897426701	37.506626019904964	37.733856361517084	37.20474311844347	36.792324934995065	36.456253922711376	36.405926656504974	36.8312471980633	36.486039630592664	35.575333990854475	35.64900026898592	36.05054245494486	35.86754236528289	35.22059535550973	34.65628978750112	35.01092082847664	35.15300815923966	33.29212767865149	33.9426342688066	34.48716937146956	33.70918138617412	34.45307092262172	33.35636151708061	33.839011925042584	32.28806599121313	32.12721240921725	32.56647538778804	31.97058380606027	30.634199315701842
SRR6444141_2	31.39106070115664	32.12651304581727	32.2957500224155	32.199184076033355	32.24755671119878	36.391195194118175	36.19564242804626	35.34380884067067	35.19066618846947	36.21902627095849	36.59456648435399	36.68351116291581	36.92630682327625	37.12920290504797	37.16834932305209	37.101111808482024	36.54186317582713	36.58785080247468	36.81209540034071	35.74959203801668	35.69212767865148	36.78414776293374	37.35620012552677	37.6098538509818	37.11270510176634	37.53408051645297	37.276266475387786	36.5225499865507	35.970339818882806	37.15086523805254	35.36300546938043	36.89751636331032	36.00443826773066	36.90553214381781	35.067936877970055	35.353465435308884	35.90920828476643	35.53495920380167	35.41565498072267	33.8791087599749	32.27172957948534	34.69291670402582	34.270205325921275	35.52733793598135	33.937424908096474	34.09628799426163	33.04335156460145	31.915592217340624	31.67715412893392	33.16767685824442	30.74176454765534	29.437469739083657	30.028907020532593	26.281135120595355	27.7560835649601	27.573684210526313	29.493938025556485	23.205931654952906
SRR6444192_1	32.550075281657236	32.474897461191006	32.77560874305592	32.72644203312393	32.32635896370905	34.479206687087895	34.46041223197134	33.15180935569285	33.52458335496599	35.99315715694927	37.379834899537926	37.70996313794715	37.692404340376925	38.43416229686932	37.62224183583407	38.03124448367167	37.46918643891802	37.367094128030736	36.943180520222214	37.66155443642593	37.66095218316806	37.627734800892995	37.7906858418566	37.41739265874047	37.47208348476195	37.211380509838534	37.41185815897409	37.665064119204615	37.49608016198537	37.548984995586935	37.151923576138316	37.60421577280515	36.975297232750115	36.796936815326305	36.06235397954416	36.446861533669065	36.595545402627074	36.09314158143398	34.870837443538754	35.597715591090804	35.859695758268	36.08125227142931	35.01089247702611	34.29138674004465	34.75879757021961	35.00448574840351	32.971538341726806	33.70204039250299	34.47543741238773	33.82792170707648	34.18877524531437	33.295104096360525	33.69223820154717	32.04782721561704	32.398110170811485	32.56756139348944	31.470915484380566	29.68015173581022
SRR6444192_2	30.810082550231037	32.18244120242978	32.02133845594725	31.057888998494366	32.126784694460305	35.831888271636984	36.04916670993199	35.284772337884846	35.29686932142672	36.06695394839313	36.482031047193814	36.27528165723483	36.65894813353409	36.81061211775089	36.728632988941385	36.71143762006126	35.370178080058146	35.46070297492342	35.89514563106796	33.985462852396026	34.44109859301179	35.63021649966253	36.432812418877525	36.91700327085821	36.55760344738072	36.97882768288251	36.20793312912103	35.44864752608898	35.290566429572706	36.07413945278023	33.75173666995483	35.98245158610664	35.38718654275479	36.21319765328903	33.80942837858886	34.111998338611706	34.604859560770464	34.223082913659724	34.00989564404756	32.707211463579256	30.2449094024194	32.66836612844609	32.54001349877991	34.0426769118945	31.76097814236021	32.60550334873578	31.08705674679404	28.915248429468875	29.109225896890088	31.122309329733657	28.440184829448107	26.36109236280567	27.337791391931887	23.580707128394163	24.55191319246145	24.393499818285658	26.9732125005613	21.549781446232338
SRR6444202_1	32.474247960358376	32.71875469242705	32.65553831523099	32.72260873917614	32.5114370088593	34.1854447169528	34.253916612443064	33.604885129385856	33.81610691225787	36.29706191501076	37.30742279393363	37.666249562040136	37.67797187046399	38.412683317483356	37.59476450272787	38.00046048350768	37.46541868962411	37.4019420391411	37.085619900895935	37.94672406026327	38.02943090244757	37.94776515341108	37.98392311927524	37.5259922919065	37.48715150908454	37.393222884028226	37.6091095650433	38.04728965413684	37.94891636218029	37.921557635517296	37.32493117773663	37.90318834776515	37.43954151859452	37.06995345112368	36.66188497922819	37.017127984383606	37.436398218129035	36.91082636768606	35.81051103658842	36.26986335652435	36.70313829520997	36.857730617148	35.904239451424	35.090444967215575	35.43832023624806	35.625166424745984	33.88231643225386	34.465578857800686	35.15291055608388	34.54626357675559	35.11747334701437	34.0521747835227	34.5382751889484	33.166835176935784	33.2619150107613	33.366765103358524	31.986305907876954	30.858609707228084
SRR6444202_2	30.678312227839232	31.212072676310125	31.260423444616848	31.627659041994093	30.57094949697182	35.66835176935783	36.12443065218479	33.872165774062765	35.316882726863206	36.05836127934331	36.637118974923666	36.386776114920664	36.64976225036288	36.97749637118975	36.95114870614144	37.14885629911407	35.74142849992492	36.591400971019574	36.50624155363131	34.39722708844287	35.1221882977126	36.00386405726012	37.32156764602833	37.650563091245814	37.13791481055108	37.369958456379194	36.84684919165123	36.114209920416435	36.038100005005255	36.755853646328646	34.0866209519996	36.790830371890486	36.30930477000851	37.21031082636769	34.62967115471245	34.77480354372091	35.50122628760198	35.61673757445318	35.26624956204014	33.49112568196607	30.768346764102308	33.35695480254267	33.72254867610992	35.088502928074476	33.342019120076074	34.07622003103258	32.07806196506333	29.2210120626658	30.138285199459432	32.322248360778815	29.256028830271788	26.888903348515942	28.120566594924675	24.217948846288603	25.033705390660195	24.64700935982782	27.316875187408936	21.692306316711665
SRR6444203_1	32.230596957294	32.07695574947872	32.63584060545216	32.612827245347134	32.15495405050583	35.17456946482354	35.34126187350375	33.26059927407522	33.453007954282185	35.59517337246119	37.39042397096301	37.680454089118854	37.67638427677813	38.37064638195999	37.59868715730944	38.06088501042551	37.432589389142024	37.32673565526296	37.04245887713337	37.620387674723915	37.930172214070595	37.908602980925174	37.786825237470076	37.3490925940227	37.7280098849332	37.3913815738667	37.40308904162483	37.83949339717353	37.689335083790255	37.7325121631014	37.498285581898216	37.713313769403044	37.14952505985018	36.867789018457024	36.198942003243495	36.469403042706	36.737138002934586	36.254266738744306	35.006896285427445	35.64294540118928	35.54230442505213	35.793466676963476	35.035701598579045	34.318209900378406	34.676137153448146	34.77284732411769	32.83675959533555	33.17877056143332	34.3014055139393	33.7120395397328	34.01603984863696	33.17965093829639	33.42575488454707	32.00445594254383	32.20359873349294	32.28367441501274	31.04164498062341	26.846600962789488
SRR6444203_2	29.70491929878755	30.319638582129894	30.308672484361725	29.48385975751023	31.35968028419183	35.74700749092594	35.71356861533709	34.33423430380724	34.460691945323966	35.5269518881767	35.777519499575256	35.67683218781373	36.00412387056916	36.0379102633408	36.12014055139393	35.739763688315705	34.56897057687853	34.95501583133832	35.288740443277476	33.382894432002466	33.97679357479342	35.38178237701753	36.16515561047184	36.66903235771102	36.210054830488836	36.56667696347209	35.99223106031354	34.83546219785312	34.03282878986794	35.84030427060004	33.59803845856823	35.65380338250058	34.32708317244575	35.6732720673411	32.427986717121016	32.98357402115994	33.94435091512858	33.02809483357788	32.942621051818676	30.742397096300873	28.421183102942315	31.387226812881305	30.888423816510926	32.728650861070356	30.21475789636266	30.946814425824392	29.08151980847942	27.297814503050425	27.000208510309676	29.37361186191984	27.016541817900997	24.42272762375473	25.454537029886474	21.63753185574176	22.325492316008955	22.995961078075528	24.65509237012983	20.119397049577344
SRR6444206_1	31.54413223140496	31.924561983471076	32.868495867768594	32.848264462809915	32.51980165289256	34.227636363636364	34.22380165289256	33.51299173553719	33.57117355371901	36.31665454545454	37.35650909090909	37.7331173553719	37.72977190082644	38.46906446280992	37.600198347107444	38.04933553719009	37.53383140495868	37.36033057851239	37.338988429752064	38.03121983471075	38.06669752066115	38.05008925619835	38.00358347107438	37.67509421487604	37.578168595041326	37.492905785123966	37.70392066115703	38.14485950413223	38.0054479338843	37.87149752066116	37.82541487603306	37.991431404958675	37.622677685950414	37.32493223140496	36.211226446280996	36.6233652892562	36.95082314049587	36.27091570247934	34.891676033057855	35.52174545454545	36.2790347107438	36.31406280991736	35.05250909090909	34.064647933884295	34.74853553719008	35.0937520661157	32.431576859504126	33.5452826446281	34.18007272727273	33.764112396694216	34.47102148760331	33.32554049586777	33.47301818181818	31.525474380165292	31.593560330578516	31.816198347107434	31.246498981298345	29.14347992942421
SRR6444206_2	32.08826446280992	32.02618181818182	32.0060826446281	31.557421487603307	31.626314049586778	35.47061157024793	35.73527272727273	35.02671074380165	35.48680991735537	36.08104462809918	36.722565289256195	36.404284297520654	36.74548099173553	36.853765289256195	36.997315702479334	37.04272396694215	36.252138842975214	36.211147107438016	36.474750413223134	34.39508099173553	34.99492231404959	35.98668429752067	37.34065454545454	37.65566942148761	37.296687603305784	37.49916033057851	36.74718677685951	36.099715702479344	36.234618181818185	36.78746446280992	34.3312132231405	36.81117355371901	36.36759008264463	37.29320991735538	34.857520661157025	35.5296	35.704661157024795	36.030585123966944	35.572535537190085	33.89586776859504	31.140707438016527	33.764509090909094	34.08528925619835	35.23514710743801	33.25832727272727	33.87137851239669	32.75972231404959	30.602578512396697	30.21802314049587	32.53319669421487	29.4588694214876	26.963821487603305	28.596932231404956	24.24613553719008	25.265639669421486	24.39941818181818	27.05041405445176	21.634994421820103
SRR6444216_1	32.51124995351259	32.13090854996467	32.64859236118859	32.59224961880323	32.24876343486184	33.830079214548704	33.84432295734315	33.13804901632638	33.34285395514895	35.972442262635276	37.318211908215254	37.6884227751125	37.672855070846815	38.40132396147123	37.569266242701474	38.05131466398899	37.48654840269255	37.469069136077955	37.08769385250474	38.05321135036632	38.15990925657332	37.95773736472163	37.87535423407341	37.47057160920823	37.69032689947562	37.53933578786864	37.593409944587	37.9719662315445	37.8682137677117	37.83045111383837	37.49868719550746	37.88696492989698	37.513035070103015	37.008449551861354	36.65437911413589	36.5122615195805	36.7748001041318	36.44582543047343	35.39763472051768	35.30661608836327	36.139291159953885	35.948447320465625	35.230458551824164	34.51148796905798	34.86982781062888	34.934783740563056	33.05475845141136	34.11109375581093	34.39555208449552	33.78423147011789	34.55436051917141	33.42003793372754	33.67079474878203	32.203614861095616	32.15393655398118	32.432712261519576	32.07840594145707	30.923090209825553
SRR6444216_2	29.774591840529585	31.75179441407267	31.840380824872625	29.341924206924766	31.565956339023394	35.66964186098404	35.947599390085166	34.34106883855852	34.888132693666556	35.96067536911004	36.220008181784365	36.131012681765775	36.02104949979546	36.25953363829075	36.400037189928966	36.53546803525605	35.249760124958165	35.22801145449812	35.94933244077504	34.39607274350106	34.29345829149466	35.9156681170739	36.71132433337052	37.02067760050578	36.204009074342665	37.08019636282495	36.466845178325705	35.59056863401391	35.394362006768574	36.33494737625051	33.84993119863141	36.09041615530514	34.8755996876046	36.00058016289189	33.614928037487445	34.379709174755476	34.8448361783629	34.623206515675555	33.66089478969096	31.908527650712188	29.62239577522407	32.26789393432259	32.36688608724758	33.66201792554576	31.56620923054037	32.13816802409907	30.626657741083715	28.99910000371899	28.76257949347317	31.42390568634014	28.21846108073934	26.712923500316116	27.935334151511768	23.464301387184353	24.893257465878243	23.762073710439214	26.667732265088254	21.52707608749155
SRR6444217_1	32.61641673243883	32.476979742173114	32.854555818644215	32.93177234061212	32.336271156713146	34.06441287380514	34.249408050513026	33.51350521792511	33.61282118740682	36.129895641497846	37.40824344470754	37.68086468473209	37.69451898623169	38.429904411119885	37.61559238796808	38.05506445672192	37.4222748399544	37.36477242830834	37.11246163290362	37.83959484346225	37.70818205735333	37.633850741033065	37.881136543014996	37.313119354555816	37.443795492414274	37.29382618609138	37.36107164781198	37.69299307199859	37.59401911777602	37.44644391826712	37.40287643602561	37.572472156450054	37.147619047619045	36.93412259931597	35.8800578795054	36.41006752608963	36.556651758309215	36.17409453652548	34.84744365517846	35.69751819696571	36.0485924756643	36.09900903271069	34.9824256774533	34.077190213101815	34.701315443304395	34.97419977198983	32.71904761904762	33.6720950627028	34.0719459791283	33.732044198895025	34.19234411996844	33.20175392440586	33.29240550732264	31.592133649039727	31.69914934666316	31.917284925019732	31.216085452339634	28.42885799896004
SRR6444217_2	30.916469350171006	31.613435060948873	31.981759186179076	31.91892484433921	31.844646145751117	36.245067087608525	36.151933701657455	35.65478382881698	35.54761904761905	36.21158467070069	36.394869771112866	36.20395509953521	36.73123739366834	36.75580110497238	36.87444532140664	36.76310620012278	35.99512409015171	36.049907918968685	36.40361308427607	34.41274226080856	34.800938349557136	36.097535736209764	36.79004647899675	37.48382004735596	36.990353415767785	37.40390248180303	36.719047619047615	36.045146014206786	35.88352188020696	36.73018503902481	34.615101289134444	36.43186003683242	35.80641059370341	37.00251688152241	34.750828729281764	35.31676751732	35.41701306673683	34.735920371831966	34.952214329562395	33.3133561343506	30.92301148820486	33.52617732175743	33.25923002718583	34.58536350083311	32.79486100149084	33.506051039200216	32.0433833201789	29.998079452775585	29.720880470051743	31.69671139173901	28.89185302113479	26.549513285977376	27.72237130579672	23.69429974568096	24.612882574761027	24.434657546259757	27.264959937261274	21.438986293860783
SRR6444218_1	32.48354250532797	32.47397584655458	32.79910016575894	32.575230878522376	32.34591522614255	33.92322993132844	34.04717025811035	33.401183992422446	33.47402320625148	36.233464361828084	37.32179966848212	37.676845844186595	37.68721761780725	38.42716552214066	37.58744020838267	37.98936301207672	37.42589628226379	37.26789486147288	37.28226379351172	37.92172389296709	37.83867392848686	37.724811745204825	37.80845844186597	37.541453942694766	37.46413450153919	37.337021075065124	37.58537532559792	37.83535874970401	37.7200947193938	37.659038598152975	37.467686478806534	37.71572815533981	37.2754534690978	37.011820980345725	36.00887520719868	36.431522614255265	36.683694056358036	36.18938195595548	34.917802510063936	35.6277906701397	36.32270897466256	36.42192753966374	35.06580156287	34.119687426000475	34.79116268055884	35.1968458441866	32.854075301918066	33.69162206961876	34.18381245560029	33.993161259767945	34.349883968742596	33.45762727918542	33.68136395927066	31.80393085484253	31.87346436182808	32.15940326781909	31.332710602806554	29.70342303631171
SRR6444218_2	30.927965901018233	32.10584892256689	31.837224721761782	31.25271134264741	31.168363722472176	35.486052569263556	35.71522614255269	34.85773147051859	35.37063698792328	36.00380771963059	36.50190859578499	36.17346909779777	36.52082405872602	36.71466729812929	36.750547004499175	36.69719156997395	35.71324650722236	35.120388349514556	35.69746625621596	33.62273265451101	34.123419370116025	35.1337816717973	36.25171678901255	36.796864788065356	36.507506511958326	36.81314705185886	35.91687426000474	35.255695003551985	35.24796590101823	35.78838740232062	32.97172626095193	35.53722945773147	35.32124082405873	36.12112716078617	34.0852474544163	34.7733175467677	34.56889415107744	34.584522851053755	34.20168600520957	32.808448969926594	30.22012787118162	32.58429552450865	32.69115794458916	34.210523324650715	31.76869524035046	32.74688136395927	31.90736443286763	29.970097087378644	29.363220459389062	31.402358512905515	28.514648354250532	26.271920435709212	27.78592469808193	23.70783802983661	24.626104664930146	23.572578735496094	26.5406488278475	21.63600002179691
SRR6444257_1	31.502516294035146	32.07843137254902	32.86648516349036	32.738497923713666	32.50015125264692	33.365701399774494	32.543822016885294	32.411764705882355	32.4966586915271	35.90066826169458	37.02939801446525	37.62745098039216	37.661265572147514	38.458268019690344	37.606160107801884	38.03390809339163	37.55202816049281	37.46905920853615	36.72060611060694	38.09514616505788	36.73851442400242	37.78291120094601	37.774573055028455	37.34881060418557	37.588163792866375	37.388521299122736	37.79094134147347	37.83771966009405	36.23552512168963	37.53449935373869	37.832131562302344	37.892720622610895	36.878211368698956	35.77179000632511	36.757401754530704	36.60207353628688	37.010873690289586	36.48670351731155	35.751087644033774	35.75174215548772	36.54416852294916	36.20133102329291	35.72388966806919	35.04852184913236	35.33391634353602	35.599664494128646	33.90753788191294	35.00933916343536	35.42208288645052	34.07227126474713	34.52352116162033	34.29930423782416	33.62223688914556	33.58061766080907	33.09219811346698	32.46424662431592	32.152769334901485	31.589741127593506
SRR6444257_2	31.295960179303137	32.31996809944174	32.26614965761901	31.759398289470067	32.38107416879795	36.05516596540439	35.362208838654674	32.18158567774936	32.922888650551386	35.397750460633056	36.38108516899045	36.63526111706955	36.72572670021725	37.11262547094574	36.975579572642516	36.70684486978522	36.474905810851695	36.466204658581525	37.431367048923356	35.431306547864594	35.42327640733713	36.85398894480653	37.34969611968209	37.34544454527954	36.697549707119876	37.58279019882848	36.9799191485851	36.351027142975	36.61026867970189	36.911393449385365	33.506228859005034	36.22020735362869	35.403014052745924	36.48954156697742	34.929857272502275	36.160817314303	34.682765448395344	34.33657839012182	35.28780903665814	34.1442895250667	33.599378489123566	34.01332673321783	34.672529769270966	35.6280724912686	32.92335065863652	33.241773231031544	33.46581415174765	31.048021340373452	31.795077413854745	33.01869482715948	30.216709292412617	29.28211643703765	30.47899238236669	26.88478948381597	27.796545939553944	25.00268404697082	28.59024019370479	23.4678752028278
SRR6444265_1	32.52027281633883	32.391777828020196	32.97735322933153	32.61602230763434	32.44411786871656	34.04273117793353	33.643680759665386	32.72130529806316	33.03184113346899	35.902803527017866	37.131554751676845	37.70472529957043	37.702600045218176	38.470223829979645	37.63785515110408	38.05218931343733	37.53985228728616	37.40402441781596	36.85665837666742	37.910897580827495	37.03845052377722	37.75680156756349	37.76295877609466	37.29649559122767	37.52843469741503	37.33857864194739	37.532270706157206	37.610550908131735	36.71438691687392	37.486389328510064	37.63801341472605	37.66739769387293	36.76638782123747	35.986329037606446	36.34877534102042	36.500090436355414	36.72790715200845	36.20067073630266	35.02459868867284	35.659243349159695	35.945097595900215	36.00254729067751	35.18351043786269	34.54703444117869	34.91420604416309	35.082824628834125	33.240530559951765	34.12166704348482	34.74446454141231	33.78349536513679	34.17722511116135	33.7531841133469	33.35064435903233	32.73277564247494	32.641563041676086	32.00838797196473	30.880531668220364	30.137173434591016
SRR6444265_2	30.645338759514658	31.17593639309669	31.89483005501545	30.870374557238677	31.57818976561911	36.16097671263848	35.14861707739845	32.105207626799306	33.2775265656794	35.255965031275906	36.10301454518049	36.2595824854925	36.598764036476	36.83846559650313	36.55059914085463	36.462355867058555	35.56858090285628	35.641495214409524	36.405019217725524	33.92952747004296	34.23892531464316	35.78497249227523	36.80171829075289	36.97776772929384	36.53938503278318	37.060223076343355	36.25566357675786	35.57340417514507	35.60927726279298	36.226196397618516	32.51569824402743	35.742226241615796	35.23695078754993	36.23803602381491	34.007754917476824	34.97020875725375	34.11373878966011	33.765204612254124	34.407091717537114	32.71511040771723	31.170080639083572	32.89382771874294	33.09318712789208	34.17945587459492	30.91459793503655	32.06763885748738	31.81365588966765	29.181784610746853	29.63052980631547	31.076622202125257	28.16791016655362	26.31593940764187	27.778521365588965	24.270773984475092	24.71588665310121	22.974738111387445	26.10993199653659	21.614603232302574
SRR6444279_1	31.36896888837771	32.0571050664213	32.85395939962045	32.78460521019035	32.406147564552306	34.57651388809017	34.41603887515096	33.24187704870896	33.75323480361148	36.09288055667376	37.35991718902754	37.61600437057909	37.593283110012074	38.38561159353615	37.521726378745186	38.0070791879924	37.41541779285755	37.37470239806774	37.06444303870263	37.71385358560009	37.586865259646906	37.48792915061246	37.721266317787105	37.47598481798839	37.53717292541262	37.2010523894416	37.46727241359481	37.76364943354995	37.32464776582898	37.54639139686008	37.483190522744266	37.477623785151536	37.03968025763414	36.80683765598941	36.18072919661855	36.40813732819599	36.74037609983323	36.15793892690782	35.32311806314336	35.41092644775433	36.06116510437633	35.86472370092272	35.12698047560169	34.215366477844555	34.825470857175716	34.99200046007419	32.74976564971102	33.717163642637374	34.38550191218334	33.85912528395204	34.242999683699	33.24072231647354	33.627322655778244	31.629065186761363	31.558553066682002	32.190683497714005	31.81855885464854	30.68219515606171
SRR6444279_2	31.444735177411008	32.204957156823276	32.41086318937259	32.33276784173903	32.55589740640635	36.14635689228823	36.18221289320835	35.318620967278164	35.59888435217666	36.393944447639306	36.885858876301114	36.81241014434413	36.96113059980448	37.2498821093795	37.2871297946978	37.16688136178043	36.40840761400885	35.980861464144	36.4811720052907	35.22506182069124	35.39958019437576	36.45614468917131	36.772223819656105	37.08891828167232	36.754453965150375	37.19870032779344	36.74433262407269	36.05965840473863	35.92815573063431	36.58714704698373	34.732733337167176	36.54746678934959	35.934924377480016	36.55208465121628	35.15444821438841	35.66584622462476	35.5218183909368	35.18049916613951	35.207268963137615	33.895451147277015	32.17615159008569	34.36611075967566	34.11958134452815	35.25982517683593	33.33637932025994	33.790246707688766	33.1674391856921	31.949053999654957	31.23578699177641	33.224544252113404	30.562372764391284	29.285186037149924	29.995295876703665	25.93686813502789	27.461912703433207	26.916412674679396	28.997047735251954	23.41227524891921
SRR6444288_1	32.782434127979926	32.54996235884567	32.89861982434128	32.91166875784191	32.61836888331242	34.108557089084066	34.24516938519448	33.58434127979925	33.45390213299874	36.22955081555834	37.45221580928482	37.724506900878296	37.7243964868256	38.46235382685069	37.650148055207026	38.079006273525714	37.475984943538265	37.364858218318695	37.270484316185694	37.990243412797994	38.02527478042659	38.03074529485571	37.94030614805521	37.54854705144291	37.55114680050188	37.44878293601003	37.5896913425345	38.10203262233375	37.949008782936005	37.83484065244668	37.63579422835634	37.95695859473024	37.55216060225847	37.21544792973651	36.207849435382684	36.71936762860728	36.988747804266	36.53083061480552	35.16432622333751	35.825415307402764	36.426579673776665	36.46552572145546	35.25338017565872	34.50355834378921	34.990996235884566	35.17700376411543	33.03436888331241	33.7989661229611	34.43413801756587	33.941099121706394	34.51075533249686	33.58050690087829	33.774363864491846	31.91955834378921	32.00664491844417	32.33280803011293	31.54191555466961	29.207931132090074
SRR6444288_2	31.155633626097867	31.797992471769135	32.0971643663739	32.04396486825596	32.32110414052698	36.02378920953576	36.01776662484316	35.08491844416562	35.51799247176913	36.20865244667503	36.73862986198243	36.48774905897115	36.76095357590966	36.94067754077791	37.06051693851945	37.131071518193224	36.168993726474284	36.186368883312426	36.659222082810544	34.562007528230865	35.08510915934755	36.18618820577164	37.32838143036387	37.74333751568381	37.31128732747804	37.54114930991217	36.89753575909661	36.1984843161857	36.19931744040151	36.94508406524467	34.29080050188206	36.67493099121707	36.25534755332497	37.28044165621079	35.01111166875785	35.54673023839398	35.850579673776664	36.104712672521956	35.577013801756586	33.926795483061476	31.350885821831874	33.63739021329987	33.883623588456715	35.23081555834379	33.33073023839398	34.019633626097864	32.72688582183187	30.774835633626093	30.356195734002505	32.51898619824341	29.375759096612295	27.09211543287328	28.674338770388953	24.437671267252195	25.48854203262233	24.587131744040153	27.347752231006844	21.764446135525247
SRR6444294_1	32.68570684329997	32.46388568451606	32.87712573958992	32.629367766903584	32.49611133851822	34.09608156886094	34.11636214788077	33.366576117292446	33.35094704722212	36.174651136828786	37.374554385442636	37.628102556469315	37.66696684404421	38.43587987943289	37.62029546384847	38.02178394671231	37.4058869497265	37.32055222714249	37.12491348193354	37.81241394708443	37.91852044803334	37.93307036802739	37.936746920701076	37.17605775313511	37.35160197968221	37.276016819856366	37.396494622855656	37.81536858556915	37.710274252967665	37.67235515201131	37.21320284300227	37.768994901946186	37.33813865217876	37.20859598853868	35.91534997953336	36.57637033453652	36.78538309827708	36.34695791314702	34.95368585569158	35.80832806162319	36.25392029174264	36.32477951847579	34.97412272541212	34.30379191009563	34.86490529527779	35.277296915119265	33.052617869236784	33.85839318274848	34.54728537937707	33.806653518401376	34.41473598035203	33.38921594165147	33.7761693893499	32.635172850072564	33.0018978156514	33.107572656569786	31.95412773701487	30.829712635712635
SRR6444294_2	30.689465262531165	31.374204591969637	31.835336583187587	31.67491534253712	31.251181483273175	35.6095709448145	35.99791612399062	34.08026643843263	35.07170766196554	35.977055036653894	36.54074349719049	36.35472779369628	36.64742306404197	36.948625013954526	36.995601533137354	37.161865069028394	35.91678636549697	36.309663974993484	36.703977970453614	34.48682320544785	35.02631637703271	36.08132326126596	37.21507833141071	37.70051724779519	37.34468053436535	37.47033825773081	36.764254084024856	36.23043947456555	35.92236073382205	36.78815911881814	33.80481524206452	36.749495776429875	36.4788970341979	37.13070368027388	35.048613850333055	34.935593346481596	35.53358389461541	35.776481970751306	35.18187027871842	33.53500539575039	30.93615152755554	32.98990064376884	33.47426785249135	35.23395973653853	33.07124623227775	33.849499497637034	32.27749041789157	30.09422840769546	30.055267368734416	31.8251479179846	29.115402076433593	27.000684702117365	28.298232426599185	24.334156960517994	25.323365459755145	24.486555278532354	27.621917910170062	21.85232426715828
SRR6444311_1	32.18732828707597	32.65573310905523	32.62046537706756	32.71942809083263	32.447154471544714	34.47289038407625	34.502607232968884	33.311410148584244	33.83627698345949	36.15697224558453	37.3694196804037	37.64985702270816	37.67866554527615	38.42463694981778	37.591813849172965	38.05372582001682	37.46113821138211	37.31856462012896	37.02145220072891	37.91940566302215	37.79384356602186	37.618704793944495	37.85280627978693	37.390277544154756	37.5431118587048	37.30955985421923	37.428079618727224	37.76496776002243	37.60466498458088	37.59755536865713	37.49098962713765	37.66247266610597	37.237028315110734	37.003476310625175	36.15155592935239	36.677432015699466	36.7455677039529	36.296832071768996	34.95300252312868	35.62895430333613	35.970473787496495	36.10779927109616	35.05085506027474	34.16381272778245	34.74386319035604	34.9617942248388	32.69185309784132	33.57275021026072	34.284339781328846	33.70284272497897	34.305556490047664	33.26995234090272	33.40919540229885	31.493961312026915	31.692088589851416	31.84607793664144	31.059180295638463	28.83031238668001
SRR6444311_2	31.15923745444351	31.76148023549201	32.122343706195686	32.05937762825904	32.327726380712086	35.96938603868797	35.99618727221755	35.03128679562658	35.50047659097281	36.18451359686011	36.6251976450799	36.50014017381553	36.83192598822539	36.964631342865154	36.977650686851696	36.888130081300815	35.83341743762265	36.085349032800664	36.38436781609196	34.32325203252033	35.03568264648164	36.14709279506588	36.8980207457247	37.40367816091954	37.01408466498458	37.31692738996356	36.71366414353799	36.03577235772358	35.82434538828147	36.601569946733946	34.77331090552285	36.57560975609756	35.902270815811605	36.98524250070087	34.71027754415475	35.30689094477151	35.45204373423045	35.010552284833196	35.028382394168766	33.6326661059714	31.071656854499576	33.47284552845529	33.50380712082983	34.60885898514158	32.51487524530418	33.50444631342866	32.090260723296886	30.077936641435382	29.876299411269976	32.250350434538824	29.109066442388563	26.85045135968601	28.122803476310622	24.030468180543874	24.940958788898236	24.847457246986263	27.4174697872488	21.68337928269424
SRR6444312_1	32.63620545657015	32.58804287305122	32.95002783964365	32.77609966592428	32.536191536748326	33.92817371937639	33.92532015590201	33.39372216035635	33.43109688195991	36.294849665924275	37.3801920935412	37.70016703786192	37.71439309576838	38.46365534521158	37.63337973273942	38.07140868596881	37.44537861915367	37.29305400890869	37.17072661469933	37.786887527839646	37.78081848552338	37.60329899777283	37.872160356347436	37.51158129175947	37.45824053452116	37.319445991091314	37.50020879732739	37.60037583518931	37.51913975501114	37.50008351893096	37.3246241648107	37.68319877505568	37.20421770601336	37.11456013363029	35.9366508908686	36.3676920935412	36.28460467706013	35.94365256124722	34.449220489977726	35.38633073496659	35.78900334075723	35.892650334075725	34.55309020044543	33.70616648106905	34.434548997772836	34.81163697104677	32.46909799554566	33.48879454342985	33.81046770601336	33.3899359688196	33.860648663697106	32.90594376391982	33.00547048997773	31.477575167037863	31.622703229398667	31.935119710467706	31.31333171323367	28.872960919192682
SRR6444312_2	30.9448079064588	31.610732182628063	31.99596325167038	31.928452115812917	31.8953925389755	36.274638084632514	36.094515590200444	35.45406458797327	35.267051781737194	36.135398106904226	36.499011692650335	36.293972717149224	36.65652839643652	36.74937360801782	36.8828925389755	36.740158685968815	36.039546213808464	36.09469654788419	36.60382795100223	34.45228285077951	34.75499721603563	36.013655345211575	36.965854677060136	37.501238864142536	37.15282572383073	37.4636135857461	36.67572383073496	36.1021714922049	35.92011414253897	36.63080456570155	34.31842984409799	36.71627227171492	35.937722717149214	37.03470211581292	34.737124164810695	35.21517260579064	35.491105233853006	35.31840200445434	34.84070155902005	33.21451837416481	30.678855790645876	33.073148663697104	33.26393374164811	34.52416481069042	32.320643095768375	33.19858017817372	31.814239977728285	29.60721046770601	29.721366926503343	31.522480512249444	28.763376948775054	26.6581013363029	27.97814587973274	23.889309576837416	24.94327672605791	24.114393095768374	27.162080056302596	21.443535147873746
SRR6444314_1	32.170154258886654	32.680281690140845	32.62407780013414	32.7336686787391	32.42364185110664	34.425016767270286	34.4859825620389	33.26140174379611	33.69091213950369	36.15683433936955	37.35516431924883	37.66726358148894	37.67551978537894	38.43257545271629	37.59260898725688	38.029664654594235	37.46929577464789	37.29484238765929	37.009517102615696	37.797525150905436	37.72338698859826	37.67450033534541	37.87014084507042	37.34433266264252	37.46830315224681	37.275043594902755	37.497867203219315	37.82016096579477	37.63859154929578	37.60971160295104	37.356042924211934	37.67413816230717	37.10608316566063	36.99983232729711	36.16871227364185	36.6663313212609	36.96560697518444	36.305425888665326	35.08937625754527	35.73758551307847	36.259121395036885	36.358524480214626	35.16904761904762	34.21680080482898	34.851817572099264	35.190543259557344	32.98316566063045	33.741281019450035	34.43014755197854	33.86861837692824	34.47279007377599	33.38156941649899	33.68260228034876	31.722555331991952	31.977967806841047	32.1924882629108	31.419004319789433	25.719634185140777
SRR6444314_2	30.979309188464118	31.706773977196512	32.03215962441315	31.126626425217975	31.692018779342725	36.05831656606305	36.28537894030852	34.503822937625756	35.40942320590208	36.24909456740443	36.75979208584842	36.44130114017438	36.831046277666	36.907987927565394	36.8961569416499	36.83158283031522	35.995955734406444	36.30329309188464	36.55002012072434	34.477451374916164	35.091421864520456	36.2474245472837	37.079550637156274	37.46566733735748	37.068028169014084	37.40252179745137	36.82967136150235	36.18533199195171	35.8512676056338	36.73192488262911	34.67038229376258	36.76855130784709	35.98148893360161	37.046163648558014	34.439175050301806	34.77752515090543	35.22835680751174	35.198947015425894	35.22235412474849	33.761884641180416	31.21158953722334	33.611079812206576	33.663715627095904	35.042427900737756	32.852622401073106	33.634050972501676	32.28356807511737	29.793970489604288	30.02591549295775	32.11610328638498	29.369302481556	26.962219986586184	28.089429912810193	23.97039570757881	24.98227364185111	24.644252179745138	27.352483657661004	21.785078775501145
SRR6444323_1	32.41226581591094	32.69420309530274	32.580776540863425	32.71405783328808	32.20384197664947	35.11203502579419	35.00390306815096	33.12238664132501	33.578943795818624	35.68575889220743	37.35201601954928	37.67304507195221	37.499511267988055	38.33163860982894	37.536166168884066	37.99374151506923	37.372651371164814	37.419705403203906	36.91008688569101	37.47652728753734	37.64913793103448	37.585996470268796	37.65547108335596	37.25676079283194	37.61500135758892	37.11031088786316	37.038670920445284	37.45778577246809	37.15787401574803	37.355491447189785	37.02420581048059	37.294895465653	36.81021585663861	36.56367092044529	35.81644718979093	36.16975291881619	36.56183138745588	36.07682595710019	35.170370621775724	35.19492261743144	35.49676893836546	35.545289166440405	34.974945696443115	34.360718164539776	34.62220336682053	34.739763779527564	33.0556950855281	33.723174042899814	34.44363290795547	33.634150149334786	34.18072902525115	33.27208797176215	33.75610236220472	32.20748031496063	32.18999456964431	32.69985066521858	31.64231104423132	24.010955655849273
SRR6444323_2	31.06513032853652	32.26863290795547	32.00122183002987	30.727260385555255	31.42862476242194	35.83142139560141	35.6049076839533	34.34506516426826	34.93300298669563	36.02304507195221	36.64069372793918	36.61111865327179	36.92173499864241	37.160439858810754	36.963270431713276	36.952667662231875	36.040802335052945	36.311892478957375	36.59515340754819	35.536973934292696	35.41837496606027	36.622067607928315	37.199660602769484	37.23193049144719	36.883478142818355	37.29934156937279	37.040870214499044	36.06652185718165	35.79645669291339	36.90579011675265	35.132996198751016	36.73512761335867	35.921436329079555	36.50497556339941	34.46739071409176	34.543782242736896	35.20612951398317	34.38100054303557	34.35514526201466	33.51565300027152	31.335982894379583	33.78381075210426	33.515177844148795	35.017302470811835	32.92857045886505	33.001608742872655	32.0782039098561	31.17461987510182	30.89831658973663	32.29549959272332	29.71153271789302	28.51331794732555	28.747746402389357	25.642933749660603	27.090999185446645	26.99905647569916	29.084106317408704	22.896113089927475
SRR6444332_1	32.75784277541982	32.49391031555638	32.810850710463185	32.41986528879867	32.34162207049271	34.20068278280125	34.26628529248939	33.403949068093745	33.516008488651046	36.18553238604908	37.36483668573537	37.63274589407639	37.671885956818606	38.39956634065326	37.61372024358737	37.99407639785939	37.38565233437903	37.345045211293595	37.267272559512826	37.85785200221443	37.94348588300424	37.99331980070124	37.89553423140801	37.188475733530176	37.44571876730024	37.34415021221628	37.33290274958479	37.786980992803095	37.81933936150581	37.6809928031002	37.29788706403396	37.82218121424617	37.35712308544012	37.109964938180475	35.927809558959225	36.57326074921572	36.82650858091899	36.44328289352279	35.13187857538291	35.87482007750508	36.2754751799225	36.321157040044284	35.02424801623916	34.555148551393245	34.897019745340465	35.24383650119948	33.285467798486806	33.82917512456173	34.57838162022514	33.94126222550286	34.408857722827086	33.35416128436981	33.81594390108877	32.59894814541428	32.594436242849234	32.848117733899244	31.60524443982925	29.44512336866474
SRR6444332_2	31.936704188964754	32.00369071784462	32.11759549732423	31.192055729839453	31.556514116995757	35.72541059236021	36.00373685181768	34.621609152980255	35.006274220335854	36.089057021590705	36.52130466875808	36.4864181583318	36.797979331980066	36.95563757150766	37.05811957925817	37.175807344528515	36.22810481638679	36.53842959955711	36.879378114043185	35.121433843882635	35.330448422218126	36.48707326074921	37.23793135264809	37.69547887064034	37.32633327182137	37.52398966599004	36.7990404133604	36.24811773389924	35.978612290090425	36.90739066248385	34.20478870640339	36.566552869533126	36.29976933013471	37.01880420741835	35.133345635726144	35.047591806606384	35.75397674847758	35.50734452851079	35.059863443439745	33.516303746078606	31.312520760287875	33.06224395644953	33.284480531463366	35.038743310573906	32.81106292673925	33.65323860490865	31.774395644952943	30.28772836316664	30.060647720981734	31.278584609706588	28.96907178446208	27.313415759365192	27.893891861967155	24.33927846466138	25.399151134895735	24.632330688318877	27.21141918837976	21.59466859063863
SRR6444338_1	31.550494465911324	31.847075774444953	32.798677058091556	32.79304473115463	32.43771694282533	34.579507498853886	34.33004780928679	33.09529111271203	33.32205776409719	35.87870194511756	37.31429694151549	37.71588185211867	37.71345864169232	38.428030650337284	37.596614054620474	38.05304211146768	37.48073875171917	37.302377365904775	36.94057895081538	37.87944855589757	37.66375663108259	37.949898487130795	37.92577771956251	37.36309516012837	37.65750212849564	37.486515161438206	37.620865806536116	38.05927041718515	37.50148012312529	37.87026655314689	37.76409719038575	37.89821206365839	37.21829851332766	36.69154496037723	36.48265112319078	36.58289999345078	36.98477306961818	36.48520531796451	35.36311480778047	35.933466500753156	36.20473508415744	36.28033270024232	35.302691728338466	34.59912895408998	34.96222411421835	35.19363416071779	33.19610321566573	33.84620472853494	34.67253258235641	33.86092081996201	34.449472788001835	33.62028292619031	33.66124828083044	32.398343048005756	32.43675420787216	32.07732660947016	31.111201439259343	25.131790852933097
SRR6444338_2	30.65574038902351	31.379166939550725	31.89599842818783	31.71252210360862	31.235182395703713	35.63458641692318	35.98876809221298	33.52586940860567	34.429923374156786	35.903798546073745	36.46773200602528	36.30079900451896	36.71794485558976	36.812705481694934	36.86285283908573	36.74689239635863	35.91846879297924	36.3119850677844	36.453585696509265	34.34828737965813	34.943257580719106	36.06931036741109	37.0286724736394	37.322588250704044	36.880502979893905	37.27430742026328	36.6547645556356	35.79653546401205	35.76562970724998	36.65333027703189	34.067627218547386	36.25032418625974	35.56097321370096	36.71743401663501	34.19889318226472	35.12357063330931	35.02061693627611	34.6987098041784	34.91639924029079	33.06935621193268	31.08739275656559	33.45247232955662	33.31203091230598	34.8649813347305	32.15655904119457	33.0250114611304	32.07455629052328	29.668858471412666	29.756113694413518	31.785015390660817	29.211349793699657	26.761529897177287	27.861529897177284	24.081956906149713	24.772617722182197	24.50018337808632	26.518931296149056	21.607890780351674
SRR6444345_1	32.584877011843304	32.489826905557244	32.82642835451824	32.76499934926901	32.19639061212095	34.241117522016395	34.303327404451	33.1326189753156	33.376079128888115	35.91837230488916	37.43198993536072	37.67387098173615	37.68162769511084	38.46049195262678	37.651294954665744	38.07900741833326	37.41546136827035	37.40157043078391	36.873341720532736	37.61287579714546	37.3925729903258	37.4023166023166	37.787853021560885	37.22890980868509	37.39928853412	37.14855754631036	37.22012927855625	37.46483883562535	37.254288317209664	37.165493904819755	37.11692334388964	37.39062947377555	36.92454991106676	36.74000260292395	35.49740141425535	36.270842913539546	36.40919699796105	36.02770378725435	34.618610906251355	35.53955142943907	35.82782525703874	35.867849550995615	34.752861047243066	33.93594204156001	34.54819313695718	34.69229100689775	32.58168409179645	33.46303414168583	34.18554509565745	33.51293219383107	34.0154179862045	33.135291310572214	33.30638150188712	31.60975228840398	32.03641490607782	32.31556982343499	31.42919456286552	28.30961417785065
SRR6444345_2	31.235044032796843	31.838922389484186	32.16485185024511	32.10767428744957	32.34454036701228	36.01535725131231	36.01232050670253	34.90846384104811	35.42835451824216	36.15765910372652	36.60530996486053	36.50600841612077	36.89736670860266	37.047373215912536	37.00983037612251	36.89797405752462	35.87137217474296	36.38181423799401	36.62272352609431	34.57804867467789	35.21540063337816	36.44514337772765	37.01939178343673	37.61785605830549	37.23052362153486	37.5259641664136	36.97377987939785	36.302242852804646	36.014706520324495	36.94176391479762	34.89157954101774	36.7149711509262	36.21966075224502	37.25311700143161	35.20314086156783	35.495006724220204	35.62930892369094	34.89017396208408	35.254453169059914	33.98672508784868	31.47840874582448	33.63617196650905	33.39395254001995	35.073688777059566	33.06105591948288	33.88539325842696	32.27740228189666	30.305808858617848	30.25445316905991	32.330241638106806	29.488022211617714	27.176478243893975	28.252275389354043	24.348679016094746	25.290321461107975	25.435981085419286	28.0968021507205	21.915020598639288
SRR6444349_1	32.56668936064864	32.48406263539023	32.850714860432014	32.93934517546574	32.3177570093458	34.85288110416538	34.9805038063997	33.528315900229	33.66516061149966	35.886662127870274	37.455752924429035	37.69410162777743	37.69819892306741	38.42254131336263	37.62384105960265	38.057770625734975	37.46113758742341	37.36361948381507	37.009110602215756	37.67023581110355	37.82394008788761	37.76754347960637	37.84103484557777	37.387943306306866	37.61511419199108	37.34865383425141	37.36824905613666	37.788351797982294	37.61581976852138	37.63110726001114	37.27449402735656	37.56417651791793	37.085127189453495	36.783388005198994	35.96241876586	36.245107383796494	36.591817787955684	35.969016525345054	34.70952528315901	35.43004270594788	35.46518536857089	35.59327845515875	34.81933527263725	33.925369808751626	34.407823234511355	34.59560561985518	32.43271646964165	33.137055146376184	34.1131893297023	33.53464133193044	33.68469394070682	32.94890140496379	33.14586866373709	31.63959893544594	31.93204183945039	32.23798972581544	30.97734033228026	26.6451000019822
SRR6444349_2	30.667203069876834	32.13758742340781	32.267128798663116	30.107878937921644	31.871572692950423	36.000680819459056	36.20715479358792	34.48078232345114	35.16500587980442	36.151612304264404	36.450925295537544	36.28440923438758	36.72101256421365	36.871127065668134	36.75413752553072	36.751191434053354	35.5167295908894	35.92441666150894	36.05012069072229	34.13778547997772	34.78347465494832	36.12030698768336	36.868094324441415	37.33001175960884	36.92122299931918	37.22951042891626	36.70899300612738	35.806993872624865	35.45394565822863	36.64856099523426	34.58137030389305	36.28959584081203	35.670384353530984	36.78562852014606	34.31107260011141	34.66934455653897	35.18831466237544	34.65732499845269	34.51878442780219	32.726322955994306	30.045590146685647	33.06482639103794	32.81464380763756	34.152243609580985	32.35229312372346	33.06117472303027	31.32737513152194	29.243745744878378	29.204542922572262	31.424521879061707	28.557541622826015	26.36548864269357	27.242049885498545	23.417020486476453	24.305143281549796	24.76749396546389	26.999252795355677	21.35771272867831
SRR6444354_1	32.66460239268121	32.432934553131595	32.824724372507625	32.92404410039878	32.36936429744311	34.45381186957542	34.59263429509735	33.386863711001645	33.5357729298616	35.96865118461177	37.39785127844241	37.6978559699742	37.68876378137462	38.426328876378136	37.59193994839315	38.01354914379545	37.44847290640395	37.32963640628665	36.812545155993426	37.73323011963406	37.632090077410275	37.68434435843303	37.76476659629369	37.362805536007514	37.418750550039945	37.21917049826405	37.35720183916675	37.65687341653374	37.53589190203623	37.520155766163086	37.3469550530168	37.61383128460167	37.1381533264521	36.86871539832973	36.26149010040349	36.47420474805292	36.68158018203997	36.180538613118145	34.92545744581027	35.64450595852491	35.87622220137	36.0470207375434	35.07934690813549	34.23502861968659	34.78325044571643	34.97385755841231	32.885192831003096	33.72586093647369	34.364633574176594	33.82669606831191	34.230571455381444	33.330843576991654	33.64239467016984	32.14596978511777	32.41286478371023	32.62323355540959	31.507113657104718	30.28902853243529
SRR6444354_2	30.87919305653296	32.16917663617171	31.824067558057706	31.600187661271406	31.798639455782315	35.867980295566504	36.126765188834156	34.27121745249824	35.16570490265072	36.05076237391508	36.538418953788415	36.38981937602627	36.661280788177336	36.78434904996482	36.82311986863711	36.97471264367816	35.96605207600282	36.17046211588083	36.405338963171474	34.45687074829932	34.88847290640394	36.101074360778796	37.09208538587849	37.528304011259685	37.060652122918135	37.38107436077879	36.733323950269764	36.02109312690593	35.88559230588787	36.75852685901947	34.5992118226601	36.679005395261555	35.88819141449683	36.983148017827816	34.38236922355149	35.071226835561816	35.47192118226601	35.340323715693174	35.04072249589491	33.39627492376261	30.876997419657517	33.42463992493549	33.40325592305888	34.717260145437486	32.612216748768475	33.58423645320197	31.81002111189303	29.89071545859723	29.90285714285714	31.870523105794042	28.897180389397143	26.74669481585738	27.96591133004926	23.971559934318552	25.020107905231058	24.771597466572835	27.29318226385242	21.609134152127268
SRR6444362_1	32.682667070462344	32.50979204522512	32.875984251968504	32.95987280436099	32.4516454673935	34.40803553401979	34.58015344235817	33.36402180496669	33.620482535836864	36.10121138703816	37.43991520290733	37.70446194225722	37.68476680799516	38.4561175045427	37.634665859075305	38.04294367050272	37.41934181304261	37.45547143145568	36.94266101352716	37.790026246719165	37.89065213002222	37.8160508782556	37.90031294165153	37.353220270543105	37.574086412275385	37.340187764990915	37.43382798304058	37.70518877448011	37.64240864122754	37.60904502321826	37.14824348879467	37.71274984857662	37.19836462749849	36.8961134665859	36.236058954169195	36.4425701594993	36.70478497880073	36.231970522915404	34.896153846153844	35.60712699374117	35.8188168786594	36.06221481930144	35.06575812638805	34.34661821118514	34.723692711487985	34.981889763779535	32.90666262870987	33.7709872804361	34.39195437108823	33.69183323238441	34.34630526953361	33.37663032505552	33.658086008479714	32.0389460932768	32.459267110841914	32.6103977387442	31.523247131778295	30.31867492154752
SRR6444362_2	31.15167575206945	31.778719967696347	32.069957601453666	31.832273369674944	32.27569150010095	35.963254593175854	35.95149404401373	34.7771047849788	35.302897233999595	36.093993539269135	36.551483949121746	36.38981425398748	36.688168786593984	36.97078538259641	36.83392893196043	37.0010498687664	35.672259236826164	36.19363012315768	36.349424591156875	34.315293761356756	34.85978195033313	36.1403290934787	37.02106803957197	37.43373712901272	36.989945487583284	37.32039168180901	36.63290934786998	35.9371693922875	35.86885725822734	36.669674944478096	34.47384413486775	36.49998990510801	35.977740763173834	36.8603977387442	34.41174035937816	34.39633555420957	35.24638602866949	34.96114476075106	34.8639511407228	33.540450232182515	31.023056733292957	33.34326670704623	33.46527357157278	34.6159903089037	32.65321017565112	33.64156067030083	32.000444175247324	29.332707450030284	29.96786795881284	31.703704825358365	29.018988491823137	26.79204522511609	27.713910761154853	23.988592772057338	24.872955784373104	24.760841913991516	27.543260245826183	21.80234638561624
SRR6444365_1	32.63760359933696	32.28415818138764	32.764053990054464	32.48534217381009	32.36206488278475	33.7172152498224	33.95420317309969	33.25233246507222	33.2735496092825	36.26517641487094	37.316031257399956	37.64829741889652	37.63619228036941	38.404110821690736	37.62109400899835	37.97577077906701	37.38207909069382	37.34067724366564	37.29300497276817	37.91473360170495	38.01083589865025	38.047416528534214	37.98495856026521	37.30725076959507	37.42846317783567	37.40021785460573	37.512706606677725	37.85447312337202	37.92752071986739	37.78839687426001	37.30227800142079	37.94051622069618	37.45829978688136	37.272233009708735	36.02655931802037	36.5387449680322	36.80204593890599	36.43282026995028	35.00015155103007	35.60166706133081	36.34981766516694	36.41937011603126	35.01520246270424	34.376547478096136	34.894965664219754	35.3807909069382	33.17763675112479	33.9319725313758	34.49806298839688	33.86640776699029	34.51921382903149	33.544172389296705	33.91945062751598	32.618299786881366	32.87749940800379	33.20841108216907	31.89087925763703	30.092561264109776
SRR6444365_2	30.155955481884916	30.92782382192754	31.376699029126215	31.296187544399714	31.78688136395927	35.29642434288421	35.11603125739995	33.648164811745204	34.3702107506512	35.173345962585834	35.76538953350698	35.71687426000473	35.76997395216671	36.04839213829031	36.054198437130005	36.22642671086905	34.697504143973475	35.20174283684584	35.76203646696661	33.251300023679846	33.47015865498461	35.05550556476438	36.459114373668015	37.06798958086668	36.507989580866685	36.836182808430024	35.69637698318731	35.165938905991005	34.702278001420794	35.78826426710869	31.520198910726968	35.43507459152262	35.28325834714657	36.11115320861946	33.35677954061094	33.35728155339806	34.00637461520246	34.30543215723419	33.3277480464125	31.41829031494198	28.676826900307837	30.585773147051857	31.3531328439498	33.56708501065593	30.729149893440685	31.726876627989583	29.512924461283443	27.177182098034574	27.26097087378641	29.30759175941274	26.89100639355908	24.557935117215248	25.957954061094007	22.153843239403265	22.883457257873552	21.61511721524982	24.923589865024862	20.461773498349874
SRR6444370_1	31.416918429003022	32.574683333795285	32.73380636935614	32.715540896366306	32.2995371268605	34.4313035283683	34.48532387261288	33.13924997921229	33.311677152914434	35.88796807006846	37.4181435183902	37.69141051581253	37.56318079769395	38.4028493029186	37.5736744366529	37.99656309764683	37.429208126611044	37.426148174838545	37.20268854458272	37.61019983924166	37.72271404418082	37.66101056015965	37.8199894675573	37.46573352919981	37.596263754538654	37.25171429363341	37.40070955403421	37.46656503783365	37.12616203331578	37.39298206713046	37.15768729731977	37.44256769866128	37.07466393192716	36.761689625543944	36.02003935807533	36.25468000776075	36.575570276338034	36.04797250478118	35.14964383713517	35.28441475650656	35.712758114138424	35.762038859170154	35.11928268521855	34.44856564760664	34.87488012417195	35.09823997339172	33.40196236037584	33.97713351256964	34.62311039662961	33.88372183264503	34.43816070290196	33.46898749965354	33.78568142132543	32.291842900302115	32.35364616535935	32.94311926605504	31.890041717351174	31.304087689845552
SRR6444370_2	30.857174533662242	32.10676570858394	31.897918456719975	31.210898306494084	32.139083677485516	35.83791125031181	35.87291776379612	33.07583358740541	34.61246154272568	35.832157210565704	36.26345519554311	36.30975913966573	36.44591036336927	36.753274758169574	36.69663793342387	36.63795559743895	35.94737659026026	35.95291998115247	36.489170985892066	35.09836747138225	34.97361900274397	36.48912109537404	37.02243410294077	37.18014357382411	36.78563707419828	37.33276975525929	36.823936361872555	35.9783696887386	35.49468665982982	36.64789489730868	34.43515618503839	36.79639679592007	35.68561212893927	36.43104298899637	34.136228831176034	34.50403836026497	34.75192217079187	34.09231963191884	34.00998364699687	33.00238920147454	30.479553202694085	32.70909393275868	32.9573824108207	34.237883533357355	31.971501427423153	31.97534854070235	30.984395354638433	29.99211175476039	29.669109454253167	31.566678677346932	28.71895562515591	27.51837911250312	28.177593614013695	24.326854957177307	25.90220904127055	25.099470606169792	27.793518934211363	22.15537904341896
SRR6444371_1	31.48776272957441	32.08897640959692	32.903508419402804	32.808101916971424	32.400353655105896	34.60659888277137	34.39002531849054	33.145681790780856	33.56335650845959	35.939042719929276	37.351589438572525	37.61967608407347	37.50342804324238	38.37762327693606	37.55316481131696	37.99939717879677	37.40121368002251	37.49527790057469	36.884620021701565	37.6903749547884	37.62822810754331	37.50131415022304	37.77857171562915	37.396350922316444	37.546911546035446	37.148294015994864	37.36192581280392	37.50608849415263	37.23952899569987	37.431828959530606	37.219684121689504	37.439545070931956	37.13735482056022	36.834167905799134	36.036330024514726	36.21105172205924	36.314865570871675	35.93142305992043	34.91795201543222	34.96376642687779	35.59819957400635	35.346139934895305	34.71221315757746	33.834183981031224	34.47823815456336	34.617240686412416	32.661801229755255	33.51968814049753	34.10333159184985	33.510051038861874	34.001310131415025	32.82333319937307	33.20839127114898	31.680472611823337	31.745312060442878	32.284451231764656	31.788527282743576	29.545069422572368
SRR6444371_2	31.18273520073946	31.8244584656191	32.04428726439738	31.72133585178636	31.503918337821002	35.84013181690311	35.76883816260097	34.83056705381184	35.225495318088655	36.198279950166786	36.73299843266487	36.723096089699794	36.98492946991922	37.20847164730941	37.188715187075516	37.24351565325724	36.52468753767632	36.557063055097856	36.97197283285777	35.60450106498413	35.68433870514006	36.9902423341237	37.35038379616606	37.59857734196037	37.19455853393883	37.60271671422256	37.240421171080655	36.53734678294418	36.256584816943295	37.199485592573254	35.430438451955155	37.136727886508865	36.424217337137804	37.122155688622755	35.24284049350963	35.75445082988385	35.96813085238918	35.28375999678495	35.117839488807626	34.10528473254833	32.03400715347827	33.856536591247036	33.92324076678857	35.263119398786316	33.47490254390548	33.70445685809589	32.2138246995941	31.199477554957195	31.1228549612185	32.8716794598722	30.302576055941806	29.158686653538563	29.25714745006631	25.515171000281317	27.18398906884218	26.643941646907525	29.264611719072597	23.04621778449972
SRR6444374_1	31.91309155241044	32.36192503317116	32.97785824856258	32.59860128261831	32.048070544007075	35.16983635559487	35.00926028306059	33.039639540026535	33.7594814241486	35.81181999115436	37.348927465723136	37.62786930561698	37.577863777089775	38.38653250773994	37.54466497125166	38.08308823529411	37.47124613003096	37.42704002653693	36.939423927465725	37.665728659885005	37.676636444051304	37.67170499778859	37.81514816452897	37.38976116762494	37.72556943830163	37.20225563909774	37.463279522335256	37.839904909332155	37.37839451570102	37.660996240601506	37.56044891640867	37.59180672268907	37.10441176470588	36.9204168509509	36.28981645289694	36.63112560813799	37.00846970367094	36.366115656789034	35.49981755860239	35.54387439186201	36.000403582485625	35.909597523219816	35.197180451127814	34.351022777532066	34.85713180008846	35.088086023883235	33.1875718708536	33.76012826183105	34.63913644405131	33.97842215833702	34.52037815126051	33.41141088014153	33.86277089783282	32.07105816010615	31.923468597965503	32.53614551083591	31.960304981511513	23.952152014652015
SRR6444374_2	31.317475674480317	31.895400265369307	32.23977222467934	31.651067005749667	32.00116099071207	36.255887881468375	36.350702122954445	34.55871295886776	35.36137218045113	36.31037151702786	36.83393962848297	36.71350066342326	37.05506413091552	37.188163423264044	37.219189517912426	37.06514816452897	36.59846859796549	36.74977885891198	36.77671937195932	35.65476559044671	35.809746793454224	36.93623396727112	37.41544117647059	37.47912428129146	37.23949026979212	37.53884343210969	37.25447257850509	36.5312306501548	36.09133126934985	37.2453228659885	35.677277753206546	37.34217713401149	36.48093763821318	37.22835581601061	35.25322865988501	35.73856147722247	35.91152145068554	35.43369637328616	35.534746793454225	34.332082043343654	32.219222689075636	34.54089451570101	34.282557496682884	35.68727333038479	33.88581379920389	33.940651260504204	32.94784940291906	32.08467492260062	31.4468487394958	33.49034166298098	31.009962406015035	29.44028084918178	29.728084918177796	25.93732308712959	27.3515701017249	27.582004643962847	29.37727102622805	23.31069549415489
SRR6444379_1	32.56931166347992	32.44198135755258	32.76747729445507	32.5670112332696	32.16993307839388	34.96008604206501	34.81713073613767	33.19622370936902	33.18717136711281	35.56455544933078	37.36171128107075	37.666575047801146	37.564334369024856	38.33784058317399	37.52519120458891	37.98183556405353	37.41566085086042	37.426619263862335	36.84900215105163	37.35975740917782	37.47838790630975	37.50871773422562	37.66922801147227	37.24329588910133	37.5060707456979	37.03429134799236	37.101589388145314	37.38959727533461	37.08325764818356	37.36825406309751	37.1248326959847	37.35985898661568	36.84061902485659	36.590403919694076	35.805019120458894	36.22626673040153	36.3925370458891	35.962822657743786	35.10517447418738	35.23410611854685	35.604893642447415	35.56585205544933	34.935797084130016	34.27024976099426	34.67391849904398	34.83953154875717	33.16272108030593	33.732074569789674	34.49148542065009	33.708066443594646	34.03499043977055	33.19459847036329	33.69447299235182	32.20857433078394	32.15371056405353	32.70774976099426	31.60055292389145	30.40838123587583
SRR6444379_2	30.803537284894837	32.19033819311664	32.25445148183557	30.473171606118548	32.00005975143404	36.04944431166348	35.900483986615676	34.197329110898664	34.81223111854685	35.87268164435946	36.48662165391969	36.566754302103256	36.81386233269599	37.030180449330786	36.86694550669216	37.11934751434035	36.24024856596559	36.264716778202676	36.615852055449324	35.48826481835564	35.39452676864245	36.64627151051625	37.24738288718929	37.356554732313576	37.017590822179734	37.43337715105162	37.07161806883365	36.26257170172084	35.7946283460803	36.923446462715106	35.19957576481836	36.8711759082218	35.947825047801146	36.61572060229446	34.73601816443595	34.863139340344176	35.24882289674953	34.60700286806884	34.36420291586998	33.43607791586999	31.262494024856597	33.71312739005736	33.300950047801145	34.83527724665392	32.853650812619506	32.81193833652008	31.724336759082217	31.17360181644359	30.766921606118547	32.04841658699809	29.708586281070744	28.619652246653924	28.85067519120459	25.653220602294454	27.376171128107075	27.04914555449331	29.066463794833773	22.882704324204582
SRR6444381_1	31.39638070353704	32.513282043838004	32.70421444815406	32.63090917888421	32.16572313349785	34.686988919533555	34.83534136546185	33.20462573184304	33.622489959839356	35.765645715391685	37.39161949000823	37.68395993613006	37.643741229980165	38.40782890598539	37.58135191367881	38.041215464266706	37.46843760584507	37.35237818744859	36.98739052595926	37.743300914501376	37.62186093772681	37.731514007838584	37.742971887550205	37.23324139933227	37.47616973919775	37.28020515798132	37.34710407896647	37.7995161368365	37.46048289543717	37.61348042773504	37.444215415880386	37.63917356171675	37.005603135433304	36.67611167561813	36.04641215464267	36.42544152513669	36.74222673827841	36.15854260415155	35.01399332268835	35.67882130933372	35.77037789713069	35.98254221706101	35.144239609038564	34.21640296124256	34.76646828276963	34.942836405864426	32.88603087046983	33.30133062369962	34.28481153529781	33.61390622731891	34.035176851986265	33.130091450137904	33.448657279721296	31.81828035031693	32.00893211399816	32.07477621328688	31.03225356613624	29.238742407482633
SRR6444381_2	30.415348139546136	31.855857163594134	31.440170319833552	31.22514152997532	31.415541684811537	35.43484782503508	35.734891372719794	33.706633763971546	34.55842647699231	35.61482556732956	35.912701408041805	35.98960661924807	36.26461508685344	36.33457202303188	36.27999225818939	36.08165674747181	34.948071805293466	35.19562587700199	35.56636183287366	33.74750084676053	34.30086611506266	35.49142110611119	36.35462331252722	36.759365171529495	36.348991145304105	36.70573377848744	36.19254850728214	35.20524507669231	34.49805003145111	35.887298591958185	33.88163739294528	35.64450573377849	34.66032805922485	35.88420186771181	33.04048966952146	33.55310398219383	34.12542700924179	33.46297962936082	33.542526733439786	31.50448541152562	29.35202980597087	32.0628247931485	31.75988774374607	33.17425847970194	30.76688440509024	31.652412057870038	30.327594716214254	28.347075047176663	28.16202641892873	30.18876469734359	27.55331688198578	25.307591813035277	26.218909372429476	22.61942226738278	23.189403396719406	23.603009628876954	25.240032921614894	20.6715778541778
SRR6444384_1	32.703510106858104	32.50706322162305	32.94418897012605	32.91573758560228	32.46461772587422	33.92648956231184	33.97125086842889	33.381777880702685	33.58206239454792	36.20480365236378	37.34332219538823	37.61192973169683	37.62069672809078	38.41233996096206	37.56719489198399	38.02862341615112	37.416243755582755	37.381433817447984	37.187276276176924	37.800899857743076	37.73796274853608	37.52963244781156	37.822337645151684	37.54284580011248	37.51152942733317	37.32228140404274	37.52428623416151	37.542369404836734	37.32131538028914	37.450272934793404	37.42180831706752	37.53133953088299	37.21655473583221	36.990981572766074	36.01773249081947	36.13021470870414	36.21261785820624	35.82727362953651	34.703252059417075	35.02339630132001	35.55417342111357	35.37669633109472	34.48870215370364	33.706262612895756	34.454878089125614	34.65022661858604	32.37592880537268	33.670089654944256	33.74057630595163	33.30556786978529	33.838462301915506	32.682972177192575	32.939213286134915	31.35603930261025	31.297343434677607	31.979614252158665	31.738427036028146	30.650864509153035
SRR6444384_2	31.303735071293875	32.05200648426903	32.22989380355312	32.12379660568366	32.21990273596454	36.381711714692166	36.27812882522248	35.54034472491481	35.50239851788137	36.35365732623152	36.69350580606742	36.614596221920806	36.791828497700735	37.05640652396864	37.200489628477854	37.17794686869355	36.699076984153244	36.32497436067092	36.97090680517418	35.636788301849336	35.444132729017106	36.84591259470011	37.28823899163	37.672253283488274	37.26045588381249	37.717735799119986	37.219869652959275	36.63134283918351	36.359407152545735	37.16133920005293	35.280603434015944	37.360340093294084	36.39074999172925	37.161253184239264	35.540510139941105	36.02401164521785	36.17887980944189	35.882700896549444	35.44364310053925	33.981222086214316	31.96354914480431	34.5023389684719	34.395904323948784	35.25077579647335	33.645535448440135	33.922440202467996	32.98202931154266	31.636675819631456	31.31055678697853	33.01820226949416	30.19385317762265	29.057279915307504	30.060343401594604	25.70361597247494	27.304833427068512	26.22589075991663	29.178144074009747	22.812053896923587
SRR6444390_1	31.493288922600005	32.652178214556606	32.79691982983214	32.27263133594961	32.191471820070575	33.35890248326353	33.18227088348778	33.12221745869472	33.41635062493817	36.2866998647891	37.346660950433666	37.72745440754543	37.73168222141609	38.475467466939286	37.65092504039838	38.09572271872836	37.55538040431356	37.55259044289813	37.21307258516638	38.23601226791544	38.23074893645088	37.87773637173103	38.05682815024898	37.686534973452495	37.752280447185306	37.59707812551529	37.75375787356133	37.916109883586714	37.87356132308808	37.847488704943444	37.46042937704053	37.82807769679781	37.602235926524415	37.121907462981895	36.74600798074069	36.5781024304983	36.699567984698085	36.41082346733502	35.450100583715326	35.50556343369719	36.33581769613824	36.11164462619134	35.420512482274184	34.72844375556508	35.05420308017017	35.02674537479801	33.288948982620454	34.46353592982225	34.49358572700591	34.07509811034528	34.82133034330376	33.63999604260792	33.876351284503514	32.326458463872314	32.27071200079148	32.586993371368266	32.451294400691935	31.589417554710316
SRR6444390_2	30.962371796985785	32.30369686376678	32.34508458925568	30.662236586089765	32.15760313953105	36.2044982356627	36.360914157570164	35.23163934966857	35.67885763281997	36.48426606866075	36.85136035352703	36.805527157603144	37.01639019885895	37.24781848761666	37.21566467697787	37.42220756521452	36.14271015400851	35.91973749299211	36.55179896448241	35.04152623421165	35.13739405731623	36.45367542789302	36.89061768294694	37.3084127559938	36.63555057217294	37.447429344062265	36.769336807044155	36.084688190482474	36.29603931009465	36.58755400191274	34.6469610526663	36.55336213435346	36.013323219998014	36.52231639349669	35.116617748903465	35.53024436896085	35.71999472347723	35.30584045114269	34.74666095043366	33.5905418329321	31.326333146456488	33.53817234442503	33.78490914487353	34.26651716518814	32.91669689674505	33.57683606503314	32.50546449889523	30.49888203673779	30.587151667051415	32.967509811034525	29.669142235266964	28.733667513108863	29.62185799558091	25.327375259703857	26.881548659433435	25.51714540118062	29.129373911538362	22.574171643287283
SRR6444392_1	32.38453871550489	32.68286301625864	32.600261633339564	32.725440727589856	32.45626985610166	34.246869743973086	34.21812122344733	33.283498411511864	33.97853983679063	36.199134118233346	37.32218276957578	37.645455678066405	37.67230424219772	38.414632778919824	37.588120600510806	38.007606054943004	37.4203637949293	37.3128947860213	37.02350339500405	37.90044851429639	37.810440416121594	37.51641437737495	37.86992462468074	37.355902323553224	37.53068585311157	37.27943686538341	37.31441475113685	37.51994019809381	37.528418364168694	37.4814800971781	37.387111443343926	37.55554102037003	37.152040117112065	36.87166261757927	36.19155298075126	36.58545443219336	36.531121908677505	36.30378745405843	34.93684669532174	35.61008534230363	35.85132996947611	36.015268174173045	35.01614028530493	34.34010465333582	34.70110882701052	34.71471999003301	32.71029714072136	33.60284059054382	34.15354762349717	33.755864947361864	34.2131190431695	33.2381174858282	33.26103532050084	31.5654145642559	31.751398492493614	31.62860524512552	30.755296122853064	29.637041037641783
SRR6444392_2	32.03167632218277	32.10054195477481	32.236404410390584	31.41229053759422	31.64595402728462	35.797047280882076	36.07113935090015	34.977107082788265	35.311437114558025	36.2533981187317	36.62065034572977	36.585317386158344	36.89090512676758	36.96938266990593	37.09561452687971	36.943493428019686	36.17312028904255	36.31220332648103	36.875680558151124	35.012053821715575	35.45286239332212	36.50800473431757	37.03287858967171	37.58397184326917	37.12225129259328	37.49740858406528	36.84683859714695	36.18818912352832	36.00223634211674	36.809798791503155	35.08057060985485	36.5681367968604	35.909113561328105	36.99254344982246	34.84898149878527	35.2901887497664	35.80878340497104	34.70618575967109	34.862231358624555	33.661490064162464	31.181311904316953	33.21583504640877	33.39418800224257	33.99581386656699	32.263888369775124	33.30710770572479	31.825559085529186	29.908883074814675	29.789976951348656	31.942353454183017	28.808988974023542	27.314950476546436	28.045611412197097	23.86555161029091	24.96257397371208	24.611742353454183	27.299715753899733	21.43642823900528
SRR6444395_1	32.545201356602206	32.7363834422658	32.987422231206345	32.846214316196125	32.10767468499427	34.23706848145902	34.04615591941244	32.96064955191699	33.24054982817869	35.918823978617795	37.24892302854704	37.56166475754104	37.5535610807897	38.35072209869056	37.48198459223322	37.95663814208386	37.34952721065517	37.32808660692226	36.67169328212385	37.62759472632123	37.44723850594075	37.41846685982526	37.64550457067134	37.29322372706241	37.34790557689284	37.0033376007906	37.33951440828336	37.54597848303124	37.209276104485326	37.37396851065741	37.14870067156301	37.395220447858414	37.00951418368034	36.762567661658025	36.04553152303304	36.18462816971003	36.36492150124654	35.915091076522245	34.967154055207416	35.12108348494037	35.73808144105294	35.60153628461694	34.83470565774992	33.92498708532669	34.626678346023404	34.85868876760326	32.64467803157918	33.85093097949375	34.10343867214698	33.5760079060261	33.98609258136245	32.99325292545426	33.372468162522736	32.120912786649605	32.16453518406217	32.58949756305729	32.066963832868815	30.91331163494113
SRR6444395_2	31.5560047615839	32.39173011701817	32.3572535543427	31.881005323091436	32.45156435999371	36.147272196392876	36.2259730925589	34.395705590369026	35.31087303191609	36.250877074770344	36.835298609707344	36.81552006827932	36.840540844058125	37.162828201154454	37.213849021853875	37.41214653100645	36.69506547177863	36.65459650068504	37.01260022909507	35.58568380387665	35.57610223929205	36.68567257372594	37.25163174089796	37.493726837814165	36.98118275947263	37.57835276149406	37.14888035397435	36.42613031466882	36.26034633784785	36.97961503043371	35.31181636457561	36.99648720885834	36.23860476607596	36.93744806055297	35.02490398221144	35.69443658333895	35.827792376973704	35.480659434449606	35.407654470722996	34.445113761426676	32.557976776048335	34.25021224984839	34.23058194640972	35.59262403701458	33.88959863441367	34.07078139388631	32.85961862408193	31.683139051726073	31.128288749635022	33.19342811580532	30.67441097859533	29.49020057049166	30.02897378882825	26.062017384273297	27.74126181973362	27.34245670776902	29.875996595051	23.32246998681438
SRR6444396_1	31.609308264717537	32.56712606226058	32.675223459997355	32.267403460877986	32.13561710184492	34.392276870239094	34.40037867112853	33.25714411518647	33.614768174012596	35.66814319052442	37.42627801505878	37.56825326934085	37.65848267359429	38.39055083439743	37.60937871516005	38.04780062524768	37.249693980890314	37.35861917132667	37.01527893972084	37.83946986042006	37.86104530844084	37.789423627317156	37.87181541984061	37.19196864955309	37.60997754392145	37.400810180088946	37.37930518251068	37.78621813218264	37.66476156928361	37.70209149751222	37.36402624278984	37.60192858086389	37.086627625379776	36.80475540486989	35.97787856104971	36.273013077363395	36.58759191581172	36.306635551054555	35.01815860155871	35.68377438245784	35.69921183567434	35.81659988551803	35.08373035093126	34.39713795077275	34.688151116199194	34.755035005063625	32.936400863017916	33.3328959535027	34.454387741622995	33.584562546783495	34.14282946589758	33.271489586543964	33.56625423803443	31.96684426049051	32.20414776980318	32.449861300691296	31.221015879020758	29.162860846456653
SRR6444396_2	31.056228259433755	32.21179164281626	31.955131874422086	31.33582845317247	31.32636167495927	35.63651974813967	35.8442604905112	34.88503368411783	35.257452335872486	36.09087226454142	36.41434547135749	36.261793844392585	36.55222579366826	36.844172427458055	36.83236317203117	36.888071859451365	35.436361234644004	35.739350975298315	36.02650697899696	34.226057857425914	34.9375985205407	36.089480868301706	36.67375280700982	37.291981859011045	37.00818986394258	37.19806261283078	36.677469067852584	35.80461450398485	35.72177358989036	36.743639645986526	34.81225837699793	36.3381357051649	35.502443749724804	36.6539033948307	34.48568535071111	34.919219761349126	35.156382369776765	34.975756241468886	34.98341772709259	32.96705561181806	30.763850116683546	33.421011844480645	32.93395271014047	34.36687948571177	32.45073312491744	33.44143366650521	31.923059310466293	30.205856193034215	29.615014750561404	31.29507287217648	28.824851393597818	26.660279159878474	27.76111135573071	24.106732420413017	24.8984632997226	25.48367751309938	27.37852693608812	21.81808393433636
SRR6444414_1	31.552832953435363	31.88326278085314	32.808042982741775	32.77800390752198	32.39213611201563	34.60094431781179	34.58971019211983	33.22802018886356	33.607456854444806	36.060061869098014	37.355893845652886	37.688293715402146	37.65389124063823	38.42336372517096	37.58425594268968	38.01300879192446	37.456577661999354	37.36009443178118	37.12199609247803	37.8685607294041	37.81357863887984	37.83573754477369	37.85042331488115	37.43029957668512	37.53342559426896	37.31090849886031	37.48083686095734	37.84397590361446	37.67772712471508	37.684369912080754	37.58371865841745	37.784793226961895	37.32424291761642	37.1237870400521	35.88633995441224	36.19342233800065	36.44817648974275	35.76294366655812	34.33796808857049	35.07232171930967	35.54799739498535	35.710420058612826	34.413285574731354	33.35322370563335	34.220823835884076	34.59700423314881	32.034337349397596	33.017355910126994	33.80172582220775	33.31556496255291	33.817421035493325	32.653467925757084	32.95576359492023	31.10581243894497	31.37683165092804	31.756447411266684	30.965285236279136	28.688228504639582
SRR6444414_2	30.49560403777271	31.345245848257896	31.672989254314555	31.26335070009769	30.946027352653857	35.433083686095735	35.41924454575057	34.398648648648646	35.09467600130251	35.99592966460436	36.617111690003256	36.32165418430478	36.739531097362416	36.82432432432432	36.91916313904266	36.76256919570173	35.88253012048193	36.174959296646044	36.47176815369586	34.40384239661348	35.06265060240964	36.16533702377076	37.143796808857054	37.470693585151416	37.15547053077174	37.377661999348746	36.7732334744383	35.966476717681545	35.76142950179094	36.757847606642784	34.50864539238033	36.76696515792901	36.1822696190166	37.04713448388147	34.47279387821556	35.173559101269944	35.342494301530444	35.131602084011725	34.96857701074568	33.534125691957016	30.657098664929986	33.12036795831976	33.25431455551937	34.80538912406382	32.67595245848258	33.28174861608596	32.05747313578639	30.035623575382612	29.73593292087268	31.994187561055032	29.125203516769783	26.711494627157276	27.861234125691958	23.708140670791273	24.717127971344837	24.404575056984697	26.86500950277342	21.55189775750466
SRR6444421_1	32.358025693035835	32.11237322515213	32.61011494252874	32.58423258958756	32.236727518593646	34.008005409060175	34.06920892494929	33.48062204192021	33.49528059499662	36.064973630831645	37.31408248816768	37.62510885733604	37.59820960108182	38.373630831643005	37.5370060851927	38.01868289384719	37.409027721433404	37.43519675456389	36.96193644354293	37.83536443542934	38.03520757268425	37.976470588235294	37.94059229208925	37.49373360378634	37.63151859364435	37.453636240703176	37.63158891142664	38.09192697768763	37.831172413793105	37.94681271129141	37.30785665990534	37.82483840432725	37.4059661933739	36.93664367816093	36.766599053414474	36.90043002028398	37.41156997971602	37.02378363759296	36.17281406355646	36.091624070317785	36.672557133198104	36.543145368492226	35.956646382691005	35.23869100743745	35.494923597025014	35.63354699121028	34.101311697092626	34.645620013522645	35.14041920216362	34.402974983096684	35.19926977687627	34.364413793103445	34.585438810006764	33.558344827586204	33.22646112237998	33.65481000676133	32.66861454568856	31.921731409365485
SRR6444421_2	31.714347532116296	31.56237998647735	31.51131845841785	30.73455037187289	31.100392156862746	34.874050033806625	35.171115618661254	34.378877620013526	34.85184584178499	35.72215280594996	36.186926301555104	36.1236889790399	35.99685192697768	36.42143610547667	36.50126301555105	36.611802569303585	35.55595402298851	35.987883705206215	36.18400540906018	34.69370114942528	34.607491548343475	36.12026504394861	36.88977417173766	37.171050709939145	36.558453008789726	37.12507369844489	36.66384854631507	35.80234212305612	35.509814739688984	36.49387964841109	33.90486544962813	36.407615956727525	35.26339959432049	36.40942799188641	33.82009465855307	34.13658958755916	34.89680054090602	34.808535496957404	34.38415145368492	32.35194590939824	30.321871534820826	33.0122028397566	32.91670588235294	34.691964841108856	32.676576064908716	32.99740365111562	31.274736984448953	29.299770114942532	29.299970250169032	31.894923597025013	29.009519945909396	27.259997295469912	28.308916835699797	24.120703177822854	25.498726166328602	24.675716024340772	27.154358110155833	22.09538194994145
SRR6444428_1	31.54309433962264	32.632603773584904	32.792	32.27242767295598	32.26022641509434	34.24832704402516	34.11786163522012	33.181408805031445	33.54261635220126	36.063672955974845	37.38567547169811	37.67220125786164	37.632618867924535	38.43816855345912	37.63101383647799	38.09911949685535	37.44803522012579	37.484709433962266	37.09643773584905	37.919657861635216	37.93588427672957	37.77310188679245	37.97036981132076	37.49433962264151	37.741937106918236	37.42800503144654	37.56742641509434	37.913323270440245	37.640523270440255	37.776241509433966	37.43637735849057	37.72267672955975	37.32861886792453	37.0753106918239	36.43303647798742	36.499944654088054	36.8590641509434	36.48272704402516	35.605333333333334	35.76072955974843	36.20051320754717	36.10247044025157	35.33502389937107	34.72936352201258	35.04181635220126	35.27842515723271	33.395054088050315	34.33776603773585	34.60006540880503	33.99340880503145	34.6378465408805	33.579300628930824	33.98116729559748	32.62710440251573	32.6074465408805	32.9386213836478	32.45234891877762	27.97509463152045
SRR6444428_2	31.33438993710692	31.78261635220126	32.14840251572327	31.310893081761005	32.12835220125786	36.352075471698114	36.345333333333336	35.697459119496855	35.66483018867925	36.45687044025157	36.855396226415095	36.71988930817609	37.00967547169812	37.24657610062893	37.2526389937107	37.329071698113204	36.48144402515724	36.65513962264151	36.91610566037736	35.660699371069185	35.64254591194968	36.77312704402516	37.17322264150944	37.51014339622641	37.09808301886792	37.560588679245285	37.08648050314465	36.37343899371069	36.3601962264151	37.11164779874214	35.341700628930816	36.8838893081761	36.312840251572325	36.96705911949685	35.42694842767296	35.64415094339623	35.95560251572327	35.396045283018864	35.483783647798745	34.55409811320755	32.60906666666666	34.634535849056604	34.590596226415094	35.873177358490565	34.15920503144655	34.38103647798742	33.484427672955974	31.83130062893082	31.718535849056604	33.483345911949684	31.006908176100627	29.574737106918242	30.040563522012576	26.3474213836478	27.889227672955975	27.486334591194964	30.113678417744133	23.417550100477506
SRR6444431_1	32.436712602901714	32.85909855823896	33.128075681084276	32.589984991131125	32.281302587892846	34.070223313776324	34.18920271069268	33.39382362304998	33.60021831082003	36.271496793559834	37.33266930458908	37.69106290080502	37.69463774048301	38.42057579478783	37.59576113157775	38.0026652112612	37.46625733387911	37.36062218583709	37.29776686223677	38.11253922772547	37.95521899304134	37.9483422022104	37.9204711875199	37.42989038977578	37.5307045072088	37.42382316823578	37.564206121799245	37.95482785282212	37.89704825578751	37.8322645199436	37.69810342475099	37.908282166734885	37.489216355118934	37.198317187428934	36.03536635284487	36.42495110747261	36.66161822895347	36.06283713103197	34.66092691135671	35.41291672351845	35.93815436394233	36.06400145540547	34.67122390503479	33.86545686087233	34.56589803065448	35.013653522536046	32.37195615591031	33.378514576795375	33.858580070041384	33.53757220175559	34.11406740346568	32.91074725974439	33.074689589302764	31.30212398235321	31.480811388547778	31.60688588711512	31.070064933390245	29.80557358020483
SRR6444431_2	30.32396416064038	32.02979033064993	32.062491472233596	30.0528494110156	31.81825624232501	35.905853458862055	36.136398781097924	34.48660572156274	35.21135216264156	36.046181834720514	36.49786692136262	36.267585391367625	36.53128666939555	36.65139400554874	36.69168144812844	36.802583344703685	35.84063310137809	35.64609996816301	36.22194023741302	34.12006185473234	34.65467776413335	35.8482830763633	37.0899349615682	37.503306499295036	36.98620093691727	37.37103743120936	36.53536180470278	35.820830490744534	35.77236548869787	36.490899167689996	33.91388547778233	36.53343339245918	35.971010142356846	36.98393596215946	34.46577523081821	35.0959748942557	35.34003729476509	35.39148587801883	35.073816346022646	33.07075089825806	30.303251921590032	32.975812980397514	33.19091281211625	34.627261563651246	32.552126256424245	33.29727566289171	32.01509983171874	29.824614544958386	29.542675217173787	31.791167508072952	28.752890344294354	26.12348205757948	27.972738436348756	23.45756128621458	24.412443716741713	23.49721198890253	26.665776040903005	21.29815280982696
SRR6444433_1	32.79102046135801	32.677114557539426	32.918741040010424	32.851687736217905	32.59100091228985	34.23755375993744	34.190733741691645	33.347647595464615	33.5559103349407	36.0080216343021	37.41909943959338	37.59202398019028	37.61965332985794	38.41475303010556	37.60959207611104	38.0808614622703	37.426456405578	37.42471653851166	37.16309135931188	38.02079369216734	37.90443112211651	37.77504235631435	37.90101655154437	37.27605239150267	37.58056170989183	37.33619184152222	37.42500325817802	37.87179721099961	37.613540987879574	37.66500065163561	37.43574221295451	37.63093314218688	37.42926495503714	37.02802033103088	36.22254007558973	36.83264694382901	36.95891437508145	36.67517268343542	35.674612276814806	35.888055519353586	36.390596898214525	36.201081715104905	35.410543464094886	34.73697380424866	35.13574221295452	35.21457057213606	33.38593118728007	34.26017203179982	34.57366740518702	34.18458230157695	34.84477388244494	33.66350188974325	33.808340935748724	32.21152743385899	32.010328424345104	32.29579043398932	32.18229539282851	29.036168411874684
SRR6444433_2	30.873256874755636	32.23836830444416	32.36142968851818	30.7037012902385	32.096246578913075	36.12325687475564	36.34803857682784	35.13345497197967	35.521829792779876	36.41559364003649	36.74077283982797	36.648162387592855	36.771288935227425	36.981571745080146	37.258803597028546	37.21687084582302	36.30401407532907	35.94631174247361	36.877648898735835	35.432242929753684	35.43576827837874	36.812355011077806	37.316303922846345	37.670793692167344	37.078346148833575	37.621086928189754	37.20771536556758	36.542128241887134	36.15351883226899	37.092916720969626	35.33886354750424	37.044135279551675	36.110289326208786	37.09053825101004	35.24768669360094	35.65870585168774	35.95415743516226	35.80892089143751	35.38171510491333	33.97156262218168	31.93186498110257	33.989625961162524	34.149882705591025	35.357767496416	33.89043398931318	34.042851557409094	32.96516356053695	32.013684347712754	31.082757721881922	33.42385637951257	30.084360745471134	28.763651765932487	29.790453538381335	25.4866870845823	27.316753551414052	26.27976019809722	29.123714468867384	22.79091964203877
SRR6444443_1	31.60314066933572	32.25875539316671	32.610292688615075	32.624752205853774	32.38799704590508	34.077078555603066	34.072647413223464	33.26159287907646	33.50619971236444	35.944742877132974	37.341920939091224	37.577673261554004	37.616721732032495	38.360617250359546	37.58369028646946	37.9755354297042	37.27948847514285	37.20205231857582	37.12303805340693	37.81482489213666	37.76954950052474	37.74802347728068	37.75136626890038	37.36797916585688	37.412990243712834	37.296427877327325	37.38128036692969	37.852442958759276	37.70197069226882	37.59665720838031	37.443378551716094	37.70810432619427	37.25983596999261	36.88543553465231	35.880724530648735	36.36719399852295	36.75552532359	36.2211451004781	34.91966416605123	35.57186613285653	36.003653748979666	36.06765654759592	35.07764605278501	34.15053445796245	34.66870602868582	34.77532553348622	32.6400513079644	33.36510281027714	34.33570956582579	33.599214832666064	34.03630427177673	33.187950402301084	33.38758502740312	31.680911105064716	31.82297974890193	31.975854160998175	31.165600802138744	29.412423239919946
SRR6444443_2	30.659423951490652	31.10522019668053	31.972441403972482	30.826641271815603	31.612469390134876	36.20196680530182	35.69005325144789	33.6533214133012	35.09857348311113	36.00414350682163	36.538515955999536	36.230745908967236	36.41614646091655	36.73616822793175	36.82159598865005	36.91053756753605	35.56402223345123	35.54807789481867	36.299350876511056	34.220321063474174	34.77313328409842	36.02353169821588	37.082380378590585	37.47121700936759	37.155618610797994	37.275158393905244	36.647343258055734	35.84800404244568	35.84310646402612	36.75189489641233	34.167606017024916	36.5066739223384	35.75587515061997	36.93489330275586	34.61510475376064	35.113903680957755	35.23256500952307	35.5811482100517	35.343429082287095	33.44100750184631	30.847856337699692	33.457402728650834	33.311175030124	34.93769191899561	32.99796322929218	33.51354607999378	32.299988339099	30.400388696699963	29.88985890309791	31.7344268667159	28.885738718078283	26.556341586659933	28.11653904458351	24.141283476503283	25.06180277529444	24.607043184203366	27.1608288186805	21.675602303048816
SRR6444447_1	32.7022487902078	32.46512951892969	33.03891667683299	32.682607458013095	32.571835224269044	33.69688097271359	33.528608027327074	33.04225123012484	33.6839087471026	36.19366434874547	37.22778252206092	37.720759627506006	37.71299255825302	38.44616323045016	37.61181733154406	38.01733154406084	37.44592737180269	37.37037127404335	37.05930625025416	38.02160139888578	38.206408848765804	37.7837338863812	37.9857183522427	37.50283437029807	37.584262535073805	37.50312716034322	37.5369362774999	37.760465210849496	37.853019397340496	37.5783742019438	37.13400837704852	37.67593021837257	37.391216298645844	36.988288398194456	36.33743239396527	36.47294538652353	36.28690984506527	36.0137611321215	34.539555121792525	35.16491399292424	35.797535683786755	35.802488715383674	34.83906307185556	34.0784595990403	34.41310235451995	34.36699605546745	32.44182017811394	33.47512504574844	33.93701760806799	33.457362449676715	34.12647716644301	32.956593875808224	33.134293034036844	31.379756821601397	31.65428002114595	31.612191452157294	31.015341789875503	27.607657150780817
SRR6444447_2	30.53308120857224	32.08242853076329	31.98531983245903	30.81550160627872	32.06075393436623	35.81135374730592	36.06827701191493	35.71566833394331	35.605506079459964	36.25077467366109	36.476182343133665	36.13273962018625	36.4706762636737	36.58558009027693	36.566565003456546	36.479484364198285	34.70018299377821	35.20154528079378	35.99955268187548	33.68586068073686	34.099280224472366	35.43433776584929	36.65863120653897	37.06875686226668	36.45613435809849	37.12907161156521	36.10372900654711	35.399707209954855	35.51944207230288	36.11345614249116	33.53111300882436	35.70676263673702	35.17570655931031	36.23160505876133	33.83422390305397	34.26822008051727	34.86087593021837	34.506152657476306	33.519246878939455	32.02801838070839	29.3602944166565	31.491106502378916	32.0389329429466	32.59864177951283	30.682770119149286	31.98680818185515	30.177666626001383	27.548794274328003	28.18096051400919	30.762677402301655	26.912756699605545	25.549867837826845	26.735700052864864	22.667398641779513	23.716107519011018	22.40382253670042	25.959727165219874	20.583184675542654
SRR6444449_1	32.3719817272134	32.804002610398086	33.10180552534261	32.552403741570586	32.12664781379161	34.31424842288449	34.49066782684359	33.245943006308465	33.49802044811834	36.075649336523824	37.35419621492277	37.64862301500979	37.63816402001305	38.423963454426804	37.5736610833152	37.97378290189254	37.39992168805743	37.26639112464651	36.48023493582772	37.565203393517514	37.35403959103764	37.439016750054385	37.627304763976504	37.23386556449858	37.24090493800305	36.95452686534696	37.28262780073961	37.37683706765282	37.24915379595389	37.29913421796824	37.073595823363064	37.42404176636937	36.88580378507722	36.727361322601695	35.838311942571245	36.28813574070046	36.30192734391995	35.77338264085273	34.45715031542311	35.251772895366535	35.51605829889058	35.73084185338264	34.58385033717642	33.79090711333479	34.51139438764411	34.689919512725695	32.4375897324342	33.44764846639112	33.939229932564714	33.45411355231673	33.90715684141831	32.93775070698281	33.14454644333261	31.855410050032635	32.309923863389166	32.47561453121601	31.40327719440925	30.156486706432204
SRR6444449_2	30.682619099412662	32.06721775070698	31.73569719382206	31.492103545790734	31.713421796824015	35.796171416140965	35.911725038068305	33.95270828801392	34.8536436806613	35.82493800304546	36.417115510115295	36.35396127909506	36.39206438981945	36.62988905808136	36.61880356754405	36.71550141396563	35.643280400261034	35.98697411355232	36.478886230150096	34.194265825538395	34.47027191646727	35.93731564063519	36.860152273221665	37.32203611050686	36.88749184250598	37.25514030889711	36.53075484011312	35.81476615183815	35.53321731564064	36.370580813574065	34.17910811398738	36.345103328257565	35.51423102023058	36.76692625625408	33.81755927778987	34.58995866869698	34.93855993038939	34.72432455949532	34.61448770937568	33.17947356971938	30.583519686752233	32.649005873395694	32.76703937350446	34.24192299325647	32.03321296497716	32.849110289319114	30.85405264302806	28.98883619752012	28.7904111376985	31.25124211442245	28.484750924515986	26.41065042418969	27.52280182727866	23.52884924951055	24.52070480748314	24.473891668479443	27.236544212280414	21.465199842246506
SRR6444460_1	32.72678939323453	32.436831262045594	32.90204027380873	32.89406526217851	32.127334352362595	36.04339735495448	36.17970359540108	32.94204824882036	33.50428656875125	35.311211537183496	37.537622117365586	37.68916063002592	37.3945105336612	38.417624775702805	37.53787465940054	37.83903768192995	37.27314414833522	37.310493786136774	36.89581976473716	36.15605768591746	36.598511331162356	36.83209942181166	37.654695288097294	36.92278859573337	37.35314680667243	36.12086130125606	36.3505549278926	35.632165880241914	35.397766996743535	36.19005781883432	35.96498969894331	36.655306705655605	35.6675217651359	35.662843091646174	33.562025652954084	36.2673622649033	35.80147537715159	35.36901707981657	34.33855253538911	34.91905363195321	34.830079085532	35.62623778826344	34.569920914468	34.700684521831604	34.58334551737888	34.8160696484349	33.306227154914595	33.050734365654286	34.679590616069646	33.74624842161228	34.00487804878049	33.793340865288755	33.75329301521898	31.949185884229415	32.749916926962186	32.88735296072307	29.953911634911503	29.25045031799159
SRR6444460_2	31.955938060743005	31.924503223233867	31.70545623712368	31.237323054429453	31.477703196650495	35.423140825413704	34.351099887020666	31.494118428922707	32.6442480228617	34.286449126071645	35.89661726590018	35.931202233003255	36.83049112779956	37.04237389512859	36.515557918521964	35.72552668305975	34.133182694224764	35.44977736425866	36.23026516913671	34.0317937130325	33.80381471389646	36.30843357479897	36.719213132185814	36.72805210340932	36.982973350169466	37.08377749717552	36.771077291154384	35.36888416295608	34.62952083471788	36.102492191134445	33.815086063667174	35.68262112048914	35.46094238054097	36.38301322522762	33.63935668239516	33.43614009437097	33.099076227819495	31.27921844886024	30.547577590217315	32.85777895926098	27.667415431647505	28.66887751711305	30.292775968631624	32.68642254269954	28.625333953612017	28.484960457234003	27.632538047451316	28.7202897587559	26.948228882833785	28.847624111118495	26.257539708912077	25.1026118163089	24.084774373629294	22.9948029507543	24.13837974347046	24.547218714693958	27.098273817719836	21.086047441314996
SRR6444461_1	31.625030929875784	32.58103627455832	32.68728658385708	32.31533626960954	32.29405651506904	34.268520809620426	34.31221853813035	33.39283416637799	33.7550353837779	36.176790221210474	37.38633146929282	37.71707824021379	37.71744444994309	38.468204087692385	37.62862374424704	38.06602662443708	37.47653783342406	37.36481417330628	37.227000544365815	37.91403968921661	37.80856138961745	37.72194783985747	37.85034888899886	37.5210471618746	37.52786658088781	37.32790617112882	37.48968179343792	37.82993022220023	37.65926659078538	37.5985945464443	37.52035433265699	37.69040431533627	37.21969614490028	36.994764190627016	36.153154847330136	36.61666749146335	36.8236848616816	36.28991933488395	35.10807146038501	35.735537190082646	36.215855891522736	36.3232246251299	35.19823823427525	34.35844014450438	34.91656356708071	35.188142722818824	32.81076854555352	33.61212451130796	34.29120601771663	34.018548027911116	34.45790072747068	33.622813876379475	33.79844608304053	31.84376701143168	31.891394071361407	31.987073786311676	31.250160329754188	29.54959974497237
SRR6444461_2	32.15356064730044	32.00133617063394	31.979017172267035	31.55559954471223	31.66556143910526	35.45058643044489	35.703172168060576	34.95526302766368	35.336517048547535	36.02839610036126	36.56685307071807	36.332934131736536	36.63953085564408	36.86575939031029	36.851962191319835	36.750195476814966	35.73370614143614	35.35480773989212	35.83682882169545	33.85257584005543	34.46885732666898	35.54825555500569	36.4452714405899	36.95179888157569	36.664551887959625	36.954956203295886	36.15586677883901	35.47589449200772	35.47725045776216	36.109971791953285	33.70824961646954	35.892829217597864	35.560914534567225	36.411708813777395	34.392418468847424	34.967793338941945	34.807581531152564	34.716632850002476	34.60130647795318	32.86900579007275	30.493809076062746	33.133330034146574	32.966348295145245	34.28326817439502	32.05441678626219	32.97881922106201	32.08309991587074	30.268312960855148	29.674469243331522	31.829752066115702	28.765408026921364	26.49675854901767	28.00502796060771	23.895412480823474	24.755748008115997	24.31755332310585	26.895568031828798	21.68693527290112
SRR6444464_1	32.68930012030288	32.49532941759253	32.8440662373505	32.67649140188239	32.44565140471304	34.203028801924845	33.85146132616234	32.90464227584743	33.37421272379874	35.937980326940774	37.34157526006652	37.47555728540089	37.47767320076427	38.41364376194183	37.601747930082794	38.042091854787344	37.33540442997665	37.35167362536268	36.8375628051801	37.5698110537117	37.3196872125115	37.22751397636402	37.66088741065742	37.37094331611351	37.39339749486943	37.096185691033895	37.293800863350086	37.16780128794848	36.77877007996604	37.19763640223622	36.87199065883519	37.114089590262545	36.86819757978911	36.6180666619489	35.59371594366995	35.76558629962494	35.98097091500955	35.582032411011255	34.45311725992499	34.88038355388861	35.02371382067795	34.86063265161702	34.08601655933763	33.47283985563655	34.16525369754441	34.09163541150662	32.31877432595004	33.50977991649565	33.72820041044512	33.057193404571514	33.50080673696129	32.45650697049041	32.677262755643625	31.299448022079115	31.423869506758194	32.22222772627556	31.751378514657564	30.909077653055647
SRR6444464_2	31.153598471445758	32.29757271247612	31.898379449437407	30.993666407189867	31.528271176845234	35.89997169343995	35.788408463661455	34.48213148397141	35.215377538744605	36.339119665982594	36.630125256528196	36.68341943245347	36.60310664496497	37.11289363810063	37.2466279810346	37.03166796405067	36.41604981954568	36.13986978982379	37.01863986978982	35.691776944306845	35.697501946076	37.0429976647088	37.32810841412497	37.750583822800934	37.32580142948128	37.75209114712335	37.351977920883165	36.759146557214635	36.10319864128512	37.30046705824075	35.51573137074517	37.34799377255679	36.064142665062626	37.09080744462529	35.24051376406482	35.857893991932634	35.99900219375841	35.716481494586375	35.4467482839148	34.04567971127308	32.15290496072465	34.2742481069988	34.14011747222419	35.15509871912816	33.5405633005449	33.78418370957469	32.544080390630526	31.256223904889957	30.89936310239898	32.95696695209115	30.007642771212232	28.93480291557568	29.89545679711273	25.36794989738872	27.50481919184771	26.63011817988819	29.541282562282287	22.743745121799652
SRR6444479_1	31.673491379310345	32.66893236074271	32.83894230769231	32.799320291777185	32.43368700265252	33.56813660477454	33.7865550397878	33.291031167108756	33.26152188328913	36.29883952254642	37.386753978779836	37.709499336870024	37.72624336870026	38.47413793103449	37.61021220159151	38.04462864721485	37.469313660477454	37.317208222811665	37.2190649867374	37.879426392572945	37.83304045092838	37.637185013262595	37.85276856763926	37.580503978779845	37.42586206896552	37.33381962864722	37.56125663129974	37.6063826259947	37.54224137931035	37.5475298408488	37.388146551724134	37.72569628647214	37.30411140583554	37.11379310344827	35.90676392572944	36.24512599469496	36.22834880636604	35.81916445623342	34.31163793103448	35.33899204244032	35.743617374005304	35.90784151193635	34.51755636604774	33.53537798408488	34.3420424403183	34.75867042440318	32.24815981432361	33.358405172413796	33.736919761273214	33.308819628647214	33.82289456233421	32.89272214854112	32.92009283819628	31.06410809018568	31.406631299734745	31.724602122015916	31.138205979472296	29.350761648745518
SRR6444479_2	30.742374005305038	31.34847480106101	31.784234084880637	31.6970324933687	32.09142904509284	35.73052055702918	35.62955901856764	34.47554708222812	35.023209549071616	35.818202917771885	36.3056697612732	36.06846816976127	36.289025198938994	36.41248342175066	36.54855769230769	36.45106100795756	35.73378647214854	35.475082891246686	36.31059350132627	34.08068633952255	34.30341511936339	35.70784151193634	36.69524204244031	37.36210212201591	36.85048076923077	37.26875	36.307493368700264	35.73614058355437	35.51314655172414	36.28628978779841	33.7224801061008	36.41293103448276	35.457907824933685	36.60336538461539	34.1170424403183	34.79159482758621	35.09620358090186	34.8669927055703	34.47644230769231	32.69970159151194	30.180785809018566	32.30850464190981	32.71178713527851	33.86901525198939	31.596303050397875	32.49648541114058	30.980968169761276	28.73597480106101	28.467257957559685	30.592490053050398	28.04098143236074	25.605338196286475	27.242224801061006	22.947480106100794	23.91356100795756	22.87629310344828	25.924038461538466	20.867589668964747
SRR6444482_1	31.783638488507986	32.336423841059606	32.67027658745617	32.722594468250875	32.43817686014803	34.09844176081028	34.09259836384885	33.20003895597974	33.30288274250098	36.151788079470194	37.348733930658355	37.66534476042072	37.66691858200234	38.417109466303074	37.62151149201402	37.97026879626022	37.42775223996884	37.36671601090767	37.02906895208415	37.66004674717569	37.54544604596805	37.513704713673555	37.72968445656408	37.41790416828983	37.34531359563693	37.11904947409427	37.42307752239969	37.53269185820024	37.36033502142578	37.39962602259446	36.95404752629529	37.50629528632645	36.94044409816907	36.711040124659135	35.919252045188934	36.263911180366186	36.32007012076353	35.87777950915465	34.55419555901831	35.37756914686404	35.69760031164784	35.98207245812232	34.81136735488898	33.840031164783795	34.56503311258278	34.91270744059213	32.754055317491236	33.60171406310868	34.216680950525905	33.584729255940786	34.07758472925594	33.19522399688352	33.42829762368523	31.890697312037396	32.14717569146863	32.29805220101285	31.369354762726978	30.153162462412773
SRR6444482_2	30.943903389170238	31.70997273081418	31.956291390728477	31.038059992208805	31.653447604207244	35.98640436306973	36.13474873393066	34.161940007791195	35.12539929879237	36.07763926762758	36.58594468250877	36.38021815348655	36.680179197506824	36.88990261005064	36.861916634203354	36.94728476821192	35.53467861316712	35.29894039735099	36.08978574211142	33.90690299961044	34.4487573042462	35.71135177249708	36.603085313595635	37.139096221269966	36.67502142578886	37.11771717958707	36.20251655629139	35.544799376704326	35.53652512660693	36.14839890923257	33.68287495130503	36.078184651343975	35.65815348656018	36.33678223607323	34.15588624853915	34.45770159719517	34.92964550058434	34.67660303856642	34.33469419555902	33.132380210362285	30.461301129723417	32.63164004674718	32.80856252434749	34.25458511881574	32.003856641994545	32.94106739384495	31.297670432411376	29.10180755746007	29.29798987144527	31.268539150759636	28.40460459680561	26.362041293338525	27.512699649396183	23.63527074405921	24.79999220880405	24.038543046357617	27.183843087918046	21.63519037057047
SRR6444503_1	32.44663131295156	32.890700074741076	33.14435704879524	32.57682314837883	32.2490657365555	34.132327294728974	34.15261415809517	33.17774139587856	33.35171014699078	35.999110225290956	37.334968146065414	37.629903548421545	37.596348364594085	38.39080328860733	37.54525394170196	37.9764957112859	37.38417624657437	37.42514147417873	36.88355340427804	37.64131401929031	37.59135850802577	37.512730896537	37.77364843221696	37.43725664661708	37.504402605260346	37.14832188489875	37.449941274869204	37.58711606221304	37.31844680926789	37.50085062462184	36.979136562622344	37.49882193828522	36.99196355482791	36.70786204932911	36.21128946150834	36.323586147987335	36.438246076093534	36.07265544364167	35.20279745168523	35.32538705199843	35.84828273481155	35.78215467843542	35.04467380859167	34.280115314802295	34.722276399615616	35.037498665337935	33.13486137310033	34.06560842794604	34.424899455457876	33.75840837100046	34.32940883368331	33.26743068655017	33.78653948820158	32.426273267608636	32.36332704559205	32.887902623055844	32.08631187731335	31.463085161509618
SRR6444503_2	31.13940990141296	31.97028152471794	32.129337651706585	31.98715165320141	32.11093711072356	36.33281133217069	36.12207709008079	35.42481403708581	35.304516496423105	36.134455635833014	36.55130440972346	36.54710467309677	36.679481795209455	36.931942912054666	36.92599209880059	37.06778659643378	36.0351923692921	35.87621454247784	36.46169341922625	35.035747588710535	35.06684699434103	36.314731110082924	36.669395309107735	37.05032565754351	36.526896109904975	37.19715983912873	36.63554827917571	35.897284407587996	35.74706908210841	36.42319108801651	34.34983806100295	36.407716126276824	35.71404776310638	36.25501654980958	34.54362387443499	34.750243798270276	35.10517848880663	34.68460689753355	34.4455920560914	33.402583905755066	31.422721286970138	33.548378830480125	33.442388867138845	34.810079367904045	32.767384418265294	33.24592661138199	31.91918710182582	30.26913905399153	30.360308929778977	32.28353204968502	29.655571769228033	28.440481190162654	29.033661956792542	25.28252838381322	26.790070114247072	26.049079972950853	28.873240750950902	22.927911468772468
SRR6444511_1	32.47757618347921	32.52587363444707	32.86341276432633	32.82092889541941	32.31776656232032	35.1399731680828	35.120264486041016	33.11128857088098	33.36114482846739	35.58981664856577	37.444892352903594	37.673283076726506	37.56308055963713	38.37810643327158	37.560908452053916	38.05066121510254	37.39309397559573	37.445697310419725	36.91311569667157	37.51486615984156	37.599904171724276	37.59014885325497	37.70441448923528	37.26868331949147	37.70118827061905	37.13996039097937	37.26337443301603	37.5276815945825	37.097617070210184	37.411927426052515	37.16591068804702	37.30100300261931	36.83092059030218	36.589337507187125	35.74183223663195	36.088590046636426	36.48596435188142	35.88179262761132	34.99497859835175	35.17507825975851	35.43033284354437	35.28083434485402	34.83773078643072	33.95754807385166	34.505692199578355	34.60109883089503	32.71597137928832	33.301680189101134	34.23759023829298	33.495751613109306	33.84341020890564	32.88231010030026	33.39230179518303	31.821350539832622	31.687433718775953	32.43762856960327	31.50868933113579	23.490232187805002
SRR6444511_2	31.177218424583145	31.78470580719351	32.01277710343065	31.633041589471667	31.441672522839074	35.77898805340829	35.65067399220597	34.510093911710214	34.86603207052961	36.00965949019357	36.569181626525264	36.588360058774676	36.95096147703315	37.13828659042995	37.03949402670415	36.87502076279308	36.35529930364786	36.54708362614195	36.7694499456973	35.65353606337443	35.660109883089504	36.77137289976362	37.11201686577653	37.36167507825976	37.02764326327222	37.44602951510892	37.17045294831662	36.388577269533	35.7072957260589	37.071360122660195	35.41367788922251	36.91793266466492	35.9787836197534	36.75732447454162	34.84954960710407	35.223816520794735	35.42404012010478	34.53462595029707	34.487663706637704	33.74245831470006	31.697463744969014	33.90251070082412	33.6361400370536	34.80875870440171	33.18192678719735	33.19165016290806	32.112802657637516	31.323158499968052	30.788570880981286	32.513978151153125	29.926071679550244	28.942803296492684	28.89611576055708	25.30075384910241	27.127751868651377	27.318092378457806	29.371021804156193	22.922160909748513
SRR6444522_1	32.34024572118457	32.48934734748953	32.8901001349336	32.70691002059513	32.45156593991904	34.71482849229458	34.6770825935658	33.345181450181094	33.784745401605	35.955777288544844	37.387124493999	37.64131808820396	37.689013564377525	38.43253320076699	37.61973581421775	38.08019316809886	37.45516653646758	37.314814288757894	36.89301185995313	37.70668986577658	37.691357147929835	37.618698956040056	37.87187699737235	37.15843334990412	37.47285704140331	37.21409701015553	37.2722391875577	37.56916412186634	37.44949222356367	37.54101271216533	37.27331865634543	37.58150699524182	37.07417086854626	36.879156309921164	36.04035934947802	36.73087138697535	36.795738938995804	36.3520346566295	35.09776294297281	35.826319153469214	35.99665506711172	36.2266529365812	35.127000923229886	34.51289681130602	34.92142603508273	35.02445138839572	33.07060578083943	33.72224984021021	34.580541154747536	33.921014132519	34.5973581421774	33.640472977771466	33.783971308855904	32.135508841701586	32.39213124067893	32.33517505858959	31.455344596580925	29.601098396288425
SRR6444522_2	30.971557417797033	31.437539947446915	31.5336623819331	31.03522477096797	31.73922306654357	35.66444144592003	35.504900220154816	35.238264327817625	35.15961224344862	35.93016121014132	36.455557133726295	36.337099637809814	36.637362403238406	36.83099921880548	36.91862083658832	36.770158369433986	35.67052766138769	36.12516866699808	36.51518358071159	34.5175981819473	35.11946594702081	36.24688587458277	37.07349620055394	37.466323414530216	37.120588026418574	37.321788225268094	36.81548185498188	36.09828847382998	35.73805837653576	36.71801718627938	34.854342731340104	36.66198423407428	35.87571905404446	37.00841559548327	34.597045664370434	34.85827711100064	35.383665932817266	34.984752503373336	34.91496342589305	33.500376393722036	30.835075633832826	33.2066756622399	33.184376109651296	34.587564803636106	32.53473474895249	33.36917122363468	31.86257368084653	29.919636389460976	29.846651516227542	32.00070307506569	29.130828776365313	26.966245295078476	27.830147006604648	24.04618990128542	24.99661245650167	24.933662381933104	27.354199947409892	21.6610476085326
SRR6444523_1	32.49507603887508	32.63772561428433	32.92986987827322	32.8312292144264	31.985986890962515	34.2724484194892	34.32452939846954	33.04710858545091	33.6325272028672	35.59821768751412	37.31120080074909	37.438720092990216	37.50254108682315	38.301482031577926	37.52822317651997	37.90270252817151	37.11266023053825	37.2672370927642	36.85612992799716	37.77532530431695	37.648522811662524	37.524574602047075	37.714526492525266	36.95540989958348	37.4557618417229	37.23856510929579	37.1605501921152	37.565884214264955	37.44497110199865	37.44580413935617	37.01770042943399	37.22719318071745	36.91575990442672	36.519666785056984	35.717238707177685	36.24860030350974	36.57194149365535	36.355009525039556	34.95300765231991	35.674011171741306	35.58534758322302	35.66748894126764	34.96236479287075	34.341002873655995	34.68540247328146	34.496755028898	32.804178102095506	33.25424429304833	34.34399276742759	33.47456007232573	34.06673985341125	33.25483839721029	33.33464854218463	31.778147299086243	32.063833909140804	32.25917794065416	30.9231983130123	29.882126491191674
SRR6444523_2	31.154951406154144	31.776855768299377	31.947951309289333	31.335216815730845	31.692744825804784	36.03997287785348	36.11849794969488	34.17409835006942	35.06854799651287	36.060927964870366	36.382086467986184	36.41898550256691	36.530154015046335	36.88396241645411	36.9015530657712	36.93063188143748	35.51687707855736	35.76468954828711	36.26553872977947	34.37864453843919	35.23575602983436	36.34791902101966	36.69537309095605	37.34372154596235	36.97904491298311	37.18422395143845	36.72613735429918	35.91474605275903	35.562235639792064	36.749733621775206	34.88834716347551	36.355145135772176	35.40277679119176	36.6050046817991	34.58647767266152	34.6803138419812	35.311239546672695	34.75617190274773	34.984243324400246	32.737515740531464	30.832817797294247	33.06761809434632	32.67243550418133	34.10183720254431	32.323851344806435	33.42296341739046	31.956940363565923	30.035684995641084	29.210312873333116	30.940247328145688	28.52503955313035	26.559471763908174	27.525104129669693	23.64006328500856	24.44281424558458	25.202066449258982	27.355549399589687	21.6467531765433
SRR6444527_1	32.87642880470281	32.37275473546701	32.867284454604835	32.68974526453299	32.468770411495754	33.563357282821684	33.39647289353364	33.03735303723057	33.234160679294575	36.16725179621162	37.318950032658385	37.726232854343564	37.722117896799475	38.4786985630307	37.66067112998041	38.08260940561725	37.52287720444154	37.42298334421947	37.060581319399084	38.13051110385369	38.10382919660353	37.85920150228609	38.03741018941868	37.566696603527106	37.60020411495754	37.463708360548665	37.630168190725016	37.83338504245591	37.92280372305683	37.7861120182887	37.19873448726322	37.81658229915089	37.516810907903334	37.18217668190725	36.37735956890921	36.44640757674723	36.6463177661659	36.3111120182887	35.1120264532985	35.730845852384064	36.221619856303064	36.25745427824951	35.16686806009144	34.30021227955585	34.74890594382756	34.75245754408883	32.98487916394514	33.998187459177004	34.328380143696926	33.812418354016984	34.62462442847812	33.542578380143695	33.65948726322665	32.09199052906597	32.227228935336385	32.278690398432396	31.5570214277704	30.23559979076482
SRR6444527_2	31.898963096015677	31.887001959503593	32.10630306988896	29.936152841280208	31.134470934030045	35.23881450032658	35.527882103200525	34.17431417374265	35.317602873938604	36.09328053559765	36.63345852384062	36.37726975832789	36.629964075767475	36.830886675375574	36.85391084258655	36.93020901371653	35.424836708033965	35.586536577400395	36.358450359242326	34.07340790333116	34.56498203788374	35.772003592423246	37.022207707380794	37.477506531678635	36.87747387328544	37.376722730241674	36.61226322664925	35.950400065316785	35.91753755715219	36.55704604833442	34.15286577400392	36.309177008491176	35.65502122795559	36.829547681254084	34.35153494448073	34.8444317439582	35.419048007838015	35.35412312214239	34.552220770738074	33.129261920313525	30.359593403004574	32.5347077073808	33.052980078380145	33.832993141737425	32.07993141737426	33.17877204441542	31.277571848465055	28.75660516002613	29.352669823644675	31.851877857609406	28.216794578706725	26.47430600914435	27.783254408883078	23.594644023514043	24.890749510124103	23.426600261267147	27.223497243563877	21.375164349490554
SRR6444528_1	31.544088830829523	32.62330876178035	32.76560604646823	32.22231034804516	32.24624428478119	34.07600074647756	33.94098161799011	33.15671363254642	33.400858449192874	36.120910702622	37.37107399458804	37.67187645796399	37.65833722123729	38.447205374638415	37.59750863114677	38.07039283381543	37.41597461976299	37.468722590277125	37.019165811327795	37.88171129980405	37.95136698702995	37.84529252589344	37.99644490062517	37.482952318745916	37.685369039843245	37.38814033778109	37.62502566016609	37.911318465988614	37.647074741065595	37.75251469627695	37.276663245311184	37.7933843426332	37.32552953251843	37.07871605859849	36.416870392833815	36.57970514136419	36.86446766819072	36.475674162545495	35.56601660912569	35.668088084351965	36.30825790799664	36.1537650461883	35.3063077353737	34.56202295418494	35.01899785387702	35.36660446020342	33.36877857609405	34.35638704861435	34.53774377157787	33.91103853690398	34.79630493608286	33.71830736213492	33.99125688159	32.62656527013157	32.57981711299804	32.947671923112814	32.599635436620396	26.768637339844773
SRR6444528_2	31.252589344032845	31.916487823084818	32.3294298777643	30.991695437155922	31.645563124008586	36.212606139777925	36.1105719884296	35.400858449192874	35.67845479145283	36.444863301297005	36.93153867686853	36.816525146962775	37.08829896426239	37.30041056265746	37.34090697023421	37.41795278529439	36.68749650088644	36.827358402538025	37.109928151534945	35.76706167770831	35.87842679854437	36.97074741065596	37.30458150601848	37.67641130913502	37.224316506485025	37.693766912382195	37.24616963702529	36.57624335168424	36.537977045815055	37.22979378557432	35.52598675002332	37.120406830269665	36.40880843519641	37.08857889334702	35.57192311281142	35.770196883456194	36.154558178594755	35.79753662405524	35.74658953065223	34.87103667071008	33.129373891947374	34.80540263133339	34.86376784547914	36.13465522067743	34.475543528972665	34.665904637491835	33.58996920780069	31.906214425678826	31.880246337594475	33.68310161425772	31.374554446206965	29.90171689838574	30.424904357562752	26.715172156387048	28.333852757301486	27.478986656713637	30.199286168643674	23.54572907935701
SRR6444530_1	32.19195016770484	32.74427407762338	32.833828461907046	32.83411595591758	32.29142309535218	35.36526114039291	35.52036415908002	33.31207474844274	33.75227599425012	35.63940584571155	37.44680402491615	37.669286056540486	37.64155246765692	38.40050790608529	37.60428366075707	38.075850503114516	37.44468615237182	37.3414374700527	36.89019645424054	37.511557259223764	37.69381887877336	37.709305222807856	37.76104456157164	37.245884044082416	37.61437470052707	37.195610924772396	37.31369429803546	37.690915189266896	37.455984666986105	37.57928126497365	37.34941063727839	37.57626257786296	36.98881648298995	36.79269765213225	36.006382367034014	36.59902252036416	36.8282127455678	36.25365596550072	35.06832774317202	35.67946334451366	35.76706276952564	35.97233349305223	35.05980833732631	34.35437470052707	34.71767129851461	34.95414470531864	32.921839961667466	33.29038811691423	34.552927647340674	33.79831336847149	34.321648298993765	33.437661715380926	33.7181217057978	31.91885960709152	32.31310972688069	32.36199329180642	31.202574445142353	24.602636491381737
SRR6444530_2	30.352228078581696	31.13363679923335	31.633301389554383	31.369333972208914	31.084523239099184	35.51126018207954	35.86919022520364	33.441447053186394	34.497795879252514	35.78377575467177	36.22899856252995	35.89984666986104	36.27888835649257	36.53415428845233	36.622539530426444	36.29425970292285	35.244484906564445	35.765826545280305	35.833972208912314	34.07239099185434	34.608471490177294	35.98874940105414	36.77047436511739	37.08477240057499	36.833751796837575	37.04236703402013	36.590138955438434	35.66868231911836	34.92711068519405	36.54020124580738	34.33418303785338	36.357201724964064	35.423890752275994	36.645999041686636	33.58525155725921	34.10421657882127	34.55902252036417	34.13026353617633	34.207426928605656	32.223334930522284	29.59202683277432	32.40783900335409	31.927139434595112	33.91498802108289	31.462779108768565	32.05579300431241	30.47503593675132	28.9895927168184	28.548835649257306	30.734192620987063	28.13969333972209	25.724619070436034	26.3862673694298	22.865471969333974	23.66032582654528	24.059032103497845	26.176483126321376	21.14588508837826
SRR6444531_1	32.500116279069765	32.540377906976744	32.9459011627907	32.69279069767442	32.53941860465116	34.5175	34.38520348837209	33.21220930232558	33.71875	36.01843604651163	37.377534883720934	37.63682558139534	37.58901744186047	38.396005813953494	37.57013953488372	38.05966279069767	37.35678488372093	37.46928488372093	36.87061627906977	37.807488372093026	37.869552325581395	37.72188953488372	37.89212790697674	37.36330813953488	37.721534883720935	37.29223255813953	37.42068023255814	37.719587209302325	37.52068604651163	37.61581395348837	37.18431395348837	37.61661627906977	37.187058139534884	36.910889534883715	36.49366279069768	36.53175	36.86514534883721	36.463366279069774	35.53375581395348	35.60476744186047	35.95723255813953	35.951366279069774	35.30502906976744	34.65979069767442	34.94616860465116	35.13756395348837	33.26283720930233	34.23540697674419	34.54188372093023	33.876616279069765	34.73378488372093	33.72968604651163	34.02211627906977	32.74245930232558	32.61665697674418	33.05711627906977	32.44661946059619	31.415671949551985
SRR6444531_2	32.30145348837209	32.27206395348837	32.24595930232558	31.718372093023255	32.014767441860464	35.72040697674419	35.881947674418605	35.13369186046511	35.37046511627907	36.233383720930235	36.7138488372093	36.69383720930232	36.860872093023254	37.17881395348837	37.108360465116284	37.25233139534884	36.449209302325585	36.685709302325584	36.83182558139534	35.582499999999996	35.645430232558134	36.80968604651163	37.210622093023254	37.5208488372093	37.111953488372095	37.53660465116279	37.163656976744186	36.43688953488372	36.29398255813953	37.09256395348837	35.34798837209302	37.02242441860464	36.36282558139535	37.03142441860465	35.29984302325582	35.33711046511628	35.90512209302325	35.49548837209302	35.480633720930236	34.44087209302326	32.396389534883724	34.66664534883721	34.68056976744187	35.761063953488375	34.065081395348834	34.509412790697674	33.4267034883721	31.567127906976744	31.93624418604651	33.454267441860466	30.89920930232558	29.573575581395346	30.042226744186046	26.31633139534884	27.893843023255812	27.61942441860465	30.236421408607157	23.5677171874717
SRR6444533_1	32.2895380850413	32.59483022330988	32.54389721627409	32.72708269603345	32.24400938105435	35.028143163046806	35.100387478331804	33.245640868767204	33.58759049658407	35.77188742734781	37.36904252064851	37.64036912409503	37.64816967472213	38.39045579687978	37.55549097583359	38.025481798715205	37.385714285714286	37.31479555419598	36.91816049760375	37.579269909248495	37.71127765881513	37.65841745691853	37.74821046191496	37.3009584990313	37.56238401142042	37.19935760171306	37.2994289793005	37.60729071071683	37.39161823187519	37.460589374936276	37.16590190680126	37.440695421637606	36.95753033547466	36.693270113184454	35.67136739063933	36.153900275313546	36.415305394106255	35.81936371979199	34.49157744468237	35.3304170490466	35.29231161415315	35.425186091567255	34.66307739369837	33.786377077597635	34.26085449168961	34.41829305598042	32.25790761700826	32.97301927194861	33.95192209646171	33.33600489446314	33.5328846742123	32.802488018762105	33.00749464668094	31.45523605587845	31.714683389415722	31.982961150198843	30.747642047445833	24.424590163934425
SRR6444533_2	32.09901091057408	32.04053227286632	32.015193229325995	31.530845314571224	31.628734577342716	35.39864382583869	35.60844294891404	34.57703681044152	34.91087998368512	35.906311818089115	36.42554297950444	36.25348220658713	36.730049964311206	36.8524727235648	36.72627714897523	36.62418680534313	35.423615784643616	36.11452024064444	36.20431324564087	34.22850005098399	34.93485265626593	36.14269399408586	36.82657285612318	37.3631181808912	36.95919241358214	37.27638421535637	36.83111043132457	35.973029468746816	35.579188334862856	36.71449984704803	34.844519220964614	36.32677679208729	35.770724992352406	36.87087794432548	34.47378403181401	34.94365249311716	35.24079738961966	34.638472519628834	34.50729071071684	33.07747527276435	30.609809319873555	33.13336392372794	32.98224737432446	34.24579382074028	32.53474049148567	33.23608646884878	31.537075558274704	29.691689609462628	29.368838584684408	31.65128989497298	28.86167023554604	26.66785969205669	27.5005710206995	23.810064239828698	24.654970939125114	25.289803201794637	27.506223335591102	21.695986918514187
SRR6444535_1	31.56032354640475	32.61321497977835	32.766059141761644	32.73254897841273	32.35464047481485	34.235464047481486	34.46252429224224	33.34965071694942	33.61936026051789	36.170366090656024	37.42290036241398	37.72537423183991	37.69068753611009	38.45960397079679	37.64231314669888	38.0447187352277	37.500667051840956	37.36480907610694	37.28065549661221	37.92105677819213	37.84497084930931	37.874132044750255	37.92137192079416	37.448773570040444	37.532706549713744	37.35196176269763	37.55511318871789	37.8563580019959	37.70819896002941	37.751384001260575	37.68517254057461	37.860349808288255	37.38131204369977	37.21701770050948	35.93721308892274	36.36837018750985	36.73189768370188	36.007952098324495	34.64272283208152	35.38242554756027	35.97076527128526	36.121455958821365	34.75556489311414	33.736551289458475	34.59914911497453	35.03836335942014	32.59106045485582	33.38556646882714	34.16196228793528	33.70550974315878	34.2046325962498	33.04303797468354	33.33622564210306	31.3436209884973	31.664656757182627	31.897000892904043	31.252064380406715	29.56535696220297
SRR6444535_2	30.575187772467043	31.363516991438626	31.720205893166657	30.872367246178896	31.312936603813224	35.77120647092809	35.98823467619098	33.975313829507854	34.875203529597144	35.819748936393715	36.428993119386526	36.06795524975051	36.44050632911392	36.44983455013393	36.56101686012921	36.388665371080414	35.572456536582806	35.52593098377015	36.13315825410998	34.02031619307736	34.54215032302117	35.81096696255055	36.811114029098164	37.18805609538316	36.825558065024424	37.14728714743421	36.36160512631966	35.58455801250066	35.28466831241137	36.32686590682283	33.83949787278744	36.294836913703456	35.640170177005096	36.710573034298015	33.91848311360891	34.558380167025575	34.78819265717737	34.67091759020957	34.405851147644306	32.92465990860864	29.988360733231787	32.31891380849835	32.5885603235464	34.23967645359525	31.807868060297285	32.429602395083776	31.263049529912287	29.358327643258576	28.755480855086926	31.09722149272546	28.3425810179106	25.73711854614213	27.03969746310205	23.005830138137508	23.796018698461054	23.21818372813698	25.864433541795144	20.90318308616102
SRR6444536_1	32.28958254983076	32.63816806652459	32.96485729806527	32.87819146713468	32.1332163302829	34.57247921106514	34.56566796205758	33.3200033429443	33.65626175253855	36.01963144039112	37.27433036647027	37.64811332581171	37.649132923822656	38.38456395470311	37.51512264426894	37.978563369687855	37.45732313735322	37.29618486481969	37.091471313359236	37.801370607162255	37.76652877021437	37.77059044753667	37.764882370147504	37.27539175128494	37.47378713802181	37.277614809243246	37.339183485855166	37.802523922945134	37.632359700806475	37.63008649868372	37.568567966236266	37.67121307091221	37.171317537921524	36.94199155906564	35.902728678283395	36.30400735447746	36.59678241611299	35.90165893610797	34.53411056788266	35.30563703982283	35.651464627470645	35.73876561781789	34.5734988090761	33.70705779114955	34.38099536166479	34.694028665747354	32.104132714888635	33.012611257364924	33.86248798629393	33.3640549914337	34.024244703522626	32.94280222305796	33.05719777694204	31.217659103255187	31.35787054448205	31.558605992227655	30.71255079821099	29.100641084546076
SRR6444536_2	32.134135639964896	32.11403618737203	32.06598136308554	31.66294764113493	31.746019806944968	35.596297689189754	35.820024236346164	34.915423509255774	35.2933015753625	36.0908027244996	36.6552254398061	36.5215661694037	36.86425974677197	36.97630688228658	37.0350256988843	37.03503405624504	36.1879068990013	36.40858300948561	36.56103798420459	34.591609209811544	35.42739542852367	36.407763988132544	37.273795495382565	37.58468095775354	37.197283857757725	37.44321591241486	36.946395888178515	36.17501149137102	36.035426852200075	36.902569888429234	35.0593790480966	36.82097697547115	36.28313066733526	37.16139735071664	34.879879654005265	35.40478041034642	35.72956416363712	35.46476954577745	35.415327399607214	33.579273745351216	31.035435209560823	33.71488028080732	33.572270277046506	34.88640675274748	32.967765659604694	33.6682712799298	32.574802557352385	30.693243073837284	30.400668588859638	32.37595587313526	29.390740044294013	27.103915423509257	28.36206593957628	24.202841502653463	25.09870878776482	25.107534160712046	27.433212741821478	21.701722122181074
SRR6444545_1	32.6526768010575	32.907468605419695	32.919117647058826	32.91250826173166	32.61368142762723	34.18208856576339	34.304610046265694	33.62888301387971	33.399785194976864	36.080023132848645	37.36920026437541	37.70307336417713	37.727974223397226	38.427858559154	37.62088565763384	38.058740912095175	37.44284534038334	37.33932584269663	36.874785194976866	37.828767349636486	38.05902181097158	38.07283542630535	37.94122604097819	37.43820224719101	37.550429610046265	37.36044282881692	37.53858228684732	37.99745538664904	37.92656972901519	37.86758096497026	37.056146728354264	37.93033707865168	37.220918704560475	36.90236285525447	36.54763714474554	36.837243886318575	37.13772306675479	36.693886318572375	35.603536021150035	36.12328155981494	36.44529081295439	36.598876404494376	35.61898545935228	34.97267019167217	35.23000660938533	35.49684401850628	33.79315928618638	34.22146397884997	34.93778916060806	34.11839061467283	34.946645736946465	34.119993390614674	34.409567085261074	33.10515532055519	33.292415730337076	33.43488103106411	32.05449065426792	30.88961742978656
SRR6444545_2	30.26652346331791	31.011896893588897	31.03362524785195	29.902098479841374	31.447372769332453	35.56824190350297	35.49504296100463	35.38987111698612	35.09988433575678	35.905237937871775	36.415598149372116	36.1289656311963	36.30998017184402	36.56320224719101	36.755370125578324	36.83037012557832	35.52148050231328	36.191027759418375	36.26606080634501	34.220290812954396	34.780270984798406	35.92105089226702	37.10465961665565	37.548066754791805	37.00403172504957	37.31609385327165	36.643175809649705	35.89471249173827	35.702693324520816	36.636483807005945	33.86617647058823	36.48037012557832	35.58732650363517	36.80955056179776	33.980998017184405	34.00702247191011	35.116705221414406	35.25748512888301	34.700958360872434	32.81222736285525	30.22156311962987	32.76852280237938	32.83096497025777	34.65578321216127	32.36761401189689	33.27693324520819	31.206939854593525	28.376586252478518	29.275363516192993	31.314970257766028	28.594398545935228	26.32977528089888	27.516771315267682	23.419348975545272	24.373132848645078	23.72918043621943	26.48883013879709	21.261477479748148
SRR6444549_1	30.0	30.0	30.0	30.0	30.0	30.0	30.0	30.0	30.0	30.0	30.0	30.0	30.0	30.0	30.0	30.0	30.0	30.0	30.0	30.0	30.0	30.0	30.0	30.0	30.0	30.0	30.0	30.0	30.0	30.0	30.0	30.0	30.0	30.0	30.0	30.0	30.0	30.0	30.0	30.0	30.0	30.0	30.0	30.0	30.0	30.0	30.0	30.0	30.0	30.0	30.0	30.0	30.0	30.0	30.0	30.0	30.0	30.0
SRR6444549_2	30.0	30.0	30.0	30.0	30.0	30.0	30.0	30.0	30.0	30.0	30.0	30.0	30.0	30.0	30.0	30.0	30.0	30.0	30.0	30.0	30.0	30.0	30.0	30.0	30.0	30.0	30.0	30.0	30.0	30.0	30.0	30.0	30.0	30.0	30.0	30.0	30.0	30.0	30.0	30.0	30.0	30.0	30.0	30.0	30.0	30.0	30.0	30.0	30.0	30.0	30.0	30.0	30.0	30.0	30.0	30.0	30.0	30.0
SRR6444550_1	32.59322604332395	32.59723412067066	32.97273895484029	32.6886244033778	32.558285399583895	34.006363970138295	33.8420633949333	33.36452086647901	33.52062171092889	36.244511075755725	37.34820707379758	37.63878962183331	37.63494064374006	38.41352343654387	37.579604699547176	38.054558805531755	37.44232040141966	37.37620242320401	37.17155794884347	37.82317341818627	37.86611797821564	37.67551707257373	37.89437645331049	37.60143801248317	37.601835760616815	37.395912373026555	37.57078081018235	37.73191163872231	37.488055317586586	37.57721821074532	37.43863664178191	37.677848488557096	37.351119813976254	37.15653530779586	36.165536654020315	36.226447191286255	36.384512299596125	35.962287357728556	34.90540937461755	35.11553665402032	35.77444621221393	35.583147717537635	34.68208909558194	33.91674825602742	34.52467874189206	34.79752784236935	32.519948598702726	33.80181128380859	33.932872353445106	33.389658548525276	33.97701627707746	32.80362868681924	33.17118467751805	31.633410843226045	31.70069146983234	32.263492840533594	32.141440174624975	30.539785973865627
SRR6444550_2	30.936115530534817	32.26887773834292	32.34965120548281	30.839064985925834	32.14273038795741	36.10203769428467	36.30718394321381	34.96346836372537	35.441347448292746	36.3591482070738	36.80400195814465	36.68485497491127	36.848923020438136	37.15058132419533	37.21596499816424	37.21778852037694	36.67567005262514	36.57318565659038	37.01966711540815	35.624972463590744	35.62779953494065	36.9213866111859	37.36199363602986	37.68643372904173	37.26613021661975	37.73088973197895	37.27873577285522	36.677426263615224	36.52678986660139	37.1850875045894	35.394009301187126	37.37742626361522	36.478588912005875	37.207538856933056	35.62275731244646	36.05931342552931	36.26375596622201	36.04790723289683	35.56406804552687	34.151743972585976	31.89741769673235	34.51975890343899	34.48847754252846	35.46522457471546	33.799602251866354	34.0547485007955	33.06972830742871	31.61381715824256	31.409809080895855	33.3024232040142	30.580320646187737	29.34239995104638	30.322873577285527	25.928729653653164	27.681856565903807	26.671368253579733	29.425931068179313	22.930562763118438
SRR6444551_1	31.96853122374685	32.56605292635116	32.54575049005881	32.67610613273593	32.31832819938393	34.67943153178381	34.707049845981516	33.34468636236348	34.126960235228225	36.12250070008401	37.35680481657799	37.6465765891907	37.664561747409685	38.42525203024363	37.5766802016242	38.01438672640717	37.4655348641837	37.33762951554187	37.011999439932794	37.799236908429016	37.71263651638197	37.597444693363194	37.83597731727808	37.355768692243075	37.535732287874545	37.257672920750494	37.421037524502935	37.67814337720527	37.52714225707085	37.52435592271073	37.48347101652198	37.6309647157659	37.16030523662839	36.92430691683002	36.136656398767855	36.669217306076725	36.84178101372164	36.300756090730886	35.064561747409684	35.71363763651638	35.9534444133296	36.184045085410254	35.156041725007	34.25869504340521	34.82550406048726	34.939869784374125	32.76270652478297	33.543531223746854	34.46753010361243	33.90067208064968	34.39900588070568	33.38989078689443	33.59842481097732	31.659787174460934	31.83113273592831	31.901701204144494	31.01212849442456	29.814158656374815
SRR6444551_2	30.72164659759171	31.429186502380286	31.900378045365443	31.730992719126295	31.236453374404928	35.6112083450014	36.07487398487819	33.97259171100532	34.995484458134975	36.02522402688322	36.541220946513576	36.353052366283954	36.71963035564268	36.86262951554186	36.94764071688603	36.716248949873986	35.86680201624195	36.122374684962196	36.446254550546065	34.49726967236069	35.051498179781575	36.19805376645197	37.09461635396248	37.446317558106976	37.09107392887147	37.355789694763374	36.891059927191264	36.104802576309154	35.7551456174741	36.73776953234388	34.824474936992445	36.70391346961635	35.9388336600392	37.10406048725847	34.39644357322878	34.987930551666196	35.35238028563428	34.985816297955765	34.921121534584145	33.35162419490339	30.552548305796698	33.27944553346401	33.32635116213946	34.47640716886026	32.33146877625315	33.20362643517222	31.799922990758894	29.883478017362087	29.71629095491459	32.07207364883786	28.81715905908709	26.672283674040887	27.730859703164377	23.628248389806778	24.560690282833942	24.647787734528144	27.024932783748064	21.422888091369803
SRR6444556_1	31.69700940342223	32.56952366271003	32.70001541544628	32.31308771388932	32.36634808077694	34.318560197317716	34.00423924772622	33.10482503468475	33.45961153075382	35.948543240326806	37.31297980576538	37.764652381686446	37.76690303684292	38.474749498997994	37.66287960536457	38.11598581778942	37.57276090642824	37.40659781100663	36.91139201479883	37.80360721442886	37.28493910898721	37.700292893479265	37.78863881609372	37.16650223523971	37.55202713118545	37.32443348234931	37.500339139818095	37.604054262370894	36.90208108524742	37.584754123631875	37.613750578079234	37.55228919377216	36.82925851703407	36.23451518421459	36.33733621088331	36.50390010790812	36.765006936950826	36.20780021581625	35.117635270541086	35.71200863264992	35.871604747957456	35.903884692461844	35.23764451980885	34.555449360258976	34.81003545552644	34.84900570371512	33.11834438106983	33.98208725142593	34.79724063511638	33.90752273778325	34.333883150917224	33.737675350701394	33.44283952520426	32.543009095113305	32.464004932942814	32.08439956836751	30.899941967617195	28.58507801840927
SRR6444556_2	31.253969477416373	31.881223986434406	32.14845074764914	32.07337752427933	32.294897487282256	35.99414213041467	35.67465700632033	33.84769539078156	34.13627254509018	35.71911515338369	36.4279482041005	36.53101587790966	36.89901341143826	37.068614151379684	37.00559580699861	36.78851549252351	36.10881763527054	36.63736704177586	36.92199784183752	34.68271928472329	35.235363033759825	36.43433019885926	37.37795591182365	37.58310467088022	37.13338985663635	37.497163557885	36.89415754586095	36.18888546323416	36.24351780484045	37.00625867118853	33.97180514875905	36.569122861106834	35.95423154000308	36.9815631262525	34.59448127023277	35.447895791583164	35.2785262833359	34.77266841375058	34.787729304763374	32.95301371974718	31.403067673809158	33.48187143517804	33.43824572221366	34.38140897178974	31.652859565284416	32.675643594882075	31.944211499922922	29.616756590103286	30.00124865114845	31.766286418991832	28.934823493140122	26.982673038384462	28.285232002466472	24.62173577925081	25.034885154925234	24.315908740558037	26.65837528373952	21.554563892586817
SRR6444566_1	31.520799266142863	32.56558848163363	32.747457424320984	32.19479120966777	32.27427910501336	34.284489291269495	33.87185418577753	32.867865831771226	33.69493080205799	35.87013121684681	37.269118174929204	37.69339129741155	37.6003828819846	38.44144697483348	37.635544210904165	38.1029154867786	37.54449008894029	37.449056754277514	36.779093048298975	37.94135524269134	37.33166354245603	37.81938340047062	37.865744027439874	37.52807402385035	37.796051529533756	37.54039803772983	37.4292426115742	37.70069796195111	36.692442069158055	37.503856738324096	37.54745742432098	37.505898775575325	36.91748095560962	36.04920033502174	36.561695848123485	36.457894946755474	36.99265345192039	36.47435089538548	35.69165237506481	35.740764966298414	35.91059705659474	35.79390579507837	35.57646073465481	35.114585410601045	35.13884257966737	35.100658078411044	33.77118015395046	34.546611893271645	35.08555019343517	33.814645235911144	34.727332190005185	34.1746181151039	33.868799106608705	33.1864555497946	32.7553782953775	32.76396123319906	31.958901642688637	31.32528351244701
SRR6444566_2	31.303912575280183	31.776572408566985	31.805288557412357	31.99242212738803	31.296015634347704	36.05886810513301	35.784269931799145	32.83819247796434	33.796633829218685	35.733274837474575	36.416679296454355	36.77206556853986	37.01395923902205	37.33344234834284	37.16144857017509	36.94136321939935	36.48507159095441	36.91589359071511	37.22902724045787	35.839867586646996	35.847844294659595	37.04004307422327	37.60038288198461	37.57177840705141	37.12502692138954	37.63689227455829	37.323136441590556	36.55823395684601	36.42427312248235	37.28862122602002	34.95110277988274	36.77595820205001	35.762820563953255	36.83519323575161	35.150831571810315	35.767120009572054	35.48295776333107	34.737103657320624	34.99637857456228	33.59340326247358	32.40283173134448	34.502524628085986	34.418944681529936	34.82854066126909	32.81229210704742	33.18014597375664	32.78779563674071	31.251521557053405	31.37031866948511	32.97480157938819	30.25022933035536	29.449152474773662	30.167231683484225	26.51744904877757	27.637434690703145	26.539871575000994	28.987904849868265	22.96507889734755
SRR6444568_1	32.590549315133416	32.31266884686478	32.81804824873217	32.622730935115406	32.486136783733826	34.49315133418646	34.360727996587514	33.12327598464382	33.42020948860136	36.097720271102894	37.363960377269066	37.746243897815056	37.75472771221386	38.46920707142518	37.65935826342481	38.12840418977203	37.498905161382055	37.373155125835346	36.94935304990758	37.84242855111616	37.929001374472726	37.912621451253614	37.9396748661074	37.416692734252806	37.60639840750747	37.42066448646855	37.51908621261671	37.93401583013413	37.82390634627234	37.74091663111996	37.211668799469166	37.77349637423575	37.234456609317974	36.999090004265604	36.23456087966254	36.53058438788568	36.79498554433859	36.28386179439784	34.972719086212614	35.78664391677331	36.011374946679936	36.13430020380113	35.078288070524664	34.305531067823125	34.75216834921086	35.08716052893502	32.91522820986777	33.705246694156116	34.33435707853453	33.69322716716432	34.44758519361107	33.33904924404	33.659566804113936	31.96309777714584	32.103000142186836	32.48733115313522	31.577073697486572	24.026917643781832
SRR6444568_2	31.14441442722404	32.27086591781601	32.05469453528603	31.350869709464902	31.494620598132613	35.794634816815964	35.90435565666619	35.09995734394995	35.39120337456752	36.25744348073368	36.66533958955401	36.400227498933596	36.79942177354377	36.95496469026968	36.957979051139866	36.88317929759704	35.81002891132281	36.14707806057159	36.20691028010806	34.2243518650173	34.73986444855206	35.95327740651216	36.84956633015783	37.37399876771411	36.908109389070574	37.31473529551163	36.64239063462723	35.95529645954785	35.771107635432955	36.59082420967818	34.50991990141713	36.50437461491066	35.80320394331485	36.8058960140291	34.49175790321816	34.79624626759562	35.229499028389974	35.28850656429215	34.99245461870231	33.25152850846011	31.01328972937106	33.47758661547941	33.40404758519362	34.742414332432816	32.78230247879046	33.654438598985735	31.962595383667473	29.471444144272237	29.771344613488793	32.005810701929	29.20111853642353	26.945314943836202	28.04697852978814	23.945438172425234	25.252211005260914	24.847196549599506	27.529614116418827	21.863955869347034
SRR6444572_1	31.49722648782475	32.13591776614748	32.898899996866085	32.81989407377229	32.3601805133348	34.920304616252466	34.71713309724529	33.350810116268136	33.332163339496695	35.79219029114043	37.35887680591683	37.67527029991539	37.60424958475666	38.37049735184431	37.514826537967345	38.036127738255665	37.436033720893796	37.41178977717885	37.24610611426243	37.75063461719264	37.99771851201855	37.932132000376065	37.933968472844654	37.48145664232662	37.77770534958789	37.4182581716757	37.54844087874894	37.96824093515936	37.63905481212197	37.8010843335736	37.62450092450406	37.77925976997086	37.36928766178821	37.05533235137422	36.19843304396879	36.44730326867028	36.85654830925444	36.42192484878874	35.52684822463881	35.65397850136325	36.14785797110533	36.011626813751604	35.247980193675765	34.46663950609546	34.92867842928327	35.18202388040991	33.297038453101	33.830198376633554	34.40925130840829	33.93179353787333	34.46467767714438	33.36786486571187	33.75114857877088	32.13559183929299	31.98642389294556	32.37327399793161	31.818804436307367	27.320145195585095
SRR6444572_2	32.09583503086903	32.12469836096399	31.909962706446457	31.20633677019023	31.876022438810367	36.121063022971576	35.914569557178226	35.429283274311324	35.37447115233947	36.183653514682376	36.67224294086308	36.557698454981356	36.902773512175244	37.0722993512802	37.17753611833651	37.15969789087718	36.48160707010561	36.36369676266884	36.640233163057445	35.493020777836975	35.41887241843994	36.64741608950453	37.251703281205934	37.47229308345608	37.04243943714939	37.498185464915856	37.10602024507192	36.279099940455666	36.02843085023034	37.059983076874865	35.250788178883695	36.94889842991006	36.14650412109436	36.885355228932276	35.0899746153123	35.54607790905387	35.748860822965305	35.31651885048105	35.059475383120756	33.87501331912627	31.786279732990693	34.21178977717885	33.948039738004944	35.52262371117867	33.74133943401548	33.59216521984393	32.6886144974772	31.908859569400477	31.218458742047698	33.0941113792347	30.491717070419003	29.005898022501487	29.356670531824875	25.72044877620734	27.471409320254473	27.186411357297317	29.05374188933274	23.112734465278933
SRR6444581_1	32.35236327417602	32.84158819268381	33.09136182542557	32.55885548714234	31.752263672582398	34.02707352408547	34.231935892792464	33.27625860195581	33.35313292285404	35.98118435349511	37.36252263672582	37.63602861282144	37.65515211879754	38.403875407461065	37.568797537124226	38.01262223831945	37.37527164070989	37.387694675842084	36.8707171314741	37.50859290112278	37.20822165881927	37.19435892792467	37.61043100325969	37.11384462151395	37.222247374139805	36.91151756609924	37.04491126403477	37.32123324882289	37.11772908366534	36.85644693951467	36.9888627308946	37.222645780514306	36.713337558855486	36.5809670409272	35.199203187251	36.09655921767475	36.11707714596161	35.75526982977183	34.310756972111555	35.32321622600507	35.66576421586382	35.74979174212242	34.467366896052155	33.36865266207896	34.2495382107932	34.419177834118074	32.15736146323796	33.12881202462876	33.84173306772909	33.330224556320175	33.67107026439696	32.766669684896776	32.998406374502	31.4057225642883	31.590220934444044	31.899139804418688	31.10388354279757	25.869182725029777
SRR6444581_2	30.375588554871424	31.21749366171677	31.626222383194495	31.230577689243027	30.886363636363637	35.34973741398044	35.39790836653386	34.44793553060485	35.04115356754799	35.991135458167335	36.40504346251358	36.1874230351322	36.64131655197392	36.69792647591453	36.75806772908366	36.508076783773994	35.65478087649403	35.99961970300616	36.32309851503079	34.270409272002894	34.7779065555958	36.04415067004708	36.67892068091271	37.32785222745382	36.83534045635639	37.28193589279247	36.65108656283955	35.93212604128939	35.54428649040203	36.49953821079319	34.23076783773995	36.365682723650856	35.7577417602318	36.821124592538936	34.5065193770373	34.8416787395871	35.10848424483883	34.20699022093444	34.585376675117715	33.18204454907642	30.57126946758421	32.767131474103586	32.58086743933357	34.36188880840275	32.00588554871423	33.002426657008336	31.422627671133647	29.397528069540023	29.19918507787034	31.315085114089094	28.59695762404926	26.2307225642883	27.265420137631292	23.398442593263308	24.13725099601594	24.02716407098877	26.874021740834657	21.27803399646161
SRR6444596_1	31.624378783771572	31.879190385831752	32.80636125417909	32.77726574500768	32.51486401012018	33.52435167615433	32.90168970814132	32.67633505014909	33.033884521550554	35.95474835095329	37.15156772386374	37.72511068943707	37.70524984187223	38.469449715370025	37.635348332881534	38.05732357459113	37.58048251558688	37.39625914882082	36.758326556429026	38.18174753772477	37.19103641456583	37.96177825969097	37.97475377247673	37.618903045089	37.77574771844222	37.73964037227795	37.827143760730095	37.89755127857595	36.79174121261408	37.687937110328	37.83997469955724	37.99831932773109	37.00374085117919	36.102774012830935	36.608566007047976	36.72200234932683	37.14094153790548	36.66419083762538	35.583608927441944	36.10178006686546	36.50893647781693	36.40885515496521	35.68663594470046	35.218758471130386	35.25773922472215	35.45105267913617	33.750682208367216	34.7465799222915	34.79743381223458	33.4561669829222	34.7168880455408	34.31518930152707	33.609704526972074	33.29485858859673	32.968247944339026	32.09493087557603	30.869906638717993	29.60077402909384
SRR6444596_2	30.76054938104274	31.274690521369838	31.699286166079336	30.77844040842143	31.595644709496703	36.09876208547935	35.7563025210084	33.2374627270263	33.3026113671275	35.45929339477726	35.994108611186405	36.274636306135356	36.716707328092525	36.91788199150628	36.76121803560134	36.368482877021776	35.618704255895906	36.244854070660516	36.97950664136623	34.41017439233758	34.65593205023945	36.071527966025116	37.30926176922382	37.3821089726213	36.67765428752146	37.42775820005422	36.63430017168157	35.91598445829945	35.99351224360713	36.67029908737689	33.1339116291678	35.77318153067679	35.11179181349959	36.52845396223006	33.85638384386012	34.97272973705611	34.280672268907566	33.91755670009939	34.4375350140056	32.66202222824614	31.59524713111051	33.389662961958976	33.644384205295026	34.12697207915424	30.83724586608837	32.163133640553	32.01545134182705	28.831571338212704	29.80934309207554	31.5051594831481	28.37952471311105	26.91949037679588	28.093376705520917	24.467624469142496	24.796855516400107	23.011041836089277	26.09959290234753	21.386568715086018
SRR6444603_1	32.52703992811816	32.40433537372943	32.81102937047228	32.809962374347165	32.224686920873815	35.481552198573596	35.57556017296569	33.30656483405402	33.47677879485595	35.46917504352221	37.46680518897063	37.715920705340594	37.67789071713371	38.38423092042455	37.59912394002359	38.072533273431794	37.40511034986242	37.33551973942832	36.92766889425506	37.44175885887573	37.772280563823216	37.84134329196384	37.666726568203515	37.21873420564946	37.6695344527433	37.29836581119785	37.12178356825967	37.61850957488628	37.46978154658281	37.53779974167462	37.290133093727185	37.522300219014994	36.93042062110406	36.68038411860504	35.86422193519403	36.241219745044084	36.45359690009547	35.93353175717415	34.757567248834725	35.409164935137866	35.238591565114845	35.543258269219976	34.733385747178076	34.075183916437354	34.361442129499636	34.524681305104735	32.6878193968664	32.87055652271579	34.21059134048408	33.49133486831021	33.77360588532599	32.93983265008143	33.38821811647105	31.717436962992082	31.936968607850844	32.23653619363172	30.762559570554004	25.435528138528138
SRR6444603_2	30.35559049811872	32.022912337844666	31.607457741337676	30.156848430392543	30.927275790419497	35.47964283708654	35.301622957263994	33.908182175548944	34.5991464030999	35.82665244005166	36.22866288538215	36.161150109507496	36.57828943673836	36.728387712697256	36.65110349862414	36.413399225023866	35.30361093951817	35.903172909529964	35.86604144437581	34.26306508676363	34.791834671758295	36.071544898073796	36.8347279159881	37.17666086370528	36.892491716740615	37.08665131689785	36.80142640534622	35.747941820632334	35.12560229123378	36.63747964283709	34.731408996462065	36.413769865783124	35.33822654012467	36.393328466333465	33.37578480372887	33.95723030268996	34.684449935418655	34.1516931543775	33.88889762452968	31.8582355253552	29.54308979614758	33.04515078339979	32.131161902622566	33.73693491323637	31.557746953445275	32.32152524288201	30.74218004155669	29.19327230864267	28.92841017577357	30.848812264839673	28.13093727185938	25.945381029932054	26.591295557926657	23.02422642780929	24.149963497500984	25.018240017970463	26.543685067670015	21.129919228127314
SRR6444635_1	31.69798988225814	31.927608900031338	32.83762367372521	32.794287505036486	32.50351434839056	33.62533016967364	32.95688767515781	32.69319962394234	33.21323364820701	36.00643774902628	37.14773693871155	37.73505842324395	37.69983435555356	38.472194117383715	37.63837578904956	38.0316783811613	37.59592604199311	37.39085821730761	36.713309755114835	38.16311948784528	37.05920222053096	37.92501231141156	37.92632851322917	37.51509155213323	37.66172717911984	37.67137037202847	37.75808747817523	37.83735506110936	36.658575457760676	37.64246765456418	37.814173792362446	37.909808837355065	36.906943636119436	35.97979137753504	36.63157988986883	36.71745534315262	37.07195236602946	36.56724716837534	35.4494963513453	35.94639387563235	36.39638268344003	36.238724985450155	35.60523794600887	35.10317410574383	35.14295563414962	35.31176970945068	33.586784259300714	34.68794377042575	34.89479339212965	33.32853113667905	34.58198504723104	34.20335765769799	33.40375162286789	33.211192192326635	32.82721941173837	31.790589604691764	30.722558034502136	29.31065801987931
SRR6444635_2	31.96449836593992	32.0308456820522	32.12468102251869	31.31356046022295	31.506961543627167	35.752204861888345	35.25397322827595	32.79146707257018	33.14290191162645	35.47993016071988	36.137001387831845	36.44028293862202	36.87495187357299	36.96185700855084	36.946537135694136	36.44305860231903	36.014478219993734	36.569861664502845	37.2374893674173	35.00456641446927	35.25080359940905	36.49658414290191	37.41264270045217	37.506889913596275	37.02068317141961	37.57523391681962	36.73581949232215	36.08312665084837	36.18049872409007	36.85192281864172	33.76034382414828	36.05165420602587	35.342678067779914	36.60848815866052	34.19485159152975	35.274575815910815	34.54412857590545	33.96114966199579	34.717535926937366	33.0135112145767	32.0187670680933	33.39990150870752	33.811971168912564	34.230371133097556	31.175905448359224	32.438760800465595	32.07355508797063	28.84140215785468	30.01955499843309	31.747262389756905	28.611962215158705	27.50653176344182	28.15146170031786	24.640533643730134	24.996355822178447	23.170757039888976	25.88307655720348	21.47183131321546
SRR6444637_1	32.18876582278481	32.07041139240506	32.64181170886076	32.52001582278481	32.08599683544304	34.705854430379745	34.712025316455694	33.15466772151899	33.70822784810127	35.85643196202532	37.40014240506329	37.630031645569616	37.5051503164557	38.36521360759493	37.580672468354436	38.01133702531645	37.41431170886076	37.48731012658228	36.91960443037975	37.57401898734177	37.53200158227848	37.51533227848101	37.742674050632914	37.33762658227848	37.58007120253164	37.10334651898734	37.32356803797469	37.51199367088608	37.2275	37.3959414556962	37.19745253164557	37.44806170886076	37.048987341772154	36.75057753164557	35.9948496835443	36.29041139240506	36.40776107594936	35.95555379746835	34.92414556962025	34.98569620253165	35.45744462025316	35.314596518987344	34.73881329113924	33.99712816455696	34.47713607594936	34.623125	32.6514003164557	33.47681962025317	34.19587025316456	33.62371835443038	34.007318037974684	32.87617088607594	33.35616297468354	31.877104430379745	31.912594936708864	32.50771360759494	31.665045459340615	30.60619712252162
SRR6444637_2	30.438409810126583	31.4125	31.708939873417723	31.614003164556962	31.69501582278481	36.12175632911392	35.826305379746834	34.92800632911393	34.6220332278481	35.646708860759496	35.98428797468355	36.03686708860759	36.230276898734175	36.37419303797468	36.36961234177215	36.24770569620254	35.3365743670886	35.547705696202534	36.01143987341773	34.593204113924045	34.270015822784806	36.05505537974683	36.56021360759494	36.84242879746835	36.37663765822785	36.96134493670886	36.56795094936709	35.63331487341772	34.78792721518987	36.382041139240506	34.004731012658226	36.2193829113924	35.23256329113924	36.25130537974683	33.60605221518988	34.16131329113924	34.3909335443038	33.60784810126582	33.48234968354431	32.117318037974684	29.70896360759494	32.122650316455704	31.915909810126585	33.907681962025315	31.28583860759494	31.647539556962027	29.906946202531646	28.970909810126578	28.74574367088608	30.991194620253168	28.29610759493671	26.71973101265823	27.14335443037975	23.37757911392405	24.72770569620253	24.56054588607595	26.97007456593779	21.811867043192876
SRR6444656_1	32.589322166971996	32.68060717089767	32.95336299398063	32.8572624967286	32.24234493588066	33.828264852132946	33.872023030620255	33.36838523946611	33.41177702172206	36.154671551949754	37.23271394922794	37.63409578644334	37.628170635959165	38.34814969903167	37.510201517927236	37.910086364825965	37.34854750065428	37.258455901596435	36.85419523684899	37.78875686992934	37.96566343889034	37.899481811044225	37.91361423711071	37.396932740120384	37.40809212248103	37.301889557707405	37.537555613713685	37.95947657681235	37.88085841402774	37.84788275320597	37.097963883800055	37.85531536247056	37.202690395184504	36.91880659513216	36.460036639623134	36.72187385501178	37.12145511646166	36.69607956032452	35.580340225071964	36.06018319811568	36.61187123789584	36.64107825176656	35.6170635959173	34.730677833028004	35.13744046061241	35.48768385239466	33.667584401989004	34.27206490447527	34.86548024077466	34.12964145511646	34.835268254383664	33.818141847683854	34.26797173514787	32.93569222716566	33.00608217744046	33.1116147605339	31.835331478662006	29.143054047146535
SRR6444656_2	30.85721015440984	31.588275320596704	31.834859984297303	31.2483643025386	31.220256477361946	35.581889557707406	35.74755299659775	34.9146820204135	35.52598796126669	36.32327662915468	36.79224286835907	36.503009683328976	36.822810782517664	36.945155718398325	37.060392567390736	37.12365349384977	36.10114629678095	36.655650353310655	36.81465584925412	34.706411934048674	35.4275634650615	36.32210416121434	37.20152839570793	37.58577335775975	37.09055221146296	37.4666736456425	36.811923580214604	36.059670243391786	36.09597487568699	36.84262758440199	34.403768646951065	36.74980371630463	36.034315624182156	36.99027479717351	34.51133211201257	34.536131902643284	35.54437058361685	35.455912064904474	35.31484951583356	33.73802669458257	31.29574456948443	33.22883014917561	33.423794818110444	35.18067521591207	33.14521852918084	33.96009421617377	32.094886155456685	29.254854750065427	30.091337346244437	31.90715519497514	29.49130594085318	27.15388641716828	28.177712640669984	24.2378644333944	25.245433132687776	24.71275582308296	27.42964994173447	21.709281900113588
SRR6444657_1	32.59756242568371	32.20618311533888	32.692984542211654	32.615576694411416	32.454696789536264	33.10677764565993	32.492449464922714	32.55820451843044	32.644827586206894	35.96430439952437	37.05215219976218	37.75046373365042	37.730225921522	38.504435196195004	37.66419738406658	38.0943757431629	37.61479191438763	37.355743162901305	36.65629013079667	38.24573127229488	36.79043995243758	38.178061831153386	38.00344827586207	37.31984542211653	37.667871581450655	37.57970273483948	37.88582639714626	38.12	36.48732461355529	37.86677764565992	38.08794292508917	38.26375743162901	37.02615933412604	35.76790725326991	36.958204518430435	37.06344827586207	37.502366230677765	36.929988109393584	35.98794292508918	36.15036860879905	36.86695600475624	36.65024970273484	36.01607609988109	35.530618311533885	35.54143876337693	35.82155766944114	34.36722948870393	35.240451843044	35.71758620689655	34.34966706302022	35.051248513674196	34.89095124851367	34.04810939357907	34.08753864447086	33.8034601664685	32.47656361474435	31.250671816079507	26.05776621672291
SRR6444657_2	30.09001189060642	30.807134363852555	31.393697978596908	31.27728894173603	31.186860879904874	35.796492271105826	34.9076694411415	32.146908442330556	31.943162901307968	34.46571938168846	35.0979548156956	35.382508917954816	35.64436385255648	35.93250891795481	35.81027348394768	35.202294887039244	34.74829964328181	35.32418549346016	36.53575505350773	33.30860879904875	33.27620689655173	35.13852556480381	36.55665873959572	36.47302021403092	35.670344827586206	36.64418549346017	35.64542211652794	34.8208561236623	34.925338882283	35.64052318668253	29.747776456599286	34.4959096313912	33.6569916765755	35.30551724137931	32.024435196195	33.627562425683706	32.25111771700357	31.82072532699168	32.770368608799046	31.16820451843044	30.38011890606421	30.964114149821636	31.95041617122473	33.19290130796671	28.310416171224734	29.525909631391198	29.86208085612366	26.54397146254459	27.63749108204518	29.28104637336504	26.291486325802616	24.513317479191436	26.385933412604043	22.855350772889416	22.538014268727704	20.008168846611177	23.23678422052405	20.24935632488581
SRR6444667_1	32.48397435897436	32.85364971050455	32.857733664185275	32.85974979321754	32.54435483870968	34.30143713813069	34.35509718775848	33.38797559966915	33.858302315963606	36.12976633581472	37.37627171215881	37.6945306038048	37.704693961952024	38.44832506203474	37.640508684863526	38.06362696443341	37.43997105045492	37.30713399503722	37.00949131513648	37.85393920595534	37.83610421836228	37.65540736145575	37.907981803143095	37.3439929693962	37.578556658395364	37.303794458229945	37.37582712985939	37.68974358974359	37.596308933002476	37.57136062861869	37.39986559139785	37.67381100082713	37.175465260545906	36.933188585607944	36.142328370554175	36.61046319272126	36.56809346567411	36.22611662531017	34.98421215880894	35.670833333333334	35.95510752688172	36.007981803143096	35.02732630272953	34.21149710504549	34.725072373862695	34.88312655086848	32.8220947063689	33.530717535153016	34.14201819685691	33.75444582299421	34.1666253101737	33.20845740281224	33.457123655913975	31.792338709677416	32.01958229942101	32.0640612076096	31.21550473867825	29.628213643656416
SRR6444667_2	30.39123242349049	31.974462365591396	31.817669561621173	30.871071133167906	32.01142473118279	35.807123655913976	35.8424317617866	35.292803970223325	35.208126550868485	35.974844913151365	36.16131100082713	35.96497105045492	36.21787634408602	36.49949338296112	36.5977047146402	36.35470430107527	35.255769230769225	35.36457816377172	35.95140612076096	33.86444375516956	34.29545078577336	35.62855665839537	36.439588502894956	37.1196029776675	36.59850082712986	37.028422249793216	36.25293631100082	35.49187344913152	35.00821960297767	36.179290736145575	33.713223738626965	35.828463606286185	35.08793424317618	36.42424524400331	33.714588502894955	34.343248552522745	34.68619727047146	34.107764681555	33.93956782464847	32.167276674937966	29.52869106699752	32.138875103391236	32.02261166253102	33.45374276261373	31.213968155500414	32.30032051282051	30.741004962779158	28.396794871794874	28.454497518610424	30.934832506203474	27.797839123242348	25.707754342431762	26.76643920595534	22.599369313482214	23.64604011579818	23.1941894127378	26.048160171223024	20.92231308175935
SRR6444669_1	32.60927359449527	32.522167487684726	32.91156462585034	32.74423332551412	32.50504339666901	34.15841738994448	34.227148330596606	33.59723199624678	33.59293142544374	36.23421690515287	37.38104621158808	37.71547423567128	37.720885135663465	38.4522949409649	37.602783642192506	38.06959105481273	37.42647587770741	37.32915787004457	37.18479943701618	37.91703807959966	37.94451481742122	37.893158182813366	37.9401986081789	37.34417077175698	37.525326452420046	37.37993588239893	37.493564782234735	37.91966533739933	37.795261552897024	37.71893033075299	37.52466963797013	37.75363202752366	37.353897880991475	37.08712174524983	36.00653686762062	36.487168660567676	36.70058644147314	36.26555633747752	34.89451872703104	35.7447337555712	36.20600516068497	36.19003831417625	35.046242864962075	34.08486980999296	34.70874970677926	35.05360856986473	32.61718664477284	33.64309953866604	34.10935960591133	33.71925873797795	34.362233169129716	33.39804519508953	33.4328407224959	31.755414809602	31.681194776761277	31.80536398467433	31.360175229391892	28.07281553398058
SRR6444669_2	32.105794041754635	32.0	31.959027289076552	31.526389866291343	31.63906482133083	35.447024786926264	35.70670107123309	35.039408866995075	35.425600125107515	36.08177339901478	36.54199702869654	36.307045116897335	36.751442646023925	36.836202986941906	36.98311048557354	36.97651106419579	36.154992571741346	36.18758307920869	36.512612401282354	34.4673078426773	35.05611072015013	36.153944796309325	37.05611072015013	37.66762061146297	37.21574790835874	37.51846117757448	36.82519352568614	36.17599499569943	36.13732113535069	36.84056611150207	34.82078348580812	36.53084682148721	36.02919696614278	37.19893658612871	35.06602549065603	35.52867307842677	35.71236218625381	35.47396981781218	35.4109781843772	33.75055125498476	31.29054656345297	33.835686918445546	33.82685120025021	35.07959965595434	33.42810227539292	34.03002580342482	32.679458910000776	30.64721244819767	30.29142231605286	32.405410899992184	29.58215654077723	27.12775041050903	28.422503714129327	24.427101415278756	25.428368128860743	24.91026663538979	27.663689183891393	21.772591290690443
SRR6444670_1	32.627856916745806	32.635074390629946	32.908926875593544	32.87587844254511	32.49873377651156	34.53070591959481	34.54017094017094	33.33292181069959	33.34301994301995	35.912522950300726	37.428211459322576	37.66942703387148	37.64182336182337	38.397632162076604	37.58201329534663	38.08864830642608	37.46057613168724	37.39987337765116	37.108622981956316	37.863159227603674	37.90557138334916	37.94026590693257	37.88959797404242	37.35076289965179	37.63338398227287	37.35072491294714	37.54029123140234	38.00993352326686	37.702158911047796	37.76009496676163	37.40253244697689	37.84349477682811	37.376049382716054	37.09905666350111	36.46216524216525	36.737492877492876	37.203767014878125	36.772516619183286	35.89645457423235	36.06771130104463	36.57654954099398	36.43405508072175	35.55154162709718	34.8530737575182	35.25635327635327	35.54928141817031	33.64502690724913	34.36945868945869	34.77703070591959	34.13838556505223	34.88917378917379	33.749775245330795	34.14787591009813	32.42981323203546	32.24302627413739	32.7351566951567	32.350740410127536	27.013518466824
SRR6444670_2	32.09439696106363	32.1659069325736	31.92519784742007	31.06616017727129	31.862773029439698	36.161443494776826	35.96824944602722	35.716745805634694	35.5477366255144	36.38167141500475	36.80218423551757	36.608717948717945	36.843450459006014	36.99295979740424	37.22237416904083	37.11714466603356	36.57085153529597	36.47778410889522	36.832446976891426	35.55347261791706	35.46826210826211	36.7824438113327	37.38528648306426	37.60876859765749	37.13422602089268	37.614074074074075	37.22857866413422	36.518379233934795	36.18264640709085	37.16662867996202	35.201924659702435	37.218588160810384	36.160240582462805	37.1089648622982	35.09352959797404	35.40577397910731	35.886710984488765	35.87455523899969	35.515840455840454	34.126679328901545	32.25795504906616	34.500348211459325	34.412674897119345	35.967989870212094	34.08686293130737	34.1973156062045	33.2832985121874	32.029528331750555	31.580430515986073	33.54816081038303	30.662323520101296	29.038461538461537	29.946672997784106	25.91025007913897	27.62743906299462	26.850256410256414	29.27399071619851	23.218335808344538
SRR6444675_1	31.512788886003637	32.666774863671776	32.799143079719556	32.24980524539081	32.227148792521426	33.92761620358348	33.772461698260194	33.34789665022072	33.35425863412101	36.15351856660608	37.37482472085172	37.71985198649701	37.719514411841075	38.44828615943911	37.61742404570241	38.112503245910155	37.522085172682424	37.47279927291613	37.38902882368215	38.091625551804725	38.12769410542716	38.12433134250844	38.07405868605557	37.696637237081276	37.75390807582446	37.62400675149312	37.81150350558296	38.26139963645806	38.01646325629706	37.95645286938458	37.85235003895092	38.07579849389769	37.72681121786549	37.387250064918206	36.56212672033239	36.61233445858219	37.01369774084653	36.534770189561144	35.57705790703714	35.58708127759023	36.570462217605815	36.32269540379123	35.421760581667094	34.57433134250844	35.12918722409764	35.37983640612828	33.183173201765776	34.176512594131395	34.41085432355233	33.99053492599325	34.68858737990132	33.61332121526876	33.844637756426906	32.236847572059204	32.0525318099195	32.494118410802386	32.414647827817525	31.27056128374359
SRR6444675_2	31.438782134510518	32.14483251103609	32.34718254998702	32.24954557257855	32.33497792781096	36.435211633341986	36.311867047520124	35.85412879771488	35.74461178914568	36.450467411062064	36.888924954557254	36.736834588418596	36.980745260971176	37.17694105427162	37.40089587120228	37.47822643469229	36.91162035834848	36.638821085432355	37.07665541417814	35.79900025967281	35.75515450532329	36.97070890677746	37.537289015840045	37.80634900025967	37.344754609192414	37.75501168527656	37.33260192157881	36.656751493118676	36.67289015840042	37.31023110880291	35.36332121526876	37.34603998961309	36.69700077901844	37.31952739548169	35.82713580888081	36.26260711503506	36.376486626850166	36.49259932485069	36.09631264606596	34.80997143599065	32.83635419371592	35.045092183848354	34.99485847831732	36.16121786548948	34.70575175279148	34.765749156063364	33.87443521163334	32.582511036094516	32.0395741365879	34.086938457543496	31.20224616982602	29.685964684497538	30.796429498831476	26.56596987795378	28.15199948065437	26.9932225396001	29.779560428533813	23.385422603241594
SRR6444678_1	31.706369298774362	32.264014466546115	32.622905364677514	32.6685553546313	32.39626280892104	34.24404259594133	34.227687361864575	33.14414305806711	33.41575246132208	36.061900743419734	37.35187462326703	37.68316656620454	37.6475868997388	38.40700020092426	37.5932650190878	37.9521800281294	37.41805907172996	37.3420132610006	36.944408278079166	37.6218203737191	37.57419328913	37.51725939320876	37.70731766124171	37.351737994775974	37.399469559975884	37.151159332931485	37.33539079766928	37.5168253968254	37.36489451476793	37.45326903757284	37.070492264416316	37.50349206349206	36.90882861161342	36.62343580470163	35.931484830219006	36.22916616435604	36.33751255776572	35.90500301386378	34.62217400040184	35.416515973478	35.586200522403054	35.825605786618446	34.742527627084584	34.054571026722925	34.54189270644967	34.71606188466948	32.54507534659434	33.4925939320876	34.1652642153908	33.528069117942536	33.93740807715491	33.018268032951575	33.23027526622464	31.683769338959216	31.96016073940125	32.03796664657425	30.937831588311827	29.87093279598733
SRR6444678_2	31.97982720514366	32.131364275668076	32.2379746835443	31.191480811733975	31.58906972071529	35.822865179827204	35.9940124573036	34.68205746433595	35.11681735985533	36.17961020695198	36.6558971267832	36.505244122965635	36.81475587703436	36.951963029937716	37.017078561382355	37.03367490456098	35.88380952380952	35.70224633313241	36.3916897729556	34.60769138034961	34.96364878440828	36.04352822985734	36.605698211774154	37.13692585895117	36.74559774964838	37.15600562587905	36.27914004420334	35.619304802089616	35.569981916817355	36.31058870805706	34.22900542495479	36.17907172995781	35.67396423548322	36.350620855937315	34.18106489853325	34.50798472975688	35.09578460920233	34.37512557765722	34.40614828209765	33.25146875627888	31.045465139642353	32.84912999799075	32.91185854932691	34.212232268434796	32.04217801888687	32.97109905565602	31.300293349407276	29.494434398231867	29.39833634719711	31.311022704440425	28.554502712477394	27.01230460116536	27.67595740405867	23.834920634920636	24.927667269439418	24.489821177416115	27.07517654080727	21.52033858358464
SRR6444679_1	31.622747798095407	32.591898779451874	32.74046586489024	32.18724013054947	32.20901327849063	33.43680422050342	32.94465060133232	32.63875352081191	32.773505610944696	35.942191621585366	37.172674028703	37.64140921893861	37.662958823266415	38.47824920642017	37.64495014977422	38.06794831671659	37.540832476416156	37.513318728483924	36.86077703760003	38.03722448249654	36.95277864711405	37.670675548799565	37.74794116332097	37.41533509187643	37.54454330039791	37.33328564402915	37.629919077211966	37.75949389725936	36.54768185272947	37.513345553717535	37.67147136406313	37.696722850628156	36.974578620288824	36.054294272812626	36.588903295032864	36.51406089328028	36.79892699065588	36.369446058926094	35.53054947020163	35.6665176375911	36.26529261858989	36.01722179997317	35.50392989672285	34.7805606473823	35.17734161934994	35.375267134617964	33.483954039433094	34.68305986497966	35.07567398399428	33.966235972638266	34.35631063620512	33.91406089328028	33.60612509500603	33.163312022175525	32.69623105467877	32.42163008002861	32.19126184841673	31.951142871161835
SRR6444679_2	31.28001073009344	32.33044216926722	32.00017883489069	31.172396834622436	31.526132248401662	35.84164170429651	35.45540304913489	33.25653865069075	33.675414673402784	35.69399561854517	36.52258237582152	36.699548441901015	36.815308266642816	37.17600929941431	37.09877051012653	36.905145973979515	36.47534313944651	36.15006929852014	37.139974068940845	35.42856887378728	35.39251575982475	36.795734787857114	37.194599186301254	37.37802119193454	36.77347878571109	37.542817543702775	36.96203335270711	36.315777708230875	36.50732775964591	36.931318460231594	33.850735458487954	36.41944829436223	35.69011490141727	36.55817051906827	35.11248714624223	36.149103590110435	34.99249787633567	34.67665757589306	35.35394107390351	34.14970268699424	33.228470514597404	34.12520230697009	34.566844011266596	35.551347967988555	33.19131756605714	33.50068404345687	33.45118254571467	31.514946125989184	31.659212232306526	33.141807126570384	30.368051146778736	29.288067241918895	30.479456341932313	26.79433987570975	27.775597979165735	25.649161711449903	29.093292578178925	23.463863896894885
SRR6444680_1	32.615998759786066	32.43802805984032	32.84167893961708	32.70420897604837	32.32419967444384	33.83555538330362	33.59727928067591	32.89558948918688	33.1533602046353	36.09351988217968	37.280939462057205	37.720021703743896	37.724122161072785	38.46003410588327	37.62268816370825	38.118378420277494	37.525943725292606	37.478141229362066	37.05591814588016	38.065932873420664	37.71815363150144	38.029253546236724	38.04428338888458	37.48924114409736	37.81487481590574	37.60358886907992	37.76358421827765	38.17016510348034	37.45132160297651	37.98646616541354	37.88899310130998	37.98570653437717	37.410239516316565	36.86626618091621	36.888652042477325	36.78333462522285	37.22669560499187	36.89705449189985	36.11588248972948	36.076637469963565	36.804875591039455	36.48162933105961	35.78924114409735	35.12161072785055	35.47676924269437	35.77078521044881	33.92931555693357	34.79304705061624	34.983675684055505	34.26835129059763	34.98840399968994	34.111727773040855	34.1487016510348	33.13299744205875	32.78707852104488	32.756941322378104	32.51844241366485	27.422105947735602
SRR6444680_2	31.14200449577552	32.33811332454849	32.461320827842805	31.00155026742113	32.2072707542051	36.18502441671188	36.11169676769243	34.46701806061546	34.78420277497868	36.22350980544144	36.7776451437873	36.77018835749167	37.016502596697926	37.26113479575227	37.267211844043096	37.23765599565925	36.78565227501744	36.7322455623595	37.14167118827997	35.61023176497946	35.693690411596	36.90958840399969	37.32449422525386	37.61433997364545	36.9950623982637	37.69578327261452	37.177815673203625	36.529323308270676	36.6227656770793	37.176932020773584	34.73116812650183	36.84150065886365	36.16521199906984	37.00048833423766	35.45305015115107	36.21199906983955	35.76514998837299	35.38840399968994	35.723804356251456	34.516479342686615	33.159925587163784	34.847980776683976	34.724501976590965	36.12390512363383	34.12333152468801	34.37382373459421	33.87377722657158	31.99580652662585	32.06635144562437	33.857902488179214	31.321145647624217	29.76939772110689	30.693636152236262	26.84656228199365	28.120843345477095	26.848934191147976	29.73205177893187	23.57688138314729
SRR6444695_1	31.604738466672227	31.889296738132977	32.84925335780429	32.82230749979144	32.4327187786769	34.14140318678569	34.208976391090346	33.1787770084258	33.552431801117876	36.17168599315925	37.32283306915825	37.6465170601485	37.628530908484194	38.422174021857	37.59089013097522	37.95311587553182	37.390940185200634	37.30072578626846	37.085809627096026	37.73169266705598	37.726553766580466	37.50591474096938	37.68974722616167	37.423041628430795	37.42202385918078	37.27201134562443	37.352548594310505	37.33037457245349	37.31505797947777	37.33601401518312	37.28322349211646	37.45409193292734	37.070159339284224	36.848168849587054	35.72111454075248	35.92331692667056	36.16264286310169	35.602486026528744	34.160023358638526	35.020989405188956	35.267439726370235	35.51512471844498	34.32259948277301	33.26597146909151	34.15041294735964	34.433903395344956	32.05395845499291	33.144189538666886	33.74013514640861	33.140285309084845	33.50563110035872	32.590806707266196	32.76938349879036	30.98036205889714	31.286510386251773	31.718144656711438	30.819028265323603	29.600681901719966
SRR6444695_2	30.306748978059563	31.981646784016018	31.51155418369901	30.043130057562358	30.908734462334195	35.41036122466005	35.358054559105696	33.78501710186035	34.94735963960958	35.98054559105698	36.36072411779428	36.17719195795445	36.44383081671812	36.71038625177276	36.68173855009594	36.657445566029864	35.70706598815383	35.75313256027363	36.31447401351464	34.257195294902814	34.684124468173856	35.92353382831401	36.92740468841244	37.42215733711521	37.07458079586219	37.40358721948778	36.60308667723367	35.87514807708351	35.705347459748054	36.55406690581463	34.20654041878702	36.750479686326855	35.878168015349964	36.809710519729705	34.35364978726954	35.012747142737965	35.16898306498707	34.85057145240677	34.552131475765414	32.73848335697005	30.131859514474012	32.84856928339034	33.11509134896137	33.87915241511638	31.812880620672395	32.57498957203637	31.230749979144075	29.016768165512644	29.174455660298655	31.052857262033864	28.125986485359142	26.11954617502294	27.601852006340202	23.186485359139066	24.309668807875195	23.775273212647033	26.56787543340218	21.05521087324272
SRR6444702_1	31.47225806451613	32.09853372434018	32.905806451612904	32.814604105571846	32.470850439882696	34.15211143695014	33.990058651026395	33.148299120234604	33.35307917888563	36.10591788856305	37.32056891495601	37.63526099706745	37.599137829912024	38.387390029325516	37.53513196480939	38.00217595307918	37.39081524926686	37.413260997067454	36.96192961876833	37.868469208211145	37.92212903225807	37.78211730205278	37.93938416422288	37.429818181818185	37.63571847507332	37.33849853372434	37.57876832844575	37.894111436950155	37.65227565982404	37.7113724340176	37.233947214076245	37.74177126099706	37.264944281524926	37.030809384164215	36.39026979472141	36.48467448680352	36.82418768328446	36.412428152492666	35.46398826979472	35.48633431085044	36.22715542521995	36.0810909090909	35.16972434017596	34.421102639296194	34.87849853372434	35.235824046920825	33.10414076246334	34.21055131964809	34.363131964809384	33.71104398826979	34.65893255131965	33.53564222873901	33.76102052785923	32.368445747800585	32.296093841642225	32.693290322580644	32.336365813727866	26.624529111750746
SRR6444702_2	32.32700879765396	32.28322580645161	32.30741935483871	31.726774193548387	31.995043988269796	35.73475073313783	35.927478005865105	35.2433137829912	35.563870967741934	36.33841642228739	36.840410557184754	36.6989090909091	36.913126099706744	37.129524926686216	37.160123167155426	37.26450439882698	36.43060997067449	36.62705571847507	36.90782404692082	35.47646920821115	35.5062228739003	36.74992961876833	37.233225806451614	37.571173020527866	37.058129032258066	37.60951906158358	37.07837536656892	36.38732551319648	36.357689149560116	37.04120234604106	35.07522580645161	36.956797653958944	36.25906158357771	36.9957008797654	35.23213489736071	35.43595307917888	35.85598240469208	35.650357771261	35.50765395894428	34.44293255131965	32.48277419354839	34.53455131964809	34.66351906158358	35.95833431085045	34.20218181818181	34.43496774193549	33.32018768328446	31.34229325513196	31.52565982404692	33.46222873900293	30.795782991202344	29.27821700879765	29.901296187683283	26.074199413489737	27.825595307917887	27.009208211143697	29.72010892770863	23.470123662382377
SRR6444708_1	32.41680619803048	32.917643386213356	32.95584187076085	32.868660782700005	32.55058603172802	34.387462042739166	34.40446121974061	33.3292845588444	33.73536339642989	36.11710418026506	37.38280784402758	37.646490904447035	37.621738513494336	38.424548060277544	37.59790561057979	38.05351760933111	37.46238896614354	37.40640803700656	36.609138121860546	37.70634276470755	37.53198058858586	37.55929846468201	37.77804580412634	37.4268013735562	37.50893095325936	37.14428583591111	37.513335414479094	37.70955529698897	37.379952890427674	37.55093793455743	37.37986775264637	37.57251752419332	37.164713227573294	36.94746998893209	36.38456168232256	36.44342594431989	36.727048273122	36.21408178902858	35.336912904049726	35.38448789624543	36.02027414365581	35.88836166529501	35.09116553622612	34.23000255413344	34.864523086528365	35.09686409172177	32.97881772001021	34.14968924709823	34.35471237619548	33.89809575162471	34.40364957289213	33.38233107245225	33.69946363197774	32.53691290404972	32.52403439566365	33.06223571813719	32.5108345594762	31.418398694984667
SRR6444708_2	30.84607089139257	31.578340948434885	31.91928938331867	31.003575786814995	31.863893066946677	36.1810596815847	36.18131509492863	34.65493657235292	35.1557737605358	36.16991230808525	36.687112977835795	36.570116638760396	36.410500326361486	36.943020120895646	37.058046939296766	37.19478389193178	36.59241138575929	36.54698186565258	36.91720066975055	35.50210290319834	35.13521014842353	36.5499673638505	37.257314754377504	37.52766126514744	37.07960950137639	37.5761443936771	37.087515963334	36.47056219314925	36.086363765360275	37.04843772171297	35.005125294434826	37.05140619235463	36.11423787496098	37.05078752447711	34.74287254874138	35.54550614410988	35.673190112665665	35.59018077588898	35.41338365922184	34.209455969577434	32.140761131764904	34.22004143372023	34.13708317961234	35.52099213894486	33.68561455288476	34.02129012117944	32.60945596957743	31.095535942333346	30.84305701393422	33.12873967704401	30.571064506058974	29.299497687090273	29.86607827000028	25.61945114510316	27.24013395010926	26.787047705536793	29.379014779833938	23.193591665806323
SRR6444713_1	32.24829906542056	32.76867289719626	33.0803738317757	32.58153271028037	32.18497196261682	34.877233644859814	34.93629906542056	33.43095327102804	33.78639252336448	35.98201121495327	37.40474018691589	37.698856074766354	37.70308785046729	38.39114766355139	37.58589906542056	38.046056074766355	37.45387663551402	37.309831775700935	37.06667663551402	37.74407476635514	37.86503177570093	37.854758878504676	37.84152523364486	37.32312523364486	37.61628411214953	37.36118130841122	37.39117757009346	37.850183177570095	37.66594392523364	37.624822429906544	37.55069906542056	37.607521495327106	37.16070280373832	36.8700261682243	36.0203214953271	36.37508785046729	36.67137196261682	36.14090467289719	34.772052336448596	35.622175700934584	35.71784672897196	35.87596817929614	34.91473007327651	34.066322715717064	34.5040675938388	34.685180200388814	32.53201734709137	33.32014356213549	34.03764019739794	33.66556004187229	34.051906684611936	33.05779871392254	33.20886795274413	31.39760729774189	31.474413040227308	31.819665021683864	30.845583892997904	28.644094488188976
SRR6444713_2	30.80814953271028	31.449570093457943	31.900336448598132	31.799028037383177	31.742205607476635	36.18788785046729	36.01151401869159	35.42908411214953	35.262056074766356	36.01652336448598	36.29981308411215	36.114601869158875	36.57984299065421	36.56832897196262	36.6542953271028	36.48783551401869	35.49943925233645	35.84433644859813	36.1073046728972	34.184089719626165	34.6445906542056	35.93758504672898	36.7803214953271	37.27093831775701	36.81211214953271	37.14380560747664	36.536224299065424	35.635319626168226	35.35485607476635	36.53262056074767	34.492396261682245	36.17580560747664	35.51376448598131	36.718355140186915	34.136343925233646	34.71328598130841	34.93441495327102	34.51090841121495	34.47309158878504	32.62966728971962	30.108874766355136	32.94601869158878	32.648837383177565	34.06039626168224	32.17040747663551	32.7142429906542	31.213577570093456	29.361196261682245	28.915185046728972	31.296029906542053	28.511446728971965	26.12091214953271	27.24168971962617	23.296971962616826	24.158803738317754	24.451618691588784	26.583465497720162	20.994559010461316
SRR6444724_1	32.84323497267759	32.81591256830601	32.666666666666664	32.743825136612024	32.61766120218579	33.59143169398907	33.507234972677594	33.19414207650273	33.40227322404372	36.27019016393443	37.25320218579235	37.71034754098361	37.70067759562842	38.440865573770495	37.58405245901639	37.98504918032786	37.43253333333333	37.34928087431694	36.996380327868856	37.96106666666667	38.21785355191257	37.856918032786886	37.98044153005465	37.51212240437159	37.53814207650274	37.420939890710386	37.56346229508197	37.815982513661204	37.891654644808746	37.63033005464481	36.984026229508196	37.77865792349727	37.344104918032784	37.058622950819675	36.33754754098361	36.405053551912566	36.39165901639344	36.02191912568306	34.610308196721306	35.161696174863394	35.92654863387978	35.95067978142077	34.86254863387978	33.808568306010926	34.4311956284153	34.55492896174864	32.51877595628415	33.589560655737706	33.98108852459016	33.456410928961745	34.32964371584699	33.164747540983605	33.33194316939891	31.55485027322404	31.750426229508196	31.928542076502737	31.134957149916595	23.477323801888968
SRR6444724_2	30.496349726775957	31.371978142076504	31.75654644808743	30.975387978142077	30.938666666666666	35.45171584699454	35.51256830601093	34.89591256830601	35.552	36.2551868852459	36.69446120218579	36.30726120218579	36.63651147540984	36.726706010928964	36.82012677595628	36.661770491803274	35.01569398907104	35.442824043715845	36.0720262295082	33.76626885245902	34.31023387978142	35.4487693989071	36.581971584699446	37.03193005464481	36.29303606557377	37.07455300546448	36.188869945355194	35.468126775956286	35.48519344262295	36.01938360655738	33.5487650273224	35.763217486338796	35.12202841530055	36.09382295081967	33.82029289617486	34.11401967213114	34.84106666666666	34.6536743169399	33.775624043715844	32.38296830601093	29.842002185792346	31.718522404371583	32.32848961748634	33.129599999999996	31.01942732240437	32.236161748633876	30.60113661202186	27.7624131147541	28.605333333333334	31.105530054644806	27.447073224043713	25.904533333333337	27.139444808743168	23.22541639344262	24.26853770491803	22.74017049180328	26.242806242335433	20.81626267814732
SRR6444735_1	32.518937703245555	32.4928266275585	32.82589428043104	32.62835554421986	32.48960658037365	34.90594911687815	34.552030861442326	32.95590767072626	33.27497927692406	35.82502072307594	37.38738761716509	37.66772938850985	37.61966460498628	38.43189440795767	37.58961295670472	38.10970477587196	37.45145061531595	37.463106548492	36.9715424344832	37.78937065612447	37.82767965312759	37.82905694063636	37.9268826117452	37.36691959446535	37.72982210036345	37.254256200981956	37.53611553911879	37.8673786903016	37.513562456162724	37.71120959000191	37.45377797615252	37.684142064656	37.257310463559264	37.0474972900593	36.329012306318944	36.66099598291143	36.91299496269846	36.46739781929478	35.56924057897086	35.72417267104508	36.21765606070267	36.078020786839254	35.30079704138239	34.68969584900849	35.01868902633424	35.26972518013135	33.353510170248036	33.96334247274119	34.60892048715169	34.064541222980296	34.648351718421225	33.49876936810559	33.923063189440796	32.31707581457629	32.245667283045336	32.78266275585029	32.25208368052881	25.186361623920185
SRR6444735_2	31.117547663074667	32.332812599630174	32.42380284384365	30.95000956449659	32.19476503220047	36.19632723330995	36.26579736019894	35.09452910795128	35.445418606134034	36.375553146719376	36.85069183191992	36.71304597334694	36.999910731365176	37.21711407256265	37.2707772747561	37.2404641969011	36.597838423770966	36.72354779060129	36.90480775361857	35.70133265319136	35.79538353631321	36.982401326276864	37.41507364662373	37.66676018618887	37.25560160683543	37.6505834342919	37.32683160109673	36.59215073646624	36.292871261875916	37.2780590448256	35.49458649493082	37.26175476630746	36.55771854874705	37.240591723522286	35.373448957469876	35.831486322769884	36.05339539628898	35.7000318816553	35.60366639035899	34.39456736593764	32.450117962124594	34.393400497353824	34.4044443027482	35.82949053114837	34.21022763501881	34.22797296435631	33.0023082318434	32.08777657335969	31.627258815277692	33.60351335841357	31.063361601734364	29.49145571638079	30.035222852770517	25.904272141809606	27.8372058917299	27.7827073901677	29.97966054651521	23.399140208234684
SRR6444736_1	32.795016489556616	32.556870648589225	32.90157566874313	32.50230853792598	32.40304140710883	34.37024551117626	34.05393917185782	32.94122389153536	33.52674972517406	36.07267863686332	37.3530084279956	37.65601319164529	37.65119824111396	38.41252473433492	37.64433858556248	38.116643459142544	37.47579333089044	37.53039941370465	37.315800659582266	38.01308904360572	37.882982777574206	38.01122755588128	37.91487724441187	37.27473799926713	37.6628801758886	37.43958226456577	37.535822645657746	37.89901795529498	37.80699890069623	37.81440087944302	37.47840234518139	37.88386222059362	37.43626236716746	37.158094540124594	36.2810040307805	36.51143275925247	36.71561744228656	36.45317698790766	35.44195676071821	35.56481495053133	36.25253206302675	36.04724074752657	35.181780872114324	34.53942103334554	34.97544155368267	35.22640527665812	33.2013631366801	33.98606815683401	34.28414071088311	33.74974716013192	34.56515207035544	33.37074386222059	33.84201539025284	32.06005862953462	31.847042872847197	32.43363136680102	32.32958852230649	30.797240006381298
SRR6444736_2	31.636643459142544	32.30619274459509	32.36870648589227	32.34038109197508	32.596775375595456	36.245144741663616	36.09325760351777	34.915610113594724	35.19824111396116	36.229629901062665	36.70108464639062	36.92743129351411	37.1398460974716	37.32444118724808	37.39949432026383	37.47851960425064	36.8965042139978	36.730025650421396	37.14071088310737	35.95620373763283	35.883700989373395	37.126310003664344	37.545665078783436	37.94968120190546	37.37879809454013	37.87274459508977	37.47058995969219	36.936965921582996	36.649461341150605	37.45688530597288	35.57749358739465	37.215119091242215	36.59124954195676	37.37114694027117	36.001399780139245	36.19973616709417	36.46829607914988	36.247079516306336	36.00473433492122	34.73542689629901	33.05668010260169	35.050897764748996	34.881751557347016	36.14963722975449	34.64340051300843	34.88779772810553	33.47729571271528	32.57783803591059	32.31081714913888	33.623114694027116	31.208589226823012	30.03692194943203	30.535419567607182	26.72892634664712	28.609278123854892	27.521480395749357	30.341307786512836	23.62789585995958
SRR6444758_1	32.35185388328214	32.40522158841597	32.77978279947345	32.58830627468188	32.25614304519526	34.52704036858271	34.54393374286968	33.3287626151821	33.698826239578764	35.998760421237385	37.378466432645894	37.674846423870115	37.66464458095656	38.413262395787626	37.582283896445816	38.0275778850373	37.43799912242211	37.29858490566038	36.78035322509872	37.58811978938131	37.6406099166301	37.510827117156644	37.72709521720052	37.312066695919256	37.48154892496709	37.11777095217201	37.23347959631417	37.48647433084686	37.374232119350594	37.428312856516015	37.17067792891619	37.500899517332165	37.00291794646775	36.764074155331286	35.764534883720934	36.18950197455025	36.145831505046075	35.57323387450636	34.24218955682316	34.95162351908732	35.2159938569548	35.404607283896446	34.37711715664766	33.49077446248354	34.03327117156648	34.230802983764804	32.05048266783677	32.89056603773585	33.72472575691093	33.104080737165425	33.53449978060553	32.58814172882843	32.86908731899956	31.098672663448884	31.49263931548925	31.748957876261517	30.784936171201544	28.998178990884682
SRR6444758_2	31.031867046950417	31.693067134708205	32.00060333479596	31.90725098727512	32.20299473453269	35.87143483984204	35.79256252742431	34.58901930671347	35.08419262834577	35.9129442738043	36.41896665204037	36.33573935936815	36.721226415094335	36.84089512944274	36.694317683194384	36.62959631417288	35.35913777972795	36.07401272487933	36.33643045195261	34.30963141728829	34.90867705133831	36.13887670030716	36.97438569548048	37.38480693286529	37.02854322071084	37.298354541465564	36.78046292233436	35.9855748135147	35.6672992540588	36.70116279069767	34.65474989030277	36.42869679684072	35.84159719175077	36.905770074594116	34.23500438788942	34.858698990785435	35.26121105748135	34.778773584905665	34.2872641509434	32.80737165423431	30.1337977182975	32.51692628345766	32.59399956121106	33.93255813953488	31.764885914874945	32.69663229486617	31.000778850372974	28.923870118473012	29.25824923211935	31.43405002193945	28.515653795524354	26.410059236507244	27.27018429135586	23.540105309346206	24.52444054409829	24.579300131636682	27.004190109928864	21.356757039793077
SRR6444768_1	31.755988023952096	32.25891074992872	32.61370116909039	32.621471343028226	32.42878528656972	33.66516966067864	33.272882805816934	32.61377245508982	32.84024807527801	35.93628457370973	37.13021100655831	37.703892215568864	37.69244368406045	38.45018534359852	37.605132591958935	38.034117479327065	37.519275734245795	37.339592244083256	36.79128885086969	37.91809238665526	37.02457941260336	37.85695751354434	37.817721699458225	37.22577701739378	37.49455374964357	37.343712574850294	37.59144568006843	37.70806957513545	36.67887082976903	37.60286569717707	37.700114057599095	37.794867408041064	36.87432278300542	36.09577986883376	36.41435700028514	36.5468634160251	36.84220131166239	36.347248360422014	35.179697747362425	35.78505845451953	36.290889649272884	36.190105503279156	35.29536641003706	34.73840889649273	35.02520672939835	35.260037068719704	33.30143997718848	34.342372398061016	34.77195608782436	33.79001996007984	34.31812090105503	33.977216994582264	33.40511833475905	32.893071000855436	32.80336469917309	32.05330767037354	30.992350202100493	29.949670162723088
SRR6444768_2	30.829626461362988	31.35885372112917	31.468848018249215	30.96236099230111	31.74721984602224	35.6633875106929	35.215996578272026	33.526803535785575	33.45566010835472	35.28173652694611	36.169617907043055	36.26910464784716	36.61901910464785	36.78860849729113	36.65707157114342	36.48882235528942	35.92510692899915	36.14639292842885	36.86934702024522	34.284288565725696	34.552366695181064	35.996820644425426	37.072383803820934	37.211134873110915	36.708625605931	37.258882235528944	36.4792130025663	35.73778157969775	35.96746506986028	36.526817792985455	32.679697747362425	35.98142286854862	35.43846592529227	36.48236384374108	34.1893498716852	35.257684630738524	34.37034502423724	34.0973624180211	34.71036498431708	33.207869974337044	31.818078129455376	33.1643997718848	33.440419161676644	34.61719418306244	31.393783860849727	32.4509124607927	32.15008554319932	29.53196464214428	30.10196749358426	31.436441402908468	28.661733675506127	26.774165953806676	28.087453664100373	24.806900484744794	25.22248360422013	23.230695751354432	26.500085543199315	21.79362837264132
SRR6444776_1	31.60906862745098	31.924785539215687	32.841605392156865	32.786917892156865	32.42095588235294	34.90877757352941	34.83325674019608	33.229319852941174	33.76531862745098	35.99695159313726	37.41818321078431	37.687944240196074	37.6094669117647	38.425045955882354	37.59283088235294	37.99909620098039	37.436044730392155	37.38797487745098	36.85762867647058	37.491038602941174	37.475	37.421875	37.774525122549015	37.304932598039215	37.47607230392157	37.06050857843137	37.266360294117646	37.27783394607843	37.160401348039215	37.28829656862745	37.0913449754902	37.43907781862745	36.90813419117647	36.727680759803924	35.55952818627451	36.234283088235294	36.19027267156863	35.607689950980394	34.399188112745094	34.98838848039215	35.330101102941185	35.52832414215686	34.47789522058824	33.74989276960785	34.203063725490196	34.473391544117646	32.38039215686274	33.08336397058824	34.02173713235294	33.38728553921569	33.749908088235294	32.79361213235294	33.0687806372549	31.17293198529412	31.796844362745095	32.04019607843137	30.76665373709674	28.736395601641235
SRR6444776_2	31.049555759803923	31.76348039215686	32.08149509803921	31.990119485294116	32.290058210784316	35.99157475490196	35.75497855392157	34.29212622549019	34.91743259803921	35.831142769607844	36.530438112745095	36.4499387254902	36.86715686274509	37.01824448529412	36.82270220588235	36.68754595588236	35.488189338235294	36.213572303921566	36.534007352941174	34.39379595588235	34.91404718137255	36.33481924019608	37.037944240196076	37.40484068627451	37.1766544117647	37.378844975490196	36.83892463235294	36.04489889705882	35.64888174019608	36.73791360294118	34.56032475490196	36.478860294117645	36.10390625	37.023805147058816	34.28579963235294	34.84750306372548	35.0686887254902	34.38405330882353	34.097824754901964	33.31832107843137	30.285692401960784	32.30811887254902	32.58671875	34.10428921568628	31.654641544117645	32.4163756127451	30.725934436274507	29.07450980392157	29.31833639705882	31.27366727941176	28.534375	26.55124080882353	26.952588848039216	23.59269301470588	24.683777573529415	24.649433210784316	27.15579234588285	21.491878826406573
SRR6444788_1	32.508966433352064	32.426914627292696	32.84069892198437	32.90011750881316	32.343687733101724	34.70040361722781	34.84616563633577	33.42497317733613	33.49977009145251	35.90220201297706	37.405650641189396	37.70784243600879	37.72050273335717	38.41236397077607	37.604526643846114	38.07261022837583	37.490205895876976	37.34523067490932	36.89513104787207	37.78503039901906	37.90818985336944	37.79002707811782	37.866540642722114	37.45348183722475	37.67488887753537	37.412394625249064	37.44324324324324	37.93339804833188	37.77608951106116	37.787176212128955	37.22958156644357	37.632371123486436	37.112471261431565	36.82881520461861	36.120594696776166	36.30158892351709	36.50586011342155	35.99064016757778	34.832299596382775	35.52736933530885	35.55235273080263	35.67888417718285	34.789138098400855	33.89638788126501	34.497552751238956	34.719950952843206	32.61115822817146	33.345302202012974	34.09383334184846	33.45890767894549	33.947315179073215	33.05113166096153	33.51690594185868	31.929678638941404	32.098298676748584	32.30981454043835	31.239811207253165	23.4319304321569
SRR6444788_2	30.61850508353344	31.40387268175548	31.741684974199153	31.15025800848107	30.97113370459306	35.44331477034691	35.56465539263271	34.43897205333878	35.0268226638737	36.13178357942063	36.47129208603688	36.26489551933786	36.745383947274306	36.859919276554436	36.822602564757574	36.74029530475655	35.45317529249476	35.632851376896745	35.58152557093956	33.79522812036989	34.41065753844582	35.5290451131661	36.24167986512032	36.72089102334849	36.30430695345629	36.826628518878046	36.11340111377918	35.2312062535125	34.99798702293977	36.034557809226996	33.99476830327492	35.6993204925152	35.096510499157	36.0304501098452	33.791335002299085	34.21506156439994	34.54141930209983	34.11468860164512	34.012895314974706	32.299248965411536	29.896479844684006	32.779420630460336	32.09952485566852	33.88078475450876	31.702559648495377	32.538936289786946	31.106330148674193	28.728605732386455	28.879405303223827	30.98366116589179	28.534021355949523	26.26555969958617	26.939631124508253	23.313503295355847	24.173156899810966	24.443151279824246	26.465234980946423	21.335152949762417
SRR6444792_1	32.64876245250077	32.571839375577696	32.9968162678443	32.76584163500051	32.56578001437815	34.09715518126733	34.09335524288795	33.55766663243299	33.505802608606345	36.218486186710486	37.42522337475608	37.75084728355756	37.72757522850981	38.45424668789154	37.650652151586726	38.082633254595876	37.44833110814419	37.36099414604087	37.41848618671049	38.086248331108145	38.17475608503646	38.13207353394269	38.02378556023416	37.584451062955736	37.62458662832494	37.567772414501384	37.71128684399712	38.18270514532196	38.13055355859094	37.95053918044572	37.79985621854781	38.13051247817603	37.73324432576769	37.38362945465749	36.31128684399712	36.737003183732156	37.06328437917223	36.51855807743659	35.34291876347951	35.95970011297114	36.552634281606245	36.60647016534867	35.419369415631095	34.59299578925747	35.04202526445518	35.441450138646395	33.21142035534559	33.866201088631	34.44956352059155	34.05338399917839	34.62707199342713	33.53402485365102	33.82477149019205	31.991496354113174	32.08329054123446	32.17321556947725	31.74762868248767	29.479881964669445
SRR6444792_2	30.690253671562083	32.15384615384615	32.233850261887646	30.352264557872033	31.895450344048474	36.019102392934165	36.355037485878604	34.942076614973814	35.571531272465855	36.286001848618675	36.73575023107734	36.36904590736366	36.75224401766458	36.850652151586736	37.04167608092841	37.07813494916299	36.21729485467803	35.9891958508781	36.48698777857656	34.445188456403415	34.96524596898429	36.09130122214235	37.2749922974222	37.647201396734104	37.259833624319604	37.49095203861559	36.80203348053815	36.02479203039951	36.20299887028859	36.87996302762658	34.39790489883948	36.76970319400226	36.21016740269077	37.122645578720345	34.89998972989627	35.44216904590736	35.646913833829714	35.967751874293924	35.612426825510944	33.90658313648968	31.019882920817498	33.831775700934585	33.90122214234364	35.48216082982439	33.478874396631404	34.03311081441923	32.93809181472733	30.964239498818937	30.71765430830851	32.42721577487932	29.71966724863921	27.098613535996712	28.61846564650303	24.448515970011293	25.4257779603574	24.554996405463694	27.441080414912193	21.871417231863642
SRR6444797_1	32.6761036118205	33.01382707041226	33.20627508208683	32.60547245530828	32.45884713608172	33.325975921196644	33.25895658518789	33.13079168186793	33.4327982488143	36.28818679314119	37.29619117110544	37.670645749726376	37.65203210507114	38.429128055454214	37.5588544326888	38.00628967530098	37.484159066034294	37.48820868296242	37.065348412987966	38.16342940532652	38.16713608172199	37.80170010944911	38.011047063115655	37.603918278000734	37.65979569500182	37.51964976286027	37.69991244071507	37.81263042685151	37.818927398759584	37.739533017147025	37.17010580080263	37.78478657424298	37.45944545786209	37.040299160890186	36.69120029186429	36.419066034294055	36.55539584093397	36.19543962057643	35.21392192630427	35.186143743159434	36.08155417730755	35.84491791317037	35.123516964611454	34.345910251732946	34.752827435242615	34.769740970448744	32.97560014593214	34.248704852243705	34.34123312659613	33.73498723093762	34.63257205399489	33.40970448741335	33.5903101058008	32.066866107260125	32.07992703392922	32.45909522072236	32.22429296589898	31.39635203708754
SRR6444797_2	31.902663261583363	31.93487778183145	32.21379058737687	30.852863918278	31.84819408974827	36.25290040131339	36.158591754834	34.51587012039402	35.30802626778548	36.309325063845314	36.674447282013865	36.565902955125864	36.64130609266691	36.89203940167822	36.86544326887997	37.088084640642094	35.858380153228744	35.834994527544694	36.56826705581904	35.02237869390733	35.020656694637	36.35706676395476	36.89602334914265	37.252681503101066	36.51878146661802	37.38524626048888	36.73838015322875	36.07000364830354	36.10280189711784	36.515519883254285	34.44983582634075	36.53516234950747	35.68030645749727	36.449011309740975	34.5855964976286	34.89503101058008	35.44478657424298	35.18722364100693	34.435425027362285	33.19681138270704	30.952229113462238	33.060335643925576	33.53916818679314	34.10633345494345	32.49040496169282	33.206340751550535	31.786574242977018	29.534512951477563	29.955950383071873	32.40188982123313	28.940751550529	28.264859540313758	29.03854067858446	24.764954396205763	26.342969719080628	24.68866836920832	28.437851623529696	22.305321119006134
SRR6444802_1	31.502574762602165	32.19520952425946	32.565313932064065	32.60783294751264	32.303491283601836	34.804223555534556	34.74568904426702	33.19143005621959	33.72305947937828	35.985203382623894	37.37405395190627	37.686937213587186	37.67797042566259	38.407606179430246	37.575518495771725	38.05998015779279	37.4477630273539	37.257202248783486	36.80276846033921	37.705173146879574	37.770567392639485	37.780535739594654	37.762498228374355	37.31101242500118	37.57983653800727	37.35481645958332	37.42205319601266	37.89916379269618	37.632219965039916	37.630490858411676	37.295025275192515	37.60489441111163	37.02346104785751	36.744044975669674	36.17101148013417	36.38247271696509	36.7670713847026	36.06137856096754	34.79348986630132	35.44677091699343	35.6685784475835	35.83405300703926	34.88625690934001	33.96812018708366	34.485075825577546	34.7403505456607	32.50578731043605	33.35289837955308	34.214711579345206	33.379789294656774	34.095837860821085	32.94795672509095	33.362621061085655	31.580167241460764	31.736533282940428	32.19280956205414	31.13268970661419	23.461078153173418
SRR6444802_2	30.9731185335664	32.18920961874616	31.958142391458402	31.226153918835923	31.318656399111823	35.58628997968536	35.83729390088345	35.042235555345584	35.33377427127132	36.19056077857042	36.601237775783055	36.28025700382671	36.74108754192848	36.824689374970475	36.77725705107006	36.67787593896159	35.58054518826475	36.27937827750744	36.12767987905702	34.16239429300326	34.77546180375113	35.973439788349786	36.85778806632966	37.25713610809279	36.91065337553739	37.220314640714314	36.634166391080456	35.84903859781736	35.63210658099872	36.602059810081734	34.71972409883308	36.554636934851416	35.77853262153352	36.830566447772476	34.243964661973834	34.63335380545188	35.04944489063164	35.07478622383899	34.9403410969906	33.15674398828365	30.748514196626825	33.53928284593944	33.34721028015307	34.59621108329003	32.570378419237485	33.47780034960079	32.02939481268012	29.597392167052487	29.777531062502952	32.06826664147021	29.197467756413282	26.912675390938727	27.93826238956867	23.98744271743752	24.88204280247555	24.983162469882366	27.07339283004422	21.696919787371122
SRR6444816_1	32.38304595106978	32.781123047756616	32.90119165839126	32.890764647467726	32.316827660919024	35.313848514940865	35.42714633926153	33.322469982847345	33.73129006048569	35.72853660738467	37.45627877584183	37.751187144533716	37.63475670307845	38.43165116908911	37.61653877403629	38.034503927056065	37.4831001173603	37.37197797237519	37.03895459059312	37.31359573891848	37.42238873341158	37.5778189040354	37.7271643946917	37.17931750473955	37.53960458607926	36.99329240769161	37.10722217206825	37.22952965604405	37.09414101290963	37.31234991423671	37.17899250699648	37.417613072131445	36.75940236526135	36.60693328518552	35.29884445246908	36.36081971652975	36.49094520176943	35.87558003069423	34.715617947097584	35.274216845716346	35.49517920014445	35.88185429267852	34.662336372664086	34.09773404351358	34.56610092985465	34.86079263338449	32.815283921639434	33.13039631669224	34.41873250880202	33.74555385032048	34.22367066895369	33.31851584363998	33.582711925611626	31.611708946465647	32.03949625349825	32.252225331768535	30.73484727557796	29.182270238249057
SRR6444816_2	30.596145165658573	31.36968493274352	31.69996388913966	30.672339080978606	31.550329511600612	35.86155998916674	35.62002347205922	33.22492552135055	34.29836598356956	35.51931028256748	36.32903313171436	36.078848063555114	36.52453732960187	36.767139117089464	36.784734133790735	36.31034576148777	35.34416358219734	35.783280671662	36.13832265053715	34.2406879118895	34.536977520989446	36.08125846348289	36.90786313983931	37.12282206373567	36.9794077818904	37.16955854473233	36.701318046402456	35.69729168547441	35.064232192831994	36.5895549336463	34.18669314796425	36.30218470705064	35.72434774758509	36.73446781619572	33.857777376546	34.26830369233547	34.51299990972284	33.841482350817	33.28148415636003	32.89585627877584	29.344470524510246	31.729953958653063	31.915274893924344	33.974839758057236	31.006599259727363	31.443811501309018	30.490141735126837	29.650925340796242	28.747359393337547	30.92315608919382	27.955710029791458	25.856919743612888	26.311808251331588	23.18230567843279	23.98095152116999	23.853290602148597	26.25835911027894	21.124658602854808
SRR6444823_1	32.506117908787544	32.61287316237261	33.00405856356913	32.75384060367375	32.55821783964164	34.35008868712984	34.20301836875808	33.546372846706554	33.62751405465532	36.16206595917386	37.377560652977785	37.702317890749484	37.691458978444516	38.43512611610499	37.56102576436281	38.08277665874996	37.46595917385683	37.42767639719809	36.87940955415928	37.80111234705229	38.001418994077504	37.97549228872922	38.00100411869043	37.49196404413313	37.71360370381505	37.44714547695638	37.6109671406668	38.093581456874	37.81306556834922	37.947996272134205	37.33900730541443	37.8705167904278	37.34815260199019	37.0632234013769	36.8542404473439	36.878651955626374	37.26344587078736	36.902029281784564	36.12025373538165	36.13417310525208	36.667775005261106	36.50522201845895	35.79948290893786	35.11131287015603	35.42859032558699	35.62183206565854	34.045906863481946	34.631542554790606	35.044704326128134	34.36314824279229	35.12920061329405	34.27724498692241	34.597336379761295	33.48068424375432	33.15096052671136	33.66455821783965	32.86586096133247	31.33827814724095
SRR6444823_2	31.29098397618976	31.903917265430056	32.287977632805216	30.9052701199531	31.573429937167422	36.159967531491446	36.10501157442203	35.5372034993837	35.765745723476535	36.48256621471304	36.9076812073475	36.839840062531934	37.100237501127374	37.322562607100984	37.34783392959144	37.46582689474792	36.85304392267685	37.28608964915973	37.18312238823919	35.966623575744826	36.123729068334185	37.14029402038301	37.57115714156871	37.83983404984517	37.386086642816345	37.76535489883655	37.48483299762499	36.79193698704266	36.723578751164965	37.44534768361242	35.58511258755975	37.34925893635571	36.594750924450594	37.35698523885399	35.71090400745573	35.77195081622223	36.37897964705529	36.227429877040564	36.08419565282746	34.82097826413733	33.0051709106214	35.158470372485944	35.02449568589724	36.31305654931906	34.7795809157322	35.12830472296546	33.7415987734119	31.87310224573851	32.47054084117488	34.152854523043615	31.761224183026183	30.39037970116947	30.83415206084839	27.078682019060217	28.70156630490335	28.030315966689717	30.062826564050148	23.74151278516542
SRR6444824_1	32.607511737089204	32.49683881064163	32.90785602503912	32.90225352112676	32.48510172143975	33.865195618153365	33.92591549295775	33.306854460093895	33.26391236306729	36.08371830985915	37.343611893583734	37.61863536776213	37.62310485133021	38.398873239436625	37.560832550860724	38.059117370892025	37.43569327073553	37.40364319248826	37.17505477308294	38.02721752738654	38.005264475743346	37.89156807511737	37.9499593114241	37.48605946791862	37.61577464788733	37.5024475743349	37.71218153364632	38.128131455399064	37.840701095461654	37.89051643192489	37.55792175273866	37.8365696400626	37.54923943661972	37.16555868544601	36.470391236306725	36.54472613458529	36.925896713615025	36.39077934272301	35.52548982785603	35.514109546165884	36.3250641627543	36.08462597809077	35.217176838810644	34.339924882629106	34.92723004694835	35.24478873239436	33.05257589984351	34.205733959311424	34.329283255086075	33.79310172143975	34.497809076682316	33.30590297339593	33.67626917057903	32.02017527386541	31.923023474178404	32.37203129890454	32.28320469151174	25.652758823560312
SRR6444824_2	30.92225352112676	32.27339593114241	32.403286384976525	30.48697965571205	32.0685758998435	36.11768388106416	36.40222222222222	35.16794992175274	35.587605633802816	36.48200938967136	36.88890766823162	36.71366510172144	36.91973082942097	37.12626604068858	37.24622848200313	37.314046948356804	36.58398748043818	36.31561189358372	36.79267605633803	35.42630359937402	35.44836932707355	36.76461345852895	37.2764882629108	37.598591549295776	37.09924882629108	37.65065414710485	37.13010954616588	36.49099217527386	36.33311424100156	37.09615649452269	35.26443818466354	37.19440375586855	36.31674491392801	37.04260406885759	35.3242441314554	35.71386541471049	35.96251017214397	36.0102848200313	35.77676995305164	34.47396557120501	32.484507042253526	34.751367762128325	34.639643192488265	35.988050078247255	34.32128951486698	34.50475743348982	33.658960876369335	31.885502347417845	31.644563380281692	33.73208763693271	30.79897965571205	29.225245696400624	30.301802816901407	26.074823161189357	27.48756181533646	26.43539906103286	29.381435131930346	23.212360752102025
SRR6444838_1	32.64191713119936	32.42422849261537	32.752945233032584	32.56697890925809	32.34865812309637	34.0372967070858	34.0967760473536	33.20205735302569	33.26423768748923	36.06198494339405	37.321280386184704	37.584276765703116	37.66514568128268	38.42105626113441	37.56895580713753	37.986483535429	37.389425895063496	37.26501925176714	36.64970978679386	37.63282569967244	37.3366013447503	37.3148324808919	37.568817884029656	37.32500431009712	37.07313372794666	36.92170564910062	37.30243089477616	37.30726969714384	37.27224872133785	37.16203666455951	37.052146428366186	37.342922820527555	36.89794839377047	36.74441698752945	35.89056950749957	36.23245790471812	36.1883914717545	35.71041894144015	34.33890006321476	35.34735934716396	35.618749896128314	35.797954022988506	34.65381609195403	33.677103448275865	34.570241379310346	34.757862068965515	32.29934482758621	33.59955172413793	33.97036781609195	33.47291954022988	33.795988505747125	32.83126436781609	33.12632183908046	31.871126436781612	32.17231034482759	32.483080459770115	31.54935383085525	30.11886904057731
SRR6444838_2	30.86265157174875	31.510660306878915	31.89707488075398	31.773001551634962	31.802540083903224	36.19671283259583	36.0272398138038	35.35135911729211	35.31274064708925	35.976012872823404	36.345210045399696	36.20730992471697	36.26062869950003	36.54141715993334	36.64665249123614	36.85533015343946	35.78981667720247	35.65944485949083	36.31141888397219	34.06109993678524	34.21390724670995	35.6233664731912	36.72868225964025	37.270030458019654	36.80373541750474	37.17181771162577	36.39711510832711	35.76739267858169	35.668927073156716	36.196609390264925	33.97511637262227	36.32716510545371	35.5111660249411	36.689247744382506	34.089822423998626	34.910993621056264	35.06940980403425	35.2231595885294	34.92603873340613	33.34954312970519	30.699546003103272	32.78131141888397	32.9584736509396	34.35031320039078	32.40573530256882	33.302086087006494	31.3967473133728	29.33960117234642	28.95871501637837	31.219688523648067	28.361875754266997	26.32160220676973	27.941566576633527	23.633193494626745	24.79302338946038	24.232492385495085	27.427430220066817	21.70406908871719
SRR6444840_1	32.71461558844683	32.6446227807851	32.992353408789796	32.691940795699736	32.55089525684218	33.69160010599235	33.549986750955824	33.38039898550176	33.194836658212516	36.29044176098724	37.30570465987811	37.696786160426996	37.703312261044026	38.44940000757088	37.59528334027331	38.07032592648673	37.446750198735664	37.412832645644855	37.07341484650037	38.02836809630162	38.15991217776432	37.92042245523716	38.081545974183285	37.6753302797441	37.743233523867204	37.523352386720674	37.81997198773517	38.117984631108754	37.899398114850285	37.92314040201385	37.29948139455654	37.98594844229095	37.50135897338835	37.222917060983455	36.644357799901584	36.550160881250704	36.82827724571298	36.493583677177575	35.66392853087027	35.66617708293902	36.43459893250558	36.322292463186585	35.40604913502669	34.34192376121437	35.04005753870614	35.48284059507136	33.51545595639172	34.50960366430708	34.35211416890639	33.88243176742249	34.74896468183367	33.58366203581027	34.09601393042359	32.69637733277814	32.48271946095317	32.94305939357232	32.68696114350061	25.012448557136786
SRR6444840_2	31.234886626036264	31.880834311238974	32.08698943861907	31.626528371881744	31.511564522845138	35.80380058295794	35.80224855206875	35.19063481848809	35.59529848203808	36.42828481659538	36.8781617897566	36.706264905174706	37.0165726615437	37.18602415111481	37.271007305901506	37.34788961653481	36.31963508346898	35.932149752053604	36.26913729795208	34.86946284589469	34.96765719044554	36.091895370405425	36.3429004050422	36.867093159707764	36.31454745050535	37.15462013097626	36.451277586402696	35.76452284513759	35.829776280425484	36.169231933981905	34.35979104364614	36.16704394897225	35.66609380323277	36.0388613392891	34.77606086989439	35.04444865049022	35.19432183821024	34.827346027179466	34.79355717908923	33.84936972404133	31.972578263996667	33.993829730855126	33.785607752583566	35.29780822954916	33.28172767536056	33.89721012984064	32.83559828898058	30.800121134118182	30.99925048264375	33.04355528636863	30.531082257637127	29.228867774539122	29.92002876935307	25.937661354430862	27.58600143846765	26.149131241246163	29.127639495532172	23.31168774907881
SRR6444846_1	32.41807065217391	32.438315217391306	32.86671195652174	32.73811141304348	32.50509510869565	34.798301630434786	34.856997282608695	33.52316576086957	33.70142663043478	35.997269021739136	37.42934782608696	37.69240489130435	37.69240489130435	38.42830163043478	37.613437499999996	38.082744565217396	37.44506793478261	37.38119565217391	37.04634510869565	37.76716032608696	37.865910326086954	37.8216847826087	37.878125	37.37940217391305	37.63891304347826	37.36595108695652	37.43177989130435	37.84122282608696	37.66395380434783	37.63786684782609	37.30910326086956	37.56158967391304	37.13904891304348	36.83944293478261	35.98010869565217	36.32866847826087	36.59801630434783	36.0169972826087	34.6289402173913	35.459497282608694	35.53846467391304	35.69865489130435	34.89081521739131	33.90490489130435	34.40290760869566	34.62220108695652	32.50043478260869	33.20584239130435	34.05796195652174	33.60180706521739	33.75707880434783	32.960584239130434	33.32092391304347	31.666847826086958	31.76578804347826	32.061358695652174	31.124367824741018	23.447662775033677
SRR6444846_2	30.66990489130435	31.434578804347826	31.832065217391303	31.348165760869566	31.111141304347825	35.54796195652174	35.54707880434783	34.56447010869565	35.06161684782609	36.1334375	36.55380434782608	36.31573369565218	36.823926630434784	36.92498641304348	36.920421195652175	36.79993206521739	35.80474184782609	36.195855978260866	36.316983695652176	34.4648097826087	35.16188858695652	36.25596467391305	36.86520380434783	37.40211956521739	36.997758152173915	37.326684782608694	36.80471467391304	35.990896739130434	35.73035326086956	36.764497282608694	34.923328804347825	36.38158967391304	35.76941576086956	36.81652173913043	34.6284375	34.9616847826087	35.38785326086956	34.83072010869565	34.773790760869566	33.20578804347826	30.828464673913043	33.40582880434782	33.15853260869566	34.294089673913035	32.79148097826087	33.44805706521739	31.847404891304347	29.782880434782612	29.591209239130432	31.74899456521739	29.075285326086952	26.969429347826086	27.734782608695657	23.839021739130438	24.78455163043478	25.154266304347825	27.374178119330303	21.743669269996097
SRR6444849_1	32.07779602262361	32.50490786352855	32.8858967341726	32.84491881043605	31.948330596606457	35.058419996351034	35.06808976464149	33.23619777412881	33.618098887064406	35.74211275314723	37.32596971355592	37.64934865900383	37.63289180806422	38.350556467797844	37.524437146506116	38.018762999452655	37.4184345922277	37.24461959496442	36.94626528005838	37.61677796022624	37.84501368363438	37.806940339354135	37.750870279146135	37.34012771392082	37.63237365444262	37.343995621237	37.37569786535304	37.85476372924649	37.64503557744937	37.69882138295931	37.4504433497537	37.707432950191574	37.122247765006385	36.83595694216384	36.12996898376209	36.530574712643684	36.816836343732895	36.26104725415071	35.001569056741474	35.62868819558474	35.71257799671593	35.915862068965524	35.01815727057106	34.23152709359606	34.633300492610836	34.79528553183725	32.7904324028462	33.21067688378033	34.41901112935595	33.604159824849475	34.0885750775406	33.15610290093049	33.43076810800949	31.796226965882134	32.009173508483855	32.04735632183908	30.979226148469856	27.689572195949417
SRR6444849_2	31.006750592957488	32.187009669768294	32.15343915343915	31.433023170954204	32.2061667578909	35.916000729793836	36.10811895639482	35.415289180806425	35.42287903667214	36.181966794380585	36.53493158182813	36.41312899106002	36.814902390074806	36.89342820653165	36.93748586024448	36.76464148877942	35.85426017150156	36.28794015690567	36.301463236635655	34.55966429483671	35.233242109104175	36.30947637292465	37.0562306148513	37.33064039408867	36.97274949826674	37.198722860791825	36.8314468162744	35.91127896369275	35.578828680897644	36.71325670498085	35.04779419813902	36.719416164933406	35.75875205254515	36.77428206531654	34.13941251596424	34.616288998357966	35.301594599525636	34.765072067141034	34.80650246305419	32.89698960043788	30.534464513774857	33.56877941981391	33.06678343367999	34.62676883780332	32.32275862068965	33.11855500821018	31.705703338806785	30.01941251596424	29.752906403940887	31.750060207991247	29.111111111111114	26.786104725415072	27.61559569421638	23.799905126801683	24.709775588396276	25.47546798029557	27.07610882604471	21.511596701605605
SRR6444854_1	32.12086158755485	32.68820635553783	32.91982449142401	32.67916500465363	32.3394495412844	36.20143597925808	36.072596729158356	32.88950937375349	32.86830208748837	35.266254487435184	37.53054115144263	37.790400212737666	37.374338518813985	38.44834463502193	37.569285999202236	37.82333466294376	37.431538359260735	37.43051455923414	36.97881930594336	35.859380401542346	36.39718122590081	36.76299694189602	37.89940167530913	37.12676505783805	37.53809333865178	36.09619731418694	36.65107033639144	35.4189868368568	35.14309267384656	36.12516952532908	36.01515755883526	36.78966892700439	35.65823693657758	35.84890307140008	32.82017019013429	36.27541550325754	35.68076053716261	34.95646855471347	34.39554580507912	34.77939103842574	35.206089615742584	35.94845100385587	34.45704028719585	34.632389309932194	34.57537561494482	35.253157824757345	34.00320436112219	33.51158090679431	35.13449009440234	34.17697114745379	34.262863980853616	34.2476266453929	34.2912777556176	32.4262332136684	33.522164605770506	33.154261401409386	30.326837771904536	26.14874543288104
SRR6444854_2	30.1122191197979	31.969551921287064	31.542680494615077	29.494349155697382	30.729025395559102	35.414306608163805	34.04500731285733	30.65576386118867	32.21739130434783	33.935819704826486	36.1187608030847	35.709639675575055	36.950870894827816	37.04375747905864	36.311860124983376	35.12794841111554	33.75310464034038	35.56060364313256	36.46335593671055	33.85981917298231	33.30203430394895	36.09107831405398	36.64684217524265	36.287262332136685	36.875880866905995	36.97060231352214	36.57205158888446	34.96056375481984	33.989296636085626	35.7884855737269	33.15809067943093	35.075455391570266	35.34060630235341	36.16064353144528	33.10432123387848	32.74339848424411	32.03218986836857	29.606195984576516	28.265376944555243	33.48876479191597	26.627828746177368	26.70557106767717	28.742614014093874	32.50849621061029	27.072237734343833	26.47073527456455	25.510543810663474	28.08803350618269	26.049660949341842	28.2678633160484	25.643970216726494	24.560457385985906	22.491091610158225	22.640819040021274	23.682076851482517	23.237627975003328	26.871812259008113	20.796541199110376
SRR6444859_1	32.565034702682425	32.70302007128119	32.971187394485085	32.88812605514913	32.28009754267492	33.89330332020259	33.735134121178014	32.85184768336147	33.198499343462764	35.98943537797786	37.19127368223597	37.66713187019321	37.671468767585814	38.40709810542112	37.560247608328645	38.00210842243482	37.44018007878447	37.271611329956855	36.838476833614706	37.96564997186269	37.51085349840555	37.83378728193585	37.90015381729507	37.29941099230914	37.577760270118176	37.39504033014444	37.56712061526919	37.90031888951417	37.26778465578691	37.763188895141624	37.59933971112362	37.83385481148002	37.10355280435191	36.5629337835303	36.3687413243294	36.64033764772087	36.91140123804165	36.522618645657474	35.28141812042769	35.868354905271055	36.29125492402926	36.24565747514538	35.29057962858751	34.685672481710746	34.990050647158135	35.28766835490527	33.300093791033575	34.11431251172389	34.58590133183268	33.80073532170324	34.48791596323392	33.78159444757081	33.583830425811286	32.371817670230726	32.510245732507975	32.18965297317577	31.06981136868461	26.09394279800859
SRR6444859_2	31.343762896267116	31.906058900769086	32.19879947477021	32.02577377602701	32.27750891014819	35.965147251922716	35.73697242543613	34.20641530669668	34.540386419058336	35.9071918964547	36.56880885387357	36.55840930407053	36.86864753329582	36.979531044832115	37.02067154380041	36.89072969424122	36.176019508534985	36.44255111611331	36.83608328643782	34.505075970737195	35.13293565935096	36.24688051022322	37.00695554305008	37.382794972800596	36.854901519414746	37.359212155317955	36.67183642843744	35.97521665728756	35.99768148564998	36.64400675295442	33.81011442506096	36.319279684862124	35.74431813918589	36.71474770211968	34.576132057775276	35.380986681673235	35.13532920652786	34.610332020258866	35.11632339148378	33.49965860063778	31.887345713749767	33.62703432751829	33.664678296754836	34.87974488838867	32.09337835302945	33.24018758206715	32.47460513974865	29.928426186456573	30.30181204276871	32.011164884637026	29.433547176889885	27.303147627086854	28.607795910710934	24.679077096229598	25.343552804351905	24.483759144625772	27.296927255972765	21.973478784328286
SRR6444863_1	31.44050125653739	32.21666779868233	32.480642532092645	32.53725463560416	32.22400326020512	34.497385043809004	34.2247503905454	32.841642328329826	33.50726754058276	35.84777558921415	37.29451198804592	37.65566121035115	37.60783807647898	38.38429667866603	37.53992392854717	38.03835495483258	37.45066222916525	37.45231270800788	36.95945119880459	37.802051212388776	37.57090946138695	37.827650614684515	37.759118386198466	37.32754873327447	37.506004211098286	37.330082184337435	37.498145758337294	37.966752699857366	37.333457855056714	37.6981729267133	37.56140732187734	37.728513210622836	37.14766691571011	36.60294776879712	36.365828975073015	36.36569313319296	36.781016097262786	36.30224139102085	35.46561842015893	35.54573796101338	36.00734225361679	35.81151939142838	35.12555864973171	34.40274400597704	34.91033756707193	35.09980302927393	33.007172451266726	33.846688854173735	34.34175100183386	33.52386062623107	34.33063913604563	33.220953609997956	33.57359913061197	32.06555729131291	31.826563879644095	32.13010935271344	31.790707940554437	30.727357488096477
SRR6444863_2	30.94797255994023	32.30924403993751	32.40647286558446	30.923826665761055	32.20192895469673	36.17747741628744	36.15547103171908	34.616756095904364	35.01375399035523	36.22644162195205	36.63385858860287	36.73169870271005	36.90535217007404	37.18486042246825	37.183861984649866	37.149487196902804	36.49161176390682	36.532561298648375	36.897615975005095	35.63379066766284	35.675256401548594	36.79003599809821	37.493044895741356	37.61886164504517	37.073952319500094	37.55835767167018	37.282041703457175	36.489791482714125	35.90354547306934	37.025538273449705	35.1571011342797	36.709909665149766	35.97109284792502	36.94503158323711	34.95691095564763	35.25155878557359	35.79556476261631	35.500332812606125	35.38640222780683	33.74433878964885	32.180248590640495	34.47678462269918	34.40944780275758	35.469225022074305	33.688134211777495	33.94211777491002	33.24269510290022	31.930713849079666	31.646675269985735	33.36005569517082	30.684928343408274	29.43428649052503	30.18361067717177	26.170800787882904	27.57695442504924	27.011084697412212	29.166920782789237	23.155242153473417
SRR6444864_1	32.64750646472109	32.35862578500185	32.73180642777983	32.6777244181751	32.50181012190617	32.94022903583303	32.31178426302179	32.455190247506465	32.578795714813445	35.96357591429627	37.01530845954931	37.728437384558546	37.737643147395644	38.49714074621353	37.66520871813816	38.09034355374954	37.61541189508681	37.363073513114145	36.57722940524566	38.28514222386406	36.66056889545622	38.11494643516808	37.96599926117473	37.24985592907278	37.652914665681564	37.540982637606206	37.91363132619136	38.037340229035834	36.395729589951976	37.82127816771334	38.07441448097525	38.295160694495756	37.01353527890654	35.76042851865534	36.92137421499815	37.03388252678241	37.44116734392316	36.886353897303295	36.050003694126346	36.282246028814185	36.966265238271156	36.65056520132988	35.957813077207234	35.51404506834133	35.580864425563355	35.81869227927595	34.350779460657556	35.30327299593646	35.806442556335426	34.229065386036204	35.00130033247137	34.92616180273366	33.778441078684885	34.123413372737346	33.90191355744366	32.49182120428518	31.304162475154662	27.150197479653094
SRR6444864_2	29.947838936091614	30.329220539342444	31.052752124122645	29.770520871813815	30.93705208718138	35.58581455485778	34.760103435537495	31.77584041374215	31.77465829331363	34.59937938677503	35.25217584041375	35.49751015884743	35.70639083856668	36.04166974510528	35.94724787587736	35.219711858145544	34.9446176579239	35.4015958625785	36.739534540081266	33.536328038418915	33.42921315108977	35.33972663465091	36.66275581824898	36.66550424824529	35.845452530476535	36.81935722201699	35.764536387144446	35.05934244551163	35.04827484299963	35.83704469892871	29.635803472478756	34.76384189139268	33.80635389730329	35.53943110454378	32.17523457702253	33.890757295899526	32.25985962319911	32.085304765422975	33.02810491318803	31.56140376800887	30.85969708164019	31.220687107499078	32.34712966383451	33.605526413003325	28.51769486516439	29.940051717768746	30.455869966752864	26.668548208348728	27.948429996305872	29.610358330254893	26.645688954562246	24.893136313261913	26.650786848910236	23.059682305134835	22.782475064647212	20.035271518285924	23.556233019615554	20.536352675659366
SRR6444881_1	32.2322102140284	32.05276541640178	32.61203644840008	32.56071201525747	32.14723458359822	34.74808222080949	34.753422335240515	33.2912481457936	33.58995549904641	35.79745708836619	37.38631913541005	37.63120152574698	37.60001695274423	38.37227378681924	37.543538885357066	38.070540368722185	37.40673023945751	37.440432294977754	37.008849332485696	37.74161474888747	37.88620470438652	37.78280991735537	37.83322737868192	37.408705234159775	37.74808222080949	37.35995761813943	37.45429963975418	37.91554990464081	37.53936851027761	37.67484636575546	37.373765628311084	37.599779614325065	37.188446704810346	36.81249417249417	36.25079889807163	36.24241576605213	36.67055732146641	36.189158720067816	35.153015469379106	35.20309387582115	35.554227590591225	35.37488450942997	34.909870735325285	34.112464505191774	34.54789574062302	34.650926043653314	32.60130536130536	33.44255138800593	34.24000847637211	33.43401568128841	33.94693791057428	32.94299639754185	33.301496079677904	31.96835770290316	31.9367069294342	32.4308794236067	31.739407018829052	27.18942273812193
SRR6444881_2	31.493112947658403	31.41140072049163	31.857851239669422	30.271074380165288	31.266158084339903	35.913329095147276	35.75397329942785	32.83356643356643	34.25696122059758	35.71444797626616	35.975011655011656	35.83501589319771	35.9414960796779	36.16661157024793	36.233905488450944	36.16005933460478	35.274219114219115	35.27738080101717	35.76337359610087	34.5767747404111	34.32505191777919	35.740563678745495	36.36241576605213	36.752718796355154	36.220970544606914	36.88811188811189	36.44380589107862	35.498919262555624	34.728739139648226	36.27396482305573	34.129866497139226	35.9888874761602	34.735511760966304	35.91163382072473	33.40467048103412	34.05757999576181	34.47482941301123	33.705005297732576	33.56737444373808	31.797465564738292	29.778885357067175	32.516439923712646	31.966094511549056	33.75556685738504	31.68886628522992	31.943123543123544	30.39529561347743	28.906480186480188	28.41030726848909	31.093884297520663	28.32501801229074	26.74878575969485	27.392464505191775	23.27643992371265	24.647950837041748	24.66468319559229	26.817147211306455	21.731308999555704
SRR6444885_1	32.64271685013475	32.272278810578726	32.76261818846206	32.5962179692139	32.46791211802859	34.31306810396017	33.86534508747088	32.66948339651943	33.13296487461746	35.832110720321566	37.22476590691089	37.75075138172018	37.760845932489836	38.47596035262412	37.65688576257251	38.12737404649888	37.556479239939705	37.378943041154706	36.78126341753072	37.778212213949665	37.1542319462842	37.679230804366696	37.735678070616174	37.03431233727675	37.54213675604074	37.25980907139268	37.39192435938428	37.49171881423286	36.76223450417942	37.48627415155529	37.50553144840816	37.54984698305394	36.68844836249029	36.09257753619878	36.22321289910017	36.4809573836386	36.644050609783946	36.15630566847851	35.101173891198094	35.729438633353126	35.927227881057874	35.89624994290413	35.18795048645686	34.657013657333394	34.77065728771754	34.890832686246746	33.2269857945462	33.991138720138856	34.784314621111776	33.767761384917556	34.3081441556662	33.76615356506646	33.39358699127575	32.61371214543461	32.4318549307998	32.03263143470515	30.953792398822845	29.397637045240995
SRR6444885_2	30.965057324258897	32.21646188279359	32.11912483442196	31.395103457726215	32.220709815922895	35.932900927237014	35.858950349426756	34.16128442881286	34.0346229388389	35.68487644452564	36.27968757136985	36.328598182067324	36.73045265610013	36.89083268624675	36.84749463298772	36.54168912437765	35.91215456995387	36.387539396154025	36.765084730279085	34.50798885488513	34.93347645366099	36.2370438039556	37.16244461700087	37.42899556936007	36.907075320878825	37.39216187822592	36.83125199835564	35.99245420910794	35.95962179692138	36.81311834833052	33.4163339880327	36.32798611428311	35.57290458137304	36.76644589594848	34.02245466587493	35.049129858859	34.85484858173846	34.26289681633399	34.26238523729046	32.23976613529439	30.955666194674098	32.90787923080436	32.948933449047644	34.070652720047505	31.046928241903807	32.21138263371854	31.478591330562278	29.046179144018634	29.56816333988032	31.27404193121089	28.450774220070336	26.409564701045998	27.684483624902935	23.988297629379254	24.690860092266934	23.81820673274563	26.24522655894786	21.372954499706236
SRR6444903_1	32.392169366152274	32.785040173447264	32.839051141436045	32.805764570845554	32.47442928197934	34.64704757046295	34.672554521107	33.226693023849	33.56319347022063	35.86818007907154	37.40531819920928	37.73548016834587	37.74068358627726	38.43790332865706	37.622930748629	38.10482081367172	37.48622624665221	37.33319729626323	36.9127407218467	37.86136972324958	37.70276750414488	37.94195893380946	37.89487310292055	37.38062747098584	37.69331717893125	37.468473409003956	37.570246142073714	38.00658079326617	37.5360158143094	37.82852952429537	37.69204183139906	37.89116184160183	37.15964800408111	36.75120520341793	36.465017217191686	36.74193342685882	37.00169621221783	36.52609361050886	35.381073842622115	35.924792756026015	36.1370615992858	36.28613697232496	35.35381966585895	34.74899885218722	35.061701313607955	35.27342175742889	33.39750031883689	33.874620584109174	34.741984440760106	33.94101517663563	34.58103558219615	33.76528504017345	33.853169238617525	32.44978956765719	32.542214003315905	32.42844024996812	31.372663731545693	24.17024886877828
SRR6444903_2	30.439612294350212	31.986226246652212	31.6353781405433	31.39472006121668	31.5705267185308	35.84230327764316	35.99100879989797	34.09322790460401	34.69091952557072	35.91979339369978	36.3434255834715	36.190613442162984	36.38201759979595	36.665603877056505	36.73648769289632	36.473498278280836	35.652557071802065	35.95608978446627	36.25305445733963	34.26333375844918	34.75898482336437	36.06893253411555	36.92141308506568	37.252633592654	36.86856268333121	37.212689707945415	36.52471623517409	35.75524805509502	35.365195765846195	36.613352888662156	33.868958041066186	36.34981507460783	35.3057900777962	36.60306083407728	33.777069251370996	34.75617905879352	34.783841346767	34.429945160056114	34.59755133273817	32.52960081622242	30.52703736768269	33.090511414360414	32.70216809080475	34.477528376482596	31.599285805381964	32.60712919270501	31.573281469200356	29.24314500701441	29.326055350082896	31.38459380181099	28.72418058921056	26.311643922969004	27.463856650937384	23.54050503762275	24.248144369340643	23.83337584491774	26.177964124967662	21.28319220372536
SRR6444927_1	32.29629738986654	32.30491909767332	32.96052320774773	32.66540687374513	32.28129798039447	34.895033660092125	34.858361875516714	33.274625014763195	33.543699066965864	35.859637415849775	37.3394236447384	37.705999763788824	37.696758001653485	38.406826502893594	37.59241171607417	38.06890870438172	37.476260777134755	37.37408172906578	36.95705680878706	37.77675091531829	37.949013818353606	37.94006732018424	37.903513641195225	37.468766977678044	37.638980748789415	37.40796622180229	37.54788591000354	37.973042399905516	37.836323373095546	37.871016889098854	37.449025628912246	37.79896067083973	37.19672256997756	36.92087516239518	36.617261131451514	36.832408172906575	37.19757883547892	36.69615566316287	35.592299515767095	36.12391047596551	36.21462737687493	36.35325971418448	35.582892405810796	34.930223219558286	35.141390102751856	35.3135998582733	33.54048068973662	33.87619581906224	34.92706980040156	34.20977323727412	34.76889689382308	33.80727530412189	34.1733671902681	32.751984173851426	32.930819652769586	33.125682059761424	31.61913826729269	29.99368319576148
SRR6444927_2	30.51762725876934	32.106413133341206	32.19333884492737	29.77701665288768	31.81743828983111	35.97705798984292	36.27539270107476	34.7295382071572	35.30243888035904	36.22801464509272	36.55101570804299	36.34009684658084	36.69121884965159	36.824760836187544	36.68009920869257	36.864237628439824	35.42390457068619	36.29894295500178	36.15445258060707	34.22691035785993	35.0556926892642	36.176355261603874	37.15118696114327	37.42148931144443	37.06779260659029	37.31329868902799	36.755302940829104	35.90868076059998	35.788874453761665	36.7931380654305	34.376957600094485	36.67020786583206	35.89157316641077	36.97366835951341	34.21150938939412	34.51652297153656	35.297614267154835	35.14017952049132	34.90709224046297	32.99555332467226	30.233175859218143	33.36191094838786	33.201836541868424	34.757978032360924	32.66779260659029	33.50292311326326	31.82298334711232	29.122546356442662	29.636411952285346	31.888591000354317	28.99707688673674	26.39133104995866	27.55063777016653	23.526998937049722	24.47538089051612	24.844561237746543	26.88721376248345	21.432383833389228
SRR6444932_1	32.898546511627906	32.509127906976744	32.84970930232558	32.84470930232558	32.736046511627904	33.44279069767442	32.906802325581396	32.602616279069764	32.7021511627907	36.034813953488374	37.20797674418604	37.70095348837209	37.75625581395349	38.521813953488376	37.69794186046512	38.06026744186047	37.59275581395349	37.42418604651162	36.709767441860464	37.97346511627907	36.558837209302325	37.695872093023254	37.72619767441861	37.28862790697675	37.383348837209304	37.27876744186047	37.61006976744186	37.55460465116279	36.23576744186047	37.33658139534884	37.6371511627907	37.74272093023255	36.6216976744186	35.694883720930235	36.49322093023256	36.59977906976744	36.80581395348837	36.24137209302326	35.056430232558135	35.8011976744186	36.192104651162786	36.15789534883721	35.42562790697674	34.7125	35.14329069767442	35.30926744186046	33.40015116279069	34.602790697674415	35.22018604651163	33.79594186046511	34.20572093023256	34.13754651162791	33.21354651162791	33.09586046511628	32.95410465116279	32.128511627906974	30.982249896777706	30.893040860854807
SRR6444932_2	30.745116279069766	32.087732558139535	31.967906976744185	31.225930232558138	32.1356976744186	35.90988372093023	34.70552325581395	31.573372093023256	32.61389534883721	35.17711627906977	36.03586046511628	36.2355465116279	36.446627906976744	36.77288372093024	36.581767441860464	36.27217441860465	35.72279069767442	35.83747674418605	37.09503488372093	34.28368604651163	34.384453488372095	36.0883488372093	37.16545348837209	37.276534883720934	36.670848837209306	37.32245348837209	36.53417441860465	35.90615116279069	36.06538372093023	36.48723255813954	31.839488372093022	35.968883720930236	35.17086046511628	36.49155813953489	34.014988372093015	35.33858139534883	33.94740697674419	33.94240697674419	34.833255813953485	33.15158139534884	32.15870930232558	33.0401511627907	33.607651162790695	34.682139534883724	30.845337209302322	32.15990697674418	32.28096511627906	28.984860465116277	29.98277906976744	31.035093023255815	27.994220930232558	26.330453488372093	28.308767441860464	24.58908139534884	24.727779069767443	22.267581395348838	25.802616279069763	21.642747401254645
SRR6444938_1	32.76120491389465	32.92309418298087	32.92915240926684	32.87266505861895	32.770236158635775	33.4833679250575	33.09906321871319	32.82251640769619	32.9234868457957	36.11244741123015	37.24539182139451	37.74720367981153	37.75966791944803	38.52683008919055	37.672810904807314	38.11160599091266	37.572401413586135	37.397217703483484	36.77558759185505	38.00068435519157	36.93500869467661	37.86500252426095	37.8771189768329	37.31143770684916	37.47763504796096	37.36013911482583	37.64769170359567	37.70303472261177	36.581679474953724	37.581488753015094	37.68809109777304	37.840466707802776	36.851640769619124	36.088820328714874	36.59136141807371	36.655331800078535	36.85331239131654	36.42067650193526	35.31331126942278	35.86489033488529	36.39892298199361	36.25060862736299	35.38409154653054	34.82907948617266	35.108498345206705	35.37189656139564	33.50688281819712	34.62068772087283	34.8619285353677	33.927480787569415	34.38891568968419	34.04637908790038	33.55136590564873	33.19897907668144	33.0482863072867	32.27471812419364	31.019288908241798	30.38412773620739
SRR6444938_2	30.418690749985977	31.256689291524093	31.76283165984181	30.115162394121278	31.059011611600383	35.86329724575083	35.25624053402143	33.00229988220116	33.09597801088237	35.250664722050814	36.131396196780166	36.23252370000561	36.4410613114938	36.745431087675996	36.693835193807146	36.37924496550177	35.883962528748526	35.98474224490941	36.99531048409715	34.32217423010041	34.58503393728614	36.15549447467325	37.02590452684131	37.33591742861951	36.705895551691256	37.33451506142368	36.44702978627924	35.7944915016548	35.92039041902732	36.49893981039995	32.403545184271046	35.82897851573456	35.18390082459191	36.44234027037639	33.99722892242105	35.221237448813596	34.1102148426544	33.73423458798452	34.70951926852527	33.075279071071975	31.691726033544626	32.843282661131994	33.344241880293936	34.620676501935264	31.06639367251921	32.20098726650586	31.993234980647333	28.750524485331244	29.869074998597632	31.177775284680543	28.370157626072807	26.548662141695182	27.926964716441354	24.229573119425588	24.716867672631402	22.4132046895159	25.85189630271494	21.477720031796025
SRR6444943_1	31.759392830229302	32.65997416298848	32.7638604801378	32.05678759823447	32.124932716115836	33.77467972871138	33.87167617612229	33.22273657013672	33.219776079233505	36.18220475831629	37.404370761115295	37.66493702228443	37.689740553342666	38.43385725051136	37.686876951232634	38.04147916890946	37.44179136613199	37.41417806007105	37.41693400796642	38.025503283453546	38.05824093013241	38.10105501130369	37.97379696415115	37.350489826676714	37.51034557002907	37.474475185703525	37.48854559155991	37.942178921304766	38.008095596942624	37.90955969426203	37.35892991710626	38.050705135106035	37.54680805253526	37.372774249111856	36.134051028097744	36.581343524598985	36.889008504682955	36.50233609645817	35.16436645494671	35.916438798578966	36.513812035741196	36.530939821294	35.27017978253848	34.57033049843901	34.99498331359673	35.44361072235978	33.54910108730757	34.04310474755087	34.78189256109376	34.18128969749166	34.71931316611045	33.751921627731726	34.17794165141565	33.00614705565723	32.9257401227258	33.314167294649586	31.990529132351913	29.50772783271959
SRR6444943_2	30.64920874152223	31.475401011949618	31.674238346431263	31.362902357627302	31.191516847884596	35.65992033588115	35.543223167186994	34.50468295833782	35.07869523091829	36.02852836688557	36.52071267090106	36.502895898374426	36.80968887931962	37.05054365378404	37.1001937775864	37.22290881688018	36.015125417160085	36.447518570352024	36.74407363548282	34.62045430078588	34.97888900850469	36.19553235009151	37.30040908601572	37.7560770804177	37.281192808698464	37.51089460652385	36.757476585208316	36.26074927333405	36.108967596081385	36.92171385509742	33.66535687372161	36.61584670039832	36.46169663042308	37.16675637851222	35.26223490149639	35.20725589406825	35.58351813973517	35.742469587684354	35.100968887931955	33.62009904187748	30.815254602217674	32.922295187856605	33.404037033049846	35.2714501022715	33.1128862094951	33.92637528259231	31.946366670255138	30.147217138550968	30.1897297879212	31.378426095381634	29.088567122402843	26.852104639896652	27.944751857035204	24.35700290666379	25.4000645925288	24.448422865755195	27.71645833234813	21.72641051097041
SRR6444945_1	32.36328356846094	32.43459800027394	32.80249280920422	32.6863899922385	32.14596174040086	34.976852485960826	34.953385380998036	33.10373008263708	33.701502077341004	35.87041957722687	37.427959640231926	37.683678034972374	37.67819020225541	38.431648632607406	37.638086106925996	38.09023421449116	37.46495000684838	37.38889649819659	36.91892434826279	37.55012555357714	37.427777016847	37.47313153449299	37.7762133041136	37.21756836962974	37.52420216408711	37.15889147605351	37.213249326576275	37.481623521891976	37.24812126192759	37.232351732639366	37.203104597543714	37.3358352737068	36.807231886043006	36.67729534766927	35.69038944436836	36.252878601104875	36.67736839702324	36.06095055471853	34.73608181527644	35.58374651874173	35.703529196913664	35.91085239464913	34.89343012372734	34.062329361274706	34.645811076108295	34.777299913253884	32.74453727799845	33.369447107702136	34.40153403643337	33.75091083413231	34.09952061361457	33.24075240834589	33.502497374788845	31.756499109711	32.038283467255965	32.3853620673911	31.275057660147677	28.856390130543097
SRR6444945_2	31.16221522165913	31.79112450349267	31.99917819476784	31.37853262110213	31.76062639821029	36.061589736565764	36.179244852303334	34.085787335068254	35.13445646715062	36.145514313107796	36.55678217595763	36.45164589325663	36.94626306898598	37.04801168789664	37.01640871113546	36.70085376432452	35.854887458339036	36.45685065972698	36.44756426060357	34.619924211295256	35.230315481897456	36.444861434506684	37.07958727115007	37.451865041318534	37.179710541934895	37.39294160617267	36.96659818289732	36.1409122038077	35.83752910560197	36.934949550289915	34.94263799479523	36.74713053006438	36.16499109710998	37.165867689357626	34.809943843309135	35.2209195087431	35.36223348399763	34.710085376432446	34.91807514952289	33.62581381545907	30.91320823631466	33.58341779664886	33.24708030863353	34.74358763639684	32.56449801397069	33.34576085467744	31.855663607724967	30.187042870839605	29.958535360452903	32.117280737798474	29.327507647354242	26.994009952974476	27.91216728302059	23.97718120805369	24.854047390768393	25.515600602657166	27.628767837111347	21.745410306459302
SRR6444948_1	32.17171924475196	32.664917321449515	32.505423947461004	32.57593526445409	32.090653219186116	34.49885657323795	34.50357687346077	33.05462061686408	33.73944529142723	35.73365779289316	37.356790195848475	37.45545326609594	37.47088659552012	38.320734138618505	37.57351354520934	37.98527618154098	37.25197021226692	37.47835698369884	37.01373871232555	37.87052304444705	37.67510261522223	37.58630819749032	37.78694148000469	37.036161604315694	37.633622610531255	37.285751143426765	37.32825730034009	37.80418083734021	37.50396974316875	37.666084203119496	37.286525155388766	37.32821625425121	37.07035299636449	36.873067901958485	36.23236777295649	36.51969625894218	36.77965286736249	36.63466635393456	35.64986513427935	35.85194675735899	36.18121848246746	35.870476134631176	35.256180368242056	34.61261287674446	35.02074000234549	35.04225401665299	33.310202884953675	33.91807200656738	34.77815761698135	34.04591298229154	34.55898909346781	33.471332238770955	33.90729447636918	32.4746511082444	32.19499824088191	32.87758297173683	32.137958974609646	30.261950163664103
SRR6444948_2	31.130819749032486	31.623108948047378	31.682831007388295	31.919784214846956	31.195379383135922	36.042336108830774	36.269526210859624	34.12985223407998	35.200979242406476	36.223859505101444	36.52760056291779	36.706145185880146	36.874311012079275	37.174428286618976	37.14955435674915	37.26075407529026	36.404485751143426	36.61526914506861	36.69569016066612	35.517884367303864	35.75224580743521	36.88756303506509	37.04990618036824	37.51859974199601	37.15405769907353	37.51800750557054	37.22126187404715	36.611487041163365	36.1470153629647	37.20555294945467	35.39805910636801	36.94107540752903	36.249466400844376	37.04362612876744	35.475601032015945	35.57880849067667	35.8820921777882	35.4080626246042	35.75745866072476	33.850580508971504	32.48810249794769	34.536941480004685	33.95717720182948	35.51748563386889	33.94719713850123	34.5951155154216	33.268230327195965	31.91033775067433	31.322581212618747	32.797801102380674	30.389034830538293	29.160560572299755	29.429641139908522	25.749319807669757	27.20562917790548	27.77597631054298	29.738916650183278	23.377019020394354
SRR6444957_1	31.6289638868509	32.58906007988913	32.66242765142252	32.31054862639602	32.40560039129372	35.567946523192305	35.48190266568843	33.36031629575283	33.56713132795304	35.603431971957285	37.46378902747208	37.72360805412897	37.72243417298442	38.40912203472732	37.62628189451374	38.09722018423412	37.49278552213256	37.38083475992501	37.03577891905111	37.58246515040352	37.921097252792045	37.94461563544469	37.83890111681748	37.41637727235673	37.75263715659901	37.44808836716393	37.382799380451615	37.86787315562077	37.64579766854162	37.74341729844297	37.489818211461646	37.693380614657215	37.156109888318255	36.855702290698616	36.19787234042553	36.45494415912611	36.78699763593381	36.14709382897205	35.0201516263145	35.63537947338388	35.53049645390071	35.79736691937719	35.03441754300155	34.28973669193772	34.677916360968446	34.765786255808266	32.830398630472	33.11923860764653	34.43032526290047	33.691106219939684	34.109660063585224	33.227512839325016	33.567090568191084	32.04529224749328	32.2568272601288	32.37963642292329	31.128961674493656	27.50650545317203
SRR6444957_2	30.825588978560365	31.341566805249858	32.07401972772479	31.047729681258662	31.697562566234613	36.24194994701231	35.651340996168585	33.68407108502486	34.91403766202006	35.98955734898509	36.44145267791636	36.39203554251243	36.82617591913264	36.970057878861994	36.86868835086003	36.79165240074998	35.51730659492948	36.36870465476481	36.0981332029021	34.37185946034075	35.13210238852205	36.327186761229314	37.10824977582131	37.41714355588163	37.117168011738805	37.24384119996739	36.942382000489125	35.98221243987935	35.703431971957286	36.92369772560528	35.24223526534605	36.779285888970406	35.97256868019891	36.93864025434091	34.3439471753485	34.864465639520674	35.355359908698134	35.05747126436781	34.811494252873565	33.001312464335214	30.450558408738893	33.69302192875193	33.13372462704818	34.5316132713785	32.541729844297706	33.28938615798484	31.671411102959162	29.968248145430827	29.794122442324937	31.916377272356726	29.18164995516426	26.684723241216272	27.655180565745496	23.999885872666503	24.869511698051685	25.920559223934127	27.41163630839519	21.64947489695562
SRR6444958_1	32.49735351224832	32.943107162805546	32.96204484400351	32.87158549884299	32.6018033353725	34.07450062504987	34.07434103784876	33.28643242811926	33.63959890416788	36.14765007846371	37.36166183472086	37.65145623321009	37.65546187195787	38.43218341888981	37.602739580285665	38.07793706944703	37.39498896188526	37.39373354256988	37.07192063196531	37.99941484692928	37.93082426789371	37.75423571029603	38.00829853445754	37.48275128334707	37.76198632869644	37.47762321461819	37.635609224140225	37.97803016198101	37.6020905923345	37.8355241109663	37.480910710960984	37.72856876878475	37.29070404553555	37.01132537170518	36.52352581322978	36.634928318748834	36.823368885815356	36.637481713966544	35.8018405723861	35.8180918690321	36.43468893794718	36.214666063781685	35.41332021171902	34.733718115807115	35.131749873660134	35.484730164640794	33.58308375668271	34.37639705295636	34.51684974865016	33.99094608612389	34.75112907944783	33.72569619916483	34.02952895177807	32.51180147352183	32.40880389392771	32.749362981088915	32.29977613074907	25.5281516696886
SRR6444958_2	30.97587573476607	31.82046439875522	32.0209325212118	31.93196265659494	31.990584355134718	36.325956858259964	36.12035534750113	35.59903715721999	35.30513072851557	36.2150756709312	36.48376732186078	36.3941059127058	36.4846397318935	36.83430592866453	36.97657259887757	36.87190999281857	35.85220097348193	35.392754741069766	36.02846503710403	34.63692847833604	34.47877224246615	35.78674894273479	36.018240817086465	36.650035907120255	36.16099688804958	36.91012048833684	36.209330531691364	35.49855573582998	35.23303455062904	35.979844136500255	33.73967071840839	35.733021251695604	35.00649519908503	35.79747320264915	34.085469585339254	34.834960236189055	34.668739527089926	33.98124318429662	34.012171183871054	32.63342819905843	31.017235417719498	33.386647870840754	32.74156980610155	34.41760246828204	32.15629438519031	32.74530414660744	31.996829534271352	30.36688033619704	29.90008245338724	32.02090060377158	29.577194988961885	28.184658350400298	29.01183605074873	24.788318216879006	26.173737266271246	25.31884458866399	28.171845871823926	22.765091772909358
SRR6444959_1	32.74808438179926	32.48519534575726	33.04592753760288	32.70759625390219	32.636127140289474	33.60027433544603	33.427159209157125	33.11413300539211	33.52322391448302	36.303632579699176	37.236987985999434	37.72057515845237	37.71980891117207	38.4619241320594	37.608239523223915	38.025323999621605	37.492564563428246	37.38118437233942	37.07703150127708	38.11363163371488	38.15167912212657	37.79705798883738	37.99328351149371	37.51814397880996	37.55523602308202	37.45516034433829	37.58571563712042	37.74272065083719	37.85671175858481	37.658121275186836	37.229978242361184	37.74954119761612	37.40823006338095	37.044792356446884	36.24489641471952	36.332447261375464	36.29001040582726	36.00333932456721	34.438132626998396	35.089083341216536	35.87635985242645	35.90777599091855	34.7689811749125	33.8583010122032	34.392630782329014	34.45441301674392	32.36381610065273	33.534083814208685	33.8411881562766	33.52128464667487	34.22140762463343	32.96524453694069	33.177495033582446	31.472992148330338	31.70398259388894	31.783293917320975	31.15315337335469	29.48861604514952
SRR6444959_2	30.97412732948633	32.192271308296284	31.924652350770977	31.21502223063097	31.323148235739286	35.63125532116167	35.798505344811275	35.130971525872674	35.56096868791978	36.176974742219286	36.57248131681014	36.25859426733516	36.650014189764455	36.77902752814303	36.635408192224006	36.74340175953079	35.19418219657554	35.502289281997925	36.19169425787532	33.92324283416895	34.30481506007	35.4950146627566	36.871270456910416	37.27448680351906	36.698760760571375	37.2792356446883	36.29168479803236	35.69356730678271	35.81603443382839	36.31370731245862	33.82305363730963	35.99046447828967	35.56006054299499	36.560192980796515	34.20564752625107	34.815457383407434	35.14998581023555	34.95361838993473	34.02928767382461	32.615854696812036	29.8836817708826	32.06293633525683	32.57902752814303	33.159010500425694	31.40928956579321	32.49071043420679	30.766862170087972	28.211891022609024	28.807463816100654	31.34792356446883	27.541604389367137	26.074080030271496	27.420158925361836	23.16602024406395	24.240630025541577	22.779718096679595	26.617333278639258	20.960923213012236
SRR6444964_1	32.734132828389086	32.56139981765902	32.918788133810224	32.97342029595343	32.53713444140543	33.787713023353675	33.971667017322396	33.477102181078614	33.07244547303458	36.220899081282	37.35626621782733	37.67564345325759	37.70933445543166	38.45735325057858	37.58248123991865	38.037197559436144	37.48007574163687	37.33172031699277	37.22355003857213	38.02088505505294	38.03625780208991	37.99677396731889	37.9987236131566	37.40750403254085	37.42788414334806	37.34985623115226	37.63373308086121	37.98845641349323	37.925759169647236	37.81401220281928	37.40520373097693	37.971428571428575	37.49647240339435	37.2898379970545	36.158566519391265	36.80145872782102	37.05027000490918	36.46548846342661	35.21751876008135	35.853930850690794	36.628922084297635	36.62108142225962	35.281197839960726	34.34442808051055	35.0296374219791	35.44614629356898	32.96458377165299	33.959786801318465	34.35949225050845	33.957598709586925	34.73553545129393	33.70094677046076	33.77055894522757	31.94442808051055	31.94940739182271	32.04569745423943	31.646565788317652	25.937105425781734
SRR6444964_2	32.116628094536786	32.02054842555579	31.95581737849779	31.250578581948243	31.652079388456414	35.456343362087104	35.70895574724735	35.11690861911775	35.50838067185637	36.1310891366856	36.6948313345957	36.32881688757978	36.68748159057438	36.76625289290974	36.94807490006312	36.931075110456554	36.158117680061714	35.9148327372186	36.493877551020404	34.32776492040115	34.70335928185707	36.03120835963251	37.2363419594642	37.64940037870818	37.221319868153444	37.52603969422821	36.663328424153164	36.18012483343853	35.9945718493583	36.77898870888561	34.23608948734133	36.816536924047966	36.07682165649764	37.19245388877201	34.59356196086682	34.92876078266358	35.505561399817665	35.91638964864296	35.45198120485308	33.95043130654324	31.33009327442317	33.53013535311032	33.93895785118171	35.360530191458025	33.22033803212006	33.95545269654254	32.60235640648012	30.217995651868996	30.28537765621713	32.306304789957224	29.253117329405995	26.733207097271894	28.27135142716881	24.088210954484886	25.241391401921597	23.854562030997965	27.215597166701734	21.745795918462534
SRR6444980_1	32.48718221748968	32.60133102622122	32.91217888992413	32.865087182217486	32.460082523625715	34.6339145481166	34.64956741647811	33.20694795687475	33.68699587381872	35.99590576334354	37.43015573006788	37.679228004791696	37.61778251031545	38.42483162518302	37.60800745374684	38.09463064022361	37.481506721682415	37.48630906428856	37.12114468255025	37.870145081858105	37.799994675895114	37.798807400505794	37.89676028217756	37.44515905763343	37.71279648609077	37.342292027152936	37.52448289631306	37.86618927192866	37.55691201916678	37.689673898575805	37.6298682284041	37.756821509383734	37.29825635565021	37.13747903633701	36.16125116464794	36.34509250632237	36.63624650605617	36.023415413283644	35.25350192998802	35.30453347530946	35.87097031811527	35.69329428989751	34.767123652335954	34.07511247171569	34.69840543058698	34.97984293890589	32.61750565686144	33.624091574604016	34.16941834154132	33.702946892053774	34.176270464528145	32.92292293358179	33.44257686676427	31.68987089045654	31.733682949554105	32.36025023292959	31.935339508604073	30.45644006853842
SRR6444980_2	31.202475708771463	31.658645015306803	31.999281245840542	31.36896046852123	32.049647278051374	36.315772660721414	36.23471316384933	35.46687075735392	35.40585651537335	36.278945827232796	36.81392785837882	36.70343138559829	36.97716491414881	37.16731532011181	37.221046186609875	37.15713030746706	36.592343937175556	36.593371489418345	36.91823772128311	35.66819113536537	35.74112604818315	36.93793158525223	37.409082922933585	37.59882337282044	37.23812059097564	37.624538799414346	37.2757407160921	36.57274058298948	36.24650073206442	37.26434713163849	35.34004525489152	37.278072674031684	36.584405696792224	37.24727805137761	35.43839212032477	35.925686144017035	35.9376973246373	35.64996672434447	35.43553840010647	34.46130174364435	32.244983362172235	34.454699853587115	34.41118062025823	35.771249833621724	34.04197524291229	34.10063623053374	33.279627312658064	32.3220764009051	31.79657127645415	33.70968188473313	30.83355250898443	29.40352455743378	30.050467190203648	25.959393052043122	27.59125781977905	27.143596432849726	29.683646594438805	23.29393099723058
SRR6444996_1	32.315224722545835	32.72815623275492	32.610337850266724	32.723649518670676	32.27150653013673	34.81599117051935	34.74777730087682	33.27803666687105	33.49803789318781	35.849451223250966	37.33699797657735	37.64395119259304	37.59245815194065	38.369814213011225	37.53276718376357	38.04702924765467	37.412250904408616	37.37665092893494	37.167410632166295	37.698485498804345	37.85380464774051	37.79976086823226	37.89172849346986	37.40259979152615	37.71098166656447	37.30711263719419	37.49766386657673	37.87125513520142	37.47797535103317	37.67127966153658	37.47703721871359	37.65289104175609	37.25249248880986	37.01030106076399	36.18152553804647	36.568183211723586	36.90034950027592	36.49991415782697	35.56639278925746	35.581507143295106	36.19956465755105	36.090900729658465	35.30999448157459	34.574167637500764	34.97494634864186	35.235765528235945	33.294720706358454	33.921362437917715	34.50952234962291	33.91997056839782	34.66524005150531	33.6325954994175	33.931455024832914	32.31695382917407	32.17478692746336	32.52516401986633	31.95646900185712	28.973956905592765
SRR6444996_2	31.13725550309645	31.82304249187565	32.26635599975474	31.144981298669446	31.571371635293396	36.18762646391563	35.97078300324974	35.052118462198784	35.37344411061377	36.19274633637868	36.809178980930774	36.78567662027102	37.11500398552946	37.25403764792446	37.35076338218162	37.30140413268747	36.71567845974615	36.710049665828684	36.98906738610583	35.75650867619106	35.835704212398056	36.96106444294561	37.3627199705684	37.56736771107977	37.18144582745723	37.58422343491324	37.303593108099825	36.55311791035624	36.21057698203445	37.20804463792997	35.475075111901404	37.21596664418419	36.48921454411675	37.0792507204611	35.4670979213931	35.839879820957755	35.981090195597524	35.419357410019	35.38341406585321	34.46687718437672	32.546796247470716	34.538162977497095	34.3695137654056	35.81550064381629	34.10948556012018	34.01320129989576	33.182396222944384	32.311042982402356	31.779097430866393	33.544919982831566	31.041173585137038	29.654607885216752	29.955000306579187	26.453534858053835	27.899227420442703	27.678668220001224	29.760654056663167	23.402025050288447
SRR6444999_1	32.51694470998181	32.434302630361714	32.8270375281384	32.690801443152736	32.34805266890746	33.852816923124365	33.49147368096457	32.70720651268926	33.23611582225786	36.04536063400043	37.2203521539363	37.71809799870486	37.698578432884155	38.45792346356656	37.62973264670511	38.12077461531345	37.53130839680533	37.44550248234604	36.84721699713219	38.09601899534367	37.428092139751456	37.98166455949921	37.97028585525302	37.42531684603287	37.81798390329643	37.54151531037034	37.76819513398501	38.11947331092541	37.07959542384903	37.88246322735823	37.87551265842302	37.96743655370193	37.195485522217766	36.498183724444175	36.87005458077646	36.772339572604764	37.31380554442012	36.84648308612661	36.17211138178791	36.22949828856888	36.747176909556266	36.482814764562576	35.804193777174746	35.19882820931882	35.410539948811255	35.67986678590151	33.99781060162201	34.807394615930185	35.268549754849055	34.258608036017144	34.97517037219772	34.22894322982516	34.08534953282555	33.186160535323324	32.8593481143421	32.82136976163311	32.442570643039105	26.834938805834714
SRR6444999_2	32.163125597459064	32.188411606895066	31.982546486169785	31.297696506213573	31.926886428813717	36.13497178451386	35.8248481297604	34.4408708254957	34.35958555613802	35.9530296956428	36.64498442751858	36.67015325788646	36.91328132227327	37.18884948657066	37.15556446390577	36.97749545160196	36.705467328625616	36.809318819575076	37.22170896419871	35.67599987665361	35.67728267908353	36.8917327083783	37.40154182984365	37.50032995158654	36.98474821918653	37.65067686330136	37.19609608683586	36.52799654630115	36.58044343026304	37.15715563230442	34.40532239662031	36.78319405470412	35.93997348052669	36.93906071725924	35.18875080946067	36.163902679700264	35.46174720157883	35.09974405624595	35.5882080853557	34.261241481390115	33.070134755928336	34.685738073946155	34.80815936353264	35.85051651299763	33.59989515557063	33.853803694224304	33.63301982793179	31.639464676678283	31.90424003207006	33.60256560485984	31.003891578525394	29.677510869900402	30.68983934133029	26.870609639520183	27.94613463258195	26.44919053933208	29.346293240629855	23.519092363613776
SRR6445001_1	32.52326985601486	32.353320947515094	32.95006967022759	32.63283790060381	32.486391082210865	33.82020436600093	33.227124941941476	32.52517417556897	32.7315373896888	35.76684626103112	37.07016256386438	37.709642359498375	37.70153274500697	38.46293543892243	37.626047375754766	38.093339526242445	37.54835113794705	37.36068741291221	36.65596841616349	38.06518346493265	36.91243845796563	38.04081746400372	37.93540176497909	37.246075243845794	37.65096144914073	37.498095680445886	37.77565257779842	38.04227589410125	36.63516024152345	37.806483975847655	37.94159777055272	38.0957919182536	37.02210868555504	35.898625174175564	36.743399907106365	36.982294472828606	37.424579656293545	36.83227124941941	35.903529958197865	36.19912679981421	36.755949837436134	36.603372039015326	35.89782628889922	35.48955875522527	35.4827775197399	35.67556897352531	34.270255457501165	34.97706456107757	35.58276823037622	34.30679052484905	34.92888992104041	34.66757083139805	33.9030376219229	33.786381792847195	33.707970274036235	32.49705527171389	31.28390484472904	26.379758506199003
SRR6445001_2	30.998560148629817	31.623409196470043	31.94375290292615	31.293961913608918	31.58936367858802	35.91825359962843	35.10032512772875	32.11346957733395	32.796191360891775	35.26547143520669	36.18847189967487	36.356265675801204	36.696878773803995	36.93608917789131	36.78900139340455	36.47464003715745	35.99465861588481	36.46361356247097	37.15995355318161	34.5495030190432	34.84369716674408	36.32426381792847	37.41045982350209	37.430859266140274	36.88196005573618	37.4112401300511	36.72104969809568	35.981978634463545	36.07205759405481	36.791509521597774	32.35511379470506	36.14326056665119	35.414082675336736	36.603307013469575	34.172967951695306	35.26222944728287	34.25529958197863	34.03254064096609	34.84033441709242	33.18227589410126	32.358755225267075	33.39227124941941	33.748908499767765	35.02902926149559	31.194742220157917	32.32890849976776	32.4298095680446	29.555615420343706	30.331175104505338	31.748620529493728	28.83733395262425	27.01141662796099	28.268100325127726	25.138476544356713	25.29163957268927	23.039581978634466	25.997775958747958	21.733838878883404
SRR6445013_1	31.565837144384393	32.24648096454238	32.597790580269645	32.62885312110233	32.30522064500802	34.95729643048049	34.86761299518917	33.251173011819205	33.54409930510186	35.875096513630695	37.396270119379935	37.68819861020372	37.672364435469504	38.39341925521174	37.56034923086061	38.043558828769974	37.42672685157689	37.28588228306705	36.999109104947436	37.594238878660086	37.82607352853834	37.79638890538695	37.81880382490942	37.356191720615314	37.67023816594405	37.34774603551702	37.40770921185484	37.82672685157688	37.58089921007305	37.703759577121815	37.42329393597434	37.72101918394013	37.17225158876284	36.95044247787611	36.18890538694542	36.60776860485835	36.86226762487379	36.402209419730355	35.23841539466651	35.867719902595475	36.05505731424838	36.2565896537388	35.24378452218328	34.595866246956106	34.938742056185774	35.11816831977193	33.17600522658431	33.580103343826096	34.52951238344123	33.943006473837386	34.515127397992515	33.622664370137194	33.77357011344064	32.20635505137495	32.43885490289243	32.31485419017639	31.227540984333878	28.283723871347703
SRR6445013_2	30.859773118726615	31.554433687711587	32.052147057076674	30.55092950050484	31.130842786719725	35.904317871354756	35.821524024469916	34.89261744966443	35.153946665082856	36.04618399952486	36.54996733384807	36.44315495634614	36.86071152818198	36.97507869572964	36.93574864880917	36.81834055948209	35.83151392765932	36.35337649224922	36.429066935914946	34.48863811842965	35.10360515531271	36.31498485478411	37.0198966561739	37.38465284789452	37.07598740868326	37.27822058561502	36.80979984557819	35.97284551879788	35.72022331769317	36.78040030884362	34.76784462790283	36.678125556809405	35.97075488507454	36.91785947615371	34.474740155609666	34.931721803171584	35.32499851517491	34.772536675179666	34.79608006176873	33.35070380709152	30.869287877887984	33.469976836728634	33.23337886796936	34.83558828769971	32.68578725426145	33.33199501098771	31.78088733147235	29.885300231632716	29.82327017877294	31.924820336164395	29.42177347508463	26.98358377383144	27.799180376551647	24.047288709390035	24.90716873552296	25.424220466829006	27.47070303738868	21.70985633784243
SRR6445016_1	32.812309089408075	32.53368282011063	32.99228102039132	32.96218938330719	32.46053826467432	34.26504581854206	34.29493106579708	33.34487740444151	33.38244035333939	36.052893585404114	37.40657145215884	37.650895731858334	37.56222240567985	38.439610336002644	37.63634937670272	38.02009411376208	37.45163873524312	37.47967472962932	37.362734252456036	37.648270453232065	37.70212994303641	37.572987699166184	37.95281102947247	37.5833402129943	37.48520597704945	37.2036819945513	37.54396928919343	37.56717576157847	37.26238751754313	37.50569635928342	37.19983488813672	37.55204325930818	37.08849170312887	36.84713943696855	35.943721621398495	36.53577974077437	36.70073474779163	36.326170230331044	35.57539833237018	35.78221745232395	36.1769008503261	36.288731115330634	35.52990175844134	34.88991166515314	35.30490382233964	35.55922562536118	33.759613638239905	34.32333856187567	34.875951457112194	34.33416990010733	34.721720465615455	33.742929084454715	34.15715347147693	32.74525716172707	32.655997688433914	33.223140427639734	32.14883266970627	31.62036032000484
SRR6445016_2	31.185833402129944	31.695327334268967	31.97890695946504	31.031247420127137	31.993312969536863	36.34409312309089	36.2139024188888	35.01296128126806	35.098571782382564	36.05961363823991	36.73074382894411	36.694997110542396	36.95669941385289	37.319805168001324	37.34822917526624	37.28044249979361	36.06467431684966	35.659671427392055	36.40045405762404	35.0094526541732	34.85045818542062	36.31884751919425	36.80674481961529	36.98205234046066	36.640303805828445	37.21334929414678	36.55560967555518	35.805580780979106	35.80156030710807	36.3845702963758	34.0743746388178	36.343573020721536	35.94873276644927	36.15658383554859	34.871551225955585	35.087525798728635	35.008164781639564	34.53483034756047	34.10553124742013	33.54759349459259	30.967142739205816	33.0600099067118	33.3912408156526	34.856889292495666	32.610195657558	32.82527037067614	32.190811524808055	31.5143894988855	30.466358457855193	32.14681746883514	29.565177908032695	28.592181953273343	29.025765706265997	25.567241806323786	27.094955832576574	26.07049451003055	29.085138445786185	23.10001576097324
SRR6445020_1	32.32992561650361	32.52387233886629	32.93415411674178	32.72119013594225	32.52555787622293	34.206038620790736	34.197977355172036	33.42548825620168	33.82180938771023	36.32717012934667	37.38902935033527	37.68574988091312	37.69502766479792	38.454113077571364	37.65323366677659	38.073115679161624	37.4611410355062	37.30709757795611	37.28531750393903	37.98340844967205	37.78870689971053	37.72483236231725	37.87632552856253	37.59220255761973	37.52394562309919	37.32906819097871	37.61322780403796	37.89899967022095	37.73852918544575	37.673789894104274	37.614854714008274	37.7836649444872	37.318551903557946	37.15441720713788	36.201502326774396	36.64309112894362	36.8766333223407	36.246579458429515	35.09687442746693	35.76069766589718	36.33369242607453	36.448946539152104	35.19548569125352	34.29386244549486	34.9685317503939	35.259807262467476	32.936044849950534	33.79411527609834	34.34116741783005	34.133326004910046	34.36793081968415	33.378850170385846	33.737422593529	31.704657213000623	31.795852112418014	32.11022681470082	31.459467581264438	29.845878486964594
SRR6445020_2	30.774944120772417	31.53640394269173	31.33457916529259	30.69656663368876	30.990876113004287	35.70796233190429	35.87585650947199	34.90018687479389	35.41152760983474	36.156241984537026	36.64534828331684	36.327360668352206	36.70526547213367	36.83787329156132	36.921190135942254	36.74552050126415	35.91260855226998	35.42242497526657	35.95964237294346	34.00021985269869	34.5636070499432	35.57764098054303	36.50220951962185	36.941533838994545	36.67752006155875	36.96750577113334	36.18929317357371	35.52232604155216	35.46386720896999	36.09401634238393	33.52204023304385	36.02310651863252	35.660422850023814	36.46553808948005	34.3232274376168	35.05685390788172	34.871613352387236	34.92823275072368	34.77249642739365	33.269832545527834	30.66003444358946	33.127712432670116	33.26330292037668	34.567637682752554	32.28788978051372	33.25044153750321	32.440797332453926	30.36966765600381	29.984493056318932	31.92038400938038	29.105250815287093	26.718427320362025	28.27718295408743	23.844593455718	24.782565680993734	24.1393499688542	26.944223262116783	21.757936873317007
SRR6445027_1	32.81608584432411	32.639247865519415	32.883824457659216	32.817481146805754	32.7147935284542	33.44991860735524	32.788545231055444	32.68207036311086	32.999966778512345	35.96173549051527	37.19760805288861	37.71847446928673	37.67337297764194	38.46001793960333	37.63134779575429	38.10752466695458	37.575210125909436	37.46161257101093	36.66911398292415	38.20608617653899	37.091139829241556	38.04095544998505	37.956865220424575	37.6367230324574	37.89942526826351	37.752619514301855	37.81142819175443	37.970665426397794	36.5027607056244	37.69964453008206	37.873060695657955	38.027945915418094	37.02763363343411	36.03872296601442	36.82667685458955	36.78726288163184	37.23297564864955	36.828836251287335	36.06470881366067	35.99163482940766	36.616776851267396	36.37191455433374	35.934155011461414	35.43306202451746	35.46321384671606	35.65906780505631	34.258184113484596	35.157117703730776	35.0863426464237	33.78996046642969	34.9544998505033	34.466788478788075	33.913850038204714	33.81828510680708	33.17418025979204	32.74606159263812	32.12912919636159	31.56770781934879
SRR6445027_2	30.995049998338924	32.17703730773064	31.87066874854656	30.9739211321883	31.411581010597654	35.76911066077539	35.1718215341683	32.596923690242846	32.9743197900402	35.42906215740341	36.11630178399389	36.604438390751135	36.79936214743696	37.120959436563574	37.02684960632537	36.62746088169828	36.22809208996379	36.550200990000334	37.36729012325172	35.53020165443009	35.466037673167	36.84091558419986	37.472190292681304	37.47493438756187	36.638244576592136	37.607959868442904	37.15967575828046	36.44344041726188	36.485365934686556	37.06409089399023	33.92512541111591	36.01787980465765	35.10922560712269	36.52917843261021	34.61728181787981	35.778592073353046	34.58173482608551	34.18427959204014	34.724215142354076	33.390957111059436	32.909351848775785	34.288203049732566	34.431361084349355	35.16879173449387	32.597415368260194	33.02708880103651	32.91379023952693	30.481053785588518	31.346965217102422	32.98294408823627	30.13322480980698	29.310913258695724	30.146898774127106	26.532228165177237	27.48862828477459	25.060981362745427	28.2293923876476	23.04639929242482
SRR6445035_1	32.360917851432525	32.63973034873169	32.95583596214511	32.889589905362776	32.13499848753295	34.653731472278636	34.63009377295709	33.27500972300246	33.58359621451104	35.92542241044034	37.32075536925802	37.6328507843222	37.62199559223888	38.3474439306858	37.5359146104317	37.982057819454646	37.3476599974072	37.249790415280245	37.0367140573009	37.722985177822906	37.90631346959941	37.75677801305043	37.8350978782248	37.3646082710341	37.632652002938514	37.34530919147833	37.46630655546433	37.86438788297827	37.66781902251415	37.727332440257555	37.429860420897974	37.71643403482996	37.23837344972127	36.941005142387965	36.16712328767124	36.472339138325914	36.70324532215548	36.303331748844045	34.950736787519986	35.638926580528064	35.882062140789074	36.04808780951557	34.99248087809516	34.24715440127911	34.676720971435984	34.937176440084706	32.83545222764789	33.4260317185947	34.28715267274534	33.58911887991012	34.17185082753554	33.15188626247785	33.327246013568995	31.820906615963008	32.17385592671017	32.09716088328076	31.034896452916776	29.189057995369332
SRR6445035_2	30.902769975368393	32.17440905751696	32.264033533555164	30.724385290177608	31.961540123590165	36.07238235167019	36.200769197528196	34.82260922172767	35.365973812713364	36.20719070048831	36.59551445486366	36.50340953286375	36.850412687437874	37.00409662503781	37.04126874378808	36.99369085173502	36.037042478717424	36.33350330582084	36.48199299943822	34.56727885571064	35.213724558143554	36.37172983017156	37.049263212480014	37.45296227475045	37.036048571798965	37.3151635625081	36.79146968583899	35.958981893608744	35.75596560217796	36.736268959854804	34.86684240093341	36.73480834881811	35.9403482995549	36.93768635754721	34.52002074240526	34.97640551402273	35.51298560995635	34.83745732682252	34.980234216326	33.264655805712806	30.851000388920102	33.53026230499979	33.362732811892315	34.87120694870576	32.73007216628495	33.464094032237156	31.94781556544661	29.929968454258677	29.81737176440085	31.78729527678147	29.351747979776157	26.86075796205869	27.83858087377382	23.897411520677586	24.82152888812065	25.26998833239704	27.515510606978335	21.631216659832113
