Sample	0.0	1.0	2.0	3.0	4.0	5.0	6.0	7.0	8.0	9.0	10.0	11.0	12.0	13.0	14.0	15.0	16.0	17.0	18.0	19.0	20.0	21.0	22.0	23.0	24.0	25.0	26.0	27.0	28.0	29.0	30.0	31.0	32.0	33.0	34.0	35.0	36.0	37.0	38.0	39.0	40.0	41.0	42.0	43.0	44.0	45.0	46.0	47.0	48.0	49.0	50.0	51.0	52.0	53.0	54.0	55.0	56.0	57.0	58.0	59.0	60.0	61.0	62.0	63.0	64.0	65.0	66.0	67.0	68.0	69.0	70.0	71.0	72.0	73.0	74.0	75.0	76.0	77.0	78.0	79.0	80.0	81.0	82.0	83.0	84.0	85.0	86.0	87.0	88.0	89.0	90.0	91.0	92.0	93.0	94.0	95.0	96.0	97.0	98.0	99.0	100.0
SRR6443836_1	0.0	0.0	0.0	0.0	0.0	0.0	0.0	0.0	0.0	0.0	0.0	0.0	0.0	0.0	0.0	0.0	0.0	0.0	0.0	0.0	0.0	0.0	0.0	0.0	0.0	0.0	0.0	0.0	0.0	0.0	0.0	0.0	0.3333333333333333	0.6666666666666666	0.0	0.0	0.0	0.0	0.0	0.6666666666666666	0.3333333333333333	1.9999999999999998	2.6666666666666665	1.9999999999999998	5.999999999999998	104.33333333333293	1375.3333333332998	1696.9999999998934	1069.0000000000362	833.0000000000248	971.0000000000405	1919.9999999998427	1393.666666666629	1252.3333333333278	1473.6666666666108	859.6666666666945	105.33333333333292	18.666666666666668	10.666666666666668	31.33333333333329	4.333333333333333	2.6666666666666665	0.3333333333333333	1.0	3.0	3.0	1.0	0.0	2.6666666666666665	19.333333333333332	1.6666666666666665	0.3333333333333333	0.0	0.0	0.0	0.0	0.0	0.0	0.0	0.0	0.0	0.0	0.0	0.0	0.0	0.0	0.0	0.0	0.0	0.0	0.0	0.0	0.0	0.0	0.0	0.0	0.0	0.0	0.0	0.0	0.0
SRR6443836_2	0.0	0.0	0.0	0.0	0.0	0.0	0.0	0.0	0.0	0.0	0.0	0.0	0.0	0.0	0.0	0.0	0.0	0.0	0.0	0.0	0.0	0.0	0.0	0.0	0.0	0.0	0.0	0.0	0.0	0.0	0.0	0.0	0.0	0.0	0.3333333333333333	0.3333333333333333	0.3333333333333333	1.0	0.3333333333333333	2.333333333333333	3.0	5.999999999999998	4.666666666666666	8.666666666666664	17.66666666666667	47.00000000000006	319.33333333333263	2247.3333333332375	1491.6666666666067	371.3333333333297	240.3333333333358	1029.3333333333785	1878.3333333331855	1709.9999999998904	1198.0000000000068	1057.3333333333721	785.6666666666861	239.6666666666691	44.66666666666671	7.33333333333333	5.333333333333332	10.0	29.99999999999996	7.666666666666663	2.333333333333333	0.6666666666666666	1.6666666666666665	4.0	2.6666666666666665	0.6666666666666666	2.333333333333333	4.999999999999999	14.333333333333341	0.6666666666666666	0.0	0.0	0.3333333333333333	0.0	0.0	0.0	0.0	0.0	0.0	0.0	0.0	0.0	0.0	0.0	0.0	0.0	0.0	0.0	0.0	0.0	0.0	0.0	0.0	0.0	0.0	0.0	0.0
SRR6443839_1	0.0	0.0	0.0	0.0	0.0	0.0	0.0	0.0	0.0	0.0	0.0	0.0	0.0	0.0	0.0	0.0	0.0	0.0	0.0	0.0	0.0	0.0	1.0	0.6666666666666666	0.0	0.0	0.0	0.3333333333333333	0.3333333333333333	0.3333333333333333	0.0	0.0	0.0	0.0	0.0	0.0	0.0	0.0	0.0	0.3333333333333333	1.9999999999999998	56.66666666666679	82.66666666666657	8.33333333333333	4.0	93.66666666666642	1198.33333333334	554.3333333333264	588.6666666666637	596.3333333333312	1231.999999999999	3790.6666666672727	3561.6666666671686	2290.333333333257	1332.3333333333096	706.0000000000103	442.66666666665895	673.0000000000066	456.33333333332484	23.333333333333318	11.333333333333336	5.999999999999998	4.0	28.3333333333333	59.00000000000014	46.333333333333385	47.00000000000006	24.666666666666647	63.00000000000017	298.0000000000005	39.66666666666667	9.666666666666666	6.333333333333331	1.3333333333333333	0.0	0.0	0.0	0.0	0.0	0.0	0.0	0.0	0.0	0.0	0.0	0.0	0.0	0.0	0.0	0.0	0.0	0.0	0.0	0.0	0.0	0.0	0.0	0.0	0.0	0.0	0.0
SRR6443839_2	0.0	0.0	0.0	0.0	0.0	0.0	0.0	0.0	0.0	0.0	0.0	0.0	0.0	0.0	0.0	0.0	0.0	0.0	0.0	0.0	0.0	0.0	0.0	0.0	0.0	0.3333333333333333	0.0	0.0	0.0	0.0	0.0	0.3333333333333333	0.3333333333333333	0.0	0.0	0.0	0.6666666666666666	1.0	0.3333333333333333	0.3333333333333333	0.3333333333333333	3.0	9.666666666666666	82.66666666666657	57.6666666666668	132.66666666666606	216.3333333333351	1401.9999999999604	481.99999999999005	386.99999999999545	515.333333333322	1183.3333333333435	3665.3333333338824	3686.333333333892	2208.9999999998868	1461.3333333332803	789.0000000000198	287.66666666666777	101.99999999999963	239.33333333333576	209.3333333333349	339.3333333333315	103.66666666666627	20.66666666666666	13.33333333333334	41.33333333333335	75.00000000000001	28.3333333333333	44.000000000000036	25.999999999999975	17.000000000000007	53.0000000000001	267.0000000000023	47.00000000000006	3.3333333333333335	5.666666666666665	5.333333333333332	1.3333333333333333	0.3333333333333333	0.0	0.0	0.0	0.0	0.0	0.0	0.0	0.0	0.0	0.0	0.0	0.0	0.0	0.0	0.0	0.0	0.0	0.0	0.0	0.0	0.0	0.0
SRR6443844_1	0.0	0.0	0.0	0.0	0.0	0.0	0.0	0.0	0.0	0.0	0.0	0.0	0.0	0.0	0.0	0.0	0.0	0.0	0.0	0.0	0.0	0.0	0.0	0.0	0.0	0.0	0.0	0.0	0.0	0.0	0.0	0.0	0.3333333333333333	0.3333333333333333	0.3333333333333333	0.0	0.0	0.3333333333333333	0.3333333333333333	0.3333333333333333	1.9999999999999998	29.66666666666663	30.666666666666625	5.333333333333332	64.66666666666683	134.66666666666612	362.3333333333302	723.3333333333456	930.6666666667026	487.3333333333231	437.3333333333259	998.3333333333769	746.3333333333483	553.3333333333263	623.0000000000009	322.6666666666658	80.99999999999993	393.99999999999505	379.66666666666254	32.99999999999996	5.333333333333332	1.0	1.0	1.0	9.333333333333332	2.333333333333333	1.9999999999999998	3.0	8.999999999999998	50.333333333333414	5.333333333333332	0.6666666666666666	0.6666666666666666	0.0	0.3333333333333333	0.3333333333333333	0.0	0.0	0.0	0.0	0.0	0.0	0.0	0.0	0.0	0.0	0.0	0.0	0.0	0.0	0.0	0.0	0.0	0.0	0.0	0.0	0.0	0.0	0.0	0.0	0.0
SRR6443844_2	0.0	0.0	0.0	0.0	0.0	0.0	0.0	0.0	0.0	0.0	0.0	0.0	0.0	0.0	0.0	0.0	0.0	0.0	0.0	0.0	0.0	0.0	0.0	0.0	0.0	0.0	0.0	0.0	0.0	0.0	0.0	0.0	0.0	0.0	0.0	0.3333333333333333	0.0	0.6666666666666666	0.6666666666666666	1.3333333333333333	1.6666666666666665	2.333333333333333	6.999999999999997	31.66666666666662	15.333333333333343	78.66666666666663	157.33333333333343	773.3333333333513	995.0000000000432	345.33333333333115	175.66666666666728	585.33333333333	867.6666666666954	606.6666666666657	539.9999999999915	536.3333333333244	299.00000000000045	140.99999999999963	85.99999999999986	28.999999999999964	69.0000000000001	366.9999999999966	121.66666666666602	26.66666666666664	6.333333333333331	4.333333333333333	4.999999999999999	9.666666666666666	3.3333333333333335	1.9999999999999998	2.333333333333333	12.666666666666671	46.66666666666672	5.999999999999998	1.6666666666666665	0.6666666666666666	0.0	0.0	0.0	0.0	0.0	0.0	0.0	0.0	0.0	0.0	0.0	0.0	0.0	0.3333333333333333	0.0	0.0	0.0	0.3333333333333333	0.3333333333333333	0.3333333333333333	0.0	0.0	0.0	0.0	0.0
SRR6443871_1	0.0	0.0	0.0	0.0	0.0	0.0	0.0	0.0	0.0	0.0	0.0	0.0	0.0	0.0	0.0	0.0	0.0	0.0	0.0	0.0	0.0	0.0	0.0	0.0	0.0	0.0	0.3333333333333333	0.6666666666666666	1.0	0.0	0.0	0.0	0.0	0.0	0.0	0.0	0.0	0.0	0.3333333333333333	1.0	1.9999999999999998	29.66666666666663	31.33333333333329	3.3333333333333335	11.333333333333336	200.33333333333465	2770.000000000142	1175.6666666666786	1665.6666666665672	789.0000000000198	863.0000000000282	1052.3333333333733	1635.9999999999072	1383.333333333298	1765.9999999998777	1845.333333333193	1151.3333333333508	935.3333333333698	57.333333333333464	4.333333333333333	1.6666666666666665	1.0	0.6666666666666666	0.3333333333333333	4.333333333333333	6.333333333333331	2.333333333333333	3.0	23.999999999999982	221.33333333333525	25.999999999999975	3.0	0.0	0.3333333333333333	0.0	0.0	0.0	0.0	0.0	0.0	0.0	0.0	0.0	0.0	0.0	0.0	0.0	0.0	0.0	0.0	0.0	0.0	0.0	0.0	0.0	0.0	0.0	0.0	0.0	0.0	0.0
SRR6443871_2	0.0	0.0	0.0	0.0	0.0	0.0	0.0	0.0	0.0	0.0	0.0	0.0	0.0	0.0	0.0	0.0	0.0	0.0	0.0	0.0	0.0	0.0	0.0	0.0	0.0	0.0	0.0	0.0	0.3333333333333333	0.3333333333333333	0.0	1.0	0.6666666666666666	0.3333333333333333	0.3333333333333333	1.0	1.6666666666666665	1.9999999999999998	1.3333333333333333	1.0	3.0	4.999999999999999	8.666666666666664	33.999999999999964	76.66666666666666	168.0000000000004	423.99999999999335	2993.333333333577	2171.333333333203	864.3333333333617	573.3333333333286	1012.6666666667119	1094.3333333333637	1485.9999999999413	1037.3333333333767	1511.6666666666022	1981.333333333162	1041.666666666709	311.3333333333331	791.3333333333534	164.00000000000028	52.00000000000009	7.9999999999999964	4.0	5.999999999999998	1.9999999999999998	2.6666666666666665	8.33333333333333	9.333333333333332	6.666666666666664	9.666666666666666	40.66666666666668	201.33333333333468	28.999999999999964	2.6666666666666665	0.6666666666666666	0.3333333333333333	0.3333333333333333	0.3333333333333333	0.3333333333333333	0.3333333333333333	0.0	0.0	0.0	0.0	0.0	0.0	0.0	0.0	0.0	0.0	0.0	0.0	0.0	0.0	0.0	0.0	0.0	0.0	0.0	0.0
SRR6443905_1	0.0	0.0	0.0	0.0	0.0	0.0	0.0	0.0	0.0	0.0	0.0	0.0	0.0	0.0	0.0	0.0	0.0	0.0	0.0	0.0	0.0	0.3333333333333333	0.0	0.0	0.0	0.0	0.0	0.0	0.0	0.0	0.3333333333333333	0.3333333333333333	0.0	0.6666666666666666	1.0	0.6666666666666666	0.0	0.0	0.0	0.0	0.6666666666666666	22.666666666666654	24.333333333333314	3.0	16.00000000000001	123.33333333333266	1373.6666666666335	666.0000000000058	687.6666666666749	530.6666666666571	605.3333333333322	1469.6666666666117	1429.6666666666208	1195.0000000000075	1256.9999999999934	676.0000000000069	274.3333333333352	199.33333333333462	25.33333333333331	2.333333333333333	1.0	0.6666666666666666	0.0	0.3333333333333333	1.0	0.6666666666666666	1.0	3.3333333333333335	21.99999999999999	114.33333333333279	12.666666666666671	0.6666666666666666	0.6666666666666666	0.0	0.3333333333333333	0.0	0.0	0.0	0.0	0.0	0.0	0.0	0.0	0.0	0.0	0.0	0.0	0.0	0.0	0.0	0.0	0.0	0.0	0.0	0.0	0.0	0.0	0.0	0.0	0.0	0.0
SRR6443905_2	0.0	0.0	0.0	0.0	0.0	0.0	0.0	0.0	0.0	0.0	0.0	0.0	0.0	0.0	0.0	0.0	0.0	0.0	0.0	0.0	0.0	0.0	0.0	0.0	0.0	0.0	0.0	0.0	0.0	0.0	0.0	0.0	0.0	0.3333333333333333	1.3333333333333333	1.3333333333333333	0.0	0.3333333333333333	0.3333333333333333	0.6666666666666666	1.0	2.6666666666666665	8.666666666666664	35.99999999999998	93.33333333333309	186.33333333333425	304.3333333333335	1466.9999999999457	782.000000000019	519.6666666666558	396.9999999999949	648.3333333333371	1304.333333333316	1407.3333333332926	1033.6666666667109	1055.6666666667059	975.3333333333743	365.33333333333	148.99999999999986	142.333333333333	40.33333333333334	20.999999999999993	4.999999999999999	2.6666666666666665	3.0	2.333333333333333	1.6666666666666665	3.666666666666667	3.0	3.3333333333333335	7.9999999999999964	28.999999999999964	98.33333333333302	14.666666666666675	3.3333333333333335	0.6666666666666666	0.0	0.0	0.3333333333333333	0.0	0.0	0.3333333333333333	0.3333333333333333	0.3333333333333333	0.3333333333333333	0.0	0.0	0.0	0.0	0.0	0.0	0.0	0.0	0.0	0.0	0.0	0.0	0.0	0.0	0.0	0.0
SRR6443910_1	0.0	0.0	0.0	0.0	0.0	0.0	0.0	0.0	0.0	0.0	0.0	0.0	0.0	0.0	0.0	0.0	0.0	0.0	0.0	0.0	0.0	0.0	0.0	0.0	0.0	1.3333333333333333	0.0	0.0	0.0	0.3333333333333333	0.0	0.0	0.3333333333333333	0.3333333333333333	0.6666666666666666	0.3333333333333333	0.0	0.0	0.0	0.3333333333333333	0.3333333333333333	19.999999999999996	19.666666666666664	1.6666666666666665	1.6666666666666665	36.333333333333314	547.666666666659	805.0000000000216	1023.0000000000464	876.333333333363	950.6666666667048	1429.6666666666208	1948.999999999836	1312.9999999999807	1785.9999999998731	1097.0000000000298	281.0000000000015	503.6666666666555	435.99999999999267	19.999999999999996	16.00000000000001	6.666666666666664	2.6666666666666665	0.6666666666666666	3.3333333333333335	4.333333333333333	4.0	4.666666666666666	27.333333333333304	173.66666666666723	15.333333333333343	1.6666666666666665	0.6666666666666666	0.0	0.0	0.3333333333333333	0.6666666666666666	0.0	0.0	0.0	0.0	0.0	0.0	0.0	0.0	0.0	0.0	0.0	0.0	0.0	0.0	0.0	0.0	0.0	0.0	0.0	0.0	0.0	0.0	0.0	0.0
SRR6443910_2	0.0	0.0	0.0	0.0	0.0	0.0	0.0	0.0	0.0	0.0	0.0	0.0	0.0	0.0	0.0	0.0	0.0	0.0	0.0	0.0	0.0	0.0	0.0	0.0	0.0	0.0	0.0	0.0	0.0	0.0	0.0	0.0	0.0	0.0	0.0	0.0	0.0	0.0	0.3333333333333333	0.3333333333333333	1.0	1.0	4.0	20.66666666666666	5.666666666666665	13.000000000000005	148.66666666666652	856.6666666666941	1041.666666666709	915.0000000000341	356.33333333333053	811.3333333333557	1055.6666666667059	1637.9999999999068	1260.333333333326	1787.6666666665394	1380.3333333332987	329.33333333333206	74.33333333333336	45.666666666666714	216.3333333333351	417.33333333332706	86.33333333333319	17.66666666666667	5.666666666666665	4.999999999999999	4.0	11.333333333333336	16.666666666666675	11.66666666666667	11.333333333333336	35.66666666666664	139.66666666666626	14.666666666666675	1.6666666666666665	0.0	0.3333333333333333	0.0	0.3333333333333333	0.0	0.0	0.0	0.0	0.0	0.0	0.0	0.0	0.3333333333333333	0.0	0.0	0.0	0.0	0.0	0.0	0.0	0.0	0.0	0.0	0.0	0.0	0.0
SRR6443915_1	0.0	0.0	0.0	0.0	0.0	0.0	0.0	0.0	0.0	0.0	0.0	0.0	0.0	0.0	0.0	0.0	0.0	0.0	0.0	0.0	0.0	0.0	0.0	0.0	0.3333333333333333	0.6666666666666666	0.0	0.0	0.0	0.0	0.0	0.0	0.0	0.0	0.0	0.0	0.0	0.3333333333333333	1.0	0.3333333333333333	1.3333333333333333	1.9999999999999998	1.6666666666666665	1.6666666666666665	6.999999999999997	128.66666666666595	1983.999999999828	2191.999999999879	1801.9999999998695	1475.6666666666104	631.0000000000018	804.3333333333549	969.3333333333736	1068.0000000000364	1472.9999999999443	1861.3333333331893	752.6666666666823	508.3333333333219	517.3333333333222	88.33333333333316	11.66666666666667	10.0	6.666666666666664	1.0	0.6666666666666666	1.0	1.9999999999999998	4.666666666666666	25.999999999999975	174.00000000000057	23.999999999999982	2.333333333333333	0.6666666666666666	0.0	0.6666666666666666	0.3333333333333333	0.0	0.0	0.0	0.0	0.0	0.0	0.0	0.0	0.0	0.0	0.0	0.0	0.0	0.0	0.0	0.0	0.0	0.0	0.0	0.0	0.0	0.0	0.0	0.0	0.0
SRR6443915_2	0.0	0.0	0.0	0.0	0.0	0.0	0.0	0.0	0.0	0.0	0.0	0.0	0.0	0.0	0.0	0.0	0.0	0.0	0.0	0.0	0.0	0.0	0.0	0.0	0.0	0.0	0.0	0.0	0.0	0.0	0.0	0.0	0.0	0.6666666666666666	1.0	1.3333333333333333	1.9999999999999998	1.9999999999999998	1.3333333333333333	0.6666666666666666	1.3333333333333333	2.333333333333333	3.0	5.666666666666665	12.333333333333337	38.33333333333333	432.3333333333262	3766.666666667262	2113.9999999998436	891.0000000000314	216.00000000000176	677.3333333333404	1069.6666666667027	633.3333333333354	1204.3333333333387	1017.0000000000457	1525.666666666599	919.0000000000346	124.66666666666598	34.3333333333333	400.66666666666134	494.666666666656	117.66666666666607	22.666666666666654	15.333333333333343	4.999999999999999	2.6666666666666665	1.6666666666666665	3.3333333333333335	4.666666666666666	7.33333333333333	26.66666666666664	158.6666666666668	28.999999999999964	3.0	0.3333333333333333	0.0	1.6666666666666665	0.3333333333333333	0.0	0.0	0.0	0.3333333333333333	0.0	0.0	0.0	0.0	0.0	0.0	0.0	0.0	0.0	0.0	0.0	0.0	0.0	0.0	0.0	0.0	0.0	0.0
SRR6443923_1	0.0	0.0	0.0	0.0	0.0	0.0	0.0	0.0	0.0	0.0	0.0	0.0	0.0	0.0	0.0	0.0	0.0	0.0	0.0	0.0	0.0	0.0	0.0	0.0	0.0	0.0	0.0	0.0	0.0	0.0	0.0	0.0	0.0	0.0	0.0	0.0	0.0	0.0	0.0	0.3333333333333333	0.0	1.0	1.3333333333333333	0.0	0.6666666666666666	22.666666666666654	292.33333333333417	169.33333333333377	103.66666666666627	697.0000000000093	1803.6666666665358	2759.3333333334704	679.3333333333406	291.0000000000009	785.0000000000193	284.66666666666794	31.999999999999954	121.66666666666602	116.99999999999942	1.3333333333333333	1.0	0.6666666666666666	0.3333333333333333	0.3333333333333333	0.0	0.0	1.0	0.3333333333333333	3.0	6.999999999999997	0.3333333333333333	0.0	0.0	0.0	0.0	0.0	0.0	0.0	0.0	0.0	0.0	0.0	0.0	0.0	0.0	0.0	0.0	0.0	0.0	0.0	0.0	0.0	0.0	0.0	0.0	0.0	0.0	0.0	0.0	0.0	0.0
SRR6443923_2	0.0	0.0	0.0	0.0	0.0	0.0	0.0	0.0	0.0	0.0	0.0	0.0	0.0	0.0	0.0	0.0	0.0	0.0	0.0	0.0	0.0	0.0	0.0	0.0	0.0	0.0	0.0	0.0	0.0	0.0	0.0	0.0	0.0	0.0	0.0	0.0	0.0	0.0	0.0	0.0	0.0	0.3333333333333333	1.0	1.9999999999999998	8.999999999999998	45.666666666666714	48.3333333333334	295.6666666666673	133.99999999999943	80.6666666666666	179.33333333333405	1592.6666666665838	3191.0000000003333	2427.3333333333194	380.6666666666625	666.0000000000058	358.66666666666373	102.99999999999962	14.000000000000007	9.666666666666666	21.666666666666657	109.33333333333286	39.333333333333336	8.33333333333333	1.0	1.6666666666666665	0.3333333333333333	0.3333333333333333	1.6666666666666665	1.0	1.0	1.0	5.999999999999998	1.9999999999999998	0.0	0.0	0.0	0.0	0.0	0.0	0.0	0.0	0.0	0.0	0.0	0.0	0.0	0.0	0.0	0.0	0.0	0.0	0.0	0.0	0.0	0.0	0.0	0.0	0.0	0.0	0.0
SRR6443924_1	0.0	0.0	0.0	0.0	0.0	0.0	0.0	0.0	0.0	0.0	0.0	0.0	0.0	0.0	0.0	0.0	0.0	0.0	0.0	0.0	0.0	0.0	0.0	0.0	0.0	0.0	0.0	0.0	0.0	0.0	0.0	0.3333333333333333	0.3333333333333333	0.0	0.0	0.0	0.0	0.0	0.0	0.3333333333333333	0.3333333333333333	8.33333333333333	8.999999999999998	3.3333333333333335	14.000000000000007	220.33333333333522	2835.0000000001714	1044.0000000000418	1348.333333333306	1121.3333333333576	296.33333333333394	1134.0000000000214	1391.6666666666295	881.0000000000302	724.3333333333458	398.33333333332814	68.33333333333344	210.0000000000016	216.00000000000176	9.333333333333332	3.666666666666667	1.6666666666666665	0.6666666666666666	0.0	0.0	0.0	0.0	0.0	2.333333333333333	29.333333333333297	2.6666666666666665	0.3333333333333333	0.0	0.0	0.0	0.0	0.0	0.0	0.0	0.0	0.0	0.0	0.0	0.0	0.0	0.0	0.0	0.0	0.0	0.0	0.0	0.0	0.0	0.0	0.0	0.0	0.0	0.0	0.0	0.0	0.0
SRR6443924_2	0.0	0.0	0.0	0.0	0.0	0.0	0.0	0.0	0.0	0.0	0.0	0.0	0.0	0.0	0.0	0.0	0.0	0.0	0.0	0.0	0.0	0.0	0.0	0.0	0.0	0.0	0.0	0.0	0.0	0.0	0.0	0.3333333333333333	0.3333333333333333	0.0	0.3333333333333333	1.3333333333333333	1.6666666666666665	1.0	1.6666666666666665	1.6666666666666665	4.0	5.333333333333332	4.333333333333333	18.666666666666668	25.666666666666643	77.33333333333331	685.6666666666747	3768.0000000005957	1678.333333333231	325.3333333333323	113.66666666666613	318.666666666666	1190.6666666666752	1580.3333333332532	589.9999999999972	660.6666666666719	357.6666666666638	67.33333333333346	19.0	14.333333333333341	47.33333333333339	199.00000000000128	72.00000000000006	12.333333333333337	2.6666666666666665	1.0	1.0	0.0	0.3333333333333333	1.0	2.333333333333333	5.999999999999998	24.99999999999998	4.999999999999999	1.0	0.6666666666666666	0.0	0.0	0.3333333333333333	0.6666666666666666	0.3333333333333333	0.3333333333333333	0.3333333333333333	0.0	0.0	0.0	0.0	0.0	0.0	0.3333333333333333	0.3333333333333333	0.0	0.0	0.0	0.0	0.0	0.0	0.0	0.0	0.0	0.0
SRR6443934_1	0.0	0.0	0.0	0.0	0.0	0.0	0.0	0.0	0.0	0.0	0.0	0.0	0.0	0.0	0.0	0.0	0.0	0.0	0.0	0.0	0.0	0.0	0.0	0.0	0.0	0.0	0.0	0.0	0.0	0.0	0.0	0.0	0.0	0.0	0.0	0.0	0.0	0.0	0.0	0.3333333333333333	1.3333333333333333	11.66666666666667	11.66666666666667	2.333333333333333	5.999999999999998	131.66666666666603	1616.333333333245	941.0000000000371	888.3333333333644	607.9999999999992	501.9999999999889	1754.3333333332137	1937.6666666665053	1105.000000000028	1270.9999999999902	506.6666666666553	120.99999999999936	179.33333333333405	168.33333333333374	25.666666666666643	6.333333333333331	0.6666666666666666	0.0	0.6666666666666666	0.0	0.3333333333333333	0.3333333333333333	0.3333333333333333	1.6666666666666665	8.33333333333333	0.6666666666666666	0.0	0.0	0.0	0.0	0.0	0.0	0.0	0.0	0.0	0.0	0.0	0.0	0.0	0.0	0.0	0.0	0.0	0.0	0.0	0.0	0.0	0.0	0.0	0.0	0.0	0.0	0.0	0.0	0.0	0.0
SRR6443934_2	0.0	0.0	0.0	0.0	0.0	0.0	0.0	0.0	0.0	0.0	0.0	0.0	0.0	0.0	0.0	0.0	0.0	0.0	0.0	0.0	0.0	0.0	0.0	0.0	0.0	0.0	0.0	0.0	0.0	0.0	0.0	0.0	0.0	0.3333333333333333	0.3333333333333333	0.3333333333333333	1.3333333333333333	0.3333333333333333	1.6666666666666665	1.9999999999999998	1.3333333333333333	3.666666666666667	8.999999999999998	21.333333333333325	66.00000000000014	297.00000000000057	381.6666666666624	1970.999999999831	967.3333333333734	294.66666666666737	239.00000000000242	794.3333333333537	1254.3333333333273	2271.666666666582	979.6666666667081	976.3333333333744	623.3333333333343	300.666666666667	68.66666666666677	14.000000000000007	69.0000000000001	166.00000000000034	55.666666666666785	12.333333333333337	3.3333333333333335	1.0	0.6666666666666666	0.3333333333333333	0.0	0.0	0.0	2.6666666666666665	7.9999999999999964	1.3333333333333333	0.0	0.0	0.0	0.0	0.0	0.0	0.3333333333333333	0.0	0.0	0.0	0.0	0.0	0.0	0.0	0.0	0.0	0.0	0.0	0.0	0.0	0.0	0.0	0.0	0.0	0.0	0.0	0.0
SRR6443943_1	0.0	0.0	0.0	0.0	0.0	0.0	0.0	0.0	0.0	0.0	0.0	0.0	0.0	0.0	0.0	0.0	0.0	0.0	0.0	0.0	0.0	0.0	0.0	0.0	0.0	0.0	0.3333333333333333	0.3333333333333333	0.3333333333333333	0.0	0.0	0.0	0.0	0.0	0.3333333333333333	0.3333333333333333	0.3333333333333333	1.0	0.3333333333333333	1.0	3.0	32.333333333333286	30.333333333333293	1.6666666666666665	4.0	59.00000000000014	548.9999999999925	833.3333333333582	1533.6666666665972	1345.66666666664	374.3333333333295	786.3333333333528	1307.9999999999818	1001.3333333333773	740.0000000000142	397.9999999999948	156.66666666666674	176.33333333333397	175.0000000000006	20.999999999999993	4.666666666666666	25.33333333333331	19.999999999999996	8.999999999999998	4.333333333333333	1.3333333333333333	0.6666666666666666	3.3333333333333335	21.99999999999999	156.66666666666674	18.000000000000004	2.6666666666666665	1.6666666666666665	0.0	0.0	0.0	0.0	0.0	0.0	0.0	0.0	0.0	0.0	0.0	0.0	0.0	0.0	0.0	0.0	0.0	0.0	0.0	0.0	0.0	0.0	0.0	0.0	0.0	0.0	0.0	0.0
SRR6443943_2	0.0	0.0	0.0	0.0	0.0	0.0	0.0	0.0	0.0	0.0	0.0	0.0	0.0	0.0	0.0	0.0	0.0	0.0	0.0	0.0	0.0	0.0	0.0	0.0	0.0	0.0	0.0	0.0	0.0	0.0	0.0	0.0	0.3333333333333333	1.0	0.3333333333333333	0.3333333333333333	0.6666666666666666	1.3333333333333333	1.0	1.3333333333333333	3.0	3.666666666666667	9.666666666666666	33.33333333333329	16.666666666666675	29.66666666666663	170.66666666666714	1611.3333333332462	1638.33333333324	535.999999999991	178.33333333333402	458.66666666665805	931.6666666667027	1111.3333333333599	648.6666666666705	681.6666666666742	574.6666666666621	228.33333333333545	36.999999999999986	16.00000000000001	59.00000000000014	167.66666666666706	66.33333333333347	19.666666666666664	18.666666666666668	7.9999999999999964	3.666666666666667	3.3333333333333335	2.333333333333333	3.0	5.999999999999998	35.33333333333331	149.3333333333332	25.666666666666643	1.9999999999999998	0.6666666666666666	0.3333333333333333	0.3333333333333333	0.0	0.3333333333333333	0.0	0.3333333333333333	0.0	0.0	0.0	0.0	0.0	0.0	0.0	0.0	0.0	0.0	0.0	0.0	0.0	0.0	0.0	0.0	0.0	0.0	0.0
SRR6443949_1	0.0	0.0	0.0	0.0	0.0	0.0	0.0	0.0	0.0	0.0	0.0	0.0	0.0	0.0	0.0	0.0	0.0	0.0	0.0	0.0	0.0	0.0	0.0	0.0	0.0	0.0	0.0	0.0	0.0	0.0	0.0	0.0	0.0	0.0	0.3333333333333333	0.0	0.0	0.3333333333333333	0.3333333333333333	0.0	0.0	6.666666666666664	15.666666666666677	1.6666666666666665	1.0	9.333333333333332	157.00000000000009	836.6666666666919	818.3333333333564	398.33333333332814	439.99999999999244	1728.6666666665528	1835.6666666665285	1276.6666666666556	1268.6666666666574	806.0000000000217	318.666666666666	87.33333333333317	5.666666666666665	1.6666666666666665	4.666666666666666	21.666666666666657	12.000000000000004	7.9999999999999964	27.333333333333304	34.666666666666636	15.666666666666677	7.666666666666663	52.666666666666764	50.00000000000008	1.9999999999999998	1.6666666666666665	0.3333333333333333	0.0	0.0	0.0	0.0	0.0	0.0	0.0	0.0	0.0	0.0	0.0	0.0	0.0	0.0	0.0	0.0	0.0	0.0	0.0	0.0	0.0	0.0	0.0	0.0	0.0	0.0	0.0	0.0
SRR6443949_2	0.0	0.0	0.0	0.0	0.0	0.0	0.0	0.0	0.0	0.0	0.0	0.0	0.0	0.0	0.0	0.0	0.0	0.0	0.0	0.0	0.0	0.0	0.0	0.0	0.0	0.0	0.0	0.0	0.0	0.0	0.0	0.0	0.0	0.0	0.6666666666666666	0.6666666666666666	0.3333333333333333	0.3333333333333333	1.0	1.6666666666666665	0.6666666666666666	1.0	4.0	15.000000000000009	17.000000000000007	19.999999999999996	96.9999999999997	647.6666666666704	869.3333333333622	354.33333333333064	269.00000000000216	887.3333333333643	1044.333333333375	1379.6666666666322	1314.9999999999802	1286.6666666666533	842.0000000000258	269.3333333333355	189.000000000001	119.33333333333272	12.666666666666671	7.33333333333333	5.999999999999998	6.999999999999997	24.666666666666647	8.666666666666664	15.333333333333343	38.33333333333333	20.66666666666666	7.33333333333333	9.333333333333332	33.66666666666663	36.66666666666665	12.000000000000004	3.666666666666667	1.0	0.0	0.0	0.3333333333333333	0.3333333333333333	0.0	0.0	0.0	0.0	0.0	0.0	0.0	0.0	0.0	0.0	0.0	0.0	0.0	0.0	0.0	0.0	0.0	0.0	0.0	0.0	0.0
SRR6443958_1	0.0	0.0	0.0	0.0	0.0	0.0	0.0	0.0	0.0	0.0	0.0	0.0	0.0	0.0	0.0	0.0	0.0	0.0	0.0	0.0	0.0	0.0	0.0	0.0	0.0	0.0	0.0	0.0	0.0	0.0	0.0	0.0	0.0	0.0	0.0	0.0	0.0	0.3333333333333333	0.6666666666666666	0.3333333333333333	0.0	0.0	0.3333333333333333	2.333333333333333	6.999999999999997	109.66666666666619	1586.9999999999184	1743.6666666665494	1315.6666666666467	726.0000000000126	385.6666666666622	792.3333333333535	669.6666666666729	758.0000000000163	804.0000000000215	637.6666666666692	215.00000000000173	117.66666666666607	115.6666666666661	35.99999999999998	11.66666666666667	2.6666666666666665	3.3333333333333335	1.3333333333333333	0.6666666666666666	0.0	0.6666666666666666	1.6666666666666665	7.9999999999999964	84.99999999999987	9.666666666666666	0.6666666666666666	0.8333333333333333	0.5	0.0	0.0	0.0	0.0	0.0	0.0	0.0	0.0	0.0	0.0	0.0	0.0	0.0	0.0	0.0	0.0	0.0	0.0	0.0	0.0	0.0	0.0	0.0	0.0	0.0	0.0	0.0
SRR6443958_2	0.0	0.0	0.0	0.0	0.0	0.0	0.0	0.0	0.0	0.0	0.0	0.0	0.0	0.0	0.0	0.0	0.0	0.0	0.0	0.0	0.0	0.0	0.0	0.0	0.0	0.0	0.0	0.0	0.0	0.0	0.0	0.0	0.0	0.0	0.0	0.3333333333333333	1.0	2.333333333333333	1.3333333333333333	1.3333333333333333	1.9999999999999998	3.0	4.0	8.999999999999998	23.66666666666665	81.66666666666659	472.66666666665725	2584.6666666667243	1389.66666666663	607.3333333333325	195.66666666666785	476.3333333333237	908.0000000000333	618.0000000000003	801.6666666666879	565.9999999999944	507.66666666665526	287.33333333333445	52.33333333333343	14.666666666666675	76.66666666666666	98.99999999999967	44.66666666666671	21.333333333333325	11.000000000000002	3.666666666666667	1.0	1.6666666666666665	2.333333333333333	3.3333333333333335	7.9999999999999964	17.66666666666667	66.6666666666668	16.00000000000001	1.6666666666666665	0.0	0.0	0.3333333333333333	0.0	0.0	0.0	0.0	0.0	0.0	0.3333333333333333	0.3333333333333333	0.0	0.0	0.0	0.0	0.0	0.0	0.0	0.0	0.0	0.0	0.0	0.0	0.0	0.3333333333333333	0.5
SRR6443964_1	0.0	0.0	0.0	0.0	0.0	0.0	0.0	0.0	0.0	0.0	0.0	0.0	0.0	0.0	0.0	0.0	0.0	0.0	0.0	0.0	0.0	0.0	0.0	0.0	0.0	0.0	0.0	0.0	0.0	0.0	0.0	0.0	0.0	0.0	0.3333333333333333	1.0	1.3333333333333333	0.6666666666666666	0.3333333333333333	0.0	0.3333333333333333	0.3333333333333333	0.6666666666666666	1.0	3.3333333333333335	12.333333333333337	86.33333333333319	2366.9999999999586	2230.9999999998968	684.6666666666746	415.3333333333272	2758.6666666668034	1806.666666666535	530.6666666666571	691.333333333342	200.0000000000013	47.33333333333339	303.0000000000002	303.0000000000002	9.333333333333332	3.0	3.0	1.9999999999999998	0.6666666666666666	3.0	1.9999999999999998	0.3333333333333333	0.0	0.0	0.0	0.0	0.0	0.0	0.0	0.0	0.0	0.0	0.0	0.0	0.0	0.0	0.0	0.0	0.0	0.0	0.0	0.0	0.0	0.0	0.0	0.0	0.0	0.0	0.0	0.0	0.0	0.0	0.0	0.0	0.0	0.0
SRR6443964_2	0.0	0.0	0.0	0.0	0.0	0.0	0.0	0.0	0.0	0.0	0.0	0.0	0.0	0.0	0.0	0.0	0.0	0.0	0.0	0.0	0.0	0.0	0.0	0.0	0.0	0.0	0.0	0.0	0.0	0.0	0.0	0.0	0.3333333333333333	0.6666666666666666	0.6666666666666666	1.6666666666666665	1.9999999999999998	1.9999999999999998	2.333333333333333	1.3333333333333333	2.333333333333333	2.6666666666666665	3.666666666666667	8.999999999999998	17.33333333333334	51.000000000000085	683.6666666666745	1264.9999999999916	1843.3333333331934	985.6666666667088	181.00000000000077	509.33333333332183	2582.0000000000564	1836.6666666665283	492.6666666666561	454.6666666666583	439.99999999999244	124.66666666666598	14.666666666666675	18.000000000000004	228.0000000000021	275.66666666666845	32.99999999999996	6.666666666666664	5.999999999999998	1.9999999999999998	2.6666666666666665	4.0	0.6666666666666666	0.3333333333333333	0.3333333333333333	0.0	0.0	0.0	0.0	0.0	0.0	0.0	0.0	0.0	0.0	0.0	0.0	0.0	0.0	0.0	0.3333333333333333	0.0	0.0	0.0	0.0	0.0	0.0	0.0	0.0	0.0	0.0	0.0	0.0	0.0	0.0
SRR6443968_1	0.0	0.0	0.0	0.0	0.0	0.0	0.0	0.0	0.0	0.0	0.0	0.0	0.0	0.0	0.0	0.0	0.0	0.0	0.0	0.0	0.0	0.0	0.0	0.0	0.0	0.0	0.0	0.3333333333333333	0.3333333333333333	0.0	0.0	0.0	0.0	0.3333333333333333	0.3333333333333333	0.0	0.0	0.0	0.0	0.0	0.6666666666666666	17.66666666666667	21.666666666666657	3.0	1.3333333333333333	29.99999999999996	396.33333333332826	166.66666666666703	419.9999999999936	1402.666666666627	1063.666666666704	3945.000000000676	2848.333333333511	915.0000000000341	711.0000000000109	594.333333333331	239.33333333333576	246.6666666666693	101.6666666666663	8.33333333333333	1.9999999999999998	1.0	0.0	1.0	3.3333333333333335	1.0	2.5	2.5	6.666666666666664	18.000000000000004	4.999999999999999	1.0	0.6666666666666666	0.3333333333333333	0.0	0.0	0.0	0.0	0.0	0.0	0.0	0.0	0.0	0.0	0.0	0.0	0.0	0.0	0.0	0.0	0.0	0.0	0.0	0.0	0.0	0.0	0.0	0.0	0.0	0.0	0.0
SRR6443968_2	0.0	0.0	0.0	0.0	0.0	0.0	0.0	0.0	0.0	0.0	0.0	0.0	0.0	0.0	0.0	0.0	0.0	0.0	0.0	0.0	0.0	0.0	0.0	0.0	0.0	0.0	0.0	0.0	0.0	0.0	0.0	0.0	0.0	0.0	0.3333333333333333	1.0	0.6666666666666666	1.0	0.3333333333333333	1.0	1.0	2.333333333333333	6.666666666666664	23.66666666666665	18.000000000000004	76.99999999999999	118.33333333333273	426.9999999999932	330.6666666666653	367.6666666666632	344.3333333333312	1500.6666666666047	2840.0000000001737	3872.3333333339765	1951.3333333331689	776.0000000000183	629.6666666666683	159.33333333333348	63.66666666666684	169.33333333333377	104.66666666666626	40.66666666666668	8.999999999999998	1.0	0.6666666666666666	2.333333333333333	6.333333333333331	2.6666666666666665	1.9999999999999998	8.33333333333333	3.0	3.0	12.000000000000004	3.3333333333333335	0.6666666666666666	0.6666666666666666	0.3333333333333333	0.0	0.0	0.0	0.3333333333333333	0.3333333333333333	1.0	0.0	0.0	0.0	0.0	0.0	0.0	0.6666666666666666	0.0	0.3333333333333333	0.3333333333333333	0.0	0.0	0.3333333333333333	0.0	0.0	0.0	0.0	0.0
SRR6443974_1	0.0	0.0	0.0	0.0	0.0	0.0	0.0	0.0	0.0	0.0	0.0	0.0	0.0	0.0	0.0	0.0	0.0	0.0	0.0	0.0	0.0	0.0	0.0	0.0	0.0	0.0	0.0	0.0	0.0	0.0	0.0	0.0	0.0	0.0	0.0	0.0	0.0	0.0	0.0	0.0	1.0	42.66666666666669	43.333333333333364	2.333333333333333	2.6666666666666665	39.66666666666667	574.9999999999955	427.6666666666598	390.6666666666619	635.3333333333356	1173.666666666679	2045.6666666664808	1002.000000000044	672.6666666666732	976.3333333333744	670.666666666673	98.99999999999967	40.66666666666668	19.999999999999996	4.333333333333333	3.0	1.3333333333333333	1.6666666666666665	4.999999999999999	7.666666666666663	14.333333333333341	13.000000000000005	4.0	20.33333333333333	99.99999999999966	11.66666666666667	1.6666666666666665	1.0	0.0	0.0	0.0	0.0	0.0	0.0	0.0	0.0	0.0	0.0	0.0	0.0	0.0	0.0	0.0	0.0	0.0	0.0	0.0	0.0	0.0	0.0	0.0	0.0	0.0	0.0	0.0	0.0
SRR6443974_2	0.0	0.0	0.0	0.0	0.0	0.0	0.0	0.0	0.0	0.0	0.0	0.0	0.0	0.0	0.0	0.0	0.0	0.0	0.0	0.0	0.0	0.0	0.0	0.0	0.0	0.0	0.0	0.0	0.0	0.0	0.0	0.0	0.0	0.3333333333333333	0.0	0.3333333333333333	0.6666666666666666	0.6666666666666666	1.0	2.6666666666666665	1.9999999999999998	1.9999999999999998	7.33333333333333	45.00000000000004	27.333333333333304	154.33333333333334	90.99999999999979	516.3333333333221	515.333333333322	374.99999999999613	318.666666666666	1108.0000000000273	1922.999999999842	1796.9999999998706	738.6666666666807	916.3333333333676	748.6666666666819	297.3333333333339	56.00000000000012	8.33333333333333	9.666666666666666	22.999999999999986	8.666666666666664	3.3333333333333335	1.6666666666666665	4.666666666666666	11.333333333333336	6.999999999999997	13.000000000000005	5.333333333333332	3.666666666666667	18.000000000000004	89.66666666666647	16.00000000000001	3.0	0.3333333333333333	0.0	0.0	0.3333333333333333	0.3333333333333333	0.0	0.0	0.0	0.0	0.3333333333333333	0.0	0.0	0.0	0.0	0.0	0.0	0.0	0.0	0.0	0.0	0.0	0.0	0.0	0.0	0.0	0.0
SRR6444008_1	0.0	0.0	0.0	0.0	0.0	0.0	0.0	0.0	0.0	0.0	0.0	0.0	0.0	0.0	0.0	0.0	0.0	0.0	0.0	0.0	0.0	0.0	0.0	0.0	0.0	0.0	0.0	0.0	0.0	0.0	0.0	0.0	0.0	0.0	0.0	0.0	0.0	0.0	0.0	0.0	0.3333333333333333	0.3333333333333333	0.0	1.0	2.6666666666666665	4.666666666666666	41.000000000000014	1495.3333333332725	3396.33333333376	2185.3333333332093	141.99999999999966	427.6666666666598	543.6666666666586	767.666666666684	1168.0000000000136	569.3333333333281	379.99999999999585	88.66666666666649	54.00000000000011	4.666666666666666	6.333333333333331	4.999999999999999	5.999999999999998	1.6666666666666665	0.0	0.0	0.0	0.0	0.0	0.0	0.0	0.0	0.0	0.0	0.0	0.0	0.0	0.0	0.0	0.0	0.0	0.0	0.0	0.0	0.0	0.0	0.0	0.0	0.0	0.0	0.0	0.0	0.0	0.0	0.0	0.0	0.0	0.0	0.0	0.0	0.0
SRR6444008_2	0.0	0.0	0.0	0.0	0.0	0.0	0.0	0.0	0.0	0.0	0.0	0.0	0.0	0.0	0.0	0.0	0.0	0.0	0.0	0.0	0.0	0.0	0.0	0.0	0.0	0.0	0.0	0.0	0.0	0.0	0.0	0.0	0.6666666666666666	1.0	1.0	0.6666666666666666	1.0	0.6666666666666666	1.9999999999999998	3.3333333333333335	2.6666666666666665	3.3333333333333335	4.666666666666666	4.333333333333333	10.333333333333334	30.666666666666625	108.99999999999953	2193.6666666665465	3461.3333333337896	373.9999999999962	96.66666666666637	176.6666666666673	435.33333333332604	534.6666666666575	644.66666666667	848.3333333333599	768.0000000000174	272.3333333333353	207.0000000000015	183.6666666666675	49.00000000000007	51.000000000000085	11.000000000000002	3.3333333333333335	7.33333333333333	4.666666666666666	1.3333333333333333	0.6666666666666666	0.0	0.0	0.3333333333333333	0.3333333333333333	0.0	0.0	0.6666666666666666	0.3333333333333333	0.0	0.0	0.0	0.0	0.0	0.3333333333333333	0.0	0.0	0.0	0.0	0.0	0.0	0.3333333333333333	0.3333333333333333	0.0	0.0	0.0	0.0	0.0	0.0	0.0	0.0	0.0	0.0	0.0
SRR6444010_1	0.0	0.0	0.0	0.0	0.0	0.0	0.0	0.0	0.0	0.0	0.0	0.0	0.0	0.0	0.0	0.0	0.0	0.0	0.0	0.0	0.0	0.0	0.0	0.0	0.0	0.0	0.0	0.0	0.0	0.0	0.0	0.0	0.0	0.0	0.0	0.0	0.6666666666666666	0.6666666666666666	0.3333333333333333	0.6666666666666666	1.0	49.33333333333341	52.666666666666764	2.333333333333333	6.999999999999997	99.66666666666633	1285.9999999999868	589.3333333333304	1653.9999999999031	1968.333333333165	896.3333333333653	671.0000000000064	1382.3333333332982	667.6666666666727	944.6666666667041	552.999999999993	186.6666666666676	307.66666666666663	297.00000000000057	28.666666666666632	7.33333333333333	1.0	0.3333333333333333	0.3333333333333333	1.3333333333333333	1.6666666666666665	1.3333333333333333	0.6666666666666666	10.0	71.66666666666673	5.333333333333332	0.0	0.0	0.0	0.0	0.0	0.0	0.0	0.0	0.0	0.0	0.0	0.0	0.0	0.0	0.0	0.0	0.0	0.0	0.0	0.0	0.0	0.0	0.0	0.0	0.0	0.0	0.0	0.0	0.0	0.0
SRR6444010_2	0.0	0.0	0.0	0.0	0.0	0.0	0.0	0.0	0.0	0.0	0.0	0.0	0.0	0.0	0.0	0.0	0.0	0.0	0.0	0.0	0.0	0.0	0.0	0.0	0.0	0.0	0.0	0.0	0.0	0.0	0.0	0.0	0.0	0.0	0.3333333333333333	0.0	1.3333333333333333	2.6666666666666665	1.9999999999999998	2.6666666666666665	1.9999999999999998	4.0	17.33333333333334	72.33333333333339	135.9999999999995	655.6666666666713	460.3333333333246	2026.666666666485	948.0000000000379	326.99999999999886	203.66666666666808	386.99999999999545	1009.3333333333782	1502.6666666666042	552.6666666666596	848.3333333333599	922.0000000000349	254.33333333333618	81.99999999999991	51.000000000000085	206.66666666666816	275.0000000000018	65.66666666666681	14.666666666666675	5.999999999999998	1.6666666666666665	1.6666666666666665	3.3333333333333335	2.6666666666666665	3.0	4.333333333333333	14.000000000000007	61.66666666666683	11.333333333333336	1.6666666666666665	0.3333333333333333	0.0	0.0	0.0	0.0	0.3333333333333333	0.0	0.0	0.0	0.0	0.0	0.3333333333333333	0.3333333333333333	0.0	0.6666666666666666	0.3333333333333333	0.0	0.0	0.0	0.0	0.0	0.0	0.0	0.0	0.0	0.0
SRR6444024_1	0.0	0.0	0.0	0.0	0.0	0.0	0.0	0.0	0.0	0.0	0.0	0.0	0.0	0.0	0.0	0.0	0.0	0.0	0.0	0.0	0.0	0.0	0.0	0.0	0.0	0.0	0.0	0.0	0.0	0.0	0.3333333333333333	0.0	0.0	0.0	0.0	0.0	0.3333333333333333	0.6666666666666666	0.3333333333333333	0.3333333333333333	2.6666666666666665	69.66666666666676	73.00000000000004	0.6666666666666666	3.666666666666667	76.33333333333333	1062.333333333371	815.0000000000227	665.6666666666724	1130.0000000000223	2248.999999999905	3956.000000000681	1938.666666666505	1485.9999999999413	1777.6666666665417	1167.0000000000139	188.66666666666765	63.66666666666684	45.33333333333338	11.66666666666667	5.999999999999998	1.9999999999999998	1.0	7.666666666666663	14.333333333333341	14.000000000000007	14.666666666666675	4.999999999999999	18.666666666666668	116.99999999999942	13.33333333333334	1.0	0.3333333333333333	0.3333333333333333	0.0	0.0	0.0	0.0	0.0	0.0	0.0	0.0	0.0	0.0	0.0	0.0	0.0	0.0	0.0	0.0	0.0	0.0	0.0	0.0	0.0	0.0	0.0	0.0	0.0	0.0	0.0
SRR6444024_2	0.0	0.0	0.0	0.0	0.0	0.0	0.0	0.0	0.0	0.0	0.0	0.0	0.0	0.0	0.0	0.0	0.0	0.0	0.0	0.0	0.0	0.0	0.0	0.0	0.0	0.0	0.0	0.0	0.0	0.0	0.0	0.0	0.0	0.3333333333333333	1.0	0.3333333333333333	1.0	0.6666666666666666	1.3333333333333333	1.6666666666666665	1.9999999999999998	1.9999999999999998	14.333333333333341	82.9999999999999	57.00000000000013	281.3333333333348	168.66666666666708	946.0000000000376	861.6666666666947	645.0000000000034	547.3333333333256	2133.666666666519	3908.333333333993	3671.0000000005516	1330.33333333331	1695.333333333227	1249.6666666666617	327.9999999999988	65.66666666666681	10.666666666666668	12.000000000000004	37.33333333333332	17.33333333333334	6.999999999999997	3.666666666666667	10.0	16.333333333333343	6.999999999999997	14.000000000000007	6.666666666666664	4.0	22.33333333333332	109.66666666666619	18.000000000000004	3.0	0.3333333333333333	0.0	0.0	0.0	0.0	0.0	0.0	0.0	0.0	0.0	0.0	0.0	0.0	0.3333333333333333	0.6666666666666666	0.0	0.0	0.0	0.0	0.0	0.0	0.0	0.0	0.0	0.0	0.0
SRR6444025_1	0.0	0.0	0.0	0.0	0.0	0.0	0.0	0.0	0.0	0.0	0.0	0.0	0.0	0.0	0.0	0.0	0.0	0.0	0.0	0.0	0.0	0.0	0.0	0.0	0.3333333333333333	0.3333333333333333	0.0	0.0	0.0	0.0	0.0	0.0	0.0	0.0	0.0	0.0	0.6666666666666666	0.6666666666666666	0.3333333333333333	0.0	0.3333333333333333	0.6666666666666666	0.3333333333333333	1.6666666666666665	5.999999999999998	96.66666666666637	1454.6666666666151	1767.9999999998772	1764.3333333332114	1427.6666666666213	405.33333333332774	517.3333333333222	593.3333333333309	609.6666666666661	994.0000000000431	1203.6666666666722	427.3333333333265	157.00000000000009	158.33333333333346	19.0	4.333333333333333	1.9999999999999998	2.333333333333333	1.3333333333333333	0.3333333333333333	0.0	0.0	0.6666666666666666	7.666666666666663	43.6666666666667	4.666666666666666	0.6666666666666666	0.3333333333333333	0.0	0.0	0.0	0.0	0.0	0.0	0.0	0.0	0.0	0.0	0.0	0.0	0.0	0.0	0.0	0.0	0.0	0.0	0.0	0.0	0.0	0.0	0.0	0.0	0.0	0.0	0.0	0.0
SRR6444025_2	0.0	0.0	0.0	0.0	0.0	0.0	0.0	0.0	0.0	0.0	0.0	0.0	0.0	0.0	0.0	0.0	0.0	0.0	0.0	0.0	0.0	0.0	0.0	0.0	0.0	0.0	0.0	0.0	0.0	0.0	0.0	0.0	0.3333333333333333	0.3333333333333333	0.3333333333333333	0.0	0.3333333333333333	1.3333333333333333	1.6666666666666665	3.0	3.0	4.333333333333333	5.666666666666665	10.666666666666668	16.333333333333343	44.33333333333337	375.66666666666276	2922.3333333335445	1818.333333333199	1036.0000000000437	139.66666666666626	424.66666666666	717.6666666666783	409.66666666666083	791.6666666666868	749.0000000000152	853.0000000000271	507.66666666665526	67.00000000000013	18.333333333333336	116.99999999999942	143.99999999999972	32.66666666666662	8.999999999999998	5.666666666666665	1.3333333333333333	0.6666666666666666	1.3333333333333333	1.9999999999999998	3.3333333333333335	1.3333333333333333	9.666666666666666	37.99999999999999	7.33333333333333	0.6666666666666666	0.3333333333333333	0.3333333333333333	0.6666666666666666	0.3333333333333333	0.3333333333333333	0.3333333333333333	0.6666666666666666	0.3333333333333333	0.3333333333333333	0.0	0.0	0.0	0.0	0.0	0.0	0.0	0.0	0.0	0.0	0.0	0.0	0.0	0.0	0.0	0.0	0.0
SRR6444031_1	0.0	0.0	0.0	0.0	0.0	0.0	0.0	0.0	0.0	0.0	0.0	0.0	0.0	0.0	0.0	0.0	0.0	0.0	0.0	0.0	0.0	0.0	0.0	0.0	0.0	0.0	0.0	0.0	0.0	0.0	0.0	0.3333333333333333	0.0	0.0	0.0	0.0	0.0	0.0	0.0	1.0	1.0	0.3333333333333333	1.0	9.333333333333332	5.999999999999998	62.3333333333335	720.3333333333453	677.6666666666738	503.6666666666555	1104.3333333333615	1282.6666666666542	2222.6666666665596	1148.6666666666847	743.0000000000146	854.6666666666939	524.6666666666564	60.00000000000015	7.9999999999999964	4.999999999999999	41.000000000000014	6.333333333333331	1.3333333333333333	1.0	0.3333333333333333	1.6666666666666665	1.3333333333333333	0.6666666666666666	1.0	1.6666666666666665	15.000000000000009	1.3333333333333333	0.3333333333333333	0.0	0.0	0.0	0.0	0.0	0.0	0.0	0.0	0.0	0.0	0.0	0.0	0.0	0.0	0.0	0.0	0.0	0.0	0.0	0.0	0.0	0.0	0.0	0.0	0.0	0.0	0.0	0.0	0.0
SRR6444031_2	0.0	0.0	0.0	0.0	0.0	0.0	0.0	0.0	0.0	0.0	0.0	0.0	0.0	0.0	0.0	0.0	0.0	0.0	0.0	0.0	0.0	0.0	0.0	0.0	0.0	0.0	0.0	0.0	0.0	0.0	0.0	0.0	0.0	0.0	0.0	0.0	0.0	0.0	0.0	0.0	1.0	1.3333333333333333	1.6666666666666665	11.333333333333336	10.333333333333334	34.99999999999997	181.00000000000077	1021.3333333333795	708.6666666666773	261.0000000000026	320.6666666666659	1332.3333333333096	2068.333333333156	1867.333333333188	803.6666666666881	691.0000000000086	431.9999999999929	132.9999999999994	32.333333333333286	8.666666666666664	7.33333333333333	10.0	31.33333333333329	17.000000000000007	3.666666666666667	1.3333333333333333	1.0	3.0	1.6666666666666665	0.0	1.0	4.999999999999999	12.333333333333337	3.3333333333333335	0.0	0.3333333333333333	0.3333333333333333	0.3333333333333333	0.0	0.0	0.0	0.0	0.0	0.0	0.0	0.0	0.0	0.0	0.0	0.0	0.0	0.0	0.0	0.0	0.0	0.0	0.0	0.0	0.0	0.0	0.0
SRR6444036_1	0.0	0.0	0.0	0.0	0.0	0.0	0.0	0.0	0.0	0.0	0.0	0.0	0.0	0.0	0.0	0.0	0.0	0.0	0.0	0.0	0.0	0.0	0.0	0.0	0.0	0.0	0.0	0.0	0.0	0.0	0.0	0.0	0.3333333333333333	0.3333333333333333	0.0	0.0	0.6666666666666666	2.6666666666666665	1.3333333333333333	1.3333333333333333	3.666666666666667	147.33333333333314	151.99999999999994	5.666666666666665	8.666666666666664	100.99999999999964	1275.6666666666558	1148.0000000000182	951.6666666667049	309.3333333333332	141.66666666666632	422.6666666666601	559.333333333327	318.9999999999993	565.9999999999944	210.0000000000016	35.66666666666664	5.999999999999998	4.333333333333333	1.6666666666666665	0.6666666666666666	8.33333333333333	6.666666666666664	0.0	1.3333333333333333	1.6666666666666665	0.3333333333333333	0.0	1.9999999999999998	9.666666666666666	0.6666666666666666	0.0	0.0	0.0	0.0	0.0	0.0	0.0	0.0	0.0	0.0	0.0	0.0	0.0	0.0	0.0	0.0	0.0	0.0	0.0	0.0	0.0	0.0	0.0	0.0	0.0	0.0	0.0	0.0	0.0	0.0
SRR6444036_2	0.0	0.0	0.0	0.0	0.0	0.0	0.0	0.0	0.0	0.0	0.0	0.0	0.0	0.0	0.0	0.0	0.0	0.0	0.0	0.0	0.0	0.0	0.0	0.0	0.0	0.0	0.0	0.0	0.0	0.0	0.0	0.0	0.0	0.0	0.0	0.6666666666666666	1.3333333333333333	1.3333333333333333	1.9999999999999998	2.333333333333333	3.0	4.333333333333333	24.666666666666647	154.33333333333334	40.00000000000001	32.99999999999996	219.66666666666853	1799.6666666665367	1172.333333333346	354.33333333333064	56.66666666666679	101.33333333333297	483.6666666666566	616.3333333333335	315.33333333333286	476.666666666657	332.9999999999985	106.66666666666623	6.666666666666664	4.0	1.3333333333333333	3.0	6.333333333333331	4.0	1.3333333333333333	0.6666666666666666	1.6666666666666665	1.3333333333333333	0.0	0.0	0.6666666666666666	2.6666666666666665	7.9999999999999964	2.333333333333333	0.6666666666666666	0.0	0.3333333333333333	0.3333333333333333	0.3333333333333333	0.0	0.0	0.0	0.0	0.0	0.0	0.0	0.0	0.0	0.0	0.0	0.0	0.0	0.0	0.0	0.0	0.0	0.0	0.0	0.0	0.0	0.0
SRR6444040_1	0.0	0.0	0.0	0.0	0.0	0.0	0.0	0.0	0.0	0.0	0.0	0.0	0.0	0.0	0.0	0.0	0.0	0.0	0.0	0.0	0.0	0.0	0.0	0.0	0.0	0.0	0.0	0.0	0.0	0.0	0.0	0.0	0.0	0.0	1.0	0.3333333333333333	0.3333333333333333	0.3333333333333333	0.0	0.0	0.3333333333333333	0.3333333333333333	0.3333333333333333	1.3333333333333333	2.6666666666666665	8.666666666666664	197.33333333333456	3913.6666666673286	2725.0000000001214	672.0000000000065	205.00000000000145	1132.0000000000218	928.333333333369	287.00000000000114	967.00000000004	274.0000000000019	94.6666666666664	311.3333333333331	312.66666666666634	7.666666666666663	1.9999999999999998	1.9999999999999998	1.0	0.3333333333333333	0.0	0.3333333333333333	0.0	0.0	0.0	0.0	0.0	0.0	0.0	0.0	0.0	0.0	0.0	0.0	0.0	0.0	0.0	0.0	0.0	0.0	0.0	0.0	0.0	0.0	0.0	0.0	0.0	0.0	0.0	0.0	0.0	0.0	0.0	0.0	0.0	0.0	0.0
SRR6444040_2	0.0	0.0	0.0	0.0	0.0	0.0	0.0	0.0	0.0	0.0	0.0	0.0	0.0	0.0	0.0	0.0	0.0	0.0	0.0	0.0	0.0	0.0	0.0	0.0	0.0	0.0	0.0	0.0	0.0	0.0	0.0	0.0	0.3333333333333333	0.3333333333333333	0.0	0.0	1.0	1.6666666666666665	0.6666666666666666	1.6666666666666665	1.9999999999999998	4.333333333333333	7.33333333333333	10.0	19.666666666666664	64.66666666666683	1289.6666666666526	2398.333333333306	2358.999999999955	1040.0000000000427	136.33333333333283	233.3333333333356	1022.0000000000463	877.0000000000298	418.6666666666603	879.3333333333634	262.6666666666692	130.666666666666	26.333333333333307	20.66666666666666	231.33333333333553	291.0000000000009	34.3333333333333	7.33333333333333	4.999999999999999	1.6666666666666665	0.3333333333333333	0.6666666666666666	0.3333333333333333	0.6666666666666666	0.3333333333333333	0.0	0.0	0.0	0.0	0.0	0.0	0.0	0.0	0.0	0.0	0.0	0.0	0.0	0.0	0.0	0.0	0.0	0.0	0.3333333333333333	0.3333333333333333	0.0	0.0	0.0	0.0	0.3333333333333333	0.3333333333333333	0.0	0.0	0.0	0.0
SRR6444041_1	0.0	0.0	0.0	0.0	0.0	0.0	0.0	0.0	0.0	0.0	0.0	0.0	0.0	0.0	0.0	0.0	0.0	0.0	0.0	0.0	0.0	0.0	0.0	0.0	0.0	0.3333333333333333	0.3333333333333333	0.0	0.0	0.0	0.0	0.0	0.0	0.0	0.0	0.0	0.0	0.0	0.0	0.0	0.0	0.0	0.3333333333333333	1.0	3.666666666666667	25.33333333333331	1167.3333333333471	1950.9999999998356	452.6666666666584	79.33333333333329	365.66666666666333	1090.666666666698	971.0000000000405	348.6666666666643	613.3333333333331	421.66666666666015	66.00000000000014	141.66666666666632	138.3333333333329	5.333333333333332	1.3333333333333333	8.33333333333333	6.999999999999997	0.0	0.0	1.0	0.6666666666666666	0.6666666666666666	4.666666666666666	29.66666666666663	2.6666666666666665	0.3333333333333333	0.0	0.0	0.0	0.0	0.0	0.0	0.0	0.0	0.0	0.0	0.0	0.0	0.0	0.0	0.0	0.0	0.0	0.0	0.0	0.0	0.0	0.0	0.0	0.0	0.0	0.0	0.0	0.0	0.0
SRR6444041_2	0.0	0.0	0.0	0.0	0.0	0.0	0.0	0.0	0.0	0.0	0.0	0.0	0.0	0.0	0.0	0.0	0.0	0.0	0.0	0.0	0.0	0.0	0.0	0.0	0.0	0.0	0.0	0.0	0.0	0.0	0.0	0.0	0.3333333333333333	0.3333333333333333	0.0	0.0	0.3333333333333333	0.0	0.3333333333333333	0.3333333333333333	1.3333333333333333	1.0	3.0	4.333333333333333	11.333333333333336	50.00000000000008	165.666666666667	1442.3333333332846	1524.9999999999325	147.99999999999983	136.66666666666617	286.0000000000012	849.33333333336	865.6666666666952	480.6666666666568	691.6666666666754	486.66666666665645	159.33333333333348	60.00000000000015	18.000000000000004	112.33333333333282	127.3333333333326	20.999999999999993	5.666666666666665	1.0	1.3333333333333333	0.6666666666666666	1.0	1.0	1.3333333333333333	1.3333333333333333	5.999999999999998	25.33333333333331	3.3333333333333335	0.3333333333333333	0.3333333333333333	0.0	0.0	0.0	0.0	0.0	0.3333333333333333	0.3333333333333333	0.0	0.0	0.0	0.0	0.0	0.0	0.0	0.0	0.3333333333333333	0.0	0.0	0.0	0.0	0.0	0.0	0.0	0.0	0.0
SRR6444047_1	0.0	0.0	0.0	0.0	0.0	0.0	0.0	0.0	0.0	0.0	0.0	0.0	0.0	0.0	0.0	0.0	0.0	0.0	0.0	0.0	0.0	0.0	0.0	0.0	0.3333333333333333	0.3333333333333333	0.3333333333333333	0.0	0.0	0.0	0.0	0.0	0.0	0.0	0.0	0.0	0.0	0.0	0.0	0.0	0.0	5.666666666666665	6.666666666666664	1.0	3.666666666666667	20.66666666666666	1408.6666666666256	3802.000000000611	2720.000000000119	327.3333333333322	504.99999999998875	1427.9999999999545	954.6666666667053	305.66666666666674	1316.9999999999798	336.33333333333167	75.66666666666667	1192.6666666666747	1261.3333333333258	34.99999999999997	6.666666666666664	2.6666666666666665	1.9999999999999998	0.6666666666666666	1.0	0.0	0.6666666666666666	2.333333333333333	17.66666666666667	135.9999999999995	17.66666666666667	1.0	1.0	0.3333333333333333	0.0	0.0	0.0	0.0	0.0	0.0	0.0	0.0	0.0	0.0	0.0	0.0	0.0	0.0	0.0	0.0	0.0	0.0	0.0	0.0	0.0	0.0	0.0	0.0	0.0	0.0	0.0
SRR6444047_2	0.0	0.0	0.0	0.0	0.0	0.0	0.0	0.0	0.0	0.0	0.0	0.0	0.0	0.0	0.0	0.0	0.0	0.0	0.0	0.0	0.0	0.0	0.0	0.0	0.0	0.0	0.0	0.0	0.0	0.3333333333333333	0.6666666666666666	0.0	0.0	0.0	0.0	0.0	0.6666666666666666	0.6666666666666666	1.3333333333333333	0.6666666666666666	1.3333333333333333	1.9999999999999998	5.333333333333332	11.000000000000002	11.66666666666667	30.333333333333293	94.6666666666664	1812.999999999867	3969.666666667354	565.9999999999944	309.3333333333332	625.0000000000011	888.3333333333644	638.6666666666694	474.66666666665714	409.66666666666083	1295.333333333318	294.33333333333405	53.0000000000001	33.33333333333329	232.33333333333556	1207.0000000000048	331.9999999999986	48.666666666666735	12.000000000000004	4.999999999999999	3.666666666666667	1.6666666666666665	2.6666666666666665	4.0	10.666666666666668	19.333333333333332	122.33333333333267	20.66666666666666	1.9999999999999998	0.3333333333333333	0.6666666666666666	0.0	0.0	0.0	0.0	0.0	0.0	0.0	0.0	0.0	0.0	0.0	0.0	0.0	0.3333333333333333	0.3333333333333333	0.0	0.0	0.0	0.0	0.0	0.0	0.0	0.0	0.0
SRR6444051_1	0.0	0.0	0.0	0.0	0.0	0.0	0.0	0.0	0.0	0.0	0.0	0.0	0.0	0.0	0.0	0.0	0.0	0.0	0.0	0.0	0.0	0.0	0.0	0.0	0.0	0.6666666666666666	0.6666666666666666	0.0	0.0	0.0	0.0	0.0	0.0	0.0	0.0	0.0	0.0	0.0	0.0	0.6666666666666666	1.0	37.33333333333332	51.000000000000085	3.3333333333333335	5.999999999999998	100.66666666666632	1638.9999999999065	1044.333333333375	2148.3333333331925	1239.3333333333308	1167.0000000000139	1913.999999999844	2101.999999999838	1414.6666666666242	1317.9999999999795	785.0000000000193	336.33333333333167	54.00000000000011	13.000000000000005	2.6666666666666665	3.0	5.999999999999998	2.6666666666666665	3.0	4.0	5.999999999999998	2.333333333333333	4.333333333333333	39.0	31.999999999999954	1.3333333333333333	0.3333333333333333	0.0	0.0	0.0	0.0	0.0	0.0	0.0	0.0	0.0	0.0	0.0	0.0	0.0	0.0	0.0	0.0	0.0	0.0	0.0	0.0	0.0	0.0	0.0	0.0	0.0	0.0	0.0	0.0	0.0
SRR6444051_2	0.0	0.0	0.0	0.0	0.0	0.0	0.0	0.0	0.0	0.0	0.0	0.0	0.0	0.0	0.0	0.0	0.0	0.0	0.0	0.0	0.0	0.0	0.0	0.0	0.0	0.0	0.0	0.0	0.0	0.0	0.0	0.3333333333333333	0.0	0.0	0.0	0.6666666666666666	1.6666666666666665	0.6666666666666666	1.6666666666666665	3.0	4.333333333333333	5.333333333333332	10.666666666666668	50.66666666666675	33.999999999999964	43.6666666666667	325.9999999999989	3014.000000000253	2348.3333333332835	334.6666666666651	400.66666666666134	1479.6666666666094	1150.6666666666843	1837.3333333331948	1450.3333333332828	1228.9999999999998	637.3333333333359	291.0000000000009	165.33333333333366	106.99999999999956	10.333333333333334	13.666666666666673	5.999999999999998	2.6666666666666665	5.999999999999998	3.0	3.3333333333333335	8.999999999999998	5.333333333333332	1.0	5.999999999999998	25.33333333333331	23.66666666666665	8.999999999999998	1.9999999999999998	0.0	0.3333333333333333	0.0	0.0	0.3333333333333333	0.6666666666666666	0.3333333333333333	0.0	0.0	0.0	0.0	0.0	0.0	0.0	0.0	0.6666666666666666	0.6666666666666666	0.0	0.0	0.3333333333333333	0.3333333333333333	0.0	0.0	0.0	0.0	1.0
SRR6444056_1	0.0	0.0	0.0	0.0	0.0	0.0	0.0	0.0	0.0	0.0	0.0	0.0	0.0	0.0	0.0	0.0	0.0	0.0	0.0	0.0	0.0	0.0	0.0	0.0	0.0	0.3333333333333333	0.3333333333333333	0.0	0.0	0.0	0.0	0.0	0.0	0.0	0.0	0.0	0.0	0.0	0.3333333333333333	1.0	1.6666666666666665	4.333333333333333	5.333333333333332	4.999999999999999	14.666666666666675	284.66666666666794	4092.66666666741	1944.999999999837	2877.333333333524	1758.3333333332127	398.99999999999477	1418.9999999999566	1714.3333333332228	947.3333333333711	1098.0000000000296	870.000000000029	167.66666666666706	281.3333333333348	274.3333333333352	8.999999999999998	6.333333333333331	2.6666666666666665	1.9999999999999998	0.6666666666666666	1.9999999999999998	1.9999999999999998	1.3333333333333333	1.9999999999999998	11.66666666666667	84.66666666666654	11.66666666666667	1.3333333333333333	0.0	0.3333333333333333	0.3333333333333333	0.0	0.3333333333333333	0.0	0.3333333333333333	0.0	0.0	0.0	0.0	0.0	0.0	0.0	0.0	0.0	0.0	0.0	0.0	0.0	0.0	0.0	0.0	0.0	0.0	0.0	0.0	0.0	0.0
SRR6444056_2	0.0	0.0	0.0	0.0	0.0	0.0	0.0	0.0	0.0	0.0	0.0	0.0	0.0	0.0	0.0	0.0	0.0	0.0	0.0	0.0	0.0	0.0	0.0	0.0	0.0	0.0	0.0	0.0	0.0	0.0	0.6666666666666666	0.3333333333333333	0.3333333333333333	0.6666666666666666	1.0	1.9999999999999998	3.3333333333333335	2.6666666666666665	1.9999999999999998	2.6666666666666665	1.9999999999999998	3.666666666666667	5.333333333333332	10.666666666666668	22.33333333333332	79.66666666666661	1071.0000000000357	5905.666666665766	3064.333333333609	661.0000000000052	141.33333333333297	432.6666666666595	1391.3333333332962	1570.3333333332555	824.3333333333571	1163.333333333348	746.0000000000149	192.00000000000108	37.66666666666666	10.0	76.66666666666666	264.33333333333576	66.00000000000014	12.666666666666671	4.666666666666666	3.666666666666667	3.3333333333333335	4.0	3.3333333333333335	2.333333333333333	4.0	17.000000000000007	77.99999999999997	12.333333333333337	1.0	0.3333333333333333	0.3333333333333333	0.0	0.0	0.3333333333333333	0.0	0.0	0.0	0.0	0.0	0.0	0.0	0.0	0.0	0.0	0.0	0.0	0.0	0.0	0.0	0.0	0.0	0.0	0.0	0.0	0.0
SRR6444059_1	0.0	0.0	0.0	0.0	0.0	0.0	0.0	0.0	0.0	0.0	0.0	0.0	0.0	0.0	0.0	0.0	0.0	0.0	0.0	0.0	0.0	0.0	0.3333333333333333	0.0	0.0	0.0	0.0	0.0	0.0	0.0	0.0	0.0	0.0	0.0	0.0	0.0	0.0	0.0	0.0	0.0	0.0	0.6666666666666666	0.6666666666666666	1.0	1.6666666666666665	12.666666666666671	290.00000000000097	4075.6666666674023	2967.333333333565	667.0000000000059	294.00000000000074	1332.9999999999761	1075.333333333368	558.9999999999936	1148.6666666666847	1166.6666666666806	251.3333333333361	155.33333333333337	136.99999999999952	6.666666666666664	1.3333333333333333	3.3333333333333335	4.0	1.6666666666666665	0.6666666666666666	0.3333333333333333	0.3333333333333333	0.0	0.0	0.0	0.0	0.0	0.0	0.0	0.0	0.0	0.0	0.0	0.0	0.0	0.0	0.0	0.3333333333333333	0.3333333333333333	0.0	0.0	0.0	0.0	0.0	0.0	0.0	0.0	0.0	0.0	0.0	0.0	0.0	0.0	0.0	0.0	0.0
SRR6444059_2	0.0	0.0	0.0	0.0	0.0	0.0	0.0	0.0	0.0	0.0	0.0	0.0	0.0	0.0	0.0	0.0	0.0	0.0	0.0	0.0	0.0	0.0	0.0	0.0	0.0	0.0	0.0	0.0	0.0	0.0	0.3333333333333333	0.0	0.3333333333333333	0.6666666666666666	1.9999999999999998	1.3333333333333333	1.0	1.6666666666666665	1.6666666666666665	1.9999999999999998	2.333333333333333	3.666666666666667	4.0	7.666666666666663	22.33333333333332	54.00000000000011	1044.333333333375	2222.333333333226	3036.3333333335963	1206.000000000005	176.6666666666673	331.9999999999986	1176.333333333345	1076.0000000000346	844.6666666666928	914.6666666667007	1057.6666666667054	947.3333333333711	105.99999999999957	19.999999999999996	111.66666666666616	130.33333333333266	17.33333333333334	3.666666666666667	5.666666666666665	3.3333333333333335	1.3333333333333333	1.6666666666666665	0.6666666666666666	0.0	0.0	0.6666666666666666	0.3333333333333333	0.3333333333333333	0.3333333333333333	0.0	0.0	0.0	0.0	0.0	0.0	0.0	0.0	0.0	0.0	0.0	0.0	0.0	0.0	0.0	0.0	0.0	0.0	0.0	0.0	0.0	0.0	0.0	0.0	0.0	0.0
SRR6444066_1	0.0	0.0	0.0	0.0	0.0	0.0	0.0	0.0	0.0	0.0	0.0	0.0	0.0	0.0	0.0	0.0	0.0	0.0	0.0	0.0	0.0	0.0	0.0	0.0	0.0	0.0	0.0	0.0	0.0	0.0	0.0	0.0	0.0	0.0	0.0	0.0	0.6666666666666666	0.3333333333333333	1.0	0.3333333333333333	1.6666666666666665	39.0	43.00000000000003	5.999999999999998	11.000000000000002	167.00000000000037	1989.6666666664935	1768.6666666665437	1536.6666666665965	543.6666666666586	429.3333333333264	572.3333333333285	780.0000000000188	657.0000000000048	804.0000000000215	391.33333333332854	35.33333333333331	3.0	1.6666666666666665	1.0	1.3333333333333333	7.666666666666663	7.666666666666663	0.3333333333333333	0.3333333333333333	0.0	0.0	0.6666666666666666	4.666666666666666	43.333333333333364	5.333333333333332	0.3333333333333333	0.3333333333333333	0.0	0.0	0.0	0.0	0.0	0.0	0.0	0.0	0.0	0.0	0.0	0.0	0.0	0.0	0.0	0.0	0.0	0.0	0.0	0.0	0.0	0.0	0.0	0.0	0.0	0.0	0.0	0.0
SRR6444066_2	0.0	0.0	0.0	0.0	0.0	0.0	0.0	0.0	0.0	0.0	0.0	0.0	0.0	0.0	0.0	0.0	0.0	0.0	0.0	0.0	0.0	0.0	0.0	0.0	0.0	0.0	0.0	0.0	0.0	0.0	0.0	0.0	0.0	0.6666666666666666	1.3333333333333333	0.3333333333333333	0.3333333333333333	0.3333333333333333	1.3333333333333333	1.3333333333333333	1.3333333333333333	2.6666666666666665	11.333333333333336	55.000000000000114	31.999999999999954	59.33333333333348	414.99999999999386	2848.0000000001774	1854.9999999998574	635.3333333333356	189.66666666666768	378.9999999999959	589.6666666666638	883.6666666666972	553.9999999999931	729.000000000013	496.33333333332257	76.99999999999999	12.000000000000004	4.666666666666666	2.6666666666666665	3.0	5.999999999999998	3.0	1.9999999999999998	1.3333333333333333	1.0	0.3333333333333333	1.0	1.6666666666666665	2.333333333333333	10.666666666666668	39.0	5.333333333333332	0.3333333333333333	0.0	0.0	0.0	0.0	0.0	0.0	0.0	0.0	0.0	0.0	0.0	0.0	0.0	0.3333333333333333	0.0	0.0	0.0	0.0	0.0	0.0	0.0	0.0	0.3333333333333333	0.3333333333333333	0.0	0.0
SRR6444070_1	0.0	0.0	0.0	0.0	0.0	0.0	0.0	0.0	0.0	0.0	0.0	0.0	0.0	0.0	0.0	0.0	0.0	0.0	0.0	0.0	0.0	0.0	0.0	0.0	0.0	0.3333333333333333	0.0	0.0	0.0	0.0	0.0	0.0	0.0	0.0	0.0	0.0	0.0	0.0	0.3333333333333333	1.3333333333333333	1.6666666666666665	84.33333333333321	125.66666666666596	7.666666666666663	5.333333333333332	65.66666666666681	1115.333333333359	1700.9999999998925	2633.0000000000796	1574.999999999921	469.3333333333241	2072.999999999825	2511.666666666691	1275.999999999989	1302.999999999983	1058.0000000000387	408.9999999999942	71.3333333333334	7.666666666666663	3.666666666666667	3.666666666666667	6.999999999999997	3.0	1.9999999999999998	7.666666666666663	8.999999999999998	4.333333333333333	2.333333333333333	24.99999999999998	22.666666666666654	1.9999999999999998	0.6666666666666666	0.0	0.0	0.0	0.0	0.0	0.0	0.0	0.0	0.0	0.0	0.0	0.0	0.0	0.0	0.0	0.0	0.0	0.0	0.0	0.0	0.0	0.0	0.0	0.0	0.0	0.0	0.0	0.0	0.0
SRR6444070_2	0.0	0.0	0.0	0.0	0.0	0.0	0.0	0.0	0.0	0.0	0.0	0.0	0.0	0.0	0.0	0.0	0.0	0.0	0.0	0.0	0.0	0.0	0.0	0.0	0.0	0.0	0.0	0.0	0.0	0.3333333333333333	0.0	0.6666666666666666	2.333333333333333	1.9999999999999998	0.6666666666666666	1.0	0.0	0.3333333333333333	1.6666666666666665	2.6666666666666665	2.6666666666666665	6.666666666666664	15.333333333333343	118.66666666666606	65.33333333333348	50.00000000000008	310.33333333333314	3127.666666666971	2860.000000000183	484.33333333332325	254.00000000000284	836.0000000000251	1552.3333333332596	2090.6666666664996	1337.999999999975	1344.3333333333069	836.6666666666919	346.6666666666644	333.99999999999847	207.33333333333485	16.00000000000001	6.666666666666664	3.666666666666667	4.333333333333333	5.999999999999998	3.0	7.666666666666663	11.333333333333336	4.666666666666666	1.0	4.0	17.000000000000007	18.333333333333336	4.999999999999999	1.0	0.3333333333333333	0.3333333333333333	0.0	0.0	0.3333333333333333	0.3333333333333333	0.0	0.0	0.0	0.0	0.0	0.0	0.0	0.0	0.0	0.0	0.0	0.0	0.0	0.0	0.0	0.0	0.0	0.0	0.0	0.0
SRR6444072_1	0.0	0.0	0.0	0.0	0.0	0.0	0.0	0.0	0.0	0.0	0.0	0.0	0.0	0.0	0.0	0.0	0.0	0.0	0.0	0.0	0.0	0.0	0.0	0.0	0.0	0.0	0.0	0.0	0.0	0.0	0.0	0.0	0.0	0.0	0.0	0.0	0.0	0.0	0.3333333333333333	0.6666666666666666	0.3333333333333333	37.99999999999999	39.333333333333336	2.6666666666666665	3.3333333333333335	33.999999999999964	665.0000000000057	665.333333333339	1884.9999999998506	2207.666666666553	690.6666666666753	950.3333333333715	871.0000000000291	685.6666666666747	839.0000000000255	454.33333333332496	150.99999999999991	34.666666666666636	2.6666666666666665	1.0	0.3333333333333333	2.6666666666666665	1.6666666666666665	1.0	0.0	0.0	0.0	0.0	0.0	0.3333333333333333	0.0	0.0	0.0	0.0	0.0	0.0	0.0	0.0	0.0	0.0	0.0	0.0	0.0	0.0	0.0	0.0	0.0	0.0	0.0	0.0	0.0	0.0	0.0	0.0	0.0	0.0	0.0	0.0	0.0	0.0	0.0
SRR6444072_2	0.0	0.0	0.0	0.0	0.0	0.0	0.0	0.0	0.0	0.0	0.0	0.0	0.0	0.0	0.0	0.0	0.0	0.0	0.0	0.0	0.0	0.0	0.0	0.0	0.0	0.0	0.0	0.0	0.0	0.0	0.0	0.0	0.0	0.0	0.0	0.3333333333333333	0.0	1.0	2.333333333333333	1.6666666666666665	1.0	3.666666666666667	13.33333333333334	48.3333333333334	24.666666666666647	36.999999999999986	165.0000000000003	1932.3333333331732	2021.9999999998195	558.6666666666603	144.99999999999974	308.9999999999999	715.0000000000114	919.3333333333679	1047.6666666667077	884.6666666666973	609.6666666666661	218.6666666666685	58.666666666666806	11.333333333333336	3.0	4.0	4.0	2.6666666666666665	3.666666666666667	1.0	0.3333333333333333	0.3333333333333333	0.6666666666666666	0.0	0.3333333333333333	0.0	0.3333333333333333	0.0	0.0	0.0	0.0	0.0	0.0	0.0	0.0	0.0	0.0	0.0	0.0	0.0	0.0	0.0	0.0	0.0	0.0	0.0	0.0	0.0	0.0	0.0	0.0	0.0	0.0	0.0	0.0
SRR6444079_1	0.0	0.0	0.0	0.0	0.0	0.0	0.0	0.0	0.0	0.0	0.0	0.0	0.0	0.0	0.0	0.0	0.0	0.0	0.0	0.0	0.0	0.0	0.0	0.0	0.0	0.0	0.0	0.0	0.0	0.0	0.0	0.0	0.0	0.0	0.0	0.0	0.3333333333333333	0.6666666666666666	0.0	0.0	1.0	4.333333333333333	4.0	0.3333333333333333	4.333333333333333	64.3333333333335	802.3333333333546	358.3333333333304	325.3333333333323	1415.666666666624	1738.3333333332173	2067.666666666489	639.6666666666695	327.3333333333322	208.66666666666822	119.33333333333272	27.666666666666636	59.66666666666681	62.3333333333335	1.3333333333333333	0.6666666666666666	0.0	0.0	0.0	0.0	0.0	1.0	0.6666666666666666	1.6666666666666665	14.333333333333341	1.3333333333333333	0.0	0.0	0.0	0.0	0.0	0.0	0.0	0.0	0.0	0.0	0.0	0.0	0.0	0.0	0.0	0.0	0.0	0.0	0.0	0.0	0.0	0.0	0.0	0.0	0.0	0.0	0.0	0.0	0.0	0.0
SRR6444079_2	0.0	0.0	0.0	0.0	0.0	0.0	0.0	0.0	0.0	0.0	0.0	0.0	0.0	0.0	0.0	0.0	0.0	0.0	0.0	0.0	0.0	0.0	0.0	0.0	0.0	0.0	0.0	0.0	0.0	0.0	0.0	0.0	0.0	0.3333333333333333	0.0	0.0	0.3333333333333333	0.3333333333333333	0.6666666666666666	1.0	1.6666666666666665	1.6666666666666665	2.6666666666666665	7.33333333333333	4.0	17.000000000000007	122.33333333333267	813.0000000000225	394.33333333332837	211.6666666666683	314.99999999999955	1437.9999999999523	2120.6666666665133	1984.9999999998279	405.9999999999944	284.66666666666794	117.33333333333275	47.66666666666673	15.333333333333343	7.33333333333333	13.666666666666673	54.33333333333344	17.000000000000007	4.666666666666666	1.6666666666666665	0.3333333333333333	0.3333333333333333	0.3333333333333333	0.0	0.0	0.6666666666666666	3.0	14.333333333333341	1.3333333333333333	0.3333333333333333	0.0	0.3333333333333333	0.6666666666666666	0.3333333333333333	0.0	0.0	0.0	0.0	0.0	0.0	0.0	0.0	0.0	0.0	0.0	0.0	0.0	0.0	0.0	0.0	0.0	0.0	0.0	0.0	0.0	0.0
SRR6444103_1	0.0	0.0	0.0	0.0	0.0	0.0	0.0	0.0	0.0	0.0	0.0	0.0	0.0	0.0	0.0	0.0	0.0	0.0	0.0	0.0	0.0	0.0	0.0	0.0	0.0	0.0	0.0	0.0	0.0	0.0	0.3333333333333333	0.3333333333333333	0.0	0.3333333333333333	1.0	1.0	0.0	0.0	0.3333333333333333	1.0	1.6666666666666665	41.666666666666686	45.33333333333338	1.9999999999999998	5.333333333333332	86.66666666666652	1238.9999999999975	674.6666666666734	1837.9999999998613	2032.3333333331504	857.0000000000275	604.9999999999989	855.0000000000273	408.9999999999942	594.9999999999977	533.6666666666574	161.0000000000002	223.00000000000196	223.3333333333353	16.333333333333343	2.333333333333333	1.0	0.6666666666666666	0.0	1.6666666666666665	1.0	0.6666666666666666	1.0	7.9999999999999964	51.66666666666676	6.333333333333331	0.0	0.0	0.0	0.0	0.0	0.0	0.0	0.0	0.0	0.0	0.0	0.0	0.0	0.0	0.0	0.0	0.0	0.0	0.0	0.0	0.0	0.0	0.0	0.0	0.0	0.0	0.0	0.0	0.0	0.0
SRR6444103_2	0.0	0.0	0.0	0.0	0.0	0.0	0.0	0.0	0.0	0.0	0.0	0.0	0.0	0.0	0.0	0.0	0.0	0.0	0.0	0.0	0.0	0.0	0.0	0.0	0.0	0.0	0.0	0.0	0.0	0.0	0.0	0.0	0.3333333333333333	0.3333333333333333	0.0	1.3333333333333333	1.6666666666666665	1.0	1.6666666666666665	2.333333333333333	3.3333333333333335	3.666666666666667	13.666666666666673	59.33333333333348	98.66666666666634	553.9999999999931	446.6666666666587	2231.6666666665637	1066.33333333337	356.99999999999716	164.00000000000028	301.33333333333366	811.0000000000223	922.6666666667016	440.66666666665907	548.3333333333258	679.666666666674	219.00000000000185	70.66666666666674	44.66666666666671	162.00000000000023	205.3333333333348	35.99999999999998	7.9999999999999964	4.999999999999999	1.9999999999999998	1.3333333333333333	1.6666666666666665	1.3333333333333333	1.6666666666666665	3.3333333333333335	11.333333333333336	46.333333333333385	8.33333333333333	0.6666666666666666	0.0	0.0	0.0	0.0	0.3333333333333333	0.3333333333333333	0.0	0.0	0.0	0.0	0.0	0.0	0.0	0.0	0.0	0.0	0.0	0.0	0.0	0.0	0.0	0.0	0.0	0.0	0.0	0.0
SRR6444123_1	0.0	0.0	0.0	0.0	0.0	0.0	0.0	0.0	0.0	0.0	0.0	0.0	0.0	0.0	0.0	0.0	0.0	0.0	0.0	0.0	0.0	0.0	0.0	0.0	0.3333333333333333	0.3333333333333333	0.3333333333333333	0.3333333333333333	0.0	0.0	0.0	0.3333333333333333	0.3333333333333333	0.0	0.0	0.0	0.0	0.0	0.0	0.0	1.0	43.6666666666667	47.00000000000006	2.6666666666666665	6.999999999999997	55.000000000000114	639.0000000000027	962.6666666667062	1732.666666666552	1387.333333333297	322.6666666666658	812.0000000000224	1057.6666666667054	740.3333333333476	787.0000000000196	362.9999999999968	125.33333333333263	94.99999999999973	91.99999999999977	10.666666666666668	3.666666666666667	1.3333333333333333	0.6666666666666666	0.3333333333333333	0.3333333333333333	0.3333333333333333	0.6666666666666666	1.6666666666666665	7.33333333333333	30.666666666666625	1.9999999999999998	0.0	0.3333333333333333	0.0	0.0	0.0	0.0	0.0	0.0	0.0	0.0	0.0	0.0	0.0	0.0	0.0	0.0	0.0	0.0	0.0	0.0	0.0	0.0	0.0	0.0	0.0	0.0	0.0	0.0	0.0	0.0
SRR6444123_2	0.0	0.0	0.0	0.0	0.0	0.0	0.0	0.0	0.0	0.0	0.0	0.0	0.0	0.0	0.0	0.0	0.0	0.0	0.0	0.0	0.0	0.0	0.0	0.0	0.0	0.0	0.0	0.3333333333333333	0.3333333333333333	0.0	0.0	0.0	0.0	0.0	0.6666666666666666	0.6666666666666666	0.3333333333333333	1.3333333333333333	1.6666666666666665	0.6666666666666666	2.333333333333333	4.666666666666666	8.666666666666664	51.000000000000085	22.999999999999986	32.66666666666662	198.66666666666794	1899.666666666514	1821.3333333331984	504.3333333333221	168.66666666666708	394.999999999995	846.3333333333596	933.0000000000362	487.3333333333231	668.6666666666728	618.6666666666671	217.66666666666848	35.99999999999998	8.999999999999998	36.66666666666665	84.66666666666654	28.666666666666632	3.0	1.0	0.3333333333333333	0.3333333333333333	1.6666666666666665	1.0	1.6666666666666665	2.6666666666666665	8.33333333333333	27.333333333333304	4.666666666666666	1.0	0.3333333333333333	0.0	0.3333333333333333	0.3333333333333333	0.0	0.0	0.0	0.0	0.0	0.0	0.0	0.0	0.0	0.0	0.0	0.0	0.0	0.0	0.0	0.0	0.0	0.0	0.0	0.0	0.0	0.0
SRR6444127_1	0.0	0.0	0.0	0.0	0.0	0.0	0.0	0.0	0.0	0.0	0.0	0.0	0.0	0.0	0.0	0.0	0.0	0.0	0.0	0.0	0.0	0.0	0.0	0.0	0.0	0.0	0.0	0.0	0.0	0.0	0.0	0.0	0.3333333333333333	1.0	1.0	0.0	0.3333333333333333	0.0	0.0	0.3333333333333333	1.9999999999999998	14.666666666666675	14.666666666666675	3.3333333333333335	9.333333333333332	147.6666666666665	1874.3333333331864	1188.000000000009	882.6666666666971	447.66666666665867	313.6666666666663	578.6666666666625	769.0000000000175	643.6666666666699	844.3333333333594	310.33333333333314	39.0	5.666666666666665	3.3333333333333335	0.3333333333333333	0.0	5.666666666666665	4.999999999999999	0.3333333333333333	0.6666666666666666	0.0	0.3333333333333333	1.0	11.333333333333336	68.33333333333344	5.999999999999998	1.9999999999999998	1.0	0.0	0.0	0.0	0.0	0.3333333333333333	0.0	0.0	0.0	0.0	0.0	0.0	0.0	0.0	0.0	0.0	0.0	0.0	0.0	0.0	0.0	0.0	0.0	0.0	0.0	0.0	0.0	0.0	0.0
SRR6444127_2	0.0	0.0	0.0	0.0	0.0	0.0	0.0	0.0	0.0	0.0	0.0	0.0	0.0	0.0	0.0	0.0	0.0	0.0	0.0	0.0	0.0	0.0	0.0	0.0	0.0	0.0	0.0	0.0	0.0	0.0	0.0	0.0	0.0	0.0	0.3333333333333333	1.0	0.3333333333333333	0.6666666666666666	1.3333333333333333	1.3333333333333333	1.3333333333333333	4.0	7.666666666666663	20.33333333333333	20.66666666666666	41.000000000000014	319.66666666666595	2448.999999999996	1214.6666666666697	471.6666666666573	139.33333333333292	301.66666666666697	562.6666666666607	858.0000000000276	526.3333333333233	715.0000000000114	471.9999999999906	115.33333333333277	9.333333333333332	4.999999999999999	2.6666666666666665	4.333333333333333	4.0	1.6666666666666665	1.9999999999999998	0.6666666666666666	0.6666666666666666	2.333333333333333	3.0	4.999999999999999	3.666666666666667	13.33333333333334	60.00000000000015	6.333333333333331	0.3333333333333333	0.3333333333333333	0.0	0.0	0.0	0.0	0.0	0.0	0.0	0.0	0.0	0.0	0.3333333333333333	0.0	0.3333333333333333	0.0	0.0	0.0	0.0	0.0	0.0	0.0	0.0	0.0	0.0	0.0	0.5
SRR6444141_1	0.0	0.0	0.0	0.0	0.0	0.0	0.0	0.0	0.0	0.0	0.0	0.0	0.0	0.0	0.0	0.0	0.0	0.0	0.0	0.0	0.0	0.0	0.0	0.0	0.0	0.0	0.0	0.0	0.0	0.0	0.0	0.0	0.0	0.0	0.0	0.0	0.0	0.0	0.0	0.3333333333333333	1.6666666666666665	16.00000000000001	15.666666666666677	1.9999999999999998	6.666666666666664	88.99999999999982	1244.9999999999961	740.0000000000142	702.3333333333433	566.3333333333278	661.3333333333386	913.3333333333672	1183.3333333333435	1220.0000000000018	1237.9999999999977	632.3333333333353	678.3333333333405	612.6666666666664	26.66666666666664	4.0	2.333333333333333	0.0	0.0	0.3333333333333333	2.333333333333333	2.333333333333333	0.6666666666666666	4.0	32.99999999999996	203.33333333333474	27.333333333333304	1.3333333333333333	0.6666666666666666	0.3333333333333333	0.3333333333333333	0.0	0.3333333333333333	0.3333333333333333	0.0	0.0	0.0	0.0	0.0	0.0	0.0	0.0	0.0	0.0	0.0	0.0	0.0	0.0	0.0	0.0	0.0	0.0	0.0	0.0	0.0	0.0	0.0
SRR6444141_2	0.0	0.0	0.0	0.0	0.0	0.0	0.0	0.0	0.0	0.0	0.0	0.0	0.0	0.0	0.0	0.0	0.0	0.0	0.0	0.0	0.0	0.0	0.0	0.0	0.0	0.0	0.0	0.0	0.0	0.0	0.0	0.0	0.0	0.0	0.0	0.3333333333333333	0.6666666666666666	1.9999999999999998	1.6666666666666665	1.6666666666666665	1.3333333333333333	1.6666666666666665	4.333333333333333	21.333333333333325	58.666666666666806	106.99999999999956	227.33333333333542	1414.9999999999575	940.6666666667037	602.9999999999986	382.66666666666237	711.0000000000109	904.6666666666996	1215.6666666666695	987.3333333333757	959.6666666667059	834.0000000000249	261.33333333333593	169.33333333333377	565.3333333333277	117.33333333333275	26.333333333333307	8.33333333333333	1.3333333333333333	0.6666666666666666	1.6666666666666665	3.3333333333333335	5.666666666666665	4.666666666666666	5.666666666666665	10.666666666666668	36.66666666666665	183.33333333333417	27.333333333333304	1.9999999999999998	0.0	0.0	0.0	0.3333333333333333	0.3333333333333333	0.0	0.0	0.0	0.0	0.0	0.0	0.3333333333333333	0.3333333333333333	0.0	0.0	0.0	0.0	0.0	0.0	0.0	0.0	0.0	0.0	0.0	0.0	0.5
SRR6444192_1	0.0	0.0	0.0	0.0	0.0	0.0	0.0	0.0	0.0	0.0	0.0	0.0	0.0	0.0	0.0	0.0	0.0	0.0	0.0	0.0	0.0	0.0	0.0	0.0	0.0	0.0	0.0	0.0	0.0	0.0	0.0	0.0	0.0	0.0	0.0	0.3333333333333333	0.3333333333333333	0.0	0.0	0.0	1.3333333333333333	51.000000000000085	51.33333333333342	1.3333333333333333	3.3333333333333335	13.666666666666673	633.3333333333354	1502.333333333271	1688.3333333332287	1146.0000000000186	283.3333333333347	896.6666666666987	1100.000000000029	605.3333333333322	790.6666666666866	375.66666666666276	130.33333333333266	306.33333333333337	285.00000000000125	6.999999999999997	3.0	3.3333333333333335	1.6666666666666665	1.3333333333333333	4.0	2.333333333333333	1.0	2.6666666666666665	18.666666666666668	141.66666666666632	15.000000000000009	1.6666666666666665	0.3333333333333333	0.0	0.0	0.3333333333333333	0.0	0.0	0.0	0.0	0.0	0.0	0.0	0.0	0.0	0.0	0.0	0.0	0.0	0.0	0.0	0.0	0.0	0.0	0.0	0.0	0.0	0.0	0.0	0.0	0.0
SRR6444192_2	0.0	0.0	0.0	0.0	0.0	0.0	0.0	0.0	0.0	0.0	0.0	0.0	0.0	0.0	0.0	0.0	0.0	0.0	0.0	0.0	0.0	0.0	0.0	0.0	0.0	0.0	0.0	0.0	0.0	0.0	0.0	0.0	0.0	0.3333333333333333	0.3333333333333333	0.3333333333333333	0.3333333333333333	1.0	1.3333333333333333	1.6666666666666665	1.9999999999999998	3.3333333333333335	8.33333333333333	53.333333333333435	21.333333333333325	27.666666666666636	138.66666666666623	1640.999999999906	2164.6666666665333	423.3333333333267	160.66666666666686	454.6666666666583	789.6666666666865	872.666666666696	625.6666666666679	648.6666666666705	578.9999999999959	289.66666666666765	55.666666666666785	19.0	69.33333333333343	268.0000000000022	94.6666666666664	12.666666666666671	7.666666666666663	4.333333333333333	2.333333333333333	5.333333333333332	4.666666666666666	3.3333333333333335	5.999999999999998	31.66666666666662	127.3333333333326	20.33333333333333	1.6666666666666665	0.3333333333333333	0.3333333333333333	0.0	0.0	0.0	0.3333333333333333	0.6666666666666666	0.3333333333333333	0.0	0.0	0.0	0.0	0.0	0.3333333333333333	0.3333333333333333	0.0	0.0	0.0	0.0	0.0	0.0	0.0	0.0	0.0	0.0	0.0
SRR6444202_1	0.0	0.0	0.0	0.0	0.0	0.0	0.0	0.0	0.0	0.0	0.0	0.0	0.0	0.0	0.0	0.0	0.0	0.0	0.0	0.0	0.0	0.0	0.0	0.0	0.0	0.0	0.0	0.0	0.0	0.0	0.0	0.0	0.0	0.0	0.0	0.0	0.0	0.0	0.0	0.0	0.3333333333333333	0.3333333333333333	0.0	0.3333333333333333	1.0	4.333333333333333	32.333333333333286	2012.6666666664883	3430.666666667109	1590.9999999999175	288.6666666666677	1213.3333333333367	650.000000000004	577.333333333329	458.66666666665805	148.33333333333317	258.0000000000028	39.0	13.33333333333334	3.666666666666667	1.0	11.333333333333336	7.9999999999999964	0.0	0.0	0.0	0.0	0.0	0.0	0.0	0.0	0.0	0.0	0.0	0.0	0.0	0.0	0.0	0.0	0.0	0.0	0.0	0.0	0.0	0.0	0.0	0.0	0.0	0.0	0.0	0.0	0.0	0.0	0.0	0.0	0.0	0.0	0.0	0.0	0.0	0.0
SRR6444202_2	0.0	0.0	0.0	0.0	0.0	0.0	0.0	0.0	0.0	0.0	0.0	0.0	0.0	0.0	0.0	0.0	0.0	0.0	0.0	0.0	0.0	0.0	0.0	0.0	0.0	0.0	0.0	0.0	0.0	0.0	0.0	0.0	0.0	0.0	0.3333333333333333	1.3333333333333333	1.0	1.3333333333333333	1.3333333333333333	1.3333333333333333	1.0	1.9999999999999998	3.3333333333333335	6.666666666666664	7.9999999999999964	29.333333333333297	115.33333333333277	1827.333333333197	3388.000000000423	372.99999999999625	161.66666666666688	220.33333333333522	811.3333333333557	1082.3333333333665	416.66666666666043	460.3333333333246	180.33333333333408	72.00000000000006	181.66666666666745	181.00000000000077	18.333333333333336	13.33333333333334	12.000000000000004	4.666666666666666	1.0	1.3333333333333333	1.0	0.6666666666666666	0.6666666666666666	0.0	0.0	0.0	0.0	0.0	0.3333333333333333	0.0	0.0	0.0	0.0	0.0	0.0	0.0	0.0	0.0	0.0	0.0	0.0	0.0	0.0	0.0	0.0	0.0	0.0	0.0	0.0	0.0	0.0	0.0	0.0	0.0	0.5
SRR6444203_1	0.0	0.0	0.0	0.0	0.0	0.0	0.0	0.0	0.0	0.0	0.0	0.0	0.0	0.0	0.0	0.0	0.0	0.0	0.0	0.0	0.0	0.0	0.0	0.0	0.0	0.0	0.0	0.0	0.0	0.0	0.0	0.0	0.3333333333333333	0.0	0.0	0.6666666666666666	0.6666666666666666	0.0	0.6666666666666666	0.6666666666666666	1.0	31.66666666666662	32.333333333333286	3.3333333333333335	6.999999999999997	72.33333333333339	745.0000000000148	1050.3333333333737	1339.6666666666413	879.00000000003	721.3333333333454	1372.999999999967	1586.9999999999184	1700.6666666665592	1720.999999999888	939.6666666667036	182.33333333333414	229.66666666666882	227.33333333333542	8.666666666666664	4.999999999999999	6.333333333333331	5.333333333333332	2.333333333333333	7.666666666666663	7.666666666666663	6.333333333333331	6.999999999999997	33.33333333333329	192.66666666666777	18.666666666666668	1.3333333333333333	0.6666666666666666	0.0	0.0	0.0	0.0	0.0	0.0	0.0	0.0	0.0	0.0	0.0	0.0	0.0	0.0	0.0	0.0	0.0	0.0	0.0	0.0	0.0	0.0	0.0	0.0	0.0	0.0	0.0	0.0
SRR6444203_2	0.0	0.0	0.0	0.0	0.0	0.0	0.0	0.0	0.0	0.0	0.0	0.0	0.0	0.0	0.0	0.0	0.0	0.0	0.0	0.0	0.0	0.0	0.0	0.0	0.0	0.0	0.0	0.0	0.0	0.3333333333333333	0.0	0.0	0.0	0.6666666666666666	0.6666666666666666	0.6666666666666666	1.3333333333333333	1.6666666666666665	2.333333333333333	2.6666666666666665	3.666666666666667	6.666666666666664	15.000000000000009	41.000000000000014	41.000000000000014	70.00000000000009	277.66666666666833	1321.333333333312	1036.0000000000437	851.6666666666936	370.99999999999636	820.3333333333567	1127.000000000023	1729.6666666665526	1523.9999999999327	1350.3333333333055	841.0000000000257	262.00000000000256	45.00000000000004	28.3333333333333	147.6666666666665	196.0000000000012	43.6666666666667	16.333333333333343	13.33333333333334	6.333333333333331	8.666666666666664	12.666666666666671	7.9999999999999964	9.666666666666666	12.333333333333337	49.00000000000007	151.33333333333326	31.33333333333329	5.666666666666665	1.3333333333333333	1.3333333333333333	0.6666666666666666	0.0	0.3333333333333333	0.3333333333333333	0.0	0.0	0.0	0.0	0.0	0.0	0.0	0.3333333333333333	0.3333333333333333	0.3333333333333333	0.0	0.0	0.0	0.0	0.0	0.0	0.3333333333333333	0.0	0.0	0.5
SRR6444206_1	0.0	0.0	0.0	0.0	0.0	0.0	0.0	0.0	0.0	0.0	0.0	0.0	0.0	0.0	0.0	0.0	0.0	0.0	0.0	0.0	0.0	0.0	0.0	0.0	0.0	0.0	0.0	0.0	0.0	0.0	0.0	0.0	0.6666666666666666	0.6666666666666666	0.0	0.0	0.0	0.0	0.3333333333333333	1.0	2.6666666666666665	87.33333333333317	89.33333333333314	3.3333333333333335	4.333333333333333	113.99999999999946	1546.9999999999275	1079.3333333333671	851.6666666666936	363.66666666666345	142.9999999999997	527.9999999999901	694.6666666666757	372.3333333333296	634.3333333333355	190.00000000000102	21.99999999999999	2.6666666666666665	0.3333333333333333	0.3333333333333333	0.6666666666666666	0.0	0.0	1.0	0.3333333333333333	0.3333333333333333	0.6666666666666666	0.0	1.0	11.000000000000002	1.3333333333333333	0.0	0.0	0.0	0.0	0.0	0.3333333333333333	0.3333333333333333	0.0	0.0	0.0	0.0	0.0	0.0	0.0	0.0	0.0	0.0	0.0	0.0	0.0	0.0	0.0	0.0	0.0	0.0	0.0	0.0	0.0	0.0	0.0
SRR6444206_2	0.0	0.0	0.0	0.0	0.0	0.0	0.0	0.0	0.0	0.0	0.0	0.0	0.0	0.0	0.0	0.0	0.0	0.0	0.0	0.0	0.0	0.0	0.0	0.0	0.0	0.0	0.0	0.0	0.0	0.0	0.0	0.0	0.0	0.0	0.0	0.6666666666666666	0.6666666666666666	0.6666666666666666	0.3333333333333333	1.0	0.3333333333333333	3.666666666666667	13.666666666666673	89.33333333333314	30.999999999999957	33.66666666666663	274.6666666666685	2065.9999999998217	1084.0000000000327	391.99999999999517	59.33333333333348	127.3333333333326	613.9999999999999	688.666666666675	377.33333333332934	536.9999999999911	305.3333333333334	99.333333333333	7.33333333333333	2.6666666666666665	0.3333333333333333	0.3333333333333333	0.3333333333333333	0.3333333333333333	0.0	0.6666666666666666	0.6666666666666666	0.3333333333333333	0.6666666666666666	0.0	0.3333333333333333	2.6666666666666665	11.000000000000002	1.3333333333333333	0.0	0.0	0.3333333333333333	0.0	0.3333333333333333	0.3333333333333333	0.0	0.0	0.0	0.0	0.0	0.3333333333333333	0.0	0.0	0.0	0.0	0.0	0.0	0.0	0.0	0.0	0.0	0.0	0.0	0.0	0.0	0.0
SRR6444216_1	0.0	0.0	0.0	0.0	0.0	0.0	0.0	0.0	0.0	0.0	0.0	0.0	0.0	0.0	0.0	0.0	0.0	0.0	0.0	0.0	0.0	0.0	0.0	0.3333333333333333	0.6666666666666666	0.3333333333333333	0.0	0.0	0.0	0.0	0.0	0.0	0.0	0.0	0.0	0.0	0.0	0.0	0.3333333333333333	0.3333333333333333	2.333333333333333	46.00000000000005	46.333333333333385	2.6666666666666665	4.333333333333333	66.33333333333347	1603.333333333248	1518.9999999999338	2246.333333333237	2504.3333333333544	857.0000000000275	968.0000000000401	1393.3333333332957	1024.666666666713	1144.000000000019	614.6666666666666	128.9999999999993	55.33333333333345	4.999999999999999	1.6666666666666665	4.0	14.333333333333341	11.000000000000002	3.666666666666667	1.9999999999999998	0.6666666666666666	0.0	0.0	0.0	0.0	0.0	0.0	0.0	0.0	0.0	0.0	0.0	0.0	0.0	0.0	0.0	0.0	0.0	0.0	0.0	0.0	0.0	0.0	0.0	0.0	0.0	0.0	0.0	0.0	0.0	0.0	0.0	0.0	0.0	0.0	0.0
SRR6444216_2	0.0	0.0	0.0	0.0	0.0	0.0	0.0	0.0	0.0	0.0	0.0	0.0	0.0	0.0	0.0	0.0	0.0	0.0	0.0	0.0	0.0	0.0	0.0	0.0	0.0	0.0	0.0	0.0	0.0	0.0	0.0	0.0	0.3333333333333333	0.3333333333333333	0.3333333333333333	0.3333333333333333	1.0	1.3333333333333333	1.0	1.3333333333333333	3.3333333333333335	7.9999999999999964	17.000000000000007	56.00000000000012	42.33333333333336	81.99999999999991	407.99999999999426	2805.3333333334913	2610.000000000069	1110.0000000000268	273.00000000000193	381.99999999999574	735.6666666666804	1098.0000000000296	1454.6666666666151	1358.666666666637	696.0000000000092	171.66666666666717	66.6666666666668	11.000000000000002	6.333333333333331	3.0	2.6666666666666665	5.999999999999998	17.33333333333334	5.333333333333332	1.9999999999999998	1.3333333333333333	0.6666666666666666	0.0	0.0	0.0	0.0	0.0	0.0	0.0	0.0	0.0	0.0	0.0	0.0	0.0	0.0	0.0	0.0	0.0	0.0	0.0	0.0	0.0	0.0	0.0	0.3333333333333333	0.0	0.0	0.0	0.0	0.0	0.3333333333333333	0.0	0.0
SRR6444217_1	0.0	0.0	0.0	0.0	0.0	0.0	0.0	0.0	0.0	0.0	0.0	0.0	0.0	0.0	0.0	0.0	0.0	0.0	0.0	0.0	0.0	0.0	0.0	0.0	0.0	0.0	0.0	0.0	0.0	0.0	0.0	0.0	0.0	0.0	0.0	0.3333333333333333	0.3333333333333333	0.3333333333333333	1.0	1.9999999999999998	4.333333333333333	115.33333333333277	118.99999999999939	12.000000000000004	134.33333333333277	973.3333333333741	2000.3333333331577	1919.3333333331761	718.3333333333451	415.6666666666605	577.333333333329	853.0000000000271	1121.6666666666908	618.6666666666671	732.0000000000133	560.3333333333271	128.9999999999993	95.33333333333306	65.66666666666681	5.666666666666665	4.666666666666666	3.3333333333333335	3.0	1.0	1.3333333333333333	2.6666666666666665	2.333333333333333	1.6666666666666665	18.333333333333336	15.666666666666677	1.6666666666666665	0.0	0.0	0.0	0.0	0.0	0.0	0.0	0.0	0.0	0.0	0.0	0.0	0.0	0.0	0.0	0.0	0.0	0.0	0.0	0.0	0.0	0.0	0.0	0.0	0.0	0.0	0.0	0.0	0.0	0.0
SRR6444217_2	0.0	0.0	0.0	0.0	0.0	0.0	0.0	0.0	0.0	0.0	0.0	0.0	0.0	0.0	0.0	0.0	0.0	0.0	0.0	0.0	0.0	0.0	0.0	0.0	0.0	0.0	0.0	0.0	0.0	0.0	0.0	0.0	0.0	0.0	1.0	0.6666666666666666	0.6666666666666666	1.3333333333333333	2.333333333333333	3.0	3.666666666666667	5.999999999999998	27.333333333333304	127.66666666666593	52.33333333333343	177.66666666666734	935.0000000000364	3041.3333333335986	1383.6666666666313	699.3333333333429	253.0000000000028	351.99999999999744	769.0000000000175	943.666666666704	655.6666666666713	749.666666666682	477.33333333332365	175.66666666666728	40.33333333333334	5.666666666666665	16.00000000000001	61.66666666666683	21.333333333333325	10.0	4.333333333333333	1.9999999999999998	1.6666666666666665	3.0	1.9999999999999998	1.6666666666666665	3.0	8.999999999999998	14.000000000000007	4.999999999999999	0.3333333333333333	0.6666666666666666	0.3333333333333333	0.3333333333333333	0.3333333333333333	0.0	0.0	0.3333333333333333	0.0	0.3333333333333333	0.3333333333333333	0.0	0.0	0.0	0.0	0.0	0.0	0.0	0.3333333333333333	0.0	0.0	0.0	0.0	0.0	0.0	0.0	0.0
SRR6444218_1	0.0	0.0	0.0	0.0	0.0	0.0	0.0	0.0	0.0	0.0	0.0	0.0	0.0	0.0	0.0	0.0	0.0	0.0	0.0	0.0	0.0	0.0	0.0	0.0	0.0	0.0	0.0	0.0	0.0	0.0	0.0	0.3333333333333333	0.0	0.3333333333333333	0.3333333333333333	0.0	0.3333333333333333	1.0	0.6666666666666666	0.0	0.0	0.0	2.333333333333333	2.333333333333333	6.666666666666664	54.00000000000011	1803.3333333332025	3611.6666666671913	698.3333333333428	98.99999999999967	316.99999999999943	960.666666666706	1193.6666666666745	528.6666666666569	763.0000000000168	439.99999999999244	74.33333333333336	121.99999999999935	122.33333333333267	3.0	0.6666666666666666	1.9999999999999998	1.0	0.6666666666666666	0.6666666666666666	0.3333333333333333	0.3333333333333333	0.0	2.333333333333333	14.000000000000007	1.9999999999999998	0.0	0.0	0.0	0.0	0.0	0.0	0.0	0.0	0.0	0.0	0.0	0.0	0.0	0.0	0.0	0.0	0.0	0.0	0.0	0.0	0.0	0.0	0.0	0.0	0.0	0.0	0.0	0.0	0.0	0.0
SRR6444218_2	0.0	0.0	0.0	0.0	0.0	0.0	0.0	0.0	0.0	0.0	0.0	0.0	0.0	0.0	0.0	0.0	0.0	0.0	0.0	0.0	0.0	0.0	0.0	0.0	0.0	0.0	0.0	0.0	0.0	0.0	0.0	0.0	0.3333333333333333	0.3333333333333333	0.3333333333333333	0.0	0.0	1.0	0.6666666666666666	1.0	1.6666666666666665	2.6666666666666665	5.999999999999998	11.66666666666667	33.33333333333329	81.66666666666659	421.99999999999346	2892.6666666668643	2255.999999999908	232.33333333333556	126.33333333333262	190.6666666666677	764.6666666666837	1133.0000000000216	660.6666666666719	782.6666666666857	530.6666666666571	182.66666666666748	66.33333333333347	19.333333333333332	89.9999999999998	113.99999999999946	15.000000000000009	4.999999999999999	4.999999999999999	1.6666666666666665	0.3333333333333333	0.6666666666666666	0.0	0.0	1.6666666666666665	3.3333333333333335	10.666666666666668	3.0	0.3333333333333333	0.0	0.0	0.0	0.0	0.0	0.0	0.0	0.0	0.0	0.0	0.0	0.0	0.0	0.0	0.0	0.0	0.0	0.0	0.0	0.0	0.0	0.0	0.0	0.0	0.0	0.0
SRR6444257_1	0.0	0.0	0.0	0.0	0.0	0.0	0.0	0.0	0.0	0.0	0.0	0.0	0.0	0.0	0.0	0.0	0.0	0.0	0.0	0.0	0.0	0.0	0.3333333333333333	0.3333333333333333	0.3333333333333333	0.3333333333333333	0.3333333333333333	0.0	0.0	0.0	0.0	0.0	0.0	0.0	0.0	0.0	0.0	0.0	0.3333333333333333	0.0	0.3333333333333333	10.333333333333334	13.000000000000005	1.0	3.0	39.66666666666667	755.6666666666827	463.66666666665776	326.66666666666555	3395.000000000426	4268.3333333339215	5344.333333332943	1325.6666666666445	733.3333333333468	326.99999999999886	157.00000000000009	41.000000000000014	106.99999999999956	112.33333333333282	4.333333333333333	2.6666666666666665	1.0	0.0	0.0	0.0	0.0	0.3333333333333333	0.6666666666666666	1.6666666666666665	20.33333333333333	2.333333333333333	0.0	0.0	0.0	0.0	0.0	0.0	0.0	0.0	0.0	0.0	0.0	0.0	0.0	0.0	0.0	0.0	0.0	0.0	0.0	0.0	0.0	0.0	0.0	0.0	0.0	0.0	0.0	0.0	0.0	0.0
SRR6444257_2	0.0	0.0	0.0	0.0	0.0	0.0	0.0	0.0	0.0	0.0	0.0	0.0	0.0	0.0	0.0	0.0	0.0	0.0	0.0	0.0	0.0	0.0	0.0	0.0	0.0	0.0	0.0	0.0	0.0	0.0	0.0	0.0	0.3333333333333333	0.3333333333333333	0.0	0.0	0.3333333333333333	0.6666666666666666	1.6666666666666665	1.0	1.0	0.6666666666666666	4.333333333333333	17.33333333333334	9.666666666666666	15.666666666666677	126.33333333333262	793.0000000000202	449.66666666665856	225.33333333333536	509.66666666665515	3607.0000000005225	5507.666666666128	5241.66666666637	802.3333333333546	440.66666666665907	199.66666666666796	76.99999999999999	23.333333333333318	10.666666666666668	36.333333333333314	101.33333333333297	27.333333333333304	4.666666666666666	1.0	0.6666666666666666	0.6666666666666666	0.3333333333333333	0.3333333333333333	0.0	0.6666666666666666	3.3333333333333335	17.66666666666667	3.0	0.0	0.3333333333333333	0.3333333333333333	0.0	0.0	0.0	0.0	0.0	0.0	0.0	0.0	0.0	0.0	0.0	0.0	0.0	0.0	0.0	0.0	0.0	0.0	0.3333333333333333	0.3333333333333333	0.0	0.0	0.0	0.0
SRR6444265_1	0.0	0.0	0.0	0.0	0.0	0.0	0.0	0.0	0.0	0.0	0.0	0.0	0.0	0.0	0.0	0.0	0.0	0.0	0.0	0.0	0.0	0.0	0.0	0.0	0.0	0.0	0.0	0.0	0.0	0.3333333333333333	0.0	0.0	0.0	0.0	0.0	0.0	0.0	0.0	0.0	0.3333333333333333	0.0	20.66666666666666	22.666666666666654	1.0	2.6666666666666665	62.666666666666835	808.6666666666887	514.6666666666553	331.33333333333195	1536.9999999999297	2126.3333333331825	3119.0000000003006	1462.33333333328	1086.6666666666988	670.3333333333396	482.6666666666567	148.33333333333317	252.33333333333613	233.3333333333356	5.666666666666665	1.9999999999999998	0.0	0.0	0.0	1.0	4.333333333333333	1.3333333333333333	1.6666666666666665	11.333333333333336	64.66666666666683	6.333333333333331	0.3333333333333333	0.0	0.0	0.0	0.0	0.0	0.0	0.0	0.0	0.0	0.0	0.0	0.0	0.0	0.0	0.0	0.0	0.0	0.0	0.0	0.0	0.0	0.0	0.0	0.0	0.0	0.0	0.0	0.0	0.0
SRR6444265_2	0.0	0.0	0.0	0.0	0.0	0.0	0.0	0.0	0.0	0.0	0.0	0.0	0.0	0.0	0.0	0.0	0.0	0.0	0.0	0.0	0.0	0.0	0.0	0.0	0.0	0.0	0.0	0.0	0.0	0.0	0.0	0.0	0.0	0.0	0.0	0.0	1.0	1.0	1.0	0.6666666666666666	1.3333333333333333	3.3333333333333335	4.666666666666666	27.333333333333304	14.333333333333341	23.999999999999982	168.66666666666708	870.000000000029	511.66666666665503	230.66666666666885	376.6666666666627	1957.3333333331675	2909.000000000205	2824.0000000001664	1122.3333333333574	850.0000000000267	520.6666666666559	232.33333333333556	51.33333333333342	21.666666666666657	119.99999999999937	222.33333333333528	44.000000000000036	6.333333333333331	4.333333333333333	2.6666666666666665	1.9999999999999998	4.333333333333333	4.666666666666666	3.666666666666667	3.0	10.666666666666668	55.666666666666785	11.66666666666667	1.6666666666666665	0.0	0.3333333333333333	0.3333333333333333	0.3333333333333333	0.3333333333333333	0.6666666666666666	0.0	0.0	0.0	0.0	0.0	0.3333333333333333	0.3333333333333333	0.0	0.0	0.0	0.0	0.0	0.0	0.0	0.0	0.0	0.0	0.0	0.0	0.5
SRR6444279_1	0.0	0.0	0.0	0.0	0.0	0.0	0.0	0.0	0.0	0.0	0.0	0.0	0.0	0.0	0.0	0.0	0.0	0.0	0.0	0.0	0.0	0.0	0.0	0.0	0.3333333333333333	1.3333333333333333	1.6666666666666665	0.3333333333333333	0.3333333333333333	0.0	0.0	0.0	0.0	0.0	0.0	0.0	0.0	0.0	1.0	0.3333333333333333	0.0	0.3333333333333333	1.3333333333333333	1.6666666666666665	5.333333333333332	52.33333333333343	2436.9999999999905	4339.333333333857	999.0000000000437	214.50000000000173	789.1666666666865	2922.666666666878	1942.333333333171	828.666666666691	1452.6666666666156	756.6666666666828	153.33333333333331	200.0000000000013	195.66666666666785	7.33333333333333	6.666666666666664	7.33333333333333	5.333333333333332	2.333333333333333	1.6666666666666665	0.3333333333333333	0.6666666666666666	1.3333333333333333	12.000000000000004	88.99999999999982	10.0	0.3333333333333333	0.6666666666666666	0.0	0.0	0.0	0.0	0.0	0.0	0.0	0.0	0.0	0.0	0.0	0.0	0.0	0.0	0.0	0.0	0.0	0.0	0.0	0.0	0.0	0.0	0.0	0.0	0.0	0.0	0.0	0.0
SRR6444279_2	0.0	0.0	0.0	0.0	0.0	0.0	0.0	0.0	0.0	0.0	0.0	0.0	0.0	0.0	0.0	0.0	0.0	0.0	0.0	0.0	0.0	0.0	0.0	0.0	0.0	0.0	0.0	0.0	0.0	0.0	0.0	0.3333333333333333	0.6666666666666666	1.9999999999999998	1.3333333333333333	1.3333333333333333	0.6666666666666666	1.0	3.0	3.666666666666667	1.9999999999999998	1.3333333333333333	3.3333333333333335	7.33333333333333	33.999999999999964	62.00000000000016	328.3333333333321	3327.666666667062	3251.333333333694	335.66666666666504	198.66666666666794	454.9999999999916	2772.3333333334763	2094.999999999835	1107.3333333333608	1430.6666666666206	868.0000000000288	326.99999999999886	95.33333333333306	27.666666666666636	159.33333333333348	179.0000000000007	25.33333333333331	9.666666666666666	8.999999999999998	2.6666666666666665	1.3333333333333333	1.3333333333333333	2.333333333333333	1.0	2.6666666666666665	17.33333333333334	82.66666666666657	11.333333333333336	1.6666666666666665	0.6666666666666666	0.0	0.3333333333333333	0.0	0.0	0.0	0.0	0.0	0.0	0.0	0.0	0.0	0.0	0.0	0.0	0.0	0.0	0.3333333333333333	0.0	0.0	0.0	0.0	0.0	0.0	0.0	0.0
SRR6444288_1	0.0	0.0	0.0	0.0	0.0	0.0	0.0	0.0	0.0	0.0	0.0	0.0	0.0	0.0	0.0	0.0	0.0	0.0	0.0	0.0	0.0	0.0	0.0	0.0	0.0	0.0	0.0	0.0	0.0	0.0	0.0	0.0	0.0	0.0	0.3333333333333333	0.0	0.0	0.0	0.6666666666666666	1.3333333333333333	3.3333333333333335	132.9999999999994	150.33333333333323	5.999999999999998	10.0	130.666666666666	1671.6666666665658	1547.9999999999272	1299.3333333333171	351.99999999999744	241.00000000000247	635.666666666669	876.0000000000297	714.3333333333446	922.0000000000349	239.33333333333576	24.99999999999998	5.333333333333332	2.333333333333333	1.6666666666666665	1.3333333333333333	4.666666666666666	4.666666666666666	0.6666666666666666	0.3333333333333333	1.0	0.6666666666666666	0.0	3.666666666666667	22.666666666666654	2.6666666666666665	0.0	0.0	0.0	0.0	0.0	0.0	0.0	0.0	0.0	0.0	0.0	0.0	0.0	0.0	0.0	0.0	0.0	0.0	0.0	0.0	0.0	0.0	0.0	0.0	0.0	0.0	0.0	0.0	0.0	0.0
SRR6444288_2	0.0	0.0	0.0	0.0	0.0	0.0	0.0	0.0	0.0	0.0	0.0	0.0	0.0	0.0	0.0	0.0	0.0	0.0	0.0	0.0	0.0	0.0	0.0	0.0	0.0	0.0	0.0	0.0	0.0	0.0	0.0	0.0	0.0	0.3333333333333333	0.3333333333333333	0.0	0.6666666666666666	0.6666666666666666	0.6666666666666666	1.3333333333333333	1.9999999999999998	3.666666666666667	26.333333333333307	145.66666666666643	52.00000000000009	44.33333333333337	330.99999999999864	2393.333333333304	1562.3333333332573	419.33333333332695	97.33333333333303	162.00000000000023	787.6666666666863	1053.0000000000398	579.3333333333293	745.6666666666815	402.99999999999454	153.33333333333331	14.000000000000007	4.0	2.6666666666666665	3.3333333333333335	4.333333333333333	3.0	1.3333333333333333	0.3333333333333333	1.3333333333333333	1.0	0.6666666666666666	0.3333333333333333	2.333333333333333	7.666666666666663	16.666666666666675	1.9999999999999998	0.0	0.3333333333333333	0.0	0.0	0.0	0.0	0.0	0.0	0.3333333333333333	0.3333333333333333	0.0	0.0	0.0	0.3333333333333333	0.3333333333333333	0.0	0.0	0.0	0.0	0.0	0.0	0.0	0.0	0.0	0.0	0.0	0.0
SRR6444294_1	0.0	0.0	0.0	0.0	0.0	0.0	0.0	0.0	0.0	0.0	0.0	0.0	0.0	0.0	0.0	0.0	0.0	0.0	0.0	0.0	0.0	0.0	0.0	0.0	0.0	0.0	0.0	0.0	0.0	0.0	0.6666666666666666	0.3333333333333333	0.3333333333333333	0.3333333333333333	0.0	0.0	0.3333333333333333	0.6666666666666666	0.3333333333333333	0.3333333333333333	0.0	0.3333333333333333	1.3333333333333333	2.333333333333333	3.666666666666667	10.666666666666668	202.00000000000136	3565.0000000005034	3057.6666666669394	996.6666666667101	299.00000000000045	1453.9999999999486	1306.3333333333155	341.999999999998	779.333333333352	433.33333333332615	202.00000000000136	300.666666666667	285.33333333333456	8.999999999999998	1.3333333333333333	1.3333333333333333	0.3333333333333333	0.6666666666666666	1.0	0.6666666666666666	1.0	0.3333333333333333	0.0	1.0	0.0	1.3333333333333333	1.3333333333333333	0.0	0.0	0.0	0.0	0.0	0.0	0.0	0.0	0.0	0.0	0.0	0.0	0.0	0.0	0.0	0.0	0.0	0.0	0.0	0.0	0.0	0.0	0.0	0.0	0.0	0.0	0.0	0.0
SRR6444294_2	0.0	0.0	0.0	0.0	0.0	0.0	0.0	0.0	0.0	0.0	0.0	0.0	0.0	0.0	0.0	0.0	0.0	0.0	0.0	0.0	0.0	0.0	0.0	0.0	0.0	0.0	0.0	0.0	0.0	0.0	0.0	0.3333333333333333	0.0	0.0	0.6666666666666666	1.0	1.3333333333333333	1.3333333333333333	1.0	3.0	4.333333333333333	4.0	4.999999999999999	7.666666666666663	19.0	72.66666666666671	1138.0000000000205	2213.333333333222	2580.6666666667224	1440.9999999999516	207.6666666666682	340.99999999999807	1251.6666666666613	1197.000000000007	548.3333333333258	657.6666666666715	465.66666666665765	383.333333333329	53.66666666666677	24.333333333333314	215.00000000000173	261.33333333333593	30.666666666666625	4.333333333333333	2.6666666666666665	0.3333333333333333	0.6666666666666666	1.3333333333333333	1.6666666666666665	0.3333333333333333	0.3333333333333333	0.3333333333333333	0.6666666666666666	0.3333333333333333	0.0	0.0	0.0	0.0	0.3333333333333333	0.3333333333333333	0.0	0.0	0.0	0.0	0.0	0.0	0.0	0.0	0.0	0.0	0.0	0.0	0.0	0.0	0.0	0.0	0.0	0.0	0.0	0.0	0.0
SRR6444311_1	0.0	0.0	0.0	0.0	0.0	0.0	0.0	0.0	0.0	0.0	0.0	0.0	0.0	0.0	0.0	0.0	0.0	0.0	0.0	0.0	0.0	0.0	0.0	0.0	0.0	0.0	0.0	0.0	0.0	0.0	0.0	0.0	0.0	0.0	0.0	0.6666666666666666	1.0	0.6666666666666666	1.3333333333333333	1.0	0.6666666666666666	11.333333333333336	13.666666666666673	1.6666666666666665	4.999999999999999	104.66666666666626	1434.3333333332864	936.0000000000365	836.3333333333585	516.3333333333221	359.33333333333036	1248.9999999999952	1225.6666666666672	501.9999999999889	675.0000000000068	287.66666666666777	85.66666666666653	65.00000000000016	57.333333333333464	8.666666666666664	1.9999999999999998	0.0	0.6666666666666666	1.0	0.0	0.3333333333333333	0.0	0.0	0.3333333333333333	3.0	1.0	0.0	0.0	0.0	0.0	0.0	0.0	0.0	0.0	0.0	0.0	0.0	0.0	0.0	0.0	0.0	0.0	0.0	0.0	0.0	0.0	0.0	0.0	0.0	0.0	0.0	0.0	0.0	0.0	0.0	0.0
SRR6444311_2	0.0	0.0	0.0	0.0	0.0	0.0	0.0	0.0	0.0	0.0	0.0	0.0	0.0	0.0	0.0	0.0	0.0	0.0	0.0	0.0	0.0	0.0	0.0	0.0	0.0	0.0	0.0	0.0	0.0	0.0	0.0	0.0	0.0	0.3333333333333333	0.0	0.0	0.3333333333333333	1.6666666666666665	3.3333333333333335	2.6666666666666665	3.0	4.333333333333333	5.666666666666665	23.999999999999982	62.666666666666835	248.33333333333601	349.99999999999756	1750.999999999881	897.0000000000321	365.99999999999665	245.33333333333593	511.3333333333217	825.6666666666906	1173.0000000000125	573.666666666662	597.9999999999981	399.6666666666614	182.33333333333414	48.666666666666735	6.666666666666664	20.33333333333333	53.333333333333435	21.333333333333325	5.666666666666665	1.3333333333333333	1.3333333333333333	1.6666666666666665	0.3333333333333333	0.6666666666666666	0.3333333333333333	0.0	1.0	3.3333333333333335	0.6666666666666666	0.0	0.0	0.0	0.0	0.0	0.0	0.0	0.0	0.0	0.0	0.0	0.0	0.0	0.0	0.3333333333333333	0.3333333333333333	0.3333333333333333	0.0	0.0	0.0	0.0	0.0	0.0	0.0	0.0	0.0	0.0
SRR6444312_1	0.0	0.0	0.0	0.0	0.0	0.0	0.0	0.0	0.0	0.0	0.0	0.0	0.0	0.0	0.0	0.0	0.0	0.0	0.0	0.0	0.0	0.0	0.0	0.0	0.0	0.0	0.0	0.3333333333333333	0.0	0.0	0.0	0.0	0.0	0.3333333333333333	0.3333333333333333	0.0	0.0	0.0	0.0	0.3333333333333333	0.6666666666666666	0.3333333333333333	0.6666666666666666	1.3333333333333333	5.666666666666665	99.333333333333	1332.6666666666429	1246.3333333333292	935.6666666667031	561.6666666666606	269.6666666666688	382.33333333332905	283.3333333333347	344.3333333333312	667.3333333333393	428.33333333332644	74.66666666666669	48.000000000000064	44.000000000000036	10.333333333333334	1.0	8.33333333333333	5.999999999999998	0.6666666666666666	0.6666666666666666	0.3333333333333333	0.3333333333333333	0.6666666666666666	5.333333333333332	27.999999999999968	2.6666666666666665	0.0	0.0	0.0	0.0	0.0	0.0	0.0	0.0	0.0	0.0	0.0	0.0	0.0	0.0	0.0	0.0	0.0	0.0	0.0	0.0	0.0	0.0	0.0	0.0	0.0	0.0	0.0	0.0	0.0	0.0
SRR6444312_2	0.0	0.0	0.0	0.0	0.0	0.0	0.0	0.0	0.0	0.0	0.0	0.0	0.0	0.0	0.0	0.0	0.0	0.0	0.0	0.0	0.0	0.0	0.0	0.0	0.0	0.0	0.0	0.0	0.0	0.0	0.0	0.0	0.0	0.0	0.0	0.0	0.3333333333333333	1.0	1.3333333333333333	1.6666666666666665	1.6666666666666665	4.333333333333333	3.666666666666667	4.666666666666666	14.333333333333341	36.66666666666665	252.66666666666947	2087.333333333165	1060.3333333333715	429.999999999993	80.33333333333327	297.6666666666672	533.6666666666574	340.66666666666475	442.66666666665895	404.99999999999443	310.9999999999998	158.33333333333346	38.33333333333333	10.0	30.666666666666625	42.33333333333336	18.000000000000004	8.33333333333333	2.333333333333333	1.6666666666666665	0.6666666666666666	1.0	0.3333333333333333	0.6666666666666666	0.3333333333333333	4.0	24.99999999999998	6.666666666666664	1.0	0.3333333333333333	0.6666666666666666	0.0	0.0	0.0	0.3333333333333333	0.3333333333333333	0.0	0.0	0.0	0.3333333333333333	0.0	0.0	0.0	0.0	0.0	0.0	0.0	0.0	0.0	0.0	0.0	0.0	0.0	0.0	0.0
SRR6444314_1	0.0	0.0	0.0	0.0	0.0	0.0	0.0	0.0	0.0	0.0	0.0	0.0	0.0	0.0	0.0	0.0	0.0	0.0	0.0	0.0	0.0	0.0	0.0	0.0	0.0	0.0	0.0	0.0	0.0	0.0	0.0	0.3333333333333333	0.6666666666666666	0.3333333333333333	0.3333333333333333	0.6666666666666666	0.6666666666666666	0.3333333333333333	0.0	0.0	0.0	21.99999999999999	20.999999999999993	3.666666666666667	17.33333333333334	190.6666666666677	2322.666666666605	1441.9999999999513	2075.666666666493	1535.99999999993	390.3333333333286	1695.6666666665603	1892.9999999998488	727.6666666666795	776.3333333333517	534.3333333333242	101.33333333333297	249.66666666666939	242.0000000000025	6.333333333333331	1.9999999999999998	1.0	1.0	1.0	1.6666666666666665	1.9999999999999998	1.6666666666666665	3.666666666666667	21.333333333333325	154.66666666666669	14.333333333333341	3.0	0.3333333333333333	0.3333333333333333	0.0	0.0	0.0	0.0	0.0	0.0	0.0	0.0	0.0	0.0	0.0	0.0	0.0	0.0	0.0	0.0	0.0	0.0	0.0	0.0	0.0	0.0	0.0	0.0	0.0	0.0	0.0
SRR6444314_2	0.0	0.0	0.0	0.0	0.0	0.0	0.0	0.0	0.0	0.0	0.0	0.0	0.0	0.0	0.0	0.0	0.0	0.0	0.0	0.0	0.0	0.0	0.0	0.0	0.0	0.0	0.0	0.0	0.0	0.0	0.0	0.0	0.0	0.0	0.6666666666666666	1.6666666666666665	0.3333333333333333	0.0	0.6666666666666666	1.3333333333333333	2.6666666666666665	4.0	12.666666666666671	30.666666666666625	32.99999999999996	80.99999999999993	636.0000000000024	3808.3333333339474	2447.9999999999955	431.6666666666596	116.33333333333276	456.66666666665816	1675.6666666665649	1740.66666666655	734.0000000000135	790.3333333333533	444.66666666665884	116.99999999999942	22.999999999999986	12.333333333333337	70.66666666666674	227.00000000000207	67.33333333333346	9.666666666666666	4.0	3.3333333333333335	2.6666666666666665	3.0	3.3333333333333335	4.666666666666666	9.666666666666666	37.66666666666666	137.6666666666662	22.33333333333332	1.9999999999999998	1.0	1.6666666666666665	0.3333333333333333	0.3333333333333333	0.0	0.0	0.0	0.0	0.0	0.0	0.6666666666666666	0.0	0.0	0.0	0.0	0.0	0.0	0.0	0.0	0.3333333333333333	0.0	0.0	0.0	0.0	0.0	0.0
SRR6444323_1	0.0	0.0	0.0	0.0	0.0	0.0	0.0	0.0	0.0	0.0	0.0	0.0	0.0	0.0	0.0	0.0	0.0	0.0	0.0	0.0	0.0	0.0	0.0	0.3333333333333333	0.3333333333333333	0.0	0.0	0.0	0.0	0.0	0.0	0.0	0.0	0.0	0.0	0.0	0.0	0.0	0.3333333333333333	0.0	0.0	39.66666666666667	42.00000000000002	2.6666666666666665	4.999999999999999	74.00000000000003	938.0000000000367	808.0000000000219	1739.333333333217	1452.6666666666156	460.99999999999125	1020.3333333333794	1919.6666666665094	1681.9999999998968	1309.666666666648	1031.333333333378	189.33333333333434	590.9999999999973	654.3333333333378	378.3333333333293	48.3333333333334	17.33333333333334	18.000000000000004	7.666666666666663	7.9999999999999964	4.666666666666666	5.999999999999998	13.33333333333334	73.33333333333337	618.3333333333337	75.33333333333334	7.9999999999999964	1.6666666666666665	1.0	0.3333333333333333	0.3333333333333333	0.0	0.0	0.0	0.0	0.0	0.0	0.0	0.0	0.0	0.0	0.0	0.0	0.0	0.0	0.0	0.0	0.0	0.0	0.0	0.0	0.0	0.0	0.0	0.0	0.0
SRR6444323_2	0.0	0.0	0.0	0.0	0.0	0.0	0.0	0.0	0.0	0.0	0.0	0.0	0.0	0.0	0.0	0.0	0.0	0.0	0.0	0.0	0.0	0.0	0.0	0.0	0.0	0.0	0.0	0.0	0.0	0.0	0.0	0.0	0.0	0.6666666666666666	1.6666666666666665	1.3333333333333333	0.6666666666666666	1.3333333333333333	1.0	1.0	2.333333333333333	4.0	9.666666666666666	45.666666666666714	12.000000000000004	24.666666666666647	202.66666666666805	1930.9999999998402	1831.9999999998627	724.6666666666791	340.66666666666475	661.0000000000052	1353.666666666638	1676.999999999898	1058.0000000000387	1148.0000000000182	991.3333333333761	303.0000000000002	55.000000000000114	28.3333333333333	221.33333333333525	626.3333333333346	469.6666666666574	111.33333333333283	46.00000000000005	20.33333333333333	10.333333333333334	15.000000000000009	13.33333333333334	18.000000000000004	27.333333333333304	109.33333333333286	560.9999999999939	86.99999999999984	9.666666666666666	3.3333333333333335	1.6666666666666665	0.0	0.0	0.6666666666666666	1.0	0.0	0.0	0.0	0.0	0.0	0.0	0.0	0.3333333333333333	0.3333333333333333	0.0	0.0	0.0	0.0	0.0	0.0	0.0	0.0	0.0	0.0	0.0
SRR6444332_1	0.0	0.0	0.0	0.0	0.0	0.0	0.0	0.0	0.0	0.0	0.0	0.0	0.0	0.0	0.0	0.0	0.0	0.0	0.0	0.0	0.0	0.0	0.0	0.0	0.0	0.0	0.0	0.0	0.0	0.0	0.0	0.0	0.3333333333333333	0.0	0.0	0.0	0.3333333333333333	0.6666666666666666	0.0	0.0	0.0	0.0	0.3333333333333333	1.6666666666666665	3.666666666666667	10.333333333333334	170.3333333333338	2838.000000000173	2101.333333333171	579.3333333333293	200.666666666668	858.6666666666944	868.3333333333621	364.6666666666634	906.0000000000331	934.3333333333696	244.66666666666924	208.00000000000153	196.33333333333454	8.666666666666664	3.0	6.999999999999997	3.666666666666667	1.3333333333333333	0.3333333333333333	0.0	0.0	0.0	0.6666666666666666	1.9999999999999998	0.0	0.0	0.0	0.0	0.0	0.0	0.0	0.0	0.0	0.0	0.0	0.0	0.0	0.0	0.0	0.0	0.0	0.0	0.0	0.0	0.0	0.0	0.0	0.0	0.0	0.0	0.0	0.0	0.0	0.0	0.0
SRR6444332_2	0.0	0.0	0.0	0.0	0.0	0.0	0.0	0.0	0.0	0.0	0.0	0.0	0.0	0.0	0.0	0.0	0.0	0.0	0.0	0.0	0.0	0.0	0.0	0.0	0.0	0.0	0.0	0.0	0.3333333333333333	0.3333333333333333	0.0	0.0	0.3333333333333333	0.0	0.0	0.3333333333333333	0.3333333333333333	1.0	1.0	0.6666666666666666	2.333333333333333	4.666666666666666	5.333333333333332	7.9999999999999964	17.000000000000007	47.00000000000006	821.0000000000234	1624.6666666665765	2001.999999999824	851.0000000000268	183.6666666666675	234.33333333333562	835.3333333333584	741.0000000000143	434.9999999999927	729.3333333333463	820.3333333333567	731.3333333333466	75.00000000000001	18.666666666666668	148.99999999999986	186.0000000000009	26.333333333333307	7.9999999999999964	8.33333333333333	2.6666666666666665	1.0	0.6666666666666666	0.0	0.0	0.0	1.0	1.3333333333333333	0.0	0.0	0.0	0.0	0.0	0.0	0.0	0.0	0.0	0.0	0.0	0.0	0.0	0.0	0.0	0.3333333333333333	0.3333333333333333	0.0	0.0	0.3333333333333333	0.3333333333333333	0.0	0.0	0.0	0.0	0.0	0.0	0.0
SRR6444338_1	0.0	0.0	0.0	0.0	0.0	0.0	0.0	0.0	0.0	0.0	0.0	0.0	0.0	0.0	0.0	0.0	0.0	0.0	0.0	0.0	0.0	0.0	0.0	0.0	0.0	0.0	0.0	0.0	0.0	0.0	0.0	0.0	0.0	0.0	0.0	0.3333333333333333	0.3333333333333333	1.0	0.3333333333333333	0.0	0.0	0.3333333333333333	1.0	0.3333333333333333	4.666666666666666	84.66666666666654	1171.000000000013	1208.0000000000045	1130.3333333333555	1290.9999999999857	1375.3333333332998	2462.000000000002	1910.9999999998447	1506.9999999999366	1151.0000000000175	917.0000000000343	214.6666666666684	37.99999999999999	21.666666666666657	64.3333333333335	12.333333333333337	7.33333333333333	1.9999999999999998	1.9999999999999998	12.000000000000004	13.33333333333334	5.666666666666665	1.0	1.3333333333333333	22.33333333333332	1.6666666666666665	0.3333333333333333	0.0	0.0	0.0	0.0	0.0	0.0	0.0	0.0	0.0	0.0	0.0	0.0	0.0	0.0	0.0	0.0	0.0	0.0	0.0	0.0	0.0	0.0	0.0	0.0	0.0	0.0	0.0	0.0	0.0
SRR6444338_2	0.0	0.0	0.0	0.0	0.0	0.0	0.0	0.0	0.0	0.0	0.0	0.0	0.0	0.0	0.0	0.0	0.0	0.0	0.0	0.0	0.0	0.0	0.0	0.0	0.0	0.0	0.0	0.0	0.0	0.0	0.0	0.0	0.0	0.0	0.0	0.0	0.3333333333333333	1.0	1.3333333333333333	1.9999999999999998	1.6666666666666665	1.6666666666666665	2.333333333333333	7.666666666666663	13.666666666666673	35.33333333333331	224.66666666666868	1704.333333333225	1494.666666666606	588.999999999997	452.3333333333251	1422.9999999999557	2317.666666666603	2495.000000000017	1415.666666666624	1055.6666666667059	709.6666666666774	369.6666666666631	72.00000000000006	13.33333333333334	7.666666666666663	17.000000000000007	57.333333333333464	20.999999999999993	6.999999999999997	2.333333333333333	6.333333333333331	17.33333333333334	8.666666666666664	3.0	1.0	6.999999999999997	18.000000000000004	3.0	0.0	0.0	0.0	0.6666666666666666	0.3333333333333333	0.0	0.0	0.0	0.0	0.3333333333333333	0.0	0.0	0.0	0.0	0.0	0.3333333333333333	0.0	0.0	0.0	0.3333333333333333	0.3333333333333333	0.3333333333333333	0.0	0.0	0.0	0.0	0.0
SRR6444345_1	0.0	0.0	0.0	0.0	0.0	0.0	0.0	0.0	0.0	0.0	0.0	0.0	0.0	0.0	0.0	0.0	0.0	0.0	0.0	0.0	0.0	0.0	0.0	0.0	0.0	0.0	0.0	0.0	0.0	0.0	0.0	0.0	0.0	1.0	0.0	0.0	0.0	0.0	0.6666666666666666	2.333333333333333	4.333333333333333	75.66666666666667	78.99999999999996	9.333333333333332	71.66666666666673	577.333333333329	1186.3333333333428	1589.3333333332512	1038.0000000000432	832.6666666666914	889.0000000000312	1151.666666666684	1179.0000000000111	786.0000000000194	547.9999999999924	416.3333333333271	98.99999999999967	314.3333333333329	314.3333333333329	116.99999999999942	19.333333333333332	1.9999999999999998	1.9999999999999998	2.6666666666666665	1.6666666666666665	1.9999999999999998	0.0	0.3333333333333333	14.000000000000007	16.00000000000001	0.6666666666666666	0.3333333333333333	0.3333333333333333	0.0	0.0	0.0	0.0	0.0	0.0	0.0	0.0	0.0	0.0	0.0	0.0	0.0	0.0	0.0	0.0	0.0	0.0	0.0	0.0	0.0	0.0	0.0	0.0	0.0	0.0	0.0	0.0
SRR6444345_2	0.0	0.0	0.0	0.0	0.0	0.0	0.0	0.0	0.0	0.0	0.0	0.0	0.0	0.0	0.0	0.0	0.0	0.0	0.0	0.0	0.0	0.0	0.0	0.0	0.0	0.0	0.0	0.0	0.0	0.0	0.0	0.0	0.3333333333333333	0.3333333333333333	0.3333333333333333	1.0	1.3333333333333333	1.0	1.0	0.6666666666666666	1.3333333333333333	2.6666666666666665	15.333333333333343	86.99999999999984	32.333333333333286	97.33333333333303	537.3333333333245	2095.666666666502	1550.6666666665933	1317.6666666666463	308.6666666666666	423.3333333333267	894.0000000000317	1232.3333333333323	636.0000000000024	477.33333333332365	383.9999999999956	118.99999999999939	36.333333333333314	19.666666666666664	57.333333333333464	302.3333333333336	191.00000000000105	47.66666666666673	10.0	3.0	1.6666666666666665	2.6666666666666665	1.3333333333333333	0.6666666666666666	2.6666666666666665	8.999999999999998	11.000000000000002	3.3333333333333335	1.0	0.6666666666666666	0.0	0.0	0.0	0.0	0.0	0.0	0.0	0.0	0.0	0.0	0.3333333333333333	0.3333333333333333	0.0	0.0	0.0	0.0	0.0	0.0	0.0	0.0	0.0	0.0	0.0	0.0	0.0
SRR6444349_1	0.0	0.0	0.0	0.0	0.0	0.0	0.0	0.0	0.0	0.0	0.0	0.0	0.0	0.0	0.0	0.0	0.0	0.0	0.0	0.0	0.0	0.0	0.0	0.0	0.0	0.0	0.0	0.0	0.0	0.0	0.0	0.0	0.0	0.0	0.0	0.0	0.0	0.0	0.0	0.3333333333333333	1.0	49.00000000000007	51.000000000000085	10.666666666666668	164.33333333333363	260.0000000000027	476.3333333333237	760.6666666666832	939.3333333333702	690.6666666666753	419.33333333332695	967.3333333333734	773.000000000018	796.6666666666873	1010.6666666667116	511.99999999998835	105.66666666666625	169.6666666666671	125.99999999999929	18.000000000000004	4.333333333333333	5.333333333333332	3.3333333333333335	2.333333333333333	5.999999999999998	2.6666666666666665	2.333333333333333	2.6666666666666665	10.0	63.00000000000017	3.666666666666667	1.6666666666666665	1.6666666666666665	0.0	0.0	0.0	0.0	0.0	0.0	0.0	0.0	0.0	0.0	0.0	0.0	0.0	0.0	0.0	0.0	0.0	0.0	0.0	0.0	0.0	0.0	0.0	0.0	0.0	0.0	0.0	0.0
SRR6444349_2	0.0	0.0	0.0	0.0	0.0	0.0	0.0	0.0	0.0	0.0	0.0	0.0	0.0	0.0	0.0	0.0	0.0	0.0	0.0	0.0	0.0	0.0	0.0	0.0	0.0	0.0	0.0	0.3333333333333333	0.0	0.0	0.0	0.0	0.0	0.3333333333333333	0.3333333333333333	0.0	0.0	0.3333333333333333	1.3333333333333333	1.3333333333333333	1.3333333333333333	1.0	11.66666666666667	50.333333333333414	27.333333333333304	200.666666666668	300.666666666667	957.6666666667056	939.3333333333702	482.6666666666567	259.33333333333604	612.9999999999998	750.0000000000153	586.6666666666634	843.3333333333593	918.0000000000344	436.6666666666593	168.0000000000004	116.99999999999942	27.666666666666636	42.66666666666669	123.33333333333266	51.33333333333342	13.000000000000005	4.0	1.9999999999999998	3.3333333333333335	7.33333333333333	4.666666666666666	3.0	4.666666666666666	19.0	52.33333333333343	5.333333333333332	1.0	1.6666666666666665	1.6666666666666665	0.0	0.0	0.0	0.0	0.0	0.0	0.0	0.0	0.0	0.6666666666666666	0.6666666666666666	0.0	0.0	0.0	0.0	0.0	0.0	0.0	0.3333333333333333	0.0	0.0	0.0	0.0	0.0
SRR6444354_1	0.0	0.0	0.0	0.0	0.0	0.0	0.0	0.0	0.0	0.0	0.0	0.0	0.0	0.0	0.0	0.0	0.0	0.0	0.0	0.0	0.0	0.0	0.0	0.0	0.0	0.0	0.0	0.0	0.0	0.0	0.0	0.0	0.0	0.0	0.0	0.0	0.3333333333333333	0.0	0.3333333333333333	0.3333333333333333	2.6666666666666665	71.3333333333334	72.00000000000006	1.9999999999999998	3.666666666666667	102.66666666666629	1317.9999999999795	594.333333333331	1378.9999999999657	1568.9999999999225	636.3333333333358	478.3333333333236	1095.0000000000302	650.6666666666707	924.3333333333685	939.0000000000368	248.00000000000267	163.3333333333336	156.66666666666674	13.666666666666673	1.6666666666666665	1.9999999999999998	1.0	1.3333333333333333	5.333333333333332	4.333333333333333	1.833333333333333	2.1666666666666665	7.9999999999999964	39.0	3.3333333333333335	0.3333333333333333	0.0	0.0	0.0	0.0	0.0	0.0	0.0	0.0	0.0	0.0	0.0	0.0	0.0	0.0	0.0	0.0	0.0	0.0	0.0	0.0	0.0	0.0	0.0	0.0	0.0	0.0	0.0	0.0	0.0
SRR6444354_2	0.0	0.0	0.0	0.0	0.0	0.0	0.0	0.0	0.0	0.0	0.0	0.0	0.0	0.0	0.0	0.0	0.0	0.0	0.0	0.0	0.0	0.0	0.0	0.0	0.0	0.0	0.0	0.0	0.0	0.0	0.0	0.3333333333333333	0.6666666666666666	0.0	0.0	0.3333333333333333	1.0	1.0	1.6666666666666665	2.6666666666666665	1.9999999999999998	3.0	16.333333333333343	89.33333333333314	126.66666666666595	671.0000000000064	335.99999999999835	1628.6666666665756	1072.3333333333687	444.99999999999216	216.3333333333351	261.33333333333593	571.9999999999951	1053.6666666667063	677.3333333333404	909.3333333333668	1048.000000000041	342.99999999999795	108.99999999999953	72.66666666666671	117.66666666666607	142.9999999999997	26.99999999999997	5.666666666666665	2.333333333333333	2.333333333333333	1.6666666666666665	6.333333333333331	4.0	1.6666666666666665	1.9999999999999998	7.666666666666663	33.66666666666663	5.666666666666665	0.3333333333333333	0.0	0.0	0.3333333333333333	0.0	0.0	0.0	0.0	0.0	0.0	0.0	0.0	0.0	0.0	0.0	0.0	0.0	0.0	0.0	0.3333333333333333	0.3333333333333333	0.0	0.0	0.0	0.0	0.0	0.0
SRR6444362_1	0.0	0.0	0.0	0.0	0.0	0.0	0.0	0.0	0.0	0.0	0.0	0.0	0.0	0.0	0.0	0.0	0.0	0.0	0.0	0.0	0.0	0.0	0.0	0.0	0.0	0.0	0.0	0.0	0.0	0.0	0.0	0.0	0.0	0.0	0.0	0.0	0.0	0.0	0.0	0.0	1.6666666666666665	45.666666666666714	45.33333333333338	1.3333333333333333	6.333333333333331	60.00000000000015	692.0000000000088	958.3333333333724	1827.9999999998636	1713.333333333223	471.9999999999906	848.3333333333599	1158.000000000016	751.3333333333488	802.0000000000213	407.99999999999426	126.33333333333262	171.33333333333383	162.00000000000023	12.000000000000004	2.333333333333333	7.9999999999999964	8.33333333333333	4.666666666666666	2.6666666666666665	0.3333333333333333	0.3333333333333333	1.6666666666666665	10.333333333333334	88.99999999999982	11.333333333333336	1.6666666666666665	0.3333333333333333	0.0	0.3333333333333333	0.6666666666666666	0.0	0.0	0.0	0.0	0.0	0.0	0.0	0.0	0.0	0.0	0.0	0.0	0.0	0.0	0.0	0.0	0.0	0.0	0.0	0.0	0.0	0.0	0.0	0.0	0.0
SRR6444362_2	0.0	0.0	0.0	0.0	0.0	0.0	0.0	0.0	0.0	0.0	0.0	0.0	0.0	0.0	0.0	0.0	0.0	0.0	0.0	0.0	0.0	0.0	0.0	0.0	0.0	0.0	0.0	0.0	0.0	0.0	0.0	0.0	0.3333333333333333	0.3333333333333333	0.3333333333333333	0.3333333333333333	0.3333333333333333	0.6666666666666666	1.3333333333333333	2.333333333333333	1.6666666666666665	4.0	11.000000000000002	50.00000000000008	18.000000000000004	37.99999999999999	211.33333333333496	2044.3333333331477	1994.9999999998256	556.66666666666	178.00000000000068	551.3333333333261	840.0000000000256	948.3333333333712	600.3333333333317	718.3333333333451	630.0000000000017	190.33333333333437	30.999999999999957	12.333333333333337	47.66666666666673	156.3333333333334	49.66666666666674	10.666666666666668	9.333333333333332	4.0	2.6666666666666665	3.0	4.0	3.3333333333333335	7.33333333333333	17.000000000000007	76.33333333333333	15.333333333333343	2.333333333333333	1.0	1.0	0.3333333333333333	0.0	0.0	0.3333333333333333	0.3333333333333333	0.3333333333333333	0.0	0.0	0.6666666666666666	0.6666666666666666	0.0	0.0	0.0	0.0	0.0	0.0	0.0	0.0	0.0	0.0	0.0	0.0	0.0	0.0
SRR6444365_1	0.0	0.0	0.0	0.0	0.0	0.0	0.0	0.0	0.0	0.0	0.0	0.0	0.0	0.0	0.0	0.0	0.0	0.0	0.0	0.0	0.0	0.0	0.0	0.0	0.0	0.0	0.0	0.0	0.0	0.0	0.0	0.0	0.0	0.0	0.0	0.0	0.0	0.0	0.0	0.0	0.3333333333333333	0.0	0.0	0.6666666666666666	2.333333333333333	8.999999999999998	178.66666666666737	3146.3333333336464	2650.6666666667543	836.6666666666919	194.33333333333448	769.0000000000175	645.0000000000034	204.33333333333476	533.9999999999908	659.000000000005	144.99999999999974	187.00000000000094	168.66666666666708	7.9999999999999964	4.0	10.0	8.666666666666664	2.6666666666666665	1.9999999999999998	0.6666666666666666	0.0	0.0	0.0	0.3333333333333333	0.0	0.0	0.0	0.0	0.0	0.0	0.0	0.0	0.0	0.3333333333333333	0.0	0.0	0.0	0.0	0.0	0.0	0.0	0.0	0.0	0.0	0.0	0.0	0.0	0.0	0.0	0.0	0.0	0.0	0.0	0.0	0.0
SRR6444365_2	0.0	0.0	0.0	0.0	0.0	0.0	0.0	0.0	0.0	0.0	0.0	0.0	0.0	0.0	0.0	0.0	0.0	0.0	0.0	0.0	0.0	0.0	0.0	0.0	0.0	0.0	0.0	0.0	0.3333333333333333	0.3333333333333333	0.0	0.3333333333333333	0.0	1.0	1.3333333333333333	0.6666666666666666	0.6666666666666666	1.6666666666666665	2.6666666666666665	2.6666666666666665	4.0	6.999999999999997	9.333333333333332	17.000000000000007	42.66666666666669	126.66666666666595	1015.6666666667122	1861.9999999998558	2222.6666666665596	1132.333333333355	228.0000000000021	246.00000000000261	672.3333333333399	582.9999999999964	316.99999999999943	396.9999999999949	588.6666666666637	521.9999999999894	62.3333333333335	27.666666666666636	116.33333333333276	147.6666666666665	31.999999999999954	8.666666666666664	9.333333333333332	3.0	1.0	1.3333333333333333	1.3333333333333333	0.3333333333333333	0.3333333333333333	0.3333333333333333	0.0	0.3333333333333333	0.0	0.3333333333333333	0.0	0.0	0.0	0.0	0.0	0.6666666666666666	0.6666666666666666	0.0	0.3333333333333333	0.6666666666666666	0.0	0.0	0.0	0.0	0.0	0.0	0.0	0.0	0.0	0.0	0.0	0.0	0.0	0.0	0.0
SRR6444370_1	0.0	0.0	0.0	0.0	0.0	0.0	0.0	0.0	0.0	0.0	0.0	0.0	0.0	0.0	0.0	0.0	0.0	0.0	0.0	0.0	0.0	0.0	0.0	0.0	0.0	0.3333333333333333	0.3333333333333333	0.3333333333333333	0.0	0.0	0.0	0.0	0.0	0.0	0.0	0.0	0.0	0.3333333333333333	0.3333333333333333	0.0	0.3333333333333333	0.3333333333333333	0.3333333333333333	11.000000000000002	31.66666666666662	126.33333333333262	1459.666666666614	1858.6666666665233	2828.0000000001683	1920.9999999998424	596.3333333333312	995.0000000000432	1024.666666666713	1346.3333333333064	1186.3333333333428	1218.6666666666688	653.6666666666711	1221.666666666668	1342.6666666666406	427.9999999999931	47.66666666666673	13.000000000000005	8.33333333333333	3.0	0.6666666666666666	1.3333333333333333	1.0	7.9999999999999964	37.66666666666666	292.33333333333417	54.33333333333344	6.666666666666664	1.6666666666666665	0.6666666666666666	0.0	0.0	0.0	0.0	0.0	0.0	0.0	0.0	0.0	0.0	0.0	0.0	0.0	0.0	0.0	0.0	0.0	0.0	0.0	0.0	0.0	0.0	0.0	0.0	0.0	0.0	0.0
SRR6444370_2	0.0	0.0	0.0	0.0	0.0	0.0	0.0	0.0	0.0	0.0	0.0	0.0	0.0	0.0	0.0	0.0	0.0	0.0	0.0	0.0	0.0	0.0	0.0	0.0	0.0	0.0	0.0	0.0	0.0	0.3333333333333333	1.3333333333333333	0.3333333333333333	0.0	1.0	2.6666666666666665	1.0	1.3333333333333333	1.9999999999999998	2.6666666666666665	2.333333333333333	2.6666666666666665	8.33333333333333	18.666666666666668	29.99999999999996	49.00000000000007	71.66666666666673	467.3333333333242	3434.3333333337773	2735.666666666793	780.6666666666855	252.00000000000279	655.3333333333379	723.0000000000123	951.0000000000382	1344.9999999999734	917.6666666667011	1206.6666666666715	668.6666666666728	93.66666666666642	74.66666666666669	961.3333333333727	1206.3333333333383	476.666666666657	136.33333333333283	39.66666666666667	13.666666666666673	9.333333333333332	7.33333333333333	8.666666666666664	10.333333333333334	15.666666666666677	54.00000000000011	255.66666666666956	51.000000000000085	18.333333333333336	5.666666666666665	1.3333333333333333	1.0	0.6666666666666666	0.3333333333333333	0.0	0.0	0.0	0.3333333333333333	0.0	0.0	0.0	0.0	0.0	0.0	0.0	0.0	0.0	0.0	0.0	0.0	0.0	0.0	0.0	0.0	0.0
SRR6444371_1	0.0	0.0	0.0	0.0	0.0	0.0	0.0	0.0	0.0	0.0	0.0	0.0	0.0	0.0	0.0	0.0	0.0	0.0	0.0	0.0	0.0	0.0	0.0	0.3333333333333333	0.3333333333333333	0.3333333333333333	0.0	0.0	0.0	0.0	0.0	0.0	0.0	0.0	0.0	0.0	0.0	0.0	0.0	0.0	1.6666666666666665	47.33333333333339	50.333333333333414	3.666666666666667	5.333333333333332	65.66666666666681	1050.0000000000405	1002.3333333333774	1276.9999999999889	1902.9999999998465	1396.6666666666283	1307.9999999999818	1148.6666666666847	585.9999999999967	812.3333333333558	402.66666666666123	150.33333333333323	521.666666666656	544.6666666666587	21.666666666666657	6.333333333333331	1.0	0.3333333333333333	1.0	0.6666666666666666	0.6666666666666666	0.3333333333333333	1.0	7.33333333333333	41.000000000000014	5.333333333333332	0.0	0.0	0.3333333333333333	0.0	0.0	0.0	0.0	0.0	0.0	0.0	0.0	0.0	0.0	0.0	0.0	0.0	0.0	0.0	0.0	0.0	0.0	0.0	0.0	0.0	0.0	0.0	0.0	0.0	0.0	0.0
SRR6444371_2	0.0	0.0	0.0	0.0	0.0	0.0	0.0	0.0	0.0	0.0	0.0	0.0	0.0	0.0	0.0	0.0	0.0	0.0	0.0	0.0	0.0	0.0	0.0	0.0	0.0	0.0	0.0	0.0	0.0	0.0	0.0	0.0	0.3333333333333333	0.6666666666666666	0.3333333333333333	0.3333333333333333	0.0	0.3333333333333333	0.6666666666666666	0.6666666666666666	1.3333333333333333	2.6666666666666665	9.666666666666666	56.66666666666679	24.666666666666647	29.66666666666663	247.66666666666933	1477.3333333332766	1777.999999999875	1758.666666666546	419.66666666666026	721.3333333333454	1106.6666666666943	1020.6666666667128	665.333333333339	764.0000000000169	558.9999999999936	267.3333333333356	84.99999999999987	17.66666666666667	300.0000000000004	510.3333333333218	87.6666666666665	11.66666666666667	5.999999999999998	2.333333333333333	2.333333333333333	2.6666666666666665	0.0	1.0	1.9999999999999998	8.33333333333333	36.66666666666665	4.666666666666666	1.0	1.3333333333333333	0.0	0.0	0.0	0.0	0.0	0.0	0.3333333333333333	0.0	0.0	0.0	0.0	0.0	0.0	0.0	0.0	0.0	0.0	0.0	0.0	0.3333333333333333	0.0	0.0	0.0	0.0	0.0
SRR6444374_1	0.0	0.0	0.0	0.0	0.0	0.0	0.0	0.0	0.0	0.0	0.0	0.0	0.0	0.0	0.0	0.0	0.0	0.0	0.0	0.0	0.0	0.0	0.6666666666666666	0.3333333333333333	0.3333333333333333	0.3333333333333333	0.0	0.0	0.0	0.3333333333333333	0.3333333333333333	0.0	0.0	0.0	0.0	0.0	0.3333333333333333	0.0	0.0	0.3333333333333333	1.3333333333333333	38.33333333333333	39.66666666666667	4.0	9.333333333333332	273.33333333333525	2023.3333333331525	1121.6666666666908	1340.3333333333078	1003.0000000000441	825.0000000000239	2012.6666666664883	2928.0000000002137	1339.9999999999745	1700.6666666665592	784.0000000000192	212.66666666666833	723.3333333333456	741.3333333333477	87.33333333333317	9.666666666666666	3.0	0.6666666666666666	1.6666666666666665	8.999999999999998	14.333333333333341	6.999999999999997	1.0	10.0	71.00000000000007	8.666666666666664	1.0	0.3333333333333333	0.0	0.0	0.0	0.0	0.0	0.0	0.0	0.0	0.0	0.0	0.0	0.0	0.0	0.0	0.0	0.0	0.0	0.0	0.0	0.0	0.0	0.0	0.0	0.0	0.0	0.0	0.0	0.0
SRR6444374_2	0.0	0.0	0.0	0.0	0.0	0.0	0.0	0.0	0.0	0.0	0.0	0.0	0.0	0.0	0.0	0.0	0.0	0.0	0.0	0.0	0.0	0.0	0.0	0.0	0.0	0.0	0.0	0.0	0.0	0.0	0.0	0.0	0.0	0.0	0.0	0.3333333333333333	1.0	1.3333333333333333	0.6666666666666666	1.3333333333333333	2.6666666666666665	3.3333333333333335	8.999999999999998	45.00000000000004	22.33333333333332	52.00000000000009	621.333333333334	2313.3333333332675	1562.3333333332573	1026.000000000046	279.3333333333349	925.666666666702	1773.9999999998759	2918.3333333335427	1384.9999999999643	1235.9999999999982	790.0000000000199	388.3333333333287	70.33333333333341	23.66666666666665	199.00000000000128	704.3333333333435	234.66666666666896	41.33333333333335	14.666666666666675	7.666666666666663	8.33333333333333	13.666666666666673	6.666666666666664	1.3333333333333333	1.9999999999999998	15.333333333333343	68.33333333333344	11.000000000000002	1.6666666666666665	0.0	0.0	0.3333333333333333	0.6666666666666666	0.3333333333333333	0.0	0.3333333333333333	0.0	0.0	0.0	0.0	0.0	0.0	0.0	0.0	0.0	0.0	0.0	0.0	0.0	0.0	0.0	0.0	0.0	0.0	0.0
SRR6444379_1	0.0	0.0	0.0	0.0	0.0	0.0	0.0	0.0	0.0	0.0	0.0	0.0	0.0	0.0	0.0	0.0	0.0	0.0	0.0	0.0	0.0	0.0	0.0	0.0	0.3333333333333333	0.3333333333333333	0.3333333333333333	0.0	0.0	0.0	0.0	0.0	0.0	0.0	0.0	0.0	0.0	0.0	0.0	0.0	0.0	17.33333333333334	17.66666666666667	2.6666666666666665	4.999999999999999	105.66666666666625	1320.6666666666456	523.6666666666563	1514.9999999999347	1829.6666666665299	1084.0000000000327	766.3333333333505	1215.000000000003	1072.3333333333687	1612.333333333246	1721.3333333332212	727.6666666666795	1147.666666666685	1149.000000000018	351.3333333333308	44.66666666666671	7.666666666666663	1.3333333333333333	0.6666666666666666	2.6666666666666665	3.3333333333333335	6.333333333333331	19.333333333333332	94.99999999999973	630.6666666666684	60.00000000000015	5.333333333333332	2.333333333333333	0.3333333333333333	0.3333333333333333	0.3333333333333333	0.0	0.0	0.0	0.0	0.0	0.0	0.0	0.0	0.0	0.0	0.0	0.0	0.0	0.0	0.0	0.0	0.0	0.0	0.0	0.0	0.0	0.0	0.0	0.0	0.0
SRR6444379_2	0.0	0.0	0.0	0.0	0.0	0.0	0.0	0.0	0.0	0.0	0.0	0.0	0.0	0.0	0.0	0.0	0.0	0.0	0.0	0.0	0.0	0.0	0.0	0.0	0.0	0.0	0.0	0.0	0.0	0.3333333333333333	0.3333333333333333	0.3333333333333333	0.6666666666666666	1.0	1.6666666666666665	1.6666666666666665	0.6666666666666666	1.6666666666666665	1.3333333333333333	1.9999999999999998	2.6666666666666665	4.0	6.999999999999997	27.333333333333304	39.0	218.6666666666685	352.9999999999974	2140.333333333189	1340.9999999999743	559.333333333327	304.3333333333335	543.9999999999919	781.0000000000189	1219.6666666666686	1112.666666666693	1517.999999999934	1623.6666666665767	907.0000000000332	223.3333333333353	129.99999999999932	508.6666666666552	1072.3333333333687	503.3333333333222	116.99999999999942	22.33333333333332	12.000000000000004	9.666666666666666	11.333333333333336	7.666666666666663	15.333333333333343	32.66666666666662	123.66666666666599	570.6666666666616	86.66666666666652	9.333333333333332	3.3333333333333335	1.0	1.6666666666666665	1.0	0.3333333333333333	0.3333333333333333	0.0	0.0	0.0	0.3333333333333333	0.0	0.0	0.0	0.0	0.0	0.0	0.0	0.0	0.0	0.0	0.0	0.0	0.0	0.0	0.0	0.0
SRR6444381_1	0.0	0.0	0.0	0.0	0.0	0.0	0.0	0.0	0.0	0.0	0.0	0.0	0.0	0.0	0.0	0.0	0.0	0.0	0.0	0.0	0.0	0.0	0.0	0.0	0.0	0.0	0.0	0.0	0.0	0.0	0.0	0.0	0.0	0.0	0.0	0.0	0.0	0.0	0.0	0.3333333333333333	0.6666666666666666	13.000000000000005	14.000000000000007	2.333333333333333	6.999999999999997	82.9999999999999	1047.6666666667077	567.3333333333279	616.3333333333335	408.9999999999942	526.99999999999	1204.3333333333387	1273.9999999999895	1189.0000000000089	1065.3333333333703	436.6666666666593	517.3333333333222	514.6666666666553	68.66666666666677	2.333333333333333	2.6666666666666665	1.0	1.3333333333333333	0.3333333333333333	1.0	2.333333333333333	1.9999999999999998	5.666666666666665	33.66666666666663	214.6666666666684	22.999999999999986	2.6666666666666665	1.6666666666666665	0.6666666666666666	0.3333333333333333	0.0	0.0	0.0	0.0	0.0	0.0	0.0	0.0	0.0	0.0	0.0	0.0	0.0	0.0	0.0	0.0	0.0	0.0	0.0	0.0	0.0	0.0	0.0	0.0	0.0	0.0
SRR6444381_2	0.0	0.0	0.0	0.0	0.0	0.0	0.0	0.0	0.0	0.0	0.0	0.0	0.0	0.0	0.0	0.0	0.0	0.0	0.0	0.0	0.0	0.0	0.0	0.0	0.0	0.0	0.0	0.0	0.0	0.0	0.0	0.0	0.0	0.0	0.3333333333333333	0.3333333333333333	0.3333333333333333	0.6666666666666666	2.333333333333333	2.333333333333333	1.0	2.6666666666666665	7.9999999999999964	25.666666666666643	66.00000000000014	127.99999999999926	281.3333333333348	1149.6666666666845	532.3333333333239	542.3333333333251	466.3333333333243	550.6666666666594	1082.6666666666997	1123.0000000000239	1064.3333333333705	917.0000000000343	642.3333333333364	181.3333333333341	137.99999999999955	404.6666666666611	129.33333333333263	65.33333333333348	13.33333333333334	4.999999999999999	2.6666666666666665	1.9999999999999998	4.0	5.999999999999998	5.666666666666665	9.666666666666666	16.00000000000001	55.000000000000114	178.66666666666737	38.666666666666664	3.666666666666667	1.3333333333333333	0.6666666666666666	0.3333333333333333	0.0	0.0	0.0	0.0	0.0	0.0	0.0	0.0	0.0	0.0	0.0	0.6666666666666666	0.3333333333333333	0.0	0.0	0.0	0.0	0.0	0.0	0.0	0.0	0.0	0.0
SRR6444384_1	0.0	0.0	0.0	0.0	0.0	0.0	0.0	0.0	0.0	0.0	0.0	0.0	0.0	0.0	0.0	0.0	0.0	0.0	0.0	0.0	0.0	0.0	0.0	0.0	0.0	0.0	0.0	0.0	0.0	0.0	0.0	0.0	0.0	0.0	0.0	0.0	0.0	0.0	0.0	0.0	0.6666666666666666	0.6666666666666666	2.333333333333333	3.0	10.0	190.33333333333437	2942.00000000022	2151.6666666665274	1797.3333333332039	1171.000000000013	686.3333333333414	868.0000000000288	702.3333333333433	823.6666666666904	1407.6666666666258	1043.3333333333753	201.33333333333468	76.66666666666666	75.33333333333334	19.999999999999996	2.6666666666666665	1.6666666666666665	1.6666666666666665	0.3333333333333333	0.3333333333333333	0.0	0.3333333333333333	0.6666666666666666	9.666666666666666	56.66666666666679	8.999999999999998	0.6666666666666666	0.0	0.0	0.0	0.0	0.0	0.0	0.0	0.0	0.0	0.0	0.0	0.0	0.0	0.0	0.0	0.0	0.0	0.0	0.0	0.0	0.0	0.0	0.0	0.0	0.0	0.0	0.0	0.0	0.0
SRR6444384_2	0.0	0.0	0.0	0.0	0.0	0.0	0.0	0.0	0.0	0.0	0.0	0.0	0.0	0.0	0.0	0.0	0.0	0.0	0.0	0.0	0.0	0.0	0.0	0.0	0.0	0.0	0.0	0.0	0.0	0.0	0.6666666666666666	1.0	0.6666666666666666	0.3333333333333333	1.0	1.3333333333333333	1.3333333333333333	1.6666666666666665	3.666666666666667	4.0	2.6666666666666665	3.666666666666667	5.999999999999998	10.666666666666668	18.666666666666668	62.00000000000016	518.6666666666557	4232.333333333954	1933.9999999998395	913.6666666667006	177.333333333334	735.6666666666804	1261.666666666659	613.3333333333331	1045.0000000000416	969.666666666707	798.3333333333542	395.6666666666616	74.66666666666669	14.000000000000007	58.000000000000135	70.00000000000009	23.66666666666665	4.333333333333333	2.333333333333333	1.0	0.0	1.0	1.6666666666666665	1.9999999999999998	1.9999999999999998	10.333333333333334	52.666666666666764	10.333333333333334	1.3333333333333333	0.0	0.0	0.0	0.0	0.0	0.0	0.0	0.0	0.0	0.0	0.0	0.0	0.0	0.0	0.0	0.0	0.0	0.0	0.0	0.3333333333333333	0.0	0.0	0.0	0.0	0.0	0.0
SRR6444390_1	0.0	0.0	0.0	0.0	0.0	0.0	0.0	0.0	0.0	0.0	0.0	0.0	0.0	0.0	0.0	0.0	0.0	0.0	0.0	0.0	0.0	0.0	0.0	0.3333333333333333	0.6666666666666666	0.3333333333333333	0.0	0.0	0.0	0.0	0.3333333333333333	0.0	0.0	0.3333333333333333	0.0	0.0	0.0	0.0	0.0	1.0	5.666666666666665	189.66666666666768	194.33333333333448	4.999999999999999	6.999999999999997	97.33333333333303	2018.9999999998201	1865.6666666665217	2977.666666666903	3177.000000000327	859.6666666666945	1254.9999999999939	1628.9999999999088	605.999999999999	918.3333333333678	307.0	105.66666666666625	52.666666666666764	3.0	0.0	0.6666666666666666	1.9999999999999998	1.6666666666666665	1.0	0.0	0.0	0.0	0.0	0.0	0.0	0.0	0.0	0.0	0.0	0.0	0.0	0.0	0.0	0.0	0.0	0.0	0.0	0.0	0.0	0.0	0.0	0.0	0.0	0.0	0.0	0.0	0.0	0.0	0.0	0.0	0.0	0.0	0.0	0.0	0.0	0.0
SRR6444390_2	0.0	0.0	0.0	0.0	0.0	0.0	0.0	0.0	0.0	0.0	0.0	0.0	0.0	0.0	0.0	0.0	0.0	0.0	0.0	0.0	0.0	0.0	0.0	0.0	0.0	0.0	0.0	0.3333333333333333	0.3333333333333333	0.0	0.3333333333333333	0.0	0.0	0.3333333333333333	0.3333333333333333	0.3333333333333333	0.3333333333333333	0.3333333333333333	0.6666666666666666	3.3333333333333335	4.999999999999999	5.999999999999998	33.33333333333329	204.6666666666681	61.000000000000156	46.66666666666672	364.9999999999967	4018.6666666673764	3616.0000000005266	958.3333333333724	199.66666666666796	214.0000000000017	822.6666666666903	1433.3333333332866	1156.6666666666829	1231.3333333333326	701.0000000000098	159.00000000000014	70.33333333333341	10.333333333333334	3.0	1.3333333333333333	2.333333333333333	2.6666666666666665	2.6666666666666665	0.6666666666666666	0.3333333333333333	0.3333333333333333	0.3333333333333333	0.0	0.0	0.0	0.3333333333333333	0.3333333333333333	0.0	0.0	0.0	0.0	0.0	0.0	0.0	0.0	0.0	0.0	0.0	0.0	0.3333333333333333	0.3333333333333333	0.0	0.0	0.0	0.0	0.0	0.0	0.3333333333333333	0.3333333333333333	0.0	0.0	0.0	0.0	0.0
SRR6444392_1	0.0	0.0	0.0	0.0	0.0	0.0	0.0	0.0	0.0	0.0	0.0	0.0	0.0	0.0	0.0	0.0	0.0	0.0	0.0	0.0	0.0	0.0	0.0	0.0	0.0	0.0	0.0	0.0	0.0	0.0	0.0	0.0	0.0	0.0	0.6666666666666666	0.6666666666666666	0.0	0.0	0.0	1.0	1.6666666666666665	57.333333333333464	60.00000000000015	5.666666666666665	14.666666666666675	167.66666666666706	2114.333333333177	2256.9999999999086	1839.3333333331943	1116.3333333333587	662.0000000000053	1690.9999999998947	1837.3333333331948	760.6666666666832	1519.9999999999336	577.333333333329	292.33333333333417	179.6666666666674	173.00000000000054	23.999999999999982	3.666666666666667	0.0	0.3333333333333333	0.0	1.0	1.6666666666666665	0.3333333333333333	0.0	1.6666666666666665	11.000000000000002	0.6666666666666666	0.0	0.0	0.0	0.0	0.0	0.0	0.0	0.0	0.0	0.0	0.0	0.0	0.0	0.0	0.0	0.0	0.0	0.0	0.0	0.0	0.0	0.0	0.0	0.0	0.0	0.0	0.0	0.0	0.0	0.0
SRR6444392_2	0.0	0.0	0.0	0.0	0.0	0.0	0.0	0.0	0.0	0.0	0.0	0.0	0.0	0.0	0.0	0.0	0.0	0.0	0.0	0.0	0.0	0.0	0.0	0.0	0.0	0.0	0.0	0.0	0.0	0.0	0.0	0.0	0.0	0.3333333333333333	1.0	0.3333333333333333	1.6666666666666665	1.9999999999999998	1.6666666666666665	1.3333333333333333	2.6666666666666665	4.0	17.66666666666667	76.0	75.00000000000001	339.9999999999981	841.3333333333591	3475.6666666671294	1891.6666666665158	477.33333333332365	222.33333333333528	589.6666666666638	1278.6666666666551	1842.9999999998602	1225.6666666666672	1336.666666666642	907.3333333333666	437.99999999999255	177.66666666666734	21.99999999999999	61.33333333333349	167.3333333333337	58.666666666666806	12.000000000000004	3.666666666666667	1.3333333333333333	1.3333333333333333	2.333333333333333	0.0	0.3333333333333333	0.6666666666666666	2.6666666666666665	9.333333333333332	1.3333333333333333	0.0	0.0	0.0	0.0	0.0	0.0	0.0	0.0	0.6666666666666666	0.3333333333333333	0.0	0.0	0.0	0.3333333333333333	0.0	0.0	0.0	0.0	0.3333333333333333	0.0	0.0	0.0	0.0	0.0	0.0	0.0	0.0
SRR6444395_1	0.0	0.0	0.0	0.0	0.0	0.0	0.0	0.0	0.0	0.0	0.0	0.0	0.0	0.0	0.0	0.0	0.0	0.0	0.0	0.0	0.0	0.0	0.3333333333333333	0.0	0.6666666666666666	1.6666666666666665	0.3333333333333333	0.0	0.3333333333333333	0.3333333333333333	0.0	0.0	0.0	0.0	0.0	0.0	0.0	0.0	0.3333333333333333	1.9999999999999998	4.0	90.33333333333313	98.99999999999967	4.333333333333333	8.999999999999998	122.33333333333267	1630.3333333332419	1334.6666666666424	4213.6666666673045	4906.000000000008	2104.666666666506	1359.3333333333035	1981.333333333162	1001.6666666667106	1153.3333333333503	976.000000000041	279.3333333333349	611.9999999999997	654.0000000000044	310.33333333333314	44.000000000000036	4.0	0.6666666666666666	1.0	1.6666666666666665	1.6666666666666665	1.0	3.3333333333333335	19.0	137.6666666666662	18.333333333333336	1.0	0.0	0.0	0.0	0.0	0.0	0.0	0.0	0.0	0.0	0.0	0.0	0.0	0.0	0.0	0.0	0.0	0.0	0.0	0.0	0.0	0.0	0.0	0.0	0.0	0.0	0.0	0.0	0.0	0.0
SRR6444395_2	0.0	0.0	0.0	0.0	0.0	0.0	0.0	0.0	0.0	0.0	0.0	0.0	0.0	0.0	0.0	0.0	0.0	0.0	0.0	0.0	0.0	0.0	0.0	0.0	0.0	0.0	0.3333333333333333	0.3333333333333333	0.0	0.0	0.0	0.0	0.6666666666666666	1.0	1.3333333333333333	0.6666666666666666	0.6666666666666666	1.0	1.6666666666666665	4.666666666666666	5.333333333333332	4.666666666666666	19.666666666666664	109.66666666666619	73.00000000000004	303.0000000000002	694.000000000009	4730.333333333501	2862.6666666668507	1228.0	507.33333333332195	840.333333333359	1623.6666666665767	2090.6666666664996	974.6666666667076	1155.0000000000166	1142.666666666686	383.6666666666623	156.66666666666674	110.33333333333285	316.6666666666661	623.0000000000009	370.33333333332973	93.66666666666642	11.333333333333336	4.999999999999999	3.0	5.999999999999998	3.666666666666667	4.0	5.999999999999998	32.333333333333286	124.66666666666598	21.666666666666657	1.3333333333333333	0.6666666666666666	0.0	0.0	0.3333333333333333	0.3333333333333333	0.0	0.0	0.0	0.0	0.0	0.0	0.0	0.0	0.0	0.3333333333333333	0.3333333333333333	0.0	0.0	0.0	0.0	0.0	0.0	0.0	0.0	0.0	0.0
SRR6444396_1	0.0	0.0	0.0	0.0	0.0	0.0	0.0	0.0	0.0	0.0	0.0	0.0	0.0	0.0	0.0	0.0	0.0	0.0	0.0	0.0	0.0	0.0	0.0	0.0	0.0	0.0	0.3333333333333333	0.0	0.0	0.0	0.0	0.0	0.0	0.0	0.3333333333333333	0.3333333333333333	0.3333333333333333	1.6666666666666665	1.0	1.0	1.3333333333333333	72.66666666666671	77.66666666666664	1.9999999999999998	7.33333333333333	77.66666666666664	933.6666666667029	882.6666666666971	1214.6666666666697	735.6666666666804	644.3333333333367	1443.3333333332844	1265.3333333333248	1124.6666666666902	1542.9999999999284	560.9999999999939	235.666666666669	127.3333333333326	75.66666666666667	12.000000000000004	8.33333333333333	5.999999999999998	1.9999999999999998	1.3333333333333333	1.9999999999999998	4.999999999999999	1.0	0.6666666666666666	0.3333333333333333	15.333333333333343	1.3333333333333333	0.0	0.0	0.0	0.0	0.0	0.0	0.0	0.0	0.0	0.0	0.0	0.0	0.0	0.0	0.0	0.0	0.0	0.0	0.0	0.0	0.0	0.0	0.0	0.0	0.0	0.0	0.0	0.0	0.0	0.0
SRR6444396_2	0.0	0.0	0.0	0.0	0.0	0.0	0.0	0.0	0.0	0.0	0.0	0.0	0.0	0.0	0.0	0.0	0.0	0.0	0.0	0.0	0.0	0.0	0.0	0.0	0.0	0.0	0.0	0.0	0.0	0.0	0.0	0.0	0.3333333333333333	0.3333333333333333	0.0	0.3333333333333333	0.3333333333333333	1.0	1.3333333333333333	2.333333333333333	2.6666666666666665	4.0	12.000000000000004	80.6666666666666	26.66666666666664	41.000000000000014	503.9999999999888	1484.6666666666083	985.3333333333754	387.9999999999954	251.66666666666944	723.0000000000123	1240.3333333333305	1209.0000000000043	871.3333333333625	861.000000000028	1183.0000000000102	440.9999999999924	72.33333333333339	19.999999999999996	37.33333333333332	70.33333333333341	27.333333333333304	5.666666666666665	2.6666666666666665	0.6666666666666666	2.333333333333333	4.333333333333333	3.666666666666667	0.6666666666666666	0.6666666666666666	2.6666666666666665	13.666666666666673	1.3333333333333333	0.0	0.0	0.0	0.0	0.3333333333333333	0.3333333333333333	0.0	0.0	0.0	0.0	0.0	0.0	0.0	0.0	0.0	0.0	0.0	0.0	0.0	0.0	0.0	0.0	0.0	0.0	0.3333333333333333	0.0	0.0
SRR6444414_1	0.0	0.0	0.0	0.0	0.0	0.0	0.0	0.0	0.0	0.0	0.0	0.0	0.0	0.0	0.0	0.0	0.0	0.0	0.0	0.0	0.0	0.0	0.0	0.0	0.0	0.0	0.0	0.0	0.0	0.0	0.0	0.0	0.0	0.0	0.3333333333333333	0.3333333333333333	0.0	0.0	0.0	0.3333333333333333	0.0	0.3333333333333333	0.3333333333333333	0.3333333333333333	3.0	81.33333333333326	815.6666666666895	684.0000000000078	939.3333333333702	134.66666666666612	143.33333333333303	514.6666666666553	854.3333333333605	390.6666666666619	443.3333333333256	190.6666666666677	27.999999999999968	218.00000000000182	218.00000000000182	1.6666666666666665	1.6666666666666665	0.0	1.0	3.0	0.3333333333333333	0.6666666666666666	0.3333333333333333	0.3333333333333333	1.0	1.3333333333333333	1.3333333333333333	0.6666666666666666	0.0	0.0	0.0	0.0	0.0	0.0	0.0	0.0	0.0	0.0	0.0	0.0	0.0	0.0	0.0	0.0	0.0	0.0	0.0	0.0	0.0	0.0	0.0	0.0	0.0	0.0	0.0	0.0	0.0
SRR6444414_2	0.0	0.0	0.0	0.0	0.0	0.0	0.0	0.0	0.0	0.0	0.0	0.0	0.0	0.0	0.0	0.0	0.0	0.0	0.0	0.0	0.0	0.0	0.0	0.0	0.0	0.0	0.0	0.0	0.0	0.0	0.0	0.0	0.0	0.0	0.0	0.0	0.0	0.6666666666666666	0.6666666666666666	0.0	0.6666666666666666	1.3333333333333333	2.333333333333333	2.6666666666666665	6.333333333333331	21.666666666666657	157.66666666666677	1099.0000000000293	1046.666666666708	164.66666666666697	62.3333333333335	192.00000000000108	438.33333333332587	732.66666666668	474.99999999999045	432.6666666666595	276.00000000000176	33.66666666666663	8.999999999999998	10.666666666666668	168.0000000000004	201.33333333333468	20.66666666666666	3.666666666666667	3.3333333333333335	2.6666666666666665	1.3333333333333333	0.6666666666666666	0.0	0.0	0.3333333333333333	1.6666666666666665	1.9999999999999998	0.3333333333333333	0.0	0.0	0.0	0.0	0.0	0.0	0.0	0.0	0.0	0.0	0.0	0.0	0.0	0.0	0.0	0.0	0.0	0.0	0.0	0.0	0.0	0.0	0.0	0.0	0.0	0.0	0.0
SRR6444421_1	0.0	0.0	0.0	0.0	0.0	0.0	0.0	0.0	0.0	0.0	0.0	0.0	0.0	0.0	0.0	0.0	0.0	0.0	0.0	0.0	0.0	0.0	0.3333333333333333	1.3333333333333333	1.6666666666666665	0.3333333333333333	0.0	0.3333333333333333	1.0	0.3333333333333333	0.3333333333333333	0.0	0.0	0.0	1.0	0.3333333333333333	0.0	0.0	0.6666666666666666	0.6666666666666666	1.0	0.6666666666666666	1.3333333333333333	1.9999999999999998	2.6666666666666665	5.666666666666665	52.666666666666764	3187.6666666669985	5747.666666665909	2925.333333333546	398.66666666666146	1872.9999999998533	1604.666666666581	1553.6666666665926	1147.666666666685	574.6666666666621	536.3333333333244	89.66666666666647	27.333333333333304	3.0	1.6666666666666665	0.6666666666666666	0.6666666666666666	0.0	0.3333333333333333	0.0	0.0	0.0	0.0	1.3333333333333333	0.0	0.0	0.0	0.0	0.0	0.0	0.0	0.0	0.0	0.0	0.0	0.0	0.0	0.0	0.0	0.0	0.0	0.0	0.0	0.0	0.0	0.0	0.0	0.0	0.0	0.0	0.0	0.0	0.0	0.0	0.0
SRR6444421_2	0.0	0.0	0.0	0.0	0.0	0.0	0.0	0.0	0.0	0.0	0.0	0.0	0.0	0.0	0.0	0.0	0.0	0.0	0.0	0.0	0.0	0.0	0.0	0.0	0.0	0.0	0.0	0.0	0.0	0.0	0.3333333333333333	0.6666666666666666	1.6666666666666665	1.3333333333333333	0.3333333333333333	0.6666666666666666	0.3333333333333333	1.3333333333333333	2.6666666666666665	4.0	5.999999999999998	5.666666666666665	5.333333333333332	12.000000000000004	30.999999999999957	75.33333333333334	288.6666666666677	2955.3333333335595	5496.666666666138	963.6666666667063	293.6666666666674	518.6666666666557	1642.6666666665724	1843.6666666665267	1096.00000000003	1131.3333333333553	646.6666666666703	326.66666666666555	261.33333333333593	243.66666666666922	41.33333333333335	29.66666666666663	8.999999999999998	2.333333333333333	2.333333333333333	1.9999999999999998	0.6666666666666666	0.0	0.0	0.0	0.3333333333333333	0.0	1.0	0.0	0.0	1.3333333333333333	1.0	0.0	0.0	0.0	0.0	0.0	0.0	0.0	0.3333333333333333	0.3333333333333333	0.3333333333333333	0.6666666666666666	0.3333333333333333	0.0	0.0	0.0	0.0	0.0	0.0	0.0	0.0	0.0	0.0	0.0	0.5
SRR6444428_1	0.0	0.0	0.0	0.0	0.0	0.0	0.0	0.0	0.0	0.0	0.0	0.0	0.0	0.0	0.0	0.0	0.0	0.0	0.0	0.0	0.0	0.3333333333333333	0.3333333333333333	0.0	0.0	0.0	0.0	0.0	0.0	0.3333333333333333	0.0	0.0	0.0	0.0	0.0	0.0	0.0	0.0	1.0	1.6666666666666665	5.999999999999998	181.3333333333341	193.33333333333445	6.666666666666664	8.999999999999998	129.99999999999932	1891.6666666665158	2755.666666666802	3139.6666666669767	2152.9999999998613	599.3333333333316	1576.3333333332541	2614.3333333334044	1701.9999999998922	1072.0000000000355	795.0000000000205	254.33333333333618	431.6666666666596	444.3333333333255	87.99999999999983	13.33333333333334	4.333333333333333	1.9999999999999998	0.6666666666666666	0.6666666666666666	1.3333333333333333	1.9999999999999998	3.666666666666667	21.333333333333325	180.00000000000074	24.333333333333314	1.9999999999999998	0.6666666666666666	0.3333333333333333	0.3333333333333333	0.0	0.0	0.0	0.0	0.0	0.0	0.0	0.0	0.0	0.0	0.0	0.0	0.0	0.0	0.0	0.0	0.0	0.0	0.0	0.0	0.0	0.0	0.0	0.0	0.0	0.0
SRR6444428_2	0.0	0.0	0.0	0.0	0.0	0.0	0.0	0.0	0.0	0.0	0.0	0.0	0.0	0.0	0.0	0.0	0.0	0.0	0.0	0.0	0.0	0.0	0.0	0.0	0.0	0.0	0.0	0.0	0.0	0.0	0.0	0.3333333333333333	0.6666666666666666	1.9999999999999998	0.6666666666666666	1.9999999999999998	1.0	1.0	1.6666666666666665	3.3333333333333335	3.0	5.999999999999998	27.666666666666636	201.66666666666802	64.3333333333335	58.666666666666806	437.99999999999255	4149.666666667363	3946.0000000006767	1188.3333333333424	284.0000000000013	832.6666666666914	1951.3333333331689	2278.3333333332516	1152.0000000000173	925.666666666702	753.6666666666824	344.99999999999784	56.00000000000012	19.0	130.99999999999935	422.3333333333268	164.00000000000028	35.33333333333331	9.333333333333332	4.0	3.3333333333333335	4.0	5.333333333333332	4.999999999999999	9.333333333333332	30.999999999999957	166.66666666666703	19.333333333333332	1.6666666666666665	0.0	0.0	0.6666666666666666	0.3333333333333333	0.0	0.0	0.0	0.0	0.0	0.0	0.0	0.0	0.0	0.0	0.0	0.0	0.0	0.0	0.0	0.0	0.0	0.0	0.0	0.0	0.0	0.0
SRR6444431_1	0.0	0.0	0.0	0.0	0.0	0.0	0.0	0.0	0.0	0.0	0.0	0.0	0.0	0.0	0.0	0.0	0.0	0.0	0.0	0.0	0.0	0.0	0.0	0.0	0.0	0.0	0.0	0.3333333333333333	0.3333333333333333	0.0	0.3333333333333333	0.3333333333333333	0.0	0.0	0.0	0.0	0.3333333333333333	0.3333333333333333	0.3333333333333333	0.0	0.0	0.3333333333333333	1.0	1.9999999999999998	11.000000000000002	188.3333333333343	2231.999999999897	1616.6666666665783	1515.9999999999345	208.00000000000153	248.66666666666936	854.0000000000272	1017.3333333333791	505.9999999999887	894.0000000000317	261.33333333333593	25.666666666666643	58.666666666666806	56.66666666666679	2.333333333333333	0.6666666666666666	8.666666666666664	10.333333333333334	0.6666666666666666	0.3333333333333333	0.6666666666666666	0.0	0.3333333333333333	0.6666666666666666	0.6666666666666666	0.0	0.0	0.0	0.0	0.0	0.0	0.0	0.0	0.0	0.0	0.0	0.0	0.0	0.0	0.0	0.0	0.0	0.0	0.0	0.0	0.0	0.0	0.0	0.0	0.0	0.0	0.0	0.0	0.0	0.0	0.0
SRR6444431_2	0.0	0.0	0.0	0.0	0.0	0.0	0.0	0.0	0.0	0.0	0.0	0.0	0.0	0.0	0.0	0.0	0.0	0.0	0.0	0.0	0.0	0.0	0.0	0.0	0.0	0.0	0.0	0.0	0.0	0.0	0.0	0.0	0.0	0.0	0.0	0.3333333333333333	0.6666666666666666	1.0	1.9999999999999998	1.9999999999999998	2.333333333333333	3.0	6.999999999999997	8.666666666666664	17.66666666666667	68.66666666666677	468.9999999999908	2961.333333333562	1822.3333333331982	296.0000000000006	134.33333333333277	293.6666666666674	763.0000000000168	814.0000000000226	487.3333333333231	937.0000000000366	555.6666666666599	47.66666666666673	10.666666666666668	7.33333333333333	45.666666666666714	54.66666666666678	15.000000000000009	4.999999999999999	2.6666666666666665	1.0	0.6666666666666666	1.6666666666666665	1.0	0.0	0.3333333333333333	1.0	0.3333333333333333	0.3333333333333333	0.3333333333333333	0.3333333333333333	0.0	0.0	0.0	0.0	0.0	0.0	0.0	0.0	0.0	0.0	0.0	0.0	0.0	0.0	0.0	0.0	0.0	0.0	0.0	0.0	0.0	0.0	0.0	0.0	0.0
SRR6444433_1	0.0	0.0	0.0	0.0	0.0	0.0	0.0	0.0	0.0	0.0	0.0	0.0	0.0	0.0	0.0	0.0	0.0	0.0	0.0	0.0	0.0	0.0	1.0	0.3333333333333333	0.0	0.0	0.0	0.0	0.3333333333333333	0.0	0.0	0.0	0.3333333333333333	0.3333333333333333	0.0	0.0	0.0	0.6666666666666666	1.0	0.3333333333333333	0.6666666666666666	6.333333333333331	7.666666666666663	3.0	14.000000000000007	223.3333333333353	3343.333333333736	1210.3333333333374	1109.3333333333603	881.3333333333636	803.6666666666881	2080.3333333331616	1818.9999999998656	948.6666666667046	1105.3333333333612	474.99999999999045	120.3333333333327	191.66666666666774	201.33333333333468	30.333333333333293	4.333333333333333	0.0	0.3333333333333333	0.3333333333333333	1.0	1.3333333333333333	0.3333333333333333	0.3333333333333333	3.0	30.999999999999957	4.999999999999999	1.0	0.0	0.0	0.0	0.0	0.0	0.0	0.0	0.0	0.0	0.0	0.0	0.0	0.0	0.0	0.0	0.0	0.0	0.0	0.0	0.0	0.0	0.0	0.0	0.0	0.0	0.0	0.0	0.0	0.0
SRR6444433_2	0.0	0.0	0.0	0.0	0.0	0.0	0.0	0.0	0.0	0.0	0.0	0.0	0.0	0.0	0.0	0.0	0.0	0.0	0.0	0.0	0.0	0.0	0.0	0.0	0.0	0.0	0.0	0.0	0.0	0.0	0.6666666666666666	0.6666666666666666	1.6666666666666665	1.3333333333333333	2.6666666666666665	2.333333333333333	1.6666666666666665	1.0	3.0	4.0	3.3333333333333335	5.999999999999998	9.333333333333332	19.999999999999996	68.66666666666677	443.6666666666589	632.6666666666687	3744.000000000585	1433.3333333332866	322.6666666666658	687.3333333333416	837.666666666692	1294.6666666666515	2017.3333333331539	878.3333333333633	821.6666666666902	612.9999999999998	355.9999999999972	57.00000000000013	10.666666666666668	80.33333333333327	185.00000000000088	63.66666666666684	13.666666666666673	4.333333333333333	1.6666666666666665	0.6666666666666666	1.3333333333333333	0.6666666666666666	1.3333333333333333	1.0	5.333333333333332	30.666666666666625	4.999999999999999	0.0	0.0	0.0	0.0	0.0	0.0	0.0	0.0	0.0	0.0	0.0	0.3333333333333333	0.3333333333333333	0.0	0.0	0.0	0.0	0.0	0.0	0.0	0.0	0.0	0.0	0.0	0.3333333333333333	0.3333333333333333	0.0
SRR6444443_1	0.0	0.0	0.0	0.0	0.0	0.0	0.0	0.0	0.0	0.0	0.0	0.0	0.0	0.0	0.0	0.0	0.0	0.0	0.0	0.0	0.0	0.0	0.3333333333333333	0.3333333333333333	0.0	0.0	0.0	0.0	0.0	0.0	0.0	0.0	0.0	0.0	0.0	0.0	0.0	0.0	0.0	0.0	0.6666666666666666	17.66666666666667	19.333333333333332	3.0	9.333333333333332	153.66666666666666	1936.3333333331723	1750.999999999881	1195.3333333333408	370.66666666666305	581.3333333333295	1061.6666666667045	1162.000000000015	1073.0000000000352	1525.3333333332657	430.66666666665964	44.33333333333337	4.999999999999999	2.6666666666666665	1.6666666666666665	1.9999999999999998	1.3333333333333333	0.3333333333333333	0.0	0.0	0.3333333333333333	1.0	1.0	13.000000000000005	94.99999999999973	13.666666666666673	1.3333333333333333	0.3333333333333333	0.0	0.0	0.0	0.0	0.0	0.0	0.0	0.0	0.0	0.0	0.0	0.0	0.0	0.0	0.0	0.0	0.0	0.0	0.0	0.0	0.0	0.0	0.0	0.0	0.0	0.0	0.0	0.0
SRR6444443_2	0.0	0.0	0.0	0.0	0.0	0.0	0.0	0.0	0.0	0.0	0.0	0.0	0.0	0.0	0.0	0.0	0.0	0.0	0.0	0.0	0.0	0.0	0.0	0.0	0.0	0.0	0.0	0.0	0.0	0.0	0.0	0.0	0.0	0.0	0.3333333333333333	0.3333333333333333	0.6666666666666666	0.6666666666666666	0.6666666666666666	0.3333333333333333	1.9999999999999998	4.333333333333333	7.666666666666663	23.333333333333318	18.333333333333336	54.00000000000011	373.9999999999962	2769.333333333475	1533.9999999999304	409.99999999999415	187.66666666666762	461.6666666666579	1149.3333333333512	1612.9999999999125	650.3333333333374	806.6666666666885	1109.3333333333603	310.33333333333314	26.66666666666664	7.33333333333333	3.0	3.3333333333333335	3.666666666666667	1.3333333333333333	2.333333333333333	0.6666666666666666	0.3333333333333333	1.6666666666666665	2.333333333333333	1.9999999999999998	5.999999999999998	23.333333333333318	80.99999999999993	15.000000000000009	3.0	0.6666666666666666	0.0	0.0	0.0	0.0	0.0	0.0	0.0	0.0	0.0	0.0	0.0	0.0	0.0	0.3333333333333333	0.3333333333333333	0.0	0.0	0.0	0.0	0.0	0.0	0.0	0.0	0.0	0.0
SRR6444447_1	0.0	0.0	0.0	0.0	0.0	0.0	0.0	0.0	0.0	0.0	0.0	0.0	0.0	0.0	0.0	0.0	0.0	0.0	0.0	0.0	0.0	0.0	0.0	0.0	0.0	0.0	0.0	0.0	0.0	0.0	0.0	0.0	0.0	0.0	0.0	0.3333333333333333	0.0	0.0	0.0	0.3333333333333333	0.6666666666666666	14.000000000000007	12.333333333333337	1.0	6.333333333333331	68.33333333333344	1406.666666666626	1212.333333333337	2518.6666666666943	3103.6666666669603	943.3333333333707	1265.3333333333248	1254.3333333333273	523.6666666666563	531.3333333333238	340.66666666666475	61.000000000000156	15.333333333333343	1.6666666666666665	0.3333333333333333	0.0	0.3333333333333333	0.6666666666666666	0.0	0.0	0.0	0.0	0.0	0.0	0.0	0.0	0.0	0.0	0.0	0.0	0.0	0.0	0.0	0.0	0.0	0.0	0.0	0.0	0.0	0.0	0.0	0.0	0.0	0.0	0.0	0.0	0.0	0.0	0.0	0.0	0.0	0.0	0.0	0.0	0.0	0.0
SRR6444447_2	0.0	0.0	0.0	0.0	0.0	0.0	0.0	0.0	0.0	0.0	0.0	0.0	0.0	0.0	0.0	0.0	0.0	0.0	0.0	0.0	0.0	0.0	0.0	0.0	0.0	0.0	0.0	0.0	0.0	0.0	0.0	0.0	0.0	0.0	0.3333333333333333	0.0	0.3333333333333333	1.0	1.0	1.6666666666666665	2.333333333333333	4.999999999999999	8.33333333333333	21.666666666666657	22.999999999999986	52.00000000000009	248.66666666666936	2946.666666666889	3004.6666666669153	917.0000000000343	205.66666666666814	279.6666666666682	1031.0000000000448	1284.3333333333205	1120.666666666691	912.0000000000338	419.66666666666026	115.6666666666661	32.66666666666662	6.666666666666664	4.333333333333333	3.3333333333333335	1.6666666666666665	0.3333333333333333	1.3333333333333333	2.333333333333333	0.6666666666666666	0.0	0.0	0.3333333333333333	0.3333333333333333	0.0	0.0	0.0	0.0	0.6666666666666666	0.3333333333333333	0.0	0.0	0.0	0.0	0.0	0.0	0.0	0.0	0.0	0.0	0.0	0.0	0.0	0.0	0.0	0.0	0.0	0.0	0.0	0.0	0.0	0.0	0.0	0.0
SRR6444449_1	0.0	0.0	0.0	0.0	0.0	0.0	0.0	0.0	0.0	0.0	0.0	0.0	0.0	0.0	0.0	0.0	0.0	0.0	0.0	0.0	0.0	0.0	0.0	0.0	0.0	0.0	0.0	0.3333333333333333	0.3333333333333333	0.0	0.0	0.0	0.0	0.0	0.0	0.0	0.0	0.0	1.0	1.6666666666666665	1.3333333333333333	67.00000000000013	76.0	5.333333333333332	4.999999999999999	50.66666666666675	578.6666666666625	507.33333333332195	2390.9999999999695	2800.0000000001555	984.3333333333753	584.9999999999966	1047.6666666667077	497.99999999998914	819.0000000000232	462.3333333333245	130.666666666666	395.6666666666616	424.33333333332666	85.3333333333332	8.666666666666664	1.6666666666666665	0.6666666666666666	0.3333333333333333	0.0	0.0	0.3333333333333333	2.6666666666666665	10.333333333333334	51.000000000000085	5.999999999999998	0.6666666666666666	0.6666666666666666	0.3333333333333333	0.0	0.0	0.0	0.0	0.0	0.0	0.0	0.0	0.0	0.0	0.0	0.0	0.0	0.0	0.0	0.0	0.0	0.0	0.0	0.0	0.0	0.0	0.0	0.0	0.0	0.0	0.0
SRR6444449_2	0.0	0.0	0.0	0.0	0.0	0.0	0.0	0.0	0.0	0.0	0.0	0.0	0.0	0.0	0.0	0.0	0.0	0.0	0.0	0.0	0.0	0.0	0.0	0.0	0.0	0.0	0.0	0.0	0.0	0.3333333333333333	0.0	0.0	0.0	0.0	0.0	0.0	0.0	0.6666666666666666	0.6666666666666666	1.3333333333333333	2.333333333333333	6.333333333333331	19.0	77.99999999999997	59.00000000000014	160.66666666666686	386.99999999999545	2418.9999999999823	1403.99999999996	615.6666666666667	220.33333333333522	348.9999999999976	852.3333333333603	1046.666666666708	444.66666666665884	769.0000000000175	742.6666666666812	179.33333333333405	79.66666666666661	59.00000000000014	190.00000000000102	385.3333333333289	154.0	36.999999999999986	7.33333333333333	2.6666666666666665	0.6666666666666666	1.0	1.6666666666666665	0.6666666666666666	3.3333333333333335	15.333333333333343	47.33333333333339	7.9999999999999964	1.6666666666666665	0.6666666666666666	0.3333333333333333	0.3333333333333333	0.3333333333333333	0.0	0.0	0.0	0.0	0.0	0.3333333333333333	0.0	0.3333333333333333	0.0	0.3333333333333333	0.0	0.0	0.0	0.0	0.0	0.0	0.0	0.0	0.0	0.0	0.0	0.0
SRR6444460_1	0.0	0.0	0.0	0.0	0.0	0.0	0.0	0.0	0.0	0.0	0.0	0.0	0.0	0.0	0.0	0.0	0.0	0.0	0.0	0.0	0.0	0.0	0.0	0.0	0.0	0.0	0.0	0.0	0.0	0.0	0.0	0.0	0.0	0.0	0.0	0.0	0.0	0.3333333333333333	0.6666666666666666	0.0	0.0	1.0	0.6666666666666666	0.3333333333333333	1.0	1.6666666666666665	32.99999999999996	56.00000000000012	55.000000000000114	140.6666666666663	637.3333333333359	1133.6666666666881	129.33333333333263	50.333333333333414	139.33333333333292	61.66666666666683	90.66666666666646	2834.666666666838	2843.666666666842	56.66666666666679	7.9999999999999964	8.999999999999998	8.999999999999998	2.333333333333333	0.6666666666666666	1.3333333333333333	1.3333333333333333	0.3333333333333333	4.333333333333333	60.333333333333485	8.666666666666664	0.6666666666666666	0.0	0.0	0.0	0.0	0.0	0.0	0.0	0.0	0.0	0.0	0.0	0.0	0.0	0.0	0.0	0.0	0.0	0.0	0.0	0.0	0.0	0.0	0.0	0.0	0.0	0.0	0.0	0.0	0.0
SRR6444460_2	0.0	0.0	0.0	0.0	0.0	0.0	0.0	0.0	0.0	0.0	0.0	0.0	0.0	0.0	0.0	0.0	0.0	0.0	0.0	0.0	0.0	0.0	0.0	0.0	0.0	0.0	0.0	0.0	0.0	0.0	0.0	0.0	0.0	0.0	0.0	0.0	0.0	0.0	0.3333333333333333	0.3333333333333333	0.3333333333333333	0.6666666666666666	0.3333333333333333	0.6666666666666666	1.0	2.6666666666666665	6.666666666666664	39.66666666666667	55.000000000000114	269.00000000000216	489.9999999999896	481.3333333333234	692.0000000000088	197.33333333333456	54.33333333333344	39.333333333333336	112.66666666666615	44.66666666666671	33.999999999999964	82.9999999999999	674.0000000000067	2690.333333333439	797.6666666666874	139.9999999999996	32.66666666666662	9.333333333333332	4.999999999999999	3.3333333333333335	2.6666666666666665	2.333333333333333	4.0	11.66666666666667	53.333333333333435	8.33333333333333	1.0	0.0	0.0	0.0	0.0	0.0	0.0	0.0	0.0	0.0	0.0	0.0	0.0	0.0	0.0	0.0	0.0	0.0	0.0	0.0	0.0	0.0	0.0	0.0	0.0	0.0	0.0
SRR6444461_1	0.0	0.0	0.0	0.0	0.0	0.0	0.0	0.0	0.0	0.0	0.0	0.0	0.0	0.0	0.0	0.0	0.0	0.0	0.0	0.0	0.0	0.0	0.0	0.0	0.3333333333333333	0.3333333333333333	0.0	0.0	0.0	0.0	0.6666666666666666	0.6666666666666666	0.0	0.0	0.0	0.0	0.0	0.3333333333333333	0.0	0.3333333333333333	0.0	0.3333333333333333	0.6666666666666666	1.3333333333333333	4.999999999999999	34.3333333333333	1817.6666666665326	2921.0000000002105	359.999999999997	82.33333333333324	356.99999999999716	1434.3333333332864	1200.3333333333396	510.9999999999884	748.6666666666819	403.33333333332786	55.33333333333345	71.66666666666673	68.00000000000011	1.9999999999999998	0.0	1.3333333333333333	1.0	0.3333333333333333	1.3333333333333333	1.0	0.6666666666666666	1.0	4.999999999999999	55.000000000000114	5.333333333333332	0.6666666666666666	0.0	0.0	0.0	0.0	0.0	0.0	0.0	0.0	0.0	0.0	0.0	0.0	0.0	0.0	0.0	0.0	0.0	0.0	0.0	0.0	0.0	0.0	0.0	0.0	0.0	0.0	0.0	0.0	0.0
SRR6444461_2	0.0	0.0	0.0	0.0	0.0	0.0	0.0	0.0	0.0	0.0	0.0	0.0	0.0	0.0	0.0	0.0	0.0	0.0	0.0	0.0	0.0	0.0	0.0	0.0	0.0	0.0	0.0	0.0	0.0	0.0	0.0	0.0	0.3333333333333333	0.3333333333333333	0.0	0.0	1.0	0.6666666666666666	0.6666666666666666	0.0	2.6666666666666665	3.0	1.6666666666666665	6.999999999999997	22.999999999999986	51.000000000000085	321.99999999999915	2448.999999999996	1952.3333333331686	184.66666666666754	141.33333333333297	263.66666666666913	1175.6666666666786	1133.3333333333549	699.6666666666763	807.0000000000218	516.3333333333221	177.333333333334	41.666666666666686	11.66666666666667	50.00000000000008	61.000000000000156	8.999999999999998	3.0	1.6666666666666665	1.0	1.9999999999999998	0.3333333333333333	0.0	1.3333333333333333	4.999999999999999	10.666666666666668	47.66666666666673	5.666666666666665	0.3333333333333333	0.0	0.0	0.3333333333333333	0.3333333333333333	0.0	0.0	0.0	0.0	0.0	0.0	0.0	0.0	0.0	0.0	0.0	0.0	0.0	0.0	0.0	0.0	0.0	0.0	0.0	0.0	0.0	0.0
SRR6444464_1	0.0	0.0	0.0	0.0	0.0	0.0	0.0	0.0	0.0	0.0	0.0	0.0	0.0	0.0	0.0	0.0	0.0	0.0	0.0	0.0	0.0	0.0	0.3333333333333333	0.0	0.0	1.0	0.6666666666666666	0.6666666666666666	0.6666666666666666	0.0	0.3333333333333333	0.0	0.0	0.0	0.0	0.0	0.3333333333333333	0.6666666666666666	0.3333333333333333	0.0	0.3333333333333333	0.3333333333333333	1.6666666666666665	3.666666666666667	8.999999999999998	141.66666666666632	1864.3333333331886	1036.0000000000437	1872.3333333331868	1766.6666666665442	834.3333333333583	939.0000000000368	558.3333333333269	1257.9999999999932	937.0000000000366	1347.9999999999727	702.6666666666766	293.6666666666674	280.33333333333485	39.66666666666667	5.999999999999998	1.3333333333333333	0.0	0.3333333333333333	0.3333333333333333	0.3333333333333333	0.3333333333333333	0.6666666666666666	4.666666666666666	42.00000000000002	9.666666666666666	2.333333333333333	0.3333333333333333	0.3333333333333333	0.3333333333333333	0.3333333333333333	0.0	0.0	0.0	0.0	0.0	0.0	0.0	0.0	0.0	0.0	0.0	0.0	0.0	0.0	0.0	0.0	0.0	0.0	0.0	0.0	0.0	0.0	0.0	0.0	0.0
SRR6444464_2	0.0	0.0	0.0	0.0	0.0	0.0	0.0	0.0	0.0	0.0	0.0	0.0	0.0	0.0	0.0	0.0	0.0	0.0	0.0	0.0	0.0	0.0	0.0	0.0	0.0	0.0	0.0	0.3333333333333333	0.0	0.0	1.3333333333333333	0.3333333333333333	0.6666666666666666	0.3333333333333333	1.3333333333333333	1.6666666666666665	0.3333333333333333	0.3333333333333333	1.9999999999999998	2.6666666666666665	3.3333333333333335	2.6666666666666665	4.999999999999999	10.333333333333334	19.0	36.999999999999986	335.99999999999835	3133.000000000307	1783.333333333207	823.0000000000236	159.66666666666683	890.3333333333646	1546.6666666665942	1196.6666666666738	583.9999999999965	527.6666666666567	1189.3333333333421	738.3333333333474	55.000000000000114	18.000000000000004	209.66666666666825	257.66666666666947	55.000000000000114	15.000000000000009	3.3333333333333335	1.3333333333333333	1.6666666666666665	1.3333333333333333	1.0	1.6666666666666665	2.6666666666666665	8.33333333333333	41.666666666666686	6.666666666666664	3.0	0.3333333333333333	0.3333333333333333	0.0	0.3333333333333333	0.3333333333333333	0.0	0.0	0.3333333333333333	0.0	0.0	0.0	0.0	0.0	0.0	0.0	0.0	0.0	0.0	0.0	0.0	0.0	0.0	0.0	0.0	0.0	0.0
SRR6444479_1	0.0	0.0	0.0	0.0	0.0	0.0	0.0	0.0	0.0	0.0	0.0	0.0	0.0	0.0	0.0	0.0	0.0	0.0	0.0	0.0	0.0	0.0	0.0	0.0	0.0	0.0	0.0	0.0	0.0	0.0	0.3333333333333333	0.3333333333333333	0.0	0.0	0.0	0.0	0.3333333333333333	0.0	0.0	0.6666666666666666	0.3333333333333333	0.3333333333333333	0.3333333333333333	1.9999999999999998	7.666666666666663	104.99999999999959	1281.9999999999877	1024.0000000000464	870.3333333333624	502.33333333332223	229.33333333333547	272.3333333333353	242.0000000000025	344.6666666666645	462.99999999999113	299.33333333333377	56.00000000000012	16.00000000000001	12.000000000000004	7.9999999999999964	0.6666666666666666	0.6666666666666666	0.6666666666666666	0.0	0.0	0.0	0.0	0.0	4.0	14.333333333333341	0.3333333333333333	0.0	0.0	0.0	0.0	0.0	0.0	0.0	0.0	0.0	0.0	0.0	0.0	0.0	0.0	0.0	0.0	0.0	0.0	0.0	0.0	0.0	0.0	0.0	0.0	0.0	0.0	0.0	0.0	0.0	0.0
SRR6444479_2	0.0	0.0	0.0	0.0	0.0	0.0	0.0	0.0	0.0	0.0	0.0	0.0	0.0	0.0	0.0	0.0	0.0	0.0	0.0	0.0	0.0	0.0	0.0	0.0	0.0	0.0	0.0	0.0	0.3333333333333333	0.3333333333333333	0.0	0.0	0.0	0.0	0.6666666666666666	0.6666666666666666	0.0	1.3333333333333333	1.9999999999999998	1.6666666666666665	3.3333333333333335	3.0	3.666666666666667	6.666666666666664	14.666666666666675	54.33333333333344	308.6666666666666	1843.3333333331934	936.0000000000365	357.6666666666638	98.99999999999967	267.0000000000023	409.99999999999415	291.66666666666754	416.66666666666043	257.00000000000284	193.33333333333445	107.33333333333289	26.99999999999997	13.33333333333334	13.666666666666673	8.666666666666664	9.666666666666666	4.333333333333333	1.0	0.3333333333333333	1.0	1.0	0.3333333333333333	0.0	0.6666666666666666	3.0	11.333333333333336	1.9999999999999998	0.6666666666666666	0.0	0.0	0.0	0.0	0.0	0.0	0.0	0.0	0.0	0.0	0.6666666666666666	0.3333333333333333	0.0	0.0	0.0	0.0	0.0	0.0	0.0	0.0	0.0	0.0	0.0	0.0	0.0	0.0
SRR6444482_1	0.0	0.0	0.0	0.0	0.0	0.0	0.0	0.0	0.0	0.0	0.0	0.0	0.0	0.0	0.0	0.0	0.0	0.0	0.0	0.0	0.0	0.0	0.0	0.0	0.0	0.0	0.0	0.0	0.0	0.0	0.0	0.0	1.0	0.6666666666666666	0.3333333333333333	0.0	0.0	0.0	0.0	0.3333333333333333	1.0	60.66666666666682	67.66666666666679	4.0	5.333333333333332	29.333333333333297	1334.6666666666424	2659.6666666667584	2594.666666666729	1895.9999999998481	322.6666666666658	785.6666666666861	1044.6666666667084	410.9999999999941	990.0000000000426	319.99999999999926	172.0000000000005	393.66666666666174	371.9999999999963	9.333333333333332	1.6666666666666665	1.0	0.6666666666666666	0.6666666666666666	0.6666666666666666	0.3333333333333333	0.0	0.3333333333333333	5.333333333333332	51.66666666666676	5.999999999999998	1.3333333333333333	0.6666666666666666	0.0	0.0	0.0	0.0	0.0	0.0	0.0	0.0	0.0	0.0	0.0	0.0	0.0	0.0	0.0	0.0	0.0	0.0	0.0	0.0	0.0	0.0	0.0	0.0	0.0	0.0	0.0	0.0
SRR6444482_2	0.0	0.0	0.0	0.0	0.0	0.0	0.0	0.0	0.0	0.0	0.0	0.0	0.0	0.0	0.0	0.0	0.0	0.0	0.0	0.0	0.0	0.0	0.0	0.0	0.0	0.0	0.0	0.0	0.0	0.0	0.3333333333333333	0.3333333333333333	0.0	0.0	0.6666666666666666	1.0	1.0	0.6666666666666666	0.6666666666666666	1.3333333333333333	3.0	5.666666666666665	11.333333333333336	68.66666666666677	37.33333333333332	48.666666666666735	259.33333333333604	2990.666666666909	3459.666666667122	614.3333333333333	215.00000000000173	736.3333333333471	796.333333333354	706.3333333333437	529.666666666657	742.3333333333478	804.3333333333549	402.99999999999454	79.99999999999994	20.999999999999993	65.00000000000016	351.3333333333308	100.66666666666632	14.333333333333341	8.33333333333333	3.666666666666667	0.6666666666666666	0.3333333333333333	1.6666666666666665	1.6666666666666665	3.3333333333333335	11.000000000000002	44.33333333333337	7.33333333333333	0.6666666666666666	0.3333333333333333	0.6666666666666666	0.0	0.0	0.0	0.3333333333333333	0.3333333333333333	0.0	0.0	0.0	0.0	0.0	0.0	0.0	0.0	0.0	0.0	0.0	0.0	0.0	0.0	0.0	0.0	0.0	0.0	0.0
SRR6444503_1	0.0	0.0	0.0	0.0	0.0	0.0	0.0	0.0	0.0	0.0	0.0	0.0	0.0	0.0	0.0	0.0	0.0	0.0	0.0	0.0	0.0	0.0	0.0	0.0	0.0	0.3333333333333333	0.3333333333333333	0.0	0.0	0.0	0.0	0.0	0.0	0.0	0.0	0.3333333333333333	0.0	0.0	0.3333333333333333	1.0	1.6666666666666665	70.66666666666674	78.66666666666663	2.333333333333333	3.3333333333333335	17.000000000000007	760.3333333333499	2181.666666666541	3087.3333333336195	2337.666666666612	419.66666666666026	1012.0000000000451	1259.3333333333262	608.3333333333326	1051.6666666667068	438.33333333332587	203.33333333333474	485.3333333333232	462.3333333333245	17.66666666666667	3.3333333333333335	2.6666666666666665	1.0	0.3333333333333333	0.6666666666666666	1.6666666666666665	2.333333333333333	2.6666666666666665	13.666666666666673	120.66666666666603	18.333333333333336	0.3333333333333333	0.6666666666666666	0.0	0.0	0.0	0.0	0.0	0.0	0.0	0.0	0.0	0.0	0.0	0.0	0.0	0.0	0.0	0.0	0.0	0.0	0.0	0.0	0.0	0.0	0.0	0.0	0.0	0.0	0.0	0.0
SRR6444503_2	0.0	0.0	0.0	0.0	0.0	0.0	0.0	0.0	0.0	0.0	0.0	0.0	0.0	0.0	0.0	0.0	0.0	0.0	0.0	0.0	0.0	0.0	0.0	0.0	0.0	0.3333333333333333	0.0	0.0	0.0	0.0	0.0	0.0	0.0	0.0	0.0	0.3333333333333333	0.3333333333333333	0.6666666666666666	2.6666666666666665	1.3333333333333333	2.6666666666666665	7.33333333333333	19.0	85.99999999999986	31.33333333333329	37.99999999999999	225.6666666666687	2771.333333333476	3592.0000000005157	851.0000000000268	244.3333333333359	729.3333333333463	928.0000000000356	951.3333333333716	707.6666666666772	863.3333333333616	836.3333333333585	385.9999999999955	92.3333333333331	30.666666666666625	117.33333333333275	433.66666666665947	134.66666666666612	18.666666666666668	6.999999999999997	4.0	2.333333333333333	4.333333333333333	2.6666666666666665	3.3333333333333335	7.9999999999999964	26.333333333333307	108.99999999999953	22.33333333333332	1.9999999999999998	0.6666666666666666	0.3333333333333333	0.6666666666666666	0.6666666666666666	0.3333333333333333	0.0	0.3333333333333333	0.3333333333333333	0.0	0.0	0.0	0.0	0.0	0.0	0.0	0.0	0.0	0.0	0.0	0.0	0.0	0.0	0.3333333333333333	0.3333333333333333	0.0	0.0
SRR6444511_1	0.0	0.0	0.0	0.0	0.0	0.0	0.0	0.0	0.0	0.0	0.0	0.0	0.0	0.0	0.0	0.0	0.0	0.0	0.0	0.0	0.0	0.0	0.0	0.0	0.0	1.3333333333333333	0.6666666666666666	0.0	0.0	0.0	0.0	0.6666666666666666	0.3333333333333333	0.0	0.0	0.0	0.0	0.0	0.3333333333333333	1.9999999999999998	3.666666666666667	60.333333333333485	66.33333333333347	16.00000000000001	347.99999999999767	586.9999999999968	804.6666666666882	1076.3333333333678	1537.333333333263	688.0000000000083	843.0000000000259	1719.3333333332216	1494.3333333332728	1628.9999999999088	1507.666666666603	793.666666666687	233.00000000000225	944.0000000000374	966.0000000000399	135.3333333333328	24.99999999999998	7.9999999999999964	2.6666666666666665	5.999999999999998	43.00000000000003	8.666666666666664	3.666666666666667	8.666666666666664	62.00000000000016	393.99999999999505	42.33333333333336	4.999999999999999	3.3333333333333335	1.0	0.6666666666666666	0.0	0.0	0.0	0.0	0.0	0.0	0.0	0.0	0.0	0.0	0.0	0.0	0.0	0.0	0.0	0.0	0.0	0.0	0.0	0.0	0.0	0.0	0.0	0.0	0.0	0.0
SRR6444511_2	0.0	0.0	0.0	0.0	0.0	0.0	0.0	0.0	0.0	0.0	0.0	0.0	0.0	0.0	0.0	0.0	0.0	0.0	0.0	0.0	0.0	0.0	0.0	0.0	0.0	0.0	0.0	0.0	0.0	0.0	0.6666666666666666	0.6666666666666666	0.3333333333333333	1.0	0.0	1.0	1.3333333333333333	1.3333333333333333	1.0	1.0	1.0	4.666666666666666	15.000000000000009	69.66666666666676	47.33333333333339	369.9999999999964	511.66666666665503	1395.3333333332953	1771.666666666543	554.9999999999932	442.66666666665895	1231.999999999999	1161.6666666666817	1230.3333333333328	1561.6666666665908	1282.6666666666542	773.000000000018	355.9999999999972	213.00000000000168	66.6666666666668	183.6666666666675	907.6666666666999	336.666666666665	65.00000000000016	26.333333333333307	11.66666666666667	23.999999999999982	45.666666666666714	18.333333333333336	13.666666666666673	20.33333333333333	87.99999999999983	349.99999999999756	49.66666666666674	2.333333333333333	1.9999999999999998	3.0	0.3333333333333333	0.0	0.0	0.0	0.0	0.0	0.0	0.0	0.0	0.0	0.0	0.0	0.0	0.0	0.0	0.0	0.0	0.0	0.0	0.0	0.0	0.0	0.0	0.0
SRR6444522_1	0.0	0.0	0.0	0.0	0.0	0.0	0.0	0.0	0.0	0.0	0.0	0.0	0.0	0.0	0.0	0.0	0.0	0.0	0.0	0.0	0.0	0.0	0.0	0.0	0.0	0.0	0.0	0.0	0.0	0.0	0.0	0.0	0.0	0.0	0.3333333333333333	0.3333333333333333	0.0	0.0	0.0	0.0	0.0	0.6666666666666666	2.6666666666666665	3.666666666666667	7.9999999999999964	108.33333333333287	1500.3333333332714	1218.0000000000023	1385.6666666666308	1089.0000000000316	610.6666666666662	1925.9999999998413	2114.333333333177	1027.0000000000457	1283.9999999999873	542.3333333333251	202.3333333333347	393.99999999999505	390.9999999999952	64.66666666666683	10.333333333333334	0.6666666666666666	0.3333333333333333	0.3333333333333333	0.0	1.0	1.3333333333333333	1.6666666666666665	2.333333333333333	24.99999999999998	3.666666666666667	0.3333333333333333	0.0	0.0	0.0	0.0	0.0	0.0	0.0	0.0	0.0	0.0	0.0	0.0	0.0	0.0	0.0	0.0	0.0	0.0	0.0	0.0	0.0	0.0	0.0	0.0	0.0	0.0	0.0	0.0	0.0
SRR6444522_2	0.0	0.0	0.0	0.0	0.0	0.0	0.0	0.0	0.0	0.0	0.0	0.0	0.0	0.0	0.0	0.0	0.0	0.0	0.0	0.0	0.0	0.0	0.0	0.0	0.0	0.0	0.0	0.0	0.0	0.0	0.0	0.3333333333333333	0.0	0.0	0.0	1.3333333333333333	1.0	2.6666666666666665	2.333333333333333	3.3333333333333335	2.6666666666666665	6.333333333333331	10.333333333333334	16.00000000000001	44.000000000000036	240.3333333333358	557.9999999999935	2497.0000000000177	1318.9999999999793	412.66666666666066	232.33333333333556	648.6666666666705	1666.3333333332337	2177.3333333332057	1075.333333333368	984.6666666667087	741.3333333333477	377.33333333332934	84.33333333333321	21.333333333333325	99.99999999999966	376.6666666666627	159.00000000000014	43.00000000000003	8.666666666666664	1.9999999999999998	1.0	1.6666666666666665	1.6666666666666665	1.0	1.3333333333333333	4.333333333333333	21.333333333333325	4.666666666666666	1.0	0.0	0.0	0.3333333333333333	0.3333333333333333	0.0	0.0	0.0	0.0	0.0	0.0	0.3333333333333333	0.0	0.0	0.0	0.0	0.0	0.0	0.0	0.0	0.0	0.0	0.0	0.0	0.0	0.0	0.0
SRR6444523_1	0.0	0.0	0.0	0.0	0.0	0.0	0.0	0.0	0.0	0.0	0.0	0.0	0.0	0.0	0.0	0.0	0.0	0.0	0.0	0.0	0.0	0.0	0.0	0.0	0.0	0.0	0.0	0.0	0.0	0.0	0.0	0.0	0.0	0.3333333333333333	0.3333333333333333	0.0	0.6666666666666666	1.3333333333333333	0.6666666666666666	3.3333333333333335	8.999999999999998	137.6666666666662	147.33333333333314	8.33333333333333	12.333333333333337	123.66666666666599	1106.6666666666943	1348.6666666666392	1806.3333333332018	1179.6666666666777	969.0000000000402	2499.333333333352	1898.6666666665142	1487.3333333332744	1633.3333333332412	592.9999999999975	169.33333333333377	84.33333333333321	56.33333333333346	7.666666666666663	3.666666666666667	1.9999999999999998	1.9999999999999998	0.6666666666666666	1.3333333333333333	2.333333333333333	0.3333333333333333	0.3333333333333333	2.6666666666666665	20.66666666666666	1.6666666666666665	0.0	0.0	0.0	0.0	0.0	0.0	0.0	0.0	0.0	0.0	0.0	0.0	0.0	0.0	0.0	0.0	0.0	0.0	0.0	0.0	0.0	0.0	0.0	0.0	0.0	0.0	0.0	0.0	0.0	0.0
SRR6444523_2	0.0	0.0	0.0	0.0	0.0	0.0	0.0	0.0	0.0	0.0	0.0	0.0	0.0	0.0	0.0	0.0	0.0	0.0	0.0	0.0	0.0	0.0	0.0	0.0	0.0	0.0	0.0	0.0	0.0	0.0	0.3333333333333333	0.0	0.3333333333333333	0.3333333333333333	0.6666666666666666	0.6666666666666666	1.3333333333333333	1.6666666666666665	0.6666666666666666	1.3333333333333333	1.6666666666666665	4.999999999999999	21.666666666666657	156.3333333333334	49.66666666666674	64.66666666666683	792.6666666666869	2020.6666666664864	1421.6666666666226	568.9999999999948	409.99999999999415	1123.0000000000239	2314.999999999935	2168.666666666535	947.0000000000377	674.0000000000067	1170.6666666666797	483.3333333333233	65.00000000000016	15.333333333333343	19.999999999999996	51.66666666666676	21.333333333333325	5.999999999999998	4.0	1.9999999999999998	1.3333333333333333	3.3333333333333335	1.3333333333333333	0.0	0.3333333333333333	2.6666666666666665	19.666666666666664	2.6666666666666665	0.0	0.0	0.0	0.0	0.0	0.0	0.3333333333333333	0.3333333333333333	0.0	0.0	0.6666666666666666	0.3333333333333333	0.0	0.0	0.0	0.0	0.0	0.0	0.0	0.0	0.0	0.0	0.0	0.0	0.3333333333333333	0.3333333333333333	0.0
SRR6444527_1	0.0	0.0	0.0	0.0	0.0	0.0	0.0	0.0	0.0	0.0	0.0	0.0	0.0	0.0	0.0	0.0	0.0	0.0	0.0	0.0	0.0	0.0	0.0	0.0	0.0	0.0	0.0	0.3333333333333333	0.6666666666666666	0.6666666666666666	0.6666666666666666	0.3333333333333333	0.3333333333333333	0.3333333333333333	0.3333333333333333	0.6666666666666666	1.3333333333333333	1.3333333333333333	0.3333333333333333	0.3333333333333333	2.6666666666666665	58.000000000000135	63.333333333333506	4.666666666666666	10.666666666666668	94.99999999999973	1634.333333333241	1357.6666666666372	2546.00000000004	2818.333333333497	757.0000000000161	715.3333333333447	1010.6666666667116	867.333333333362	732.66666666668	279.6666666666682	63.333333333333506	28.999999999999964	8.666666666666664	2.333333333333333	0.0	1.9999999999999998	1.6666666666666665	0.0	0.3333333333333333	0.0	0.0	0.0	0.0	0.0	0.0	0.6666666666666666	0.6666666666666666	0.0	0.0	0.0	0.0	0.0	0.0	0.0	0.0	0.0	0.0	0.0	0.0	0.0	0.0	0.0	0.0	0.0	0.0	0.0	0.0	0.0	0.0	0.0	0.0	0.0	0.0	0.0	0.0
SRR6444527_2	0.0	0.0	0.0	0.0	0.0	0.0	0.0	0.0	0.0	0.0	0.0	0.0	0.0	0.0	0.0	0.0	0.0	0.0	0.0	0.0	0.0	0.0	0.0	0.0	0.0	0.0	0.0	0.0	0.0	0.0	0.0	0.3333333333333333	0.3333333333333333	0.6666666666666666	0.6666666666666666	0.6666666666666666	1.0	1.9999999999999998	3.3333333333333335	3.666666666666667	4.333333333333333	6.333333333333331	13.33333333333334	66.33333333333347	37.99999999999999	47.33333333333339	289.66666666666765	3327.000000000395	3057.0000000002724	781.6666666666856	175.33333333333394	198.3333333333346	659.3333333333384	1365.6666666666354	804.6666666666882	856.6666666666941	531.3333333333238	85.99999999999986	28.666666666666632	6.999999999999997	5.999999999999998	8.666666666666664	4.999999999999999	1.3333333333333333	2.333333333333333	0.3333333333333333	0.0	0.6666666666666666	0.0	0.0	0.0	0.3333333333333333	0.0	0.0	0.0	0.6666666666666666	0.6666666666666666	0.0	0.0	0.0	0.0	0.0	0.0	0.3333333333333333	0.0	0.3333333333333333	0.3333333333333333	0.0	0.6666666666666666	0.0	0.0	0.0	0.0	0.0	0.0	0.0	0.0	0.0	0.0	0.0	0.0
SRR6444528_1	0.0	0.0	0.0	0.0	0.0	0.0	0.0	0.0	0.0	0.0	0.0	0.0	0.0	0.0	0.0	0.0	0.0	0.0	0.0	0.0	0.0	0.0	0.0	0.0	0.0	0.3333333333333333	1.0	0.0	0.0	0.0	0.0	0.3333333333333333	0.0	0.0	0.0	0.0	0.0	0.0	0.3333333333333333	0.6666666666666666	1.9999999999999998	55.666666666666785	57.00000000000013	4.666666666666666	3.0	74.66666666666669	1210.3333333333374	1257.9999999999932	1984.3333333331614	1579.3333333332534	234.66666666666896	964.6666666667064	1254.9999999999939	642.6666666666698	533.333333333324	371.666666666663	174.3333333333339	250.33333333333607	256.3333333333362	39.333333333333336	6.999999999999997	1.0	0.6666666666666666	0.6666666666666666	0.3333333333333333	1.0	0.6666666666666666	0.3333333333333333	4.999999999999999	56.66666666666679	3.3333333333333335	0.3333333333333333	0.0	0.0	0.0	0.0	0.0	0.0	0.0	0.0	0.0	0.0	0.0	0.0	0.0	0.0	0.0	0.0	0.0	0.0	0.0	0.0	0.0	0.0	0.0	0.0	0.0	0.0	0.0	0.0	0.0
SRR6444528_2	0.0	0.0	0.0	0.0	0.0	0.0	0.0	0.0	0.0	0.0	0.0	0.0	0.0	0.0	0.0	0.0	0.0	0.0	0.0	0.0	0.0	0.0	0.0	0.0	0.0	0.0	0.0	0.0	0.0	0.0	0.0	0.6666666666666666	0.6666666666666666	1.0	1.3333333333333333	1.0	0.3333333333333333	0.6666666666666666	0.6666666666666666	1.0	1.0	3.3333333333333335	12.666666666666671	63.333333333333506	20.999999999999993	36.66666666666665	284.3333333333346	2757.3333333334695	2301.6666666665956	606.6666666666657	132.9999999999994	443.3333333333256	1042.6666666667088	989.6666666667093	540.6666666666582	449.66666666665856	313.333333333333	207.33333333333485	34.666666666666636	7.33333333333333	58.666666666666806	244.66666666666924	81.99999999999991	15.333333333333343	4.0	1.6666666666666665	1.3333333333333333	1.3333333333333333	1.0	1.0	1.6666666666666665	9.666666666666666	53.333333333333435	5.333333333333332	0.3333333333333333	0.0	0.0	0.0	0.0	0.0	0.0	0.0	0.0	0.0	0.0	0.0	0.0	0.0	0.0	0.0	0.0	0.0	0.0	0.3333333333333333	0.0	0.0	0.0	0.0	0.0	0.0	0.0
SRR6444530_1	0.0	0.0	0.0	0.0	0.0	0.0	0.0	0.0	0.0	0.0	0.0	0.0	0.0	0.0	0.0	0.0	0.0	0.0	0.0	0.0	0.3333333333333333	0.3333333333333333	0.0	0.0	0.0	0.0	0.0	0.0	0.0	0.0	0.0	0.0	0.0	0.0	0.0	0.0	0.0	0.0	0.0	0.3333333333333333	0.3333333333333333	14.000000000000007	14.333333333333341	1.6666666666666665	4.666666666666666	74.33333333333336	743.3333333333479	504.99999999998875	788.6666666666864	497.99999999998914	677.3333333333404	1343.9999999999736	1444.9999999999507	898.0000000000322	1375.3333333332998	641.6666666666697	135.3333333333328	488.66666666665634	485.3333333333232	30.666666666666625	4.666666666666666	2.333333333333333	1.6666666666666665	1.9999999999999998	4.666666666666666	7.9999999999999964	5.666666666666665	3.0	12.333333333333337	101.33333333333297	10.0	0.3333333333333333	0.3333333333333333	0.0	0.0	0.0	0.0	0.0	0.3333333333333333	0.3333333333333333	0.0	0.0	0.0	0.0	0.0	0.0	0.0	0.0	0.0	0.0	0.0	0.0	0.0	0.0	0.0	0.0	0.0	0.0	0.0	0.0	0.0
SRR6444530_2	0.0	0.0	0.0	0.0	0.0	0.0	0.0	0.0	0.0	0.0	0.0	0.0	0.0	0.0	0.0	0.0	0.0	0.0	0.0	0.0	0.0	0.0	0.0	0.0	0.0	0.0	0.0	0.0	0.0	0.0	0.0	0.0	0.0	0.0	0.0	0.3333333333333333	1.0	0.6666666666666666	0.0	0.3333333333333333	0.6666666666666666	2.333333333333333	6.333333333333331	16.666666666666675	10.333333333333334	30.333333333333293	217.0000000000018	857.6666666666943	811.666666666689	532.3333333333239	300.0000000000004	849.6666666666933	1040.0000000000427	1584.9999999999188	1065.6666666667036	883.0000000000305	587.6666666666636	208.66666666666822	42.00000000000002	19.333333333333332	137.33333333333286	436.6666666666593	153.66666666666666	34.99999999999997	12.333333333333337	4.999999999999999	3.0	8.999999999999998	6.666666666666664	4.333333333333333	5.999999999999998	21.99999999999999	87.99999999999983	16.00000000000001	1.3333333333333333	0.3333333333333333	0.0	0.3333333333333333	0.0	0.0	0.0	0.3333333333333333	0.3333333333333333	0.0	0.0	0.0	0.0	0.0	0.0	0.0	0.0	0.0	0.0	0.0	0.0	0.0	0.0	0.0	0.0	0.0	0.0
SRR6444531_1	0.0	0.0	0.0	0.0	0.0	0.0	0.0	0.0	0.0	0.0	0.0	0.0	0.0	0.0	0.0	0.0	0.0	0.0	0.0	0.0	0.0	0.0	0.0	0.0	0.0	0.0	1.0	0.6666666666666666	0.0	0.3333333333333333	0.0	0.0	0.0	0.0	0.0	0.0	0.0	0.0	0.3333333333333333	0.0	0.6666666666666666	76.0	79.33333333333329	3.3333333333333335	7.9999999999999964	76.33333333333333	1069.3333333333694	1668.6666666665665	3284.333333333709	2777.666666666812	559.6666666666604	1589.9999999999177	2400.6666666666406	1496.6666666666056	1256.9999999999934	647.0000000000036	246.00000000000261	325.3333333333323	311.6666666666664	28.999999999999964	6.666666666666664	4.666666666666666	3.3333333333333335	3.0	0.3333333333333333	1.0	2.6666666666666665	4.333333333333333	14.000000000000007	136.66666666666617	16.00000000000001	0.6666666666666666	0.3333333333333333	0.3333333333333333	0.0	0.0	0.0	0.0	0.0	0.0	0.0	0.0	0.0	0.0	0.0	0.0	0.0	0.0	0.0	0.0	0.0	0.0	0.0	0.0	0.0	0.0	0.0	0.0	0.0	0.0	0.0
SRR6444531_2	0.0	0.0	0.0	0.0	0.0	0.0	0.0	0.0	0.0	0.0	0.0	0.0	0.0	0.0	0.0	0.0	0.0	0.0	0.0	0.0	0.0	0.0	0.0	0.0	0.0	0.0	0.0	0.0	0.0	0.0	0.0	0.3333333333333333	1.0	1.3333333333333333	1.3333333333333333	0.3333333333333333	1.6666666666666665	1.0	1.9999999999999998	2.333333333333333	1.3333333333333333	4.666666666666666	12.666666666666671	85.99999999999986	24.666666666666647	44.000000000000036	314.99999999999955	3431.6666666671094	3542.000000000493	997.6666666667102	229.33333333333547	895.0000000000318	1851.3333333331916	1904.3333333331796	979.6666666667081	1081.0000000000334	988.3333333333758	366.9999999999966	58.33333333333347	17.000000000000007	115.99999999999943	299.6666666666671	82.9999999999999	15.000000000000009	6.666666666666664	2.6666666666666665	3.666666666666667	3.666666666666667	2.333333333333333	6.666666666666664	6.333333333333331	22.999999999999986	122.33333333333267	17.33333333333334	1.3333333333333333	0.3333333333333333	0.0	0.3333333333333333	0.6666666666666666	0.3333333333333333	0.0	0.6666666666666666	0.6666666666666666	0.0	0.0	0.0	0.0	0.0	0.0	0.0	0.0	0.0	0.0	0.0	0.0	0.0	0.0	0.0	0.0	0.0	0.0
SRR6444533_1	0.0	0.0	0.0	0.0	0.0	0.0	0.0	0.0	0.0	0.0	0.0	0.0	0.0	0.0	0.0	0.0	0.0	0.0	0.0	0.0	0.0	0.0	0.0	0.0	0.0	0.0	0.0	0.0	0.0	0.0	0.0	0.0	0.0	0.0	0.0	0.0	0.0	0.0	0.3333333333333333	1.0	1.0	29.99999999999996	34.99999999999997	10.333333333333334	273.66666666666856	453.99999999999164	617.3333333333336	895.0000000000318	1068.0000000000364	621.6666666666674	534.3333333333242	1107.0000000000275	914.3333333333674	953.3333333333718	1084.6666666666993	563.6666666666608	92.66666666666643	339.3333333333315	319.66666666666595	22.33333333333332	5.666666666666665	6.999999999999997	5.666666666666665	1.3333333333333333	4.333333333333333	3.666666666666667	2.333333333333333	1.0	10.0	61.000000000000156	4.666666666666666	2.333333333333333	1.3333333333333333	0.0	0.0	0.0	0.0	0.0	0.0	0.0	0.0	0.0	0.0	0.0	0.0	0.0	0.0	0.0	0.0	0.0	0.0	0.0	0.0	0.0	0.0	0.0	0.0	0.0	0.0	0.0	0.0
SRR6444533_2	0.0	0.0	0.0	0.0	0.0	0.0	0.0	0.0	0.0	0.0	0.0	0.0	0.0	0.0	0.0	0.0	0.0	0.0	0.0	0.0	0.0	0.0	0.0	0.0	0.0	0.0	0.0	0.0	0.0	0.0	0.0	0.0	0.0	0.0	0.0	1.0	0.3333333333333333	0.0	0.6666666666666666	1.9999999999999998	1.9999999999999998	1.9999999999999998	7.666666666666663	39.66666666666667	31.33333333333329	310.33333333333314	427.6666666666598	1132.333333333355	1202.6666666666724	444.99999999999216	265.3333333333357	684.3333333333412	971.0000000000405	821.0000000000234	972.0000000000406	978.666666666708	433.33333333332615	170.00000000000045	146.9999999999998	33.66666666666663	53.333333333333435	300.0000000000004	115.99999999999943	19.666666666666664	6.999999999999997	2.6666666666666665	4.333333333333333	5.666666666666665	2.6666666666666665	3.0	4.0	17.33333333333334	52.00000000000009	7.9999999999999964	0.6666666666666666	1.9999999999999998	1.0	0.0	0.3333333333333333	0.0	0.0	0.3333333333333333	0.0	0.0	0.0	0.0	0.0	0.0	0.3333333333333333	0.0	0.3333333333333333	0.3333333333333333	0.0	0.0	0.0	0.0	0.0	0.0	0.0	0.0	0.0
SRR6444535_1	0.0	0.0	0.0	0.0	0.0	0.0	0.0	0.0	0.0	0.0	0.0	0.0	0.0	0.0	0.0	0.0	0.0	0.0	0.0	0.0	0.0	0.0	0.0	0.0	0.0	0.0	0.0	0.0	0.0	0.0	0.0	0.3333333333333333	0.6666666666666666	0.3333333333333333	0.3333333333333333	0.3333333333333333	0.0	0.0	0.0	0.0	0.0	0.0	0.3333333333333333	3.3333333333333335	6.999999999999997	137.6666666666662	1808.6666666665346	1061.000000000038	1036.333333333377	146.33333333333312	268.66666666666885	861.000000000028	1135.3333333333544	420.6666666666602	677.000000000007	338.33333333333155	38.33333333333333	382.9999999999957	385.9999999999955	8.33333333333333	2.333333333333333	1.9999999999999998	0.3333333333333333	0.3333333333333333	1.0	0.6666666666666666	0.3333333333333333	0.3333333333333333	1.0	1.6666666666666665	0.6666666666666666	0.0	0.0	0.0	0.0	0.0	0.0	0.0	0.0	0.0	0.0	0.0	0.0	0.0	0.0	0.0	0.0	0.0	0.0	0.0	0.0	0.0	0.0	0.0	0.0	0.0	0.0	0.0	0.0	0.0	0.0
SRR6444535_2	0.0	0.0	0.0	0.0	0.0	0.0	0.0	0.0	0.0	0.0	0.0	0.0	0.0	0.0	0.0	0.0	0.0	0.0	0.0	0.0	0.0	0.0	0.0	0.0	0.0	0.0	0.0	0.0	0.0	0.0	0.0	0.0	0.0	0.0	0.0	1.0	1.6666666666666665	2.333333333333333	1.6666666666666665	2.333333333333333	3.3333333333333335	2.6666666666666665	2.333333333333333	6.666666666666664	25.999999999999975	64.00000000000017	370.99999999999636	2220.3333333332253	1286.9999999999866	218.6666666666685	117.9999999999994	342.66666666666464	750.0000000000153	970.6666666667071	496.9999999999892	629.0000000000016	419.9999999999936	48.3333333333334	14.000000000000007	22.666666666666654	278.33333333333496	341.6666666666647	54.00000000000011	13.33333333333334	4.999999999999999	1.0	1.3333333333333333	1.6666666666666665	0.3333333333333333	0.3333333333333333	0.6666666666666666	0.6666666666666666	1.6666666666666665	0.3333333333333333	0.0	0.0	0.0	0.0	0.0	0.0	0.0	0.0	0.0	0.0	0.0	0.0	0.0	0.3333333333333333	0.3333333333333333	0.0	0.0	0.0	0.0	0.0	0.0	0.0	0.0	0.0	0.0	0.0	0.0
SRR6444536_1	0.0	0.0	0.0	0.0	0.0	0.0	0.0	0.0	0.0	0.0	0.0	0.0	0.0	0.0	0.0	0.0	0.0	0.0	0.0	0.0	0.0	0.0	0.0	0.0	0.0	0.0	0.0	0.0	0.0	0.0	0.0	0.0	0.0	0.6666666666666666	0.6666666666666666	0.0	0.3333333333333333	0.3333333333333333	0.6666666666666666	0.0	0.3333333333333333	0.0	0.0	2.6666666666666665	14.333333333333341	168.33333333333374	1799.6666666665367	1196.0000000000073	1416.3333333332905	235.0000000000023	275.33333333333513	1326.333333333311	1597.9999999999159	725.0000000000125	1126.6666666666897	680.6666666666741	55.000000000000114	224.33333333333533	223.3333333333353	11.333333333333336	4.333333333333333	5.999999999999998	6.333333333333331	4.0	8.33333333333333	11.66666666666667	5.999999999999998	1.3333333333333333	18.333333333333336	19.666666666666664	4.333333333333333	1.0	0.0	0.0	0.0	0.0	0.0	0.0	0.0	0.0	0.0	0.0	0.0	0.0	0.0	0.0	0.0	0.0	0.0	0.0	0.0	0.0	0.0	0.0	0.0	0.0	0.0	0.0	0.0	0.0	0.0
SRR6444536_2	0.0	0.0	0.0	0.0	0.0	0.0	0.0	0.0	0.0	0.0	0.0	0.0	0.0	0.0	0.0	0.0	0.0	0.0	0.0	0.0	0.0	0.0	0.0	0.0	0.0	0.0	0.0	0.0	0.0	0.0	0.0	0.0	0.0	0.3333333333333333	0.6666666666666666	0.6666666666666666	0.6666666666666666	0.3333333333333333	0.3333333333333333	0.6666666666666666	1.3333333333333333	1.9999999999999998	6.333333333333331	6.999999999999997	12.000000000000004	41.33333333333335	260.0000000000027	2229.3333333332293	1695.9999999998936	298.0000000000005	160.00000000000017	462.99999999999113	1041.3333333333758	1288.6666666666529	852.3333333333603	1167.3333333333471	863.3333333333616	67.66666666666679	23.333333333333318	21.333333333333325	181.3333333333341	213.00000000000168	26.66666666666664	5.666666666666665	7.666666666666663	4.666666666666666	3.3333333333333335	13.33333333333334	9.666666666666666	3.0	2.6666666666666665	17.000000000000007	15.666666666666677	1.3333333333333333	0.0	0.0	0.0	0.3333333333333333	0.0	0.0	0.0	0.0	0.0	0.0	0.0	0.0	0.0	0.0	0.0	0.0	0.0	0.0	0.6666666666666666	0.6666666666666666	0.0	0.0	0.0	0.0	0.0	0.0	0.0
SRR6444545_1	0.0	0.0	0.0	0.0	0.0	0.0	0.0	0.0	0.0	0.0	0.0	0.0	0.0	0.0	0.0	0.0	0.0	0.0	0.0	0.0	0.0	0.0	0.0	0.0	0.0	0.0	0.0	0.0	0.0	0.0	0.0	0.0	0.3333333333333333	0.3333333333333333	0.0	0.3333333333333333	0.6666666666666666	0.0	0.0	0.0	0.0	0.3333333333333333	0.0	4.999999999999999	3.3333333333333335	8.999999999999998	29.66666666666663	876.6666666666964	1938.9999999998383	1221.0000000000016	133.33333333333275	423.99999999999335	464.3333333333244	442.66666666665895	572.9999999999952	263.3333333333358	169.6666666666671	62.00000000000016	39.0	3.0	6.999999999999997	4.999999999999999	4.333333333333333	0.3333333333333333	0.0	0.0	0.0	0.0	0.0	0.0	0.0	0.0	0.0	0.0	0.0	0.0	0.0	0.0	0.0	0.0	0.0	0.0	0.0	0.0	0.0	0.0	0.0	0.0	0.0	0.0	0.0	0.0	0.0	0.0	0.0	0.0	0.0	0.0	0.0	0.0	0.0
SRR6444545_2	0.0	0.0	0.0	0.0	0.0	0.0	0.0	0.0	0.0	0.0	0.0	0.0	0.0	0.0	0.0	0.0	0.0	0.0	0.0	0.0	0.0	0.0	0.0	0.0	0.0	0.0	0.0	0.0	0.0	0.0	0.0	0.0	0.0	0.0	0.0	0.0	0.3333333333333333	1.0	1.3333333333333333	1.6666666666666665	1.0	1.0	6.333333333333331	8.999999999999998	11.333333333333336	25.33333333333331	104.99999999999959	1172.333333333346	1876.333333333186	270.3333333333354	109.99999999999952	210.0000000000016	402.3333333333279	433.66666666665947	354.33333333333064	440.9999999999924	312.33333333333303	132.66666666666606	86.99999999999984	78.99999999999996	35.99999999999998	33.999999999999964	6.333333333333331	6.333333333333331	9.333333333333332	2.6666666666666665	0.3333333333333333	0.0	0.3333333333333333	0.6666666666666666	0.0	0.3333333333333333	0.0	0.0	0.0	0.0	0.0	0.0	0.0	0.0	0.3333333333333333	0.3333333333333333	0.0	0.0	0.0	0.0	0.0	0.0	0.0	0.0	0.0	0.0	0.0	0.0	0.0	0.0	0.0	0.0	0.0	0.0	0.0
SRR6444549_1	0.0	0.0	0.0	0.0	0.0	0.0	0.0	0.0	0.0	0.0	0.0	0.0	0.0	0.0	0.0	0.0	0.0	0.0	0.0	0.0	0.0	0.0	0.0	0.0	0.0	0.0	0.0	0.0	0.0	0.0	0.0	0.3333333333333333	0.0	0.0	0.0	0.0	0.0	0.0	0.0	0.6666666666666666	2.6666666666666665	47.33333333333339	48.3333333333334	10.333333333333334	175.33333333333394	307.99999999999994	585.33333333333	796.0000000000206	1044.0000000000418	819.0000000000232	500.999999999989	1236.6666666666647	1063.3333333333708	901.3333333333659	1036.0000000000437	538.9999999999914	121.99999999999935	203.33333333333474	158.0000000000001	29.333333333333297	6.333333333333331	5.333333333333332	4.0	0.6666666666666666	4.666666666666666	3.666666666666667	1.9999999999999998	1.9999999999999998	10.0	77.99999999999997	5.999999999999998	2.6666666666666665	2.333333333333333	0.0	0.0	0.0	0.0	0.0	0.0	0.0	0.0	0.0	0.0	0.0	0.0	0.0	0.0	0.0	0.0	0.0	0.0	0.0	0.0	0.0	0.0	0.0	0.0	0.0	0.0	0.0	0.0
SRR6444549_2	0.0	0.0	0.0	0.0	0.0	0.0	0.0	0.0	0.0	0.0	0.0	0.0	0.0	0.0	0.0	0.0	0.0	0.0	0.0	0.0	0.0	0.0	0.0	0.0	0.0	0.0	0.0	0.0	0.0	0.0	0.0	0.0	0.0	0.6666666666666666	0.6666666666666666	1.3333333333333333	1.3333333333333333	0.3333333333333333	0.0	0.3333333333333333	1.3333333333333333	4.999999999999999	16.666666666666675	54.66666666666678	38.666666666666664	209.3333333333349	367.3333333333299	1022.666666666713	1059.0000000000384	572.9999999999952	358.99999999999704	745.6666666666815	973.0000000000407	884.0000000000306	899.3333333333657	890.0000000000313	520.3333333333226	209.66666666666825	124.66666666666598	42.66666666666669	47.66666666666673	139.66666666666626	73.6666666666667	24.333333333333314	7.666666666666663	1.3333333333333333	2.6666666666666665	6.333333333333331	4.333333333333333	3.666666666666667	4.999999999999999	20.66666666666666	66.33333333333347	13.000000000000005	1.6666666666666665	2.333333333333333	1.9999999999999998	1.0	0.0	0.0	0.0	0.3333333333333333	0.0	0.0	0.3333333333333333	0.3333333333333333	0.0	0.0	0.0	0.0	0.0	0.0	0.0	0.0	0.0	0.0	0.0	0.0	0.0	0.0	0.0
SRR6444550_1	0.0	0.0	0.0	0.0	0.0	0.0	0.0	0.0	0.0	0.0	0.0	0.0	0.0	0.0	0.0	0.0	0.0	0.0	0.0	0.0	0.0	0.0	0.3333333333333333	0.3333333333333333	0.0	0.0	0.0	0.0	0.0	0.0	0.0	0.0	0.0	0.0	0.0	0.0	0.0	0.0	0.0	0.0	0.3333333333333333	0.3333333333333333	1.0	3.3333333333333335	7.33333333333333	164.33333333333363	2744.00000000013	2252.999999999907	2260.9999999999104	1726.33333333322	627.0000000000014	950.0000000000381	587.3333333333302	875.0000000000296	1680.999999999897	1156.3333333333496	177.333333333334	99.333333333333	92.99999999999976	31.66666666666662	5.666666666666665	4.333333333333333	4.333333333333333	0.6666666666666666	0.3333333333333333	0.3333333333333333	0.6666666666666666	1.0	8.33333333333333	64.3333333333335	15.333333333333343	0.3333333333333333	0.6666666666666666	0.6666666666666666	0.0	0.0	0.0	0.0	0.0	0.0	0.0	0.0	0.0	0.0	0.0	0.0	0.0	0.0	0.0	0.0	0.0	0.0	0.0	0.0	0.0	0.0	0.0	0.0	0.0	0.0	0.0
SRR6444550_2	0.0	0.0	0.0	0.0	0.6666666666666666	0.6666666666666666	0.0	0.3333333333333333	0.0	0.0	0.0	0.0	0.0	0.0	0.0	0.0	0.0	0.0	0.0	0.0	0.0	0.0	0.0	0.0	0.0	0.0	0.0	0.3333333333333333	0.6666666666666666	0.3333333333333333	0.3333333333333333	0.0	0.0	0.3333333333333333	1.3333333333333333	1.6666666666666665	1.9999999999999998	1.6666666666666665	1.3333333333333333	1.9999999999999998	3.666666666666667	3.666666666666667	5.333333333333332	12.000000000000004	29.66666666666663	61.66666666666683	536.9999999999911	4222.666666667296	2364.9999999999577	1346.3333333333064	249.66666666666939	736.6666666666805	1270.3333333333237	728.0000000000128	1041.0000000000425	1074.3333333333683	888.6666666666978	357.3333333333305	61.33333333333349	11.000000000000002	79.33333333333329	86.99999999999984	35.33333333333331	9.666666666666666	7.9999999999999964	2.333333333333333	1.0	0.6666666666666666	1.0	0.3333333333333333	4.0	11.333333333333336	62.3333333333335	12.333333333333337	1.9999999999999998	1.0	0.0	0.3333333333333333	0.3333333333333333	0.0	0.0	0.0	0.0	0.0	0.0	0.0	0.0	0.0	0.0	0.0	0.0	0.3333333333333333	0.3333333333333333	0.0	0.0	0.0	0.0	0.0	0.0	0.0	0.0
SRR6444551_1	0.0	0.0	0.0	0.0	0.0	0.0	0.0	0.0	0.0	0.0	0.0	0.0	0.0	0.0	0.0	0.0	0.0	0.0	0.0	0.0	0.0	0.0	0.0	0.0	0.0	0.0	0.0	0.0	0.0	0.0	0.0	0.3333333333333333	0.0	0.0	0.0	0.0	0.0	0.3333333333333333	0.3333333333333333	0.0	0.3333333333333333	12.666666666666671	14.000000000000007	4.999999999999999	13.666666666666673	164.00000000000028	2075.3333333331593	1192.0000000000082	1195.3333333333408	878.0000000000299	531.3333333333238	1590.9999999999175	1992.3333333331595	974.0000000000408	1485.3333333332748	434.6666666666594	128.3333333333326	268.0000000000022	274.6666666666685	43.00000000000003	5.999999999999998	0.6666666666666666	0.0	0.6666666666666666	1.3333333333333333	1.6666666666666665	1.6666666666666665	1.6666666666666665	4.999999999999999	27.666666666666636	3.3333333333333335	1.3333333333333333	1.0	0.0	0.0	0.6666666666666666	0.6666666666666666	0.3333333333333333	1.0	0.0	0.0	0.0	0.0	0.0	0.0	0.0	0.0	0.0	0.0	0.0	0.0	0.0	0.0	0.0	0.0	0.0	0.0	0.0	0.0	0.0	0.0
SRR6444551_2	0.0	0.0	0.0	0.0	0.0	0.0	0.0	0.0	0.0	0.0	0.0	0.0	0.0	0.0	0.0	0.0	0.0	0.0	0.0	0.0	0.0	0.0	0.0	0.0	0.0	0.0	0.0	0.0	0.0	0.0	0.3333333333333333	0.0	0.0	0.3333333333333333	0.0	0.6666666666666666	1.0	1.6666666666666665	1.0	1.9999999999999998	2.6666666666666665	3.0	5.999999999999998	25.999999999999975	70.33333333333341	322.6666666666658	634.6666666666689	2830.3333333335027	1203.333333333339	333.33333333333184	198.00000000000125	548.9999999999925	1351.6666666666385	2047.6666666664803	1044.333333333375	984.6666666667087	1025.0000000000462	559.9999999999937	66.33333333333347	15.333333333333343	96.66666666666637	252.00000000000279	94.99999999999973	26.333333333333307	8.33333333333333	1.3333333333333333	2.333333333333333	3.666666666666667	2.333333333333333	0.6666666666666666	0.6666666666666666	7.666666666666663	25.999999999999975	5.999999999999998	0.6666666666666666	1.0	1.0	0.0	0.0	0.0	0.0	0.0	0.0	0.0	0.0	0.0	0.0	0.0	0.0	0.0	0.3333333333333333	0.0	0.0	0.0	0.0	0.0	0.0	0.0	0.0	0.0	0.0
SRR6444556_1	0.0	0.0	0.0	0.0	0.0	0.0	0.0	0.0	0.0	0.0	0.0	0.0	0.0	0.0	0.0	0.0	0.0	0.0	0.0	0.0	0.0	0.0	0.0	0.0	0.0	0.0	0.0	0.0	0.0	0.0	0.0	0.0	0.0	0.0	0.0	0.0	0.0	0.0	0.0	0.0	1.3333333333333333	24.333333333333314	24.666666666666647	0.6666666666666666	2.333333333333333	25.33333333333331	350.9999999999975	306.6666666666667	238.0000000000024	362.9999999999968	817.000000000023	1494.666666666606	742.0000000000144	474.3333333333238	654.6666666666712	402.3333333333279	38.666666666666664	19.666666666666664	16.333333333333343	1.0	0.3333333333333333	0.3333333333333333	0.3333333333333333	2.6666666666666665	2.333333333333333	1.3333333333333333	1.0	0.6666666666666666	11.000000000000002	37.99999999999999	2.333333333333333	0.0	0.0	0.0	0.0	0.0	0.0	0.0	0.0	0.0	0.0	0.0	0.0	0.0	0.0	0.0	0.0	0.0	0.0	0.0	0.0	0.0	0.0	0.0	0.0	0.0	0.0	0.0	0.0	0.0	0.0
SRR6444556_2	0.0	0.0	0.0	0.0	0.0	0.0	0.0	0.0	0.0	0.0	0.0	0.0	0.0	0.0	0.0	0.0	0.0	0.0	0.0	0.0	0.0	0.0	0.0	0.0	0.0	0.0	0.0	0.0	0.0	0.0	0.0	0.0	0.0	0.0	0.0	0.0	0.0	0.6666666666666666	0.6666666666666666	0.0	0.0	1.0	6.666666666666664	27.666666666666636	23.66666666666665	87.99999999999983	57.6666666666668	366.33333333332996	267.6666666666689	154.66666666666669	181.00000000000077	800.6666666666878	1477.9999999999432	1353.666666666638	478.3333333333236	635.3333333333356	483.99999999998994	99.333333333333	15.333333333333343	5.666666666666665	5.333333333333332	12.666666666666671	2.333333333333333	1.3333333333333333	0.3333333333333333	2.6666666666666665	3.3333333333333335	1.3333333333333333	1.6666666666666665	1.3333333333333333	1.0	11.333333333333336	31.33333333333329	5.999999999999998	0.0	0.0	0.0	0.0	0.0	0.0	0.0	0.0	0.0	0.0	0.0	0.0	0.0	0.0	0.0	0.0	0.0	0.0	0.0	0.0	0.0	0.0	0.0	0.0	0.0	0.0	0.0
SRR6444566_1	0.0	0.0	0.0	0.0	0.0	0.0	0.0	0.0	0.0	0.0	0.0	0.0	0.0	0.0	0.0	0.0	0.0	0.0	0.0	0.0	0.0	0.0	0.0	0.0	0.0	0.0	0.0	0.0	0.0	0.0	0.0	0.0	0.0	0.0	0.0	0.0	0.0	0.0	0.0	0.0	0.0	6.666666666666664	10.0	1.0	1.3333333333333333	17.33333333333334	186.0000000000009	81.66666666666659	131.99999999999937	829.3333333333577	915.3333333333675	2992.3333333335763	2251.3333333332394	1285.9999999999868	1056.6666666667056	779.333333333352	390.9999999999952	451.33333333332513	262.00000000000256	11.000000000000002	3.3333333333333335	1.0	1.6666666666666665	7.9999999999999964	21.333333333333325	16.333333333333343	10.666666666666668	7.33333333333333	25.666666666666643	143.99999999999972	23.333333333333318	2.333333333333333	0.6666666666666666	0.3333333333333333	0.3333333333333333	0.0	0.0	0.0	0.0	0.0	0.0	0.0	0.0	0.0	0.0	0.0	0.0	0.0	0.0	0.0	0.0	0.0	0.0	0.0	0.0	0.0	0.0	0.0	0.0	0.0	0.0
SRR6444566_2	0.0	0.0	0.0	0.0	0.0	0.0	0.0	0.0	0.0	0.0	0.0	0.0	0.0	0.0	0.0	0.0	0.0	0.0	0.0	0.0	0.0	0.0	0.0	0.0	0.0	0.0	0.0	0.0	0.0	0.0	0.0	0.0	0.0	0.6666666666666666	0.6666666666666666	0.3333333333333333	0.3333333333333333	0.0	0.3333333333333333	0.6666666666666666	0.3333333333333333	0.3333333333333333	1.9999999999999998	11.000000000000002	8.999999999999998	27.333333333333304	40.66666666666668	178.66666666666737	63.00000000000017	184.66666666666754	364.6666666666634	1102.6666666666952	2505.6666666666883	3117.6666666669666	1650.9999999999038	1189.0000000000089	762.6666666666835	228.33333333333545	84.33333333333321	217.0000000000018	144.6666666666664	176.33333333333397	46.333333333333385	8.33333333333333	4.0	18.333333333333336	24.99999999999998	10.333333333333334	7.33333333333333	16.666666666666675	11.333333333333336	24.666666666666647	124.33333333333265	20.66666666666666	1.3333333333333333	0.6666666666666666	0.3333333333333333	0.3333333333333333	0.3333333333333333	0.3333333333333333	0.3333333333333333	0.0	0.0	0.0	0.0	0.0	0.0	0.0	0.0	0.0	0.0	0.0	0.0	0.0	0.0	0.0	0.0	0.0	0.0	0.0	0.0
SRR6444568_1	0.0	0.0	0.0	0.0	0.0	0.0	0.0	0.0	0.0	0.0	0.0	0.0	0.0	0.0	0.0	0.0	0.0	0.0	0.0	0.0	0.0	0.0	0.0	0.0	0.0	0.0	0.0	0.0	0.0	0.0	0.0	0.0	0.0	0.0	0.0	0.0	0.3333333333333333	0.0	1.0	0.3333333333333333	1.6666666666666665	45.666666666666714	66.33333333333347	6.666666666666664	9.333333333333332	95.66666666666639	1244.3333333333296	946.333333333371	1823.6666666665312	1216.333333333336	357.6666666666638	979.6666666667081	1164.0000000000146	629.6666666666683	746.6666666666816	559.333333333327	163.3333333333336	33.33333333333329	4.666666666666666	2.6666666666666665	5.333333333333332	5.666666666666665	2.6666666666666665	2.6666666666666665	5.999999999999998	4.999999999999999	2.6666666666666665	1.9999999999999998	43.6666666666667	39.66666666666667	3.0	0.6666666666666666	0.3333333333333333	0.0	0.0	0.0	0.0	0.0	0.0	0.0	0.0	0.0	0.0	0.0	0.0	0.0	0.0	0.0	0.0	0.0	0.0	0.0	0.0	0.0	0.0	0.0	0.0	0.0	0.0	0.0	0.0
SRR6444568_2	0.0	0.0	0.0	0.0	0.0	0.0	0.0	0.0	0.0	0.0	0.0	0.0	0.0	0.0	0.0	0.0	0.0	0.0	0.0	0.0	0.0	0.0	0.0	0.0	0.3333333333333333	0.3333333333333333	0.0	0.0	0.3333333333333333	0.0	0.0	0.0	0.0	0.0	0.0	0.3333333333333333	0.3333333333333333	0.0	0.0	1.9999999999999998	3.3333333333333335	1.3333333333333333	13.000000000000005	67.00000000000013	35.99999999999998	44.000000000000036	268.66666666666885	2430.9999999999877	1979.999999999829	475.9999999999904	180.00000000000074	453.66666666665833	759.6666666666831	984.000000000042	683.0000000000077	750.3333333333487	532.6666666666573	254.33333333333618	105.33333333333292	57.6666666666668	6.666666666666664	3.0	4.0	2.6666666666666665	6.333333333333331	5.333333333333332	4.999999999999999	6.999999999999997	3.666666666666667	3.666666666666667	5.666666666666665	31.66666666666662	28.999999999999964	9.333333333333332	2.333333333333333	0.6666666666666666	0.3333333333333333	0.0	0.0	0.0	0.0	0.0	0.3333333333333333	0.0	0.0	0.0	0.0	0.0	0.0	0.0	0.0	0.0	0.0	0.0	0.0	0.0	0.0	0.3333333333333333	0.6666666666666666	0.0	0.0
SRR6444572_1	0.0	0.0	0.0	0.0	0.0	0.0	0.0	0.0	0.0	0.0	0.0	0.0	0.0	0.0	0.0	0.0	0.0	0.0	0.0	0.0	0.0	0.0	0.0	0.0	0.0	0.0	0.0	0.3333333333333333	0.0	0.3333333333333333	0.3333333333333333	0.3333333333333333	0.0	0.0	0.0	0.0	0.0	0.0	1.0	1.6666666666666665	4.0	65.33333333333348	66.33333333333347	5.999999999999998	7.9999999999999964	165.666666666667	2345.999999999949	1575.6666666665876	1184.00000000001	769.0000000000175	747.000000000015	1451.6666666666158	1378.9999999999657	1251.6666666666613	1586.3333333332519	910.0000000000335	256.3333333333362	790.6666666666866	812.0000000000224	17.000000000000007	5.999999999999998	8.666666666666664	8.666666666666664	5.333333333333332	6.666666666666664	9.333333333333332	5.666666666666665	3.666666666666667	23.66666666666665	135.9999999999995	10.333333333333334	1.0	1.0	0.3333333333333333	0.0	0.0	0.0	0.0	0.0	0.0	0.0	0.0	0.0	0.0	0.0	0.0	0.0	0.0	0.0	0.0	0.0	0.0	0.0	0.0	0.0	0.0	0.0	0.0	0.0	0.0	0.0
SRR6444572_2	0.0	0.0	0.0	0.0	0.0	0.0	0.0	0.0	0.0	0.0	0.0	0.0	0.0	0.0	0.0	0.0	0.0	0.0	0.0	0.0	0.0	0.0	0.0	0.0	0.0	0.0	0.0	0.0	0.0	0.0	0.0	0.0	0.3333333333333333	1.0	3.3333333333333335	3.0	1.3333333333333333	0.3333333333333333	0.3333333333333333	0.3333333333333333	1.9999999999999998	3.3333333333333335	11.000000000000002	76.66666666666666	30.333333333333293	43.333333333333364	390.3333333333286	2965.6666666668975	1382.3333333332982	804.6666666666882	296.66666666666725	636.0000000000024	1193.000000000008	1492.6666666666065	1229.9999999999995	1320.3333333333123	831.3333333333579	399.3333333333281	63.00000000000017	33.33333333333329	638.6666666666694	750.3333333333487	77.33333333333331	21.99999999999999	15.000000000000009	5.999999999999998	4.666666666666666	14.666666666666675	8.999999999999998	4.999999999999999	7.666666666666663	27.999999999999968	122.99999999999933	21.333333333333325	0.6666666666666666	0.3333333333333333	0.3333333333333333	0.6666666666666666	0.3333333333333333	0.0	0.0	0.0	0.0	0.3333333333333333	0.3333333333333333	0.0	0.0	0.0	0.0	0.0	0.0	0.0	0.0	0.0	0.0	0.0	0.0	0.0	0.0	0.0	0.0
SRR6444581_1	0.0	0.0	0.0	0.0	0.0	0.0	0.0	0.0	0.0	0.0	0.0	0.0	0.0	0.0	0.0	0.0	0.0	0.0	0.0	0.0	0.0	0.0	0.0	0.0	0.0	0.0	0.0	0.0	0.0	0.0	0.0	0.0	0.0	0.0	0.0	0.0	0.0	0.0	0.0	0.6666666666666666	1.9999999999999998	84.66666666666654	86.99999999999984	8.33333333333333	124.33333333333265	697.3333333333427	1430.3333333332873	1719.9999999998881	853.6666666666938	682.333333333341	1016.0000000000456	1017.6666666667124	975.6666666667077	591.9999999999974	453.333333333325	305.66666666666674	75.66666666666667	294.66666666666737	285.6666666666679	60.00000000000015	10.0	8.33333333333333	4.666666666666666	0.3333333333333333	0.6666666666666666	0.3333333333333333	0.0	0.3333333333333333	6.999999999999997	7.666666666666663	1.3333333333333333	0.0	0.0	0.0	0.0	0.0	0.3333333333333333	1.0	0.0	0.0	0.0	0.0	0.0	0.0	0.0	0.0	0.0	0.0	0.0	0.0	0.0	0.0	0.0	0.0	0.0	0.0	0.0	0.0	0.0	0.0	0.0
SRR6444581_2	0.0	0.0	0.0	0.0	0.0	0.0	0.0	0.0	0.0	0.0	0.0	0.0	0.0	0.0	0.0	0.0	0.0	0.0	0.0	0.0	0.0	0.0	0.0	0.0	0.0	0.0	0.0	0.0	0.0	0.0	0.0	0.3333333333333333	0.3333333333333333	0.0	0.6666666666666666	0.0	0.3333333333333333	1.3333333333333333	2.6666666666666665	2.6666666666666665	3.3333333333333335	6.999999999999997	22.666666666666654	93.66666666666642	44.33333333333337	172.0000000000005	645.3333333333368	2347.99999999995	1448.3333333332832	1285.6666666666536	343.9999999999979	385.9999999999955	737.0000000000139	874.3333333333628	575.9999999999956	421.33333333332683	307.99999999999994	121.66666666666602	33.999999999999964	12.000000000000004	54.33333333333344	265.666666666669	121.66666666666602	34.666666666666636	7.33333333333333	1.6666666666666665	1.6666666666666665	0.3333333333333333	1.3333333333333333	1.3333333333333333	1.3333333333333333	3.666666666666667	5.333333333333332	1.9999999999999998	0.3333333333333333	0.0	0.0	0.3333333333333333	0.0	0.0	0.0	0.3333333333333333	0.0	0.0	0.0	0.0	0.0	0.0	0.0	0.3333333333333333	0.0	0.0	0.0	0.0	0.0	0.0	0.0	0.0	0.0	0.0	0.0
SRR6444596_1	0.0	0.0	0.0	0.0	0.0	0.0	0.0	0.0	0.0	0.0	0.0	0.0	0.0	0.0	0.0	0.0	0.0	0.0	0.0	0.0	0.0	0.0	0.0	0.0	0.0	0.0	0.0	0.0	0.0	0.0	0.0	0.0	0.0	0.0	0.0	0.0	0.0	0.0	0.0	0.0	0.0	7.33333333333333	10.0	1.0	1.3333333333333333	8.999999999999998	179.33333333333405	112.99999999999947	179.33333333333405	645.0000000000034	540.3333333333248	1620.6666666665774	1084.6666666666993	210.66666666666828	172.0000000000005	122.666666666666	124.66666666666598	139.66666666666626	42.00000000000002	1.3333333333333333	1.0	0.3333333333333333	1.6666666666666665	2.333333333333333	0.6666666666666666	0.0	0.0	1.0	1.0	1.0	0.0	0.0	0.0	0.0	0.0	0.0	0.0	0.0	0.0	0.0	0.0	0.0	0.0	0.0	0.0	0.0	0.0	0.0	0.0	0.0	0.0	0.0	0.0	0.0	0.0	0.0	0.0	0.0	0.0	0.0	0.0
SRR6444596_2	0.0	0.0	0.0	0.0	0.0	0.0	0.0	0.0	0.0	0.0	0.0	0.0	0.0	0.0	0.0	0.0	0.0	0.0	0.0	0.0	0.0	0.0	0.0	0.0	0.0	0.0	0.0	0.0	0.0	0.0	0.0	0.0	0.0	0.3333333333333333	0.3333333333333333	0.0	0.0	0.0	0.0	0.0	0.6666666666666666	0.6666666666666666	1.0	10.666666666666668	10.666666666666668	39.66666666666667	52.666666666666764	215.33333333333508	134.66666666666612	213.00000000000168	218.6666666666685	673.6666666666733	1194.0000000000077	1456.6666666666147	717.333333333345	231.33333333333553	155.6666666666667	65.33333333333348	33.33333333333329	104.99999999999959	49.33333333333341	13.33333333333334	4.666666666666666	1.6666666666666665	2.6666666666666665	3.666666666666667	1.3333333333333333	0.0	0.3333333333333333	1.3333333333333333	0.3333333333333333	0.0	1.0	0.3333333333333333	0.0	0.0	0.0	0.0	0.0	0.0	0.0	0.0	0.0	0.0	0.0	0.0	0.0	0.0	0.0	0.0	0.0	0.0	0.0	0.0	0.0	0.0	0.0	0.0	0.0	0.0	0.0
SRR6444603_1	0.0	0.0	0.0	0.0	0.0	0.0	0.0	0.0	0.0	0.0	0.0	0.0	0.0	0.0	0.0	0.0	0.0	0.0	0.0	0.0	0.0	0.0	0.0	0.0	0.0	0.0	0.0	0.0	0.0	0.0	0.0	0.0	0.0	0.0	0.0	0.3333333333333333	0.6666666666666666	0.3333333333333333	0.6666666666666666	0.0	1.0	20.66666666666666	21.99999999999999	0.6666666666666666	1.3333333333333333	24.666666666666647	396.33333333332826	557.3333333333268	631.0000000000018	477.66666666665697	455.3333333333249	855.0000000000273	1103.3333333333617	1378.9999999999657	1290.9999999999857	600.9999999999984	88.66666666666649	247.333333333336	249.33333333333604	13.000000000000005	12.666666666666671	22.33333333333332	19.0	12.000000000000004	32.333333333333286	37.33333333333332	17.66666666666667	11.000000000000002	48.000000000000064	286.0000000000012	26.333333333333307	1.9999999999999998	1.3333333333333333	0.6666666666666666	1.0	0.0	0.0	0.0	0.0	0.0	0.0	0.0	0.0	0.0	0.0	0.0	0.0	0.0	0.0	0.0	0.0	0.0	0.0	0.0	0.0	0.0	0.0	0.0	0.0	0.0	0.0
SRR6444603_2	0.0	0.0	0.0	0.0	0.0	0.0	0.0	0.0	0.0	0.0	0.0	0.0	0.0	0.0	0.0	0.0	0.0	0.0	0.0	0.0	0.0	0.0	0.0	0.0	0.0	0.0	0.0	0.0	0.0	0.0	0.0	0.0	0.0	0.0	0.0	0.0	0.0	0.0	0.3333333333333333	0.6666666666666666	1.6666666666666665	2.333333333333333	5.333333333333332	21.333333333333325	10.0	13.666666666666673	87.99999999999983	645.3333333333368	619.6666666666672	415.3333333333272	227.33333333333542	559.6666666666604	627.6666666666681	1174.6666666666788	1270.666666666657	1035.3333333333771	643.6666666666699	172.6666666666672	25.999999999999975	19.666666666666664	186.33333333333425	232.00000000000222	47.66666666666673	18.333333333333336	22.666666666666654	12.333333333333337	18.333333333333336	47.33333333333339	27.333333333333304	14.666666666666675	19.666666666666664	66.6666666666668	245.66666666666927	36.333333333333314	4.666666666666666	1.0	0.3333333333333333	0.3333333333333333	0.3333333333333333	0.0	0.0	0.0	0.0	0.0	0.0	0.3333333333333333	0.3333333333333333	0.0	0.0	0.0	0.0	0.0	0.0	0.3333333333333333	0.3333333333333333	0.0	0.0	0.0	0.0	0.0	0.0
SRR6444635_1	0.0	0.0	0.0	0.0	0.0	0.0	0.0	0.0	0.0	0.0	0.0	0.0	0.0	0.0	0.0	0.0	0.0	0.0	0.0	0.0	0.0	0.0	0.0	0.0	0.0	0.0	0.0	0.0	0.0	0.0	0.0	0.3333333333333333	0.0	0.3333333333333333	0.3333333333333333	0.6666666666666666	0.6666666666666666	0.3333333333333333	0.3333333333333333	0.0	0.0	4.333333333333333	6.333333333333331	1.6666666666666665	0.6666666666666666	24.99999999999998	255.00000000000287	98.99999999999967	126.33333333333262	994.3333333333765	1046.0000000000414	3801.333333333944	2235.333333333232	570.999999999995	425.3333333333266	317.66666666666606	194.00000000000114	180.66666666666742	66.33333333333347	3.666666666666667	0.6666666666666666	0.0	0.0	1.3333333333333333	6.999999999999997	3.666666666666667	1.0	0.3333333333333333	1.6666666666666665	13.666666666666673	1.6666666666666665	0.0	0.0	0.0	0.0	0.0	0.0	0.0	0.0	0.0	0.0	0.0	0.0	0.0	0.0	0.0	0.0	0.0	0.0	0.0	0.0	0.0	0.0	0.0	0.0	0.0	0.0	0.0	0.0	0.0	0.0
SRR6444635_2	0.0	0.0	0.0	0.0	0.0	0.0	0.0	0.0	0.0	0.0	0.0	0.0	0.0	0.0	0.0	0.0	0.0	0.0	0.0	0.0	0.0	0.0	0.0	0.0	0.0	0.0	0.0	0.0	0.0	0.0	0.0	0.0	0.0	0.0	0.0	0.0	1.0	0.3333333333333333	0.0	0.6666666666666666	1.3333333333333333	1.9999999999999998	3.0	8.999999999999998	9.333333333333332	37.66666666666666	40.66666666666668	260.6666666666693	105.66666666666625	321.99999999999915	413.3333333333273	1105.6666666666945	2721.333333333453	3493.0000000004707	1459.3333333332807	546.9999999999923	309.99999999999983	109.33333333333286	57.6666666666668	135.3333333333328	51.66666666666676	38.666666666666664	11.000000000000002	2.6666666666666665	2.333333333333333	5.999999999999998	6.666666666666664	1.0	0.6666666666666666	0.6666666666666666	1.0	3.0	11.66666666666667	1.3333333333333333	0.3333333333333333	0.3333333333333333	0.0	0.0	0.3333333333333333	0.0	0.0	0.0	0.0	0.0	0.0	0.0	0.0	0.0	0.0	0.0	0.0	0.0	0.0	0.0	0.0	0.3333333333333333	0.3333333333333333	0.0	0.0	0.0	0.0
SRR6444637_1	0.0	0.0	0.0	0.0	0.0	0.0	0.0	0.0	0.0	0.0	0.0	0.0	0.0	0.0	0.0	0.0	0.0	0.0	0.0	0.0	0.0	0.0	0.0	0.0	0.0	0.6666666666666666	0.0	0.0	0.0	0.0	0.3333333333333333	0.0	0.0	0.0	0.0	0.3333333333333333	0.0	0.0	0.0	0.0	1.0	32.99999999999996	34.3333333333333	2.6666666666666665	4.999999999999999	47.00000000000006	769.0000000000175	824.6666666666905	1203.6666666666722	1538.666666666596	1485.9999999999413	1482.999999999942	1117.6666666666918	761.33333333335	916.0000000000342	625.6666666666679	147.33333333333314	685.000000000008	702.6666666666766	22.33333333333332	4.333333333333333	1.3333333333333333	0.3333333333333333	0.0	2.333333333333333	3.3333333333333335	2.333333333333333	1.3333333333333333	5.666666666666665	65.66666666666681	8.999999999999998	1.0	0.3333333333333333	0.0	0.0	0.0	0.0	0.0	0.0	0.0	0.0	0.0	0.0	0.0	0.0	0.0	0.0	0.0	0.0	0.0	0.0	0.0	0.0	0.0	0.0	0.0	0.0	0.0	0.0	0.0	0.0
SRR6444637_2	0.0	0.0	0.0	0.0	0.0	0.0	0.0	0.0	0.0	0.0	0.0	0.0	0.0	0.0	0.0	0.0	0.0	0.0	0.0	0.0	0.0	0.0	0.0	0.0	0.0	0.0	0.0	0.0	0.0	0.0	0.0	0.0	0.6666666666666666	0.3333333333333333	0.0	0.6666666666666666	0.6666666666666666	0.6666666666666666	0.6666666666666666	0.6666666666666666	1.3333333333333333	2.333333333333333	11.000000000000002	37.99999999999999	18.333333333333336	40.33333333333334	298.66666666666714	1109.3333333333603	1443.6666666666176	1588.6666666665847	506.99999999998863	828.0000000000242	1348.6666666666392	1074.6666666667015	686.0000000000081	817.000000000023	789.6666666666865	381.99999999999574	97.66666666666636	40.33333333333334	375.66666666666276	602.9999999999986	150.66666666666657	35.33333333333331	11.333333333333336	5.333333333333332	4.999999999999999	4.666666666666666	2.333333333333333	1.9999999999999998	4.999999999999999	14.000000000000007	55.666666666666785	7.9999999999999964	1.3333333333333333	1.3333333333333333	0.6666666666666666	0.0	0.3333333333333333	0.0	0.0	0.0	0.0	0.3333333333333333	0.3333333333333333	0.0	0.0	0.0	0.0	0.0	0.0	0.3333333333333333	0.0	0.0	0.0	0.0	0.0	0.3333333333333333	0.0	0.0	0.0
SRR6444656_1	0.0	0.0	0.0	0.0	0.0	0.0	0.0	0.0	0.0	0.0	0.0	0.0	0.0	0.0	0.0	0.0	0.0	0.0	0.0	0.0	0.0	0.0	0.0	0.0	0.0	0.0	0.0	0.0	0.0	0.0	0.0	0.0	0.0	0.0	0.0	0.3333333333333333	0.3333333333333333	0.0	0.0	0.0	0.0	0.0	0.0	0.3333333333333333	1.9999999999999998	8.666666666666664	74.66666666666669	1815.666666666533	3298.666666667049	1777.6666666665417	138.3333333333329	694.6666666666757	710.3333333333442	573.666666666662	667.3333333333393	302.3333333333336	224.000000000002	44.000000000000036	21.666666666666657	3.3333333333333335	1.6666666666666665	1.6666666666666665	2.333333333333333	1.0	0.6666666666666666	0.3333333333333333	0.0	0.0	0.0	1.3333333333333333	0.3333333333333333	0.0	0.0	0.3333333333333333	0.0	0.0	0.0	0.0	0.3333333333333333	0.0	0.0	0.0	0.0	0.0	0.0	0.0	0.0	0.0	0.0	0.0	0.0	0.0	0.0	0.0	0.0	0.0	0.0	0.0	0.0	0.0	0.0
SRR6444656_2	0.0	0.0	0.0	0.0	0.0	0.0	0.0	0.0	0.0	0.0	0.0	0.0	0.0	0.0	0.0	0.0	0.0	0.0	0.0	0.0	0.0	0.0	0.0	0.0	0.0	0.0	0.0	0.0	0.0	0.0	0.0	0.0	0.0	0.0	0.3333333333333333	0.3333333333333333	0.6666666666666666	1.3333333333333333	1.3333333333333333	1.3333333333333333	2.333333333333333	3.666666666666667	6.333333333333331	9.666666666666666	13.000000000000005	38.33333333333333	132.9999999999994	1916.3333333331768	3363.333333333745	458.66666666665805	104.33333333333293	182.0000000000008	626.0000000000013	689.0000000000084	441.9999999999923	528.9999999999902	459.666666666658	202.00000000000136	99.333333333333	83.33333333333323	19.666666666666664	20.33333333333333	4.333333333333333	4.0	4.333333333333333	0.0	0.0	0.0	0.0	0.0	0.3333333333333333	0.3333333333333333	1.0	0.0	0.0	0.0	0.0	0.0	0.0	0.0	0.0	0.0	0.0	0.0	0.0	0.0	0.3333333333333333	0.6666666666666666	0.3333333333333333	0.3333333333333333	0.0	0.0	0.0	0.0	0.0	0.0	0.0	0.0	0.0	0.0	0.0
SRR6444657_1	0.0	0.0	0.0	0.0	0.0	0.0	0.0	0.0	0.0	0.0	0.0	0.0	0.0	0.0	0.0	0.0	0.0	0.0	0.0	0.0	0.0	0.0	0.0	0.0	0.0	0.0	0.0	0.0	0.0	0.0	0.0	0.0	0.0	0.0	0.0	0.0	0.0	0.6666666666666666	0.6666666666666666	0.3333333333333333	0.0	0.0	0.0	0.0	0.0	0.3333333333333333	3.3333333333333335	4.999999999999999	10.666666666666668	715.6666666666781	2087.6666666664983	3193.666666667001	460.66666666665793	238.33333333333573	424.66666666666	120.99999999999936	9.666666666666666	16.666666666666675	16.666666666666675	1.0	0.3333333333333333	1.9999999999999998	1.9999999999999998	0.3333333333333333	0.6666666666666666	0.0	0.3333333333333333	0.6666666666666666	0.6666666666666666	5.999999999999998	1.0	0.3333333333333333	0.0	0.3333333333333333	0.0	0.0	0.0	0.0	0.0	0.0	0.0	0.0	0.0	0.0	0.0	0.0	0.0	0.0	0.0	0.0	0.0	0.0	0.0	0.0	0.0	0.0	0.0	0.0	0.0	0.0	0.0
SRR6444657_2	0.0	0.0	0.0	0.0	0.0	0.0	0.0	0.0	0.0	0.0	0.0	0.0	0.0	0.0	0.0	0.0	0.0	0.0	0.0	0.0	0.0	0.0	0.0	0.0	0.0	0.0	0.0	0.0	0.0	0.0	0.0	0.0	0.0	0.0	0.0	0.0	0.0	0.0	0.0	0.6666666666666666	0.3333333333333333	1.3333333333333333	2.6666666666666665	2.333333333333333	3.0	2.6666666666666665	6.666666666666664	15.666666666666677	28.666666666666632	89.33333333333314	372.66666666666293	1776.666666666542	3163.6666666669876	2460.000000000001	373.9999999999962	387.33333333332877	166.33333333333368	55.33333333333345	12.666666666666671	5.333333333333332	3.0	14.666666666666675	11.333333333333336	3.3333333333333335	1.3333333333333333	1.0	1.0	1.0	0.3333333333333333	0.0	1.0	1.6666666666666665	4.333333333333333	1.0	1.3333333333333333	0.3333333333333333	0.0	0.0	0.0	0.0	0.0	0.0	0.0	0.0	0.0	0.3333333333333333	0.0	0.0	0.0	0.0	0.0	0.0	0.0	0.0	0.0	0.0	0.0	0.0	0.0	0.0	0.0
SRR6444667_1	0.0	0.0	0.0	0.0	0.0	0.0	0.0	0.0	0.0	0.0	0.0	0.0	0.0	0.0	0.0	0.0	0.0	0.0	0.0	0.0	0.0	0.0	0.0	0.0	0.0	0.0	0.0	0.3333333333333333	0.0	0.0	0.0	0.0	0.3333333333333333	0.6666666666666666	0.3333333333333333	0.0	0.0	0.0	0.3333333333333333	0.3333333333333333	1.3333333333333333	38.33333333333333	42.33333333333336	2.6666666666666665	6.666666666666664	115.33333333333277	1309.3333333333148	1198.0000000000068	910.3333333333669	642.6666666666698	402.66666666666123	1175.000000000012	1255.3333333333271	498.6666666666558	815.6666666666895	441.666666666659	169.00000000000043	98.99999999999967	88.33333333333316	13.666666666666673	4.0	0.6666666666666666	0.0	0.6666666666666666	0.6666666666666666	0.0	0.0	0.0	1.6666666666666665	11.000000000000002	0.3333333333333333	0.3333333333333333	0.0	0.0	0.0	0.0	0.0	0.0	0.0	0.0	0.0	0.0	0.0	0.0	0.0	0.0	0.0	0.0	0.0	0.0	0.0	0.0	0.0	0.0	0.0	0.0	0.0	0.0	0.0	0.0	0.0
SRR6444667_2	0.0	0.0	0.0	0.0	0.0	0.0	0.0	0.0	0.0	0.0	0.0	0.0	0.0	0.0	0.0	0.0	0.0	0.0	0.0	0.0	0.0	0.0	0.0	0.0	0.0	0.0	0.0	0.0	0.0	0.0	0.0	0.3333333333333333	1.0	0.6666666666666666	1.0	1.0	1.9999999999999998	0.6666666666666666	1.6666666666666665	2.333333333333333	2.6666666666666665	6.333333333333331	11.333333333333336	54.00000000000011	98.99999999999967	286.6666666666678	529.666666666657	1759.6666666665458	1101.0000000000289	373.6666666666629	154.66666666666669	537.9999999999912	880.6666666666969	1132.0000000000218	711.3333333333443	738.6666666666807	469.99999999999073	233.00000000000225	116.66666666666609	15.333333333333343	39.333333333333336	78.66666666666663	31.33333333333329	8.666666666666664	2.333333333333333	1.0	1.6666666666666665	0.3333333333333333	0.3333333333333333	0.0	0.6666666666666666	1.3333333333333333	8.666666666666664	2.333333333333333	0.0	0.0	0.0	0.0	0.0	0.0	0.3333333333333333	0.0	0.0	0.0	0.0	0.0	0.0	0.0	0.0	0.0	0.0	0.0	0.0	0.0	0.0	0.0	0.0	0.0	0.0	0.0	0.0
SRR6444669_1	0.0	0.0	0.0	0.0	0.0	0.0	0.0	0.0	0.0	0.0	0.0	0.0	0.0	0.0	0.0	0.0	0.0	0.0	0.0	0.0	0.0	0.0	0.0	0.0	0.0	0.0	0.0	0.0	0.0	0.0	0.3333333333333333	0.0	0.6666666666666666	0.6666666666666666	0.0	0.0	0.0	0.3333333333333333	0.6666666666666666	0.6666666666666666	2.333333333333333	78.99999999999996	78.3333333333333	4.666666666666666	63.00000000000017	599.6666666666649	1280.999999999988	997.3333333333768	446.3333333333254	274.0000000000019	251.66666666666944	549.3333333333259	536.9999999999911	320.6666666666659	482.6666666666567	360.99999999999693	50.333333333333414	28.666666666666632	18.666666666666668	1.6666666666666665	1.0	5.333333333333332	4.0	0.3333333333333333	0.6666666666666666	0.6666666666666666	0.0	0.6666666666666666	8.33333333333333	6.999999999999997	0.3333333333333333	0.0	0.0	0.0	0.0	0.0	0.0	0.0	0.0	0.0	0.0	0.0	0.0	0.0	0.0	0.0	0.0	0.0	0.0	0.0	0.0	0.0	0.0	0.0	0.0	0.0	0.0	0.0	0.0	0.0	0.0
SRR6444669_2	0.0	0.0	0.0	0.0	0.0	0.0	0.0	0.0	0.0	0.0	0.0	0.0	0.0	0.0	0.0	0.0	0.0	0.0	0.0	0.0	0.0	0.0	0.0	0.0	0.0	0.0	0.0	0.0	0.0	0.0	0.0	0.0	0.0	0.0	0.3333333333333333	0.3333333333333333	1.0	1.0	1.0	1.0	0.3333333333333333	1.3333333333333333	16.00000000000001	83.99999999999989	29.333333333333297	85.3333333333332	400.99999999999466	1763.6666666665449	870.6666666666957	327.9999999999988	165.666666666667	239.6666666666691	481.66666666665674	461.33333333332456	283.3333333333347	496.33333333332257	336.666666666665	63.66666666666684	17.000000000000007	3.666666666666667	5.999999999999998	18.333333333333336	8.999999999999998	5.333333333333332	0.6666666666666666	0.6666666666666666	0.3333333333333333	0.3333333333333333	0.0	0.3333333333333333	0.6666666666666666	4.333333333333333	5.333333333333332	1.0	0.3333333333333333	0.6666666666666666	0.0	0.0	0.0	0.0	0.0	0.0	0.0	0.0	0.0	0.0	0.0	0.0	0.0	0.0	0.0	0.0	0.0	0.0	0.0	0.0	0.0	0.0	0.0	0.0	0.0
SRR6444670_1	0.0	0.0	0.0	0.0	0.0	0.0	0.0	0.0	0.0	0.0	0.0	0.0	0.0	0.0	0.0	0.0	0.0	0.0	0.0	0.0	0.0	0.0	0.0	0.0	0.0	0.0	0.0	0.0	0.0	0.0	0.0	0.0	0.0	0.0	0.0	0.0	0.0	0.0	0.0	0.0	1.6666666666666665	11.000000000000002	12.666666666666671	3.3333333333333335	6.333333333333331	182.33333333333414	2803.3333333334904	1422.6666666666224	1607.333333333247	1240.3333333333305	645.6666666666702	1633.3333333332412	2186.9999999998768	1388.6666666666301	1000.0000000000438	610.6666666666662	126.66666666666595	331.66666666666526	350.33333333333087	14.000000000000007	2.6666666666666665	1.6666666666666665	1.3333333333333333	0.6666666666666666	0.0	0.3333333333333333	0.3333333333333333	0.3333333333333333	11.000000000000002	58.666666666666806	5.666666666666665	1.3333333333333333	0.6666666666666666	0.3333333333333333	0.0	0.0	0.0	0.0	0.0	0.0	0.0	0.0	0.0	0.0	0.0	0.0	0.0	0.0	0.0	0.0	0.0	0.0	0.0	0.0	0.0	0.0	0.0	0.0	0.0	0.0	0.0
SRR6444670_2	0.0	0.0	0.0	0.0	0.0	0.0	0.0	0.0	0.0	0.0	0.0	0.0	0.0	0.0	0.0	0.0	0.0	0.0	0.0	0.0	0.0	0.0	0.0	0.0	0.0	0.0	0.0	0.0	0.0	0.0	0.0	0.6666666666666666	1.6666666666666665	0.6666666666666666	1.0	1.9999999999999998	1.3333333333333333	0.0	1.3333333333333333	1.6666666666666665	4.333333333333333	3.3333333333333335	4.999999999999999	19.333333333333332	15.333333333333343	58.33333333333347	888.6666666666978	3995.000000000699	1926.3333333331746	347.99999999999767	201.00000000000134	727.0000000000127	1354.9999999999711	1999.333333333158	1105.6666666666945	1031.0000000000448	656.333333333338	195.66666666666785	32.99999999999996	18.666666666666668	107.33333333333289	313.6666666666663	93.66666666666642	16.333333333333343	5.999999999999998	2.6666666666666665	1.3333333333333333	0.3333333333333333	0.6666666666666666	2.333333333333333	3.0	11.66666666666667	54.00000000000011	8.33333333333333	1.0	0.0	0.3333333333333333	0.0	0.3333333333333333	0.0	0.3333333333333333	0.0	0.0	0.0	0.0	0.0	0.0	0.0	0.0	0.0	0.0	0.0	0.0	0.0	0.0	0.0	0.0	0.0	0.0	0.0	0.0
SRR6444675_1	0.0	0.0	0.0	0.0	0.0	0.0	0.0	0.0	0.0	0.0	0.0	0.0	0.0	0.0	0.0	0.0	0.0	0.0	0.0	0.0	0.0	0.0	0.0	0.0	0.0	0.0	0.0	0.0	0.0	0.0	0.0	0.0	0.0	0.0	0.0	0.0	0.0	0.3333333333333333	0.0	0.3333333333333333	1.0	116.66666666666609	116.33333333333276	3.666666666666667	5.666666666666665	89.9999999999998	1514.6666666666015	1090.666666666698	1028.0000000000455	448.6666666666586	124.33333333333265	384.66666666666225	611.9999999999997	496.9999999999892	630.3333333333351	248.66666666666936	63.333333333333506	4.666666666666666	0.6666666666666666	1.0	1.6666666666666665	1.0	0.6666666666666666	0.0	0.3333333333333333	0.0	0.0	0.0	1.6666666666666665	22.666666666666654	4.0	0.0	0.0	0.0	0.0	0.0	0.0	0.0	0.0	0.0	0.0	0.0	0.0	0.0	0.0	0.0	0.0	0.0	0.0	0.0	0.0	0.0	0.0	0.0	0.0	0.0	0.0	0.0	0.0	0.0	0.0
SRR6444675_2	0.0	0.0	0.0	0.0	0.0	0.0	0.0	0.0	0.0	0.0	0.0	0.0	0.0	0.0	0.0	0.0	0.0	0.0	0.0	0.0	0.0	0.0	0.0	0.0	0.0	0.0	0.0	0.0	0.0	0.0	0.0	0.3333333333333333	0.6666666666666666	0.3333333333333333	0.3333333333333333	1.0	1.6666666666666665	0.6666666666666666	0.3333333333333333	1.0	0.6666666666666666	1.0	12.666666666666671	120.3333333333327	28.999999999999964	29.66666666666663	257.00000000000284	2017.9999999998204	1286.33333333332	460.66666666665793	60.333333333333485	96.66666666666637	465.99999999999096	625.0000000000011	490.6666666666562	580.9999999999961	334.6666666666651	123.99999999999932	17.66666666666667	3.666666666666667	1.6666666666666665	1.9999999999999998	1.3333333333333333	1.0	1.3333333333333333	1.0	0.0	0.3333333333333333	0.6666666666666666	0.0	0.6666666666666666	3.666666666666667	20.33333333333333	3.3333333333333335	0.6666666666666666	0.0	0.0	0.3333333333333333	0.0	0.0	0.0	0.0	0.0	0.0	0.0	0.0	0.0	0.0	0.0	0.0	0.0	0.0	0.0	0.0	0.0	0.0	0.0	0.3333333333333333	0.0	0.3333333333333333	0.5
SRR6444678_1	0.0	0.0	0.0	0.0	0.0	0.0	0.0	0.0	0.0	0.0	0.0	0.0	0.0	0.0	0.0	0.0	0.0	0.0	0.0	0.0	0.0	0.0	0.0	0.0	0.0	0.0	0.0	0.0	0.0	0.0	0.0	0.0	0.0	0.0	0.0	0.0	0.0	0.3333333333333333	1.0	0.3333333333333333	3.666666666666667	99.333333333333	106.66666666666623	4.0	4.999999999999999	23.66666666666665	990.6666666667094	2306.3333333332644	2394.9999999999714	1480.9999999999425	292.6666666666675	909.3333333333668	1272.3333333333233	659.3333333333384	1105.000000000028	429.3333333333264	148.66666666666652	346.9999999999977	330.333333333332	10.333333333333334	2.6666666666666665	2.333333333333333	1.0	0.3333333333333333	1.3333333333333333	1.0	1.3333333333333333	1.0	19.0	106.99999999999956	10.333333333333334	1.0	0.6666666666666666	0.3333333333333333	0.0	0.0	0.0	0.0	0.0	0.0	0.0	0.0	0.0	0.0	0.0	0.0	0.0	0.0	0.0	0.0	0.0	0.0	0.0	0.0	0.0	0.0	0.0	0.0	0.0	0.0	0.0
SRR6444678_2	0.0	0.0	0.0	0.0	0.0	0.0	0.0	0.0	0.0	0.0	0.0	0.0	0.0	0.0	0.0	0.0	0.0	0.0	0.0	0.0	0.0	0.0	0.0	0.0	0.0	0.0	0.0	0.0	0.0	0.0	0.0	0.0	0.0	0.0	0.6666666666666666	0.6666666666666666	0.6666666666666666	1.9999999999999998	0.6666666666666666	1.0	2.6666666666666665	4.0	16.666666666666675	111.66666666666616	33.33333333333329	30.333333333333293	199.00000000000128	2357.9999999999545	3078.666666666949	569.3333333333281	206.66666666666816	579.999999999996	898.0000000000322	986.3333333333755	712.3333333333444	871.3333333333625	828.666666666691	346.6666666666644	62.666666666666835	17.66666666666667	73.00000000000004	312.99999999999966	101.33333333333297	17.000000000000007	4.666666666666666	1.6666666666666665	2.333333333333333	3.666666666666667	3.3333333333333335	4.666666666666666	7.9999999999999964	25.33333333333331	89.33333333333314	17.66666666666667	2.333333333333333	1.0	0.0	0.0	0.3333333333333333	0.0	0.0	0.0	0.3333333333333333	0.3333333333333333	0.0	0.0	0.0	0.0	0.0	0.0	0.3333333333333333	0.0	0.0	0.0	0.0	0.0	0.0	0.0	0.0	0.0	0.5
SRR6444679_1	0.0	0.0	0.0	0.0	0.0	0.0	0.0	0.0	0.0	0.0	0.0	0.0	0.0	0.0	0.0	0.0	0.0	0.0	0.0	0.0	0.0	0.0	0.3333333333333333	0.6666666666666666	0.3333333333333333	0.0	0.0	0.0	0.0	0.6666666666666666	0.3333333333333333	0.3333333333333333	0.3333333333333333	0.0	0.0	0.0	0.0	0.0	0.0	0.3333333333333333	1.0	11.000000000000002	14.333333333333341	3.0	4.666666666666666	70.33333333333341	1056.6666666667056	372.99999999999625	296.33333333333394	1630.666666666575	2145.999999999858	2599.666666666731	1014.6666666667121	755.3333333333493	318.666666666666	148.33333333333317	23.999999999999982	75.00000000000001	71.00000000000007	1.9999999999999998	0.3333333333333333	1.3333333333333333	1.6666666666666665	0.6666666666666666	1.3333333333333333	1.0	0.0	0.0	1.3333333333333333	17.000000000000007	1.3333333333333333	0.0	0.0	0.0	0.0	0.0	0.0	0.0	0.0	0.0	0.0	0.0	0.0	0.0	0.0	0.0	0.0	0.0	0.0	0.0	0.0	0.0	0.0	0.0	0.0	0.0	0.0	0.0	0.0	0.0	0.0
SRR6444679_2	0.0	0.0	0.0	0.0	0.0	0.0	0.0	0.0	0.0	0.0	0.0	0.0	0.0	0.0	0.0	0.0	0.0	0.0	0.0	0.0	0.0	0.0	0.0	0.0	0.0	0.0	0.0	0.0	0.0	0.0	0.0	0.0	0.3333333333333333	0.3333333333333333	0.3333333333333333	0.0	0.0	0.3333333333333333	0.3333333333333333	0.3333333333333333	1.0	2.6666666666666665	4.0	16.666666666666675	8.666666666666664	15.000000000000009	145.3333333333331	1069.3333333333694	470.66666666665736	180.66666666666742	290.6666666666676	1689.3333333332284	2780.0000000001464	2755.666666666802	730.0000000000131	442.99999999999227	175.33333333333394	48.000000000000064	17.000000000000007	5.333333333333332	22.666666666666654	69.0000000000001	16.666666666666675	2.6666666666666665	2.333333333333333	1.6666666666666665	1.0	1.0	0.6666666666666666	1.0	1.3333333333333333	2.6666666666666665	14.666666666666675	1.9999999999999998	0.0	0.6666666666666666	0.6666666666666666	0.6666666666666666	0.3333333333333333	0.3333333333333333	0.0	0.0	0.0	0.0	0.0	0.0	0.0	0.0	0.0	0.0	0.3333333333333333	0.3333333333333333	0.0	0.0	0.0	0.0	0.0	0.0	0.0	0.0	0.0
SRR6444680_1	0.0	0.0	0.0	0.0	0.0	0.0	0.0	0.0	0.0	0.0	0.0	0.0	0.0	0.0	0.0	0.0	0.0	0.0	0.0	0.0	0.0	0.0	0.3333333333333333	0.3333333333333333	0.0	0.0	0.3333333333333333	0.3333333333333333	0.0	0.0	0.0	0.0	0.0	0.3333333333333333	0.0	0.0	0.0	0.0	0.0	0.0	0.3333333333333333	0.6666666666666666	1.0	0.3333333333333333	7.33333333333333	109.66666666666619	1524.333333333266	1366.3333333333019	1131.6666666666886	1311.6666666666476	1264.9999999999916	1994.333333333159	1279.3333333333217	661.3333333333386	672.0000000000065	642.3333333333364	103.66666666666627	17.000000000000007	4.333333333333333	7.33333333333333	2.6666666666666665	1.6666666666666665	1.0	1.0	0.6666666666666666	1.0	0.3333333333333333	0.6666666666666666	0.6666666666666666	5.999999999999998	0.0	0.0	0.0	0.0	0.0	0.0	0.0	0.0	0.0	0.0	0.0	0.0	0.0	0.0	0.0	0.0	0.0	0.0	0.0	0.0	0.0	0.0	0.0	0.0	0.0	0.0	0.0	0.0	0.0	0.0	0.0
SRR6444680_2	0.0	0.0	0.0	0.0	0.0	0.0	0.0	0.0	0.0	0.0	0.0	0.0	0.0	0.0	0.0	0.0	0.0	0.0	0.0	0.0	0.0	0.0	0.0	0.0	0.0	0.0	0.0	0.0	0.0	0.0	0.0	0.0	0.3333333333333333	0.0	0.6666666666666666	0.6666666666666666	0.6666666666666666	0.3333333333333333	1.9999999999999998	2.333333333333333	1.9999999999999998	2.333333333333333	2.333333333333333	3.666666666666667	10.0	31.33333333333329	258.6666666666694	2105.333333333173	1678.333333333231	423.66666666666003	278.33333333333496	1268.6666666666574	2033.9999999998167	1967.6666666664985	666.6666666666725	600.3333333333317	468.9999999999908	267.3333333333356	62.00000000000016	5.333333333333332	2.333333333333333	3.0	4.666666666666666	1.9999999999999998	2.333333333333333	1.6666666666666665	1.6666666666666665	2.333333333333333	1.0	1.0	0.3333333333333333	0.3333333333333333	5.666666666666665	0.3333333333333333	0.0	0.0	0.0	0.0	0.0	0.3333333333333333	0.0	0.0	0.0	0.0	0.0	0.0	0.0	0.0	0.0	0.0	0.0	0.3333333333333333	0.0	0.0	0.0	0.0	0.0	0.0	0.0	0.0	0.5
SRR6444695_1	0.0	0.0	0.0	0.0	0.0	0.0	0.0	0.0	0.0	0.0	0.0	0.0	0.0	0.0	0.0	0.0	0.0	0.0	0.0	0.0	0.0	0.0	0.0	0.0	0.0	0.0	0.0	0.0	0.0	0.0	0.0	0.0	0.0	0.0	0.0	0.0	0.0	0.0	0.0	0.0	0.3333333333333333	0.3333333333333333	0.6666666666666666	0.3333333333333333	4.0	69.66666666666676	936.3333333333699	851.3333333333602	859.0000000000277	517.3333333333222	208.66666666666822	415.6666666666605	381.99999999999574	411.6666666666607	416.66666666666043	419.9999999999936	136.66666666666617	99.66666666666633	97.33333333333303	16.00000000000001	1.9999999999999998	1.0	1.0	0.3333333333333333	0.0	0.0	0.3333333333333333	0.6666666666666666	8.999999999999998	47.66666666666673	5.666666666666665	1.6666666666666665	0.6666666666666666	0.3333333333333333	0.0	0.0	0.0	0.0	0.0	0.0	0.0	0.0	0.0	0.0	0.0	0.0	0.0	0.0	0.0	0.0	0.0	0.0	0.0	0.0	0.0	0.0	0.0	0.0	0.0	0.0	0.0
SRR6444695_2	0.0	0.0	0.0	0.0	0.0	0.0	0.0	0.0	0.0	0.0	0.0	0.0	0.0	0.0	0.0	0.0	0.0	0.0	0.0	0.0	0.0	0.0	0.0	0.0	0.0	0.0	0.0	0.3333333333333333	0.0	0.0	0.0	0.0	0.3333333333333333	0.3333333333333333	0.6666666666666666	0.6666666666666666	1.3333333333333333	0.6666666666666666	0.3333333333333333	0.3333333333333333	1.9999999999999998	1.3333333333333333	1.3333333333333333	5.333333333333332	12.666666666666671	35.66666666666664	223.3333333333353	1448.9999999999498	850.0000000000267	395.99999999999494	77.99999999999997	257.33333333333616	448.3333333333253	232.6666666666689	475.6666666666571	307.3333333333333	357.6666666666638	184.3333333333342	26.333333333333307	5.999999999999998	68.66666666666677	88.33333333333316	23.999999999999982	6.666666666666664	4.666666666666666	1.6666666666666665	1.6666666666666665	1.6666666666666665	0.6666666666666666	1.6666666666666665	4.333333333333333	12.666666666666671	40.00000000000001	8.999999999999998	1.6666666666666665	0.3333333333333333	0.3333333333333333	0.3333333333333333	0.3333333333333333	0.3333333333333333	0.3333333333333333	0.0	0.0	0.0	0.0	0.0	0.0	0.0	0.0	0.0	0.0	0.0	0.0	0.0	0.0	0.3333333333333333	0.3333333333333333	0.0	0.0	0.0	0.0
SRR6444702_1	0.0	0.0	0.0	0.0	0.0	0.0	0.0	0.0	0.0	0.0	0.0	0.0	0.0	0.0	0.0	0.0	0.0	0.0	0.0	0.0	0.0	0.0	0.0	0.0	0.3333333333333333	0.0	0.3333333333333333	0.0	0.0	0.0	0.0	0.0	0.0	0.0	0.0	0.0	0.0	0.0	0.0	1.0	4.666666666666666	82.66666666666657	86.66666666666652	4.333333333333333	6.666666666666664	144.99999999999974	1869.6666666665208	2151.6666666665274	3341.0000000004015	2679.0000000001005	455.99999999999153	1498.3333333332719	1915.333333333177	1010.0000000000449	690.3333333333419	568.9999999999948	258.0000000000028	279.3333333333349	282.0000000000014	50.66666666666675	8.33333333333333	1.6666666666666665	0.6666666666666666	0.3333333333333333	0.6666666666666666	0.0	0.6666666666666666	2.333333333333333	11.333333333333336	72.00000000000006	8.999999999999998	1.0	0.0	0.0	0.0	0.0	0.0	0.0	0.0	0.0	0.0	0.0	0.0	0.0	0.0	0.0	0.0	0.0	0.0	0.0	0.0	0.0	0.0	0.0	0.0	0.0	0.0	0.0	0.0	0.0	0.0
SRR6444702_2	0.0	0.0	0.0	0.0	0.0	0.0	0.0	0.0	0.0	0.0	0.0	0.0	0.0	0.0	0.0	0.0	0.0	0.0	0.0	0.0	0.0	0.0	0.0	0.0	0.0	0.0	0.0	0.0	0.0	0.0	0.0	0.0	0.6666666666666666	1.6666666666666665	1.0	0.3333333333333333	0.0	0.3333333333333333	1.0	1.0	2.333333333333333	3.666666666666667	18.333333333333336	93.99999999999974	35.99999999999998	51.66666666666676	461.9999999999912	4539.333333333675	3917.0000000006635	1047.0000000000412	204.33333333333476	721.3333333333454	1639.3333333332398	1535.99999999993	787.3333333333529	632.6666666666687	464.999999999991	302.3333333333336	48.3333333333334	14.333333333333341	61.66666666666683	263.66666666666913	97.33333333333303	20.33333333333333	5.666666666666665	1.6666666666666665	1.9999999999999998	1.3333333333333333	3.3333333333333335	2.6666666666666665	2.333333333333333	12.666666666666671	65.00000000000016	10.666666666666668	1.0	1.0	0.3333333333333333	0.6666666666666666	0.6666666666666666	0.3333333333333333	0.0	0.0	0.6666666666666666	0.0	0.0	0.0	0.0	0.0	0.0	0.0	0.3333333333333333	0.3333333333333333	0.0	0.0	0.0	0.0	0.0	0.0	0.0	0.0	0.0
SRR6444708_1	0.0	0.0	0.0	0.0	0.0	0.0	0.0	0.0	0.0	0.0	0.0	0.0	0.0	0.0	0.0	0.0	0.0	0.0	0.0	0.0	0.0	0.0	0.0	0.0	0.0	0.0	0.0	0.0	0.0	0.0	0.0	0.0	0.3333333333333333	0.0	0.0	0.0	0.0	0.0	0.0	0.6666666666666666	1.0	75.00000000000001	85.99999999999986	3.0	4.0	57.6666666666668	912.0000000000338	892.3333333333649	3764.666666667261	4203.000000000648	1383.6666666666313	860.0000000000279	1974.666666666497	756.000000000016	1180.6666666666774	796.6666666666873	190.00000000000102	490.3333333333229	538.3333333333246	94.33333333333307	14.666666666666675	1.3333333333333333	1.3333333333333333	0.6666666666666666	1.0	0.0	0.6666666666666666	1.0	10.333333333333334	66.33333333333347	8.666666666666664	1.0	1.0	0.3333333333333333	0.3333333333333333	0.0	0.0	0.0	0.0	0.0	0.0	0.0	0.0	0.0	0.0	0.0	0.0	0.0	0.0	0.0	0.0	0.0	0.0	0.0	0.0	0.0	0.0	0.0	0.0	0.0	0.0
SRR6444708_2	0.0	0.0	0.0	0.0	0.0	0.0	0.0	0.0	0.0	0.0	0.0	0.0	0.0	0.0	0.0	0.0	0.0	0.0	0.0	0.0	0.0	0.0	0.0	0.0	0.0	0.0	0.0	0.0	0.0	0.0	0.0	0.6666666666666666	0.6666666666666666	1.0	1.3333333333333333	1.3333333333333333	1.3333333333333333	1.0	0.6666666666666666	2.6666666666666665	1.6666666666666665	4.666666666666666	17.000000000000007	92.66666666666643	59.66666666666681	284.3333333333346	608.666666666666	3662.6666666672145	2264.3333333332453	928.6666666667023	286.6666666666678	467.99999999999085	1232.3333333333323	1976.6666666664964	751.0000000000155	1115.333333333359	1019.6666666667127	244.3333333333359	119.66666666666605	93.33333333333309	304.6666666666668	490.3333333333229	143.99999999999972	38.33333333333333	6.666666666666664	3.0	1.6666666666666665	1.0	0.6666666666666666	2.333333333333333	5.333333333333332	16.333333333333343	59.66666666666681	11.66666666666667	1.3333333333333333	0.0	0.0	0.0	0.0	0.3333333333333333	0.0	0.0	0.0	0.0	0.0	0.0	0.0	0.0	0.0	0.0	0.0	0.0	0.0	0.0	0.0	0.0	0.0	0.0	0.0	0.3333333333333333	0.5
SRR6444713_1	0.0	0.0	0.0	0.0	0.0	0.0	0.0	0.0	0.0	0.0	0.0	0.0	0.0	0.0	0.0	0.0	0.0	0.0	0.0	0.0	0.0	0.0	0.0	0.0	0.0	0.0	0.0	0.0	0.0	0.0	0.0	0.0	0.0	0.0	0.0	0.0	0.0	0.0	0.3333333333333333	1.6666666666666665	5.333333333333332	86.33333333333319	90.99999999999979	7.666666666666663	62.666666666666835	446.6666666666587	905.6666666666997	644.0000000000033	391.66666666666185	272.000000000002	314.66666666666623	753.3333333333491	843.0000000000259	632.6666666666687	574.9999999999955	393.99999999999505	79.33333333333329	85.99999999999986	77.99999999999997	10.666666666666668	2.333333333333333	5.333333333333332	4.999999999999999	1.6666666666666665	5.666666666666665	7.9999999999999964	2.6666666666666665	1.3333333333333333	18.000000000000004	18.833333333333336	1.4999999999999998	0.6666666666666666	0.3333333333333333	0.3333333333333333	0.0	0.0	0.0	0.0	0.0	0.0	0.0	0.0	0.0	0.0	0.0	0.0	0.0	0.0	0.0	0.0	0.0	0.0	0.0	0.0	0.0	0.0	0.0	0.0	0.0	0.0	0.0
SRR6444713_2	0.0	0.0	0.0	0.0	0.0	0.0	0.0	0.0	0.0	0.0	0.0	0.0	0.0	0.0	0.0	0.0	0.0	0.0	0.0	0.0	0.0	0.0	0.0	0.0	0.0	0.0	0.0	0.0	0.0	0.0	0.0	0.0	0.0	0.6666666666666666	1.0	0.0	0.6666666666666666	0.3333333333333333	0.6666666666666666	1.3333333333333333	3.666666666666667	4.666666666666666	18.666666666666668	91.33333333333312	32.99999999999996	87.6666666666665	285.00000000000125	1184.00000000001	677.6666666666738	310.66666666666646	142.9999999999997	330.333333333332	683.3333333333411	728.6666666666796	596.6666666666646	552.999999999993	382.33333333332905	145.3333333333331	19.999999999999996	8.33333333333333	20.999999999999993	71.66666666666673	34.3333333333333	9.666666666666666	4.333333333333333	0.6666666666666666	4.333333333333333	10.0	4.999999999999999	2.333333333333333	3.0	8.666666666666664	11.66666666666667	4.0	0.6666666666666666	0.3333333333333333	0.3333333333333333	0.0	0.0	0.0	0.0	0.0	0.0	0.0	0.0	0.0	0.0	0.3333333333333333	0.0	0.0	0.3333333333333333	0.0	0.0	0.0	0.0	0.0	0.0	0.0	0.0	0.0	0.0
SRR6444724_1	0.0	0.0	0.0	0.0	0.0	0.0	0.0	0.0	0.0	0.0	0.0	0.0	0.0	0.0	0.0	0.0	0.0	0.0	0.0	0.0	0.0	0.0	0.0	0.0	0.0	0.0	0.0	0.0	0.0	0.0	0.0	0.0	0.0	0.0	0.0	0.6666666666666666	0.6666666666666666	0.3333333333333333	0.0	0.0	0.0	0.0	0.0	3.0	5.333333333333332	76.33333333333333	1424.666666666622	985.3333333333754	2721.0000000001196	3164.000000000321	690.0000000000085	1125.3333333333567	1178.3333333333446	432.6666666666595	394.999999999995	272.000000000002	28.999999999999964	8.666666666666664	5.333333333333332	1.3333333333333333	1.0	6.333333333333331	7.33333333333333	0.3333333333333333	0.0	0.0	0.0	0.0	0.0	0.6666666666666666	0.6666666666666666	0.3333333333333333	0.0	0.6666666666666666	0.3333333333333333	0.0	0.0	0.0	0.0	0.0	0.0	0.0	0.0	0.0	0.0	0.0	0.0	0.0	0.0	0.0	0.0	0.0	0.0	0.0	0.0	0.0	0.0	0.0	0.0	0.0	0.0
SRR6444724_2	0.0	0.0	0.0	0.0	0.0	0.0	0.0	0.0	0.0	0.0	0.0	0.0	0.0	0.0	0.0	0.0	0.0	0.0	0.0	0.0	0.0	0.0	0.0	0.0	0.0	0.0	0.0	0.0	0.0	0.0	0.0	0.0	0.3333333333333333	0.3333333333333333	0.6666666666666666	0.3333333333333333	0.3333333333333333	1.6666666666666665	1.3333333333333333	1.0	1.6666666666666665	2.6666666666666665	6.999999999999997	8.666666666666664	14.666666666666675	40.66666666666668	243.66666666666922	3365.6666666670794	3128.6666666669717	730.6666666666798	171.33333333333383	232.6666666666689	815.6666666666895	993.000000000043	935.0000000000364	698.3333333333428	375.66666666666276	84.99999999999987	20.999999999999993	10.0	6.999999999999997	9.666666666666666	8.666666666666664	2.6666666666666665	1.6666666666666665	0.6666666666666666	0.0	0.0	0.3333333333333333	0.0	0.3333333333333333	0.0	1.0	1.0	0.0	0.0	0.0	0.0	0.0	0.0	0.0	0.0	0.0	0.0	0.0	0.3333333333333333	0.6666666666666666	0.0	0.0	0.0	0.0	0.0	0.0	0.0	0.0	0.0	0.0	0.0	0.0	0.3333333333333333	0.5
SRR6444735_1	0.0	0.0	0.0	0.0	0.0	0.0	0.0	0.0	0.0	0.0	0.0	0.0	0.0	0.0	0.0	0.0	0.0	0.0	0.0	0.0	0.0	0.0	0.0	0.0	0.0	0.6666666666666666	0.0	0.0	0.0	0.0	0.0	0.0	0.0	0.0	0.0	0.0	0.0	0.6666666666666666	0.3333333333333333	1.0	1.0	52.00000000000009	58.000000000000135	3.0	9.666666666666666	387.33333333332877	2200.999999999883	1459.9999999999472	1658.999999999902	1195.0000000000075	784.666666666686	1486.3333333332746	1779.333333333208	807.0000000000218	1295.333333333318	538.3333333333246	168.66666666666708	617.666666666667	613.9999999999999	56.66666666666679	8.999999999999998	1.3333333333333333	0.6666666666666666	1.0	3.3333333333333335	4.0	1.9999999999999998	2.6666666666666665	6.333333333333331	39.0	5.666666666666665	0.3333333333333333	0.0	0.0	0.0	0.3333333333333333	0.3333333333333333	0.0	0.0	0.0	0.0	0.0	0.0	0.0	0.0	0.0	0.0	0.0	0.0	0.0	0.0	0.0	0.0	0.0	0.0	0.0	0.0	0.0	0.0	0.0	0.0
SRR6444735_2	0.0	0.0	0.0	0.0	0.0	0.0	0.0	0.0	0.0	0.0	0.0	0.0	0.0	0.0	0.0	0.0	0.0	0.0	0.0	0.0	0.0	0.0	0.0	0.0	0.0	0.0	0.0	0.0	0.0	0.3333333333333333	0.3333333333333333	0.0	0.3333333333333333	1.0	1.0	0.3333333333333333	1.0	1.6666666666666665	0.3333333333333333	1.9999999999999998	2.6666666666666665	4.999999999999999	10.0	64.3333333333335	29.66666666666663	80.6666666666666	772.6666666666846	2604.3333333334	1840.9999999998606	1224.6666666666674	293.3333333333341	799.0000000000209	1386.9999999999638	1867.333333333188	973.6666666667074	734.6666666666803	480.3333333333235	300.0000000000004	47.66666666666673	17.66666666666667	129.99999999999932	584.3333333333298	189.33333333333434	27.666666666666636	7.666666666666663	4.333333333333333	1.6666666666666665	5.999999999999998	3.666666666666667	1.6666666666666665	3.0	10.333333333333334	38.33333333333333	5.333333333333332	1.0	1.0	1.0	0.3333333333333333	0.0	0.0	0.0	0.0	0.0	0.0	0.0	0.0	0.0	0.0	0.0	0.0	0.0	0.0	0.0	0.0	0.0	0.0	0.0	0.0	0.0	0.0	0.0
SRR6444736_1	0.0	0.0	0.0	0.0	0.0	0.0	0.0	0.0	0.0	0.0	0.0	0.0	0.0	0.0	0.0	0.0	0.0	0.0	0.0	0.0	0.0	0.0	0.0	0.0	0.3333333333333333	0.3333333333333333	0.0	0.3333333333333333	0.3333333333333333	0.0	0.0	0.0	0.3333333333333333	0.0	0.0	0.0	0.0	0.3333333333333333	0.6666666666666666	1.0	1.9999999999999998	28.3333333333333	29.99999999999996	5.666666666666665	24.666666666666647	243.66666666666922	2873.6666666668557	1112.3333333333596	1272.3333333333233	991.0000000000427	589.9999999999972	737.3333333333472	989.0000000000425	708.6666666666773	855.0000000000273	1249.3333333333285	471.333333333324	310.33333333333314	22.666666666666654	2.333333333333333	0.6666666666666666	0.6666666666666666	0.0	0.6666666666666666	1.3333333333333333	1.0	1.6666666666666665	1.3333333333333333	11.333333333333336	76.66666666666666	7.33333333333333	0.0	0.0	0.0	0.0	0.0	0.0	0.0	0.0	0.0	0.0	0.0	0.0	0.0	0.0	0.0	0.0	0.0	0.0	0.0	0.0	0.0	0.0	0.0	0.0	0.0	0.0	0.0	0.0	0.0	0.0
SRR6444736_2	0.0	0.0	0.0	0.0	0.0	0.0	0.0	0.0	0.0	0.0	0.0	0.0	0.0	0.0	0.0	0.0	0.0	0.0	0.0	0.0	0.0	0.0	0.0	0.0	0.0	0.0	0.0	0.0	0.0	0.0	0.0	0.3333333333333333	0.3333333333333333	1.0	2.333333333333333	1.3333333333333333	1.0	0.3333333333333333	0.6666666666666666	0.3333333333333333	1.3333333333333333	3.3333333333333335	3.0	41.000000000000014	177.00000000000065	287.00000000000114	438.33333333332587	2960.6666666668953	1725.3333333332203	1050.3333333333737	435.99999999999267	655.6666666666713	767.666666666684	864.3333333333617	491.33333333332286	762.0000000000167	1296.9999999999843	933.6666666667029	171.00000000000048	273.00000000000193	61.66666666666683	21.99999999999999	3.3333333333333335	1.0	1.0	1.0	1.9999999999999998	4.333333333333333	1.9999999999999998	1.0	3.0	15.666666666666677	71.66666666666673	8.33333333333333	1.0	0.0	0.0	0.0	0.0	0.0	0.0	0.0	0.0	0.0	0.0	0.0	0.0	0.0	0.0	0.0	0.0	0.0	0.0	0.0	0.0	0.0	0.0	0.0	0.0	0.0	0.0
SRR6444758_1	0.0	0.0	0.0	0.0	0.0	0.0	0.0	0.0	0.0	0.0	0.0	0.0	0.0	0.0	0.0	0.0	0.0	0.0	0.0	0.0	0.0	0.0	0.0	0.0	0.0	0.0	0.0	0.0	0.0	0.3333333333333333	0.0	0.0	0.0	0.0	0.0	0.0	0.0	0.0	0.0	0.6666666666666666	1.6666666666666665	34.99999999999997	34.99999999999997	0.6666666666666666	2.6666666666666665	50.333333333333414	693.6666666666756	620.6666666666673	895.0000000000318	932.3333333333694	846.0000000000263	994.0000000000431	1169.0000000000134	618.6666666666671	878.6666666666966	560.3333333333271	144.6666666666664	335.99999999999835	306.00000000000006	11.333333333333336	3.0	1.6666666666666665	0.3333333333333333	0.3333333333333333	0.3333333333333333	0.6666666666666666	0.0	1.6666666666666665	8.999999999999998	56.00000000000012	6.333333333333331	1.0	0.3333333333333333	0.3333333333333333	0.0	0.0	0.0	0.0	0.0	0.0	0.0	0.0	0.0	0.0	0.0	0.0	0.0	0.0	0.0	0.0	0.0	0.0	0.0	0.0	0.0	0.0	0.0	0.0	0.0	0.0	0.0
SRR6444758_2	0.0	0.0	0.0	0.0	0.0	0.0	0.0	0.0	0.0	0.0	0.0	0.0	0.0	0.0	0.0	0.0	0.0	0.0	0.0	0.0	0.0	0.0	0.0	0.3333333333333333	0.3333333333333333	0.0	0.0	0.0	0.3333333333333333	0.3333333333333333	0.0	0.0	0.0	0.0	0.3333333333333333	0.3333333333333333	0.0	0.3333333333333333	0.3333333333333333	1.9999999999999998	2.6666666666666665	1.3333333333333333	7.33333333333333	40.33333333333334	13.666666666666673	21.333333333333325	135.3333333333328	910.0000000000335	1018.6666666667126	1046.3333333333746	279.6666666666682	548.3333333333258	691.6666666666754	860.3333333333612	719.3333333333452	1002.3333333333774	694.3333333333424	165.33333333333366	71.3333333333334	28.3333333333333	93.66666666666642	292.00000000000085	83.33333333333323	16.00000000000001	4.0	2.333333333333333	1.6666666666666665	1.0	1.6666666666666665	1.0	3.0	11.66666666666667	50.00000000000008	8.666666666666664	1.9999999999999998	0.6666666666666666	0.3333333333333333	0.3333333333333333	0.6666666666666666	0.0	0.0	0.0	0.0	0.0	0.0	0.0	0.0	0.0	0.0	0.0	0.0	0.0	0.0	0.0	0.0	0.0	0.0	0.0	0.0	0.0	0.0
SRR6444768_1	0.0	0.0	0.0	0.0	0.0	0.0	0.0	0.0	0.0	0.0	0.0	0.0	0.0	0.0	0.0	0.0	0.0	0.0	0.0	0.0	0.0	0.0	0.0	0.0	0.0	0.3333333333333333	0.0	0.0	0.0	0.0	0.0	0.0	0.0	0.6666666666666666	1.0	0.6666666666666666	0.0	0.0	0.0	0.0	0.3333333333333333	17.66666666666667	19.999999999999996	1.3333333333333333	3.3333333333333335	42.33333333333336	483.3333333333233	364.9999999999967	243.66666666666922	956.3333333333721	1192.3333333333414	1595.666666666583	634.3333333333355	473.9999999999905	249.66666666666939	175.66666666666728	69.33333333333343	101.99999999999963	98.33333333333302	4.666666666666666	1.3333333333333333	0.3333333333333333	0.0	0.3333333333333333	1.0	1.3333333333333333	0.6666666666666666	1.3333333333333333	5.333333333333332	29.333333333333297	4.333333333333333	0.0	0.0	0.0	0.0	0.0	0.0	0.0	0.0	0.0	0.0	0.0	0.0	0.0	0.0	0.0	0.0	0.0	0.0	0.0	0.0	0.0	0.0	0.0	0.0	0.0	0.0	0.0	0.0	0.0	0.0
SRR6444768_2	0.0	0.0	0.0	0.0	0.0	0.0	0.0	0.0	0.0	0.0	0.0	0.0	0.0	0.0	0.0	0.0	0.0	0.0	0.0	0.0	0.0	0.0	0.0	0.0	0.0	0.0	0.0	0.0	0.0	0.0	0.0	0.0	0.0	0.3333333333333333	0.3333333333333333	0.0	0.0	0.3333333333333333	1.6666666666666665	1.0	0.3333333333333333	1.3333333333333333	5.999999999999998	22.666666666666654	8.666666666666664	12.333333333333337	109.33333333333286	556.66666666666	393.3333333333284	161.33333333333354	192.00000000000108	1044.333333333375	1562.3333333332573	1512.9999999999352	469.6666666666574	331.9999999999986	185.33333333333422	116.66666666666609	21.99999999999999	7.33333333333333	34.3333333333333	88.66666666666649	25.999999999999975	6.333333333333331	1.9999999999999998	1.0	1.6666666666666665	1.9999999999999998	1.9999999999999998	1.3333333333333333	2.6666666666666665	8.33333333333333	23.66666666666665	5.333333333333332	0.3333333333333333	0.3333333333333333	0.3333333333333333	0.0	0.0	0.0	0.0	0.0	0.0	0.0	0.0	0.0	0.0	0.0	0.0	0.0	0.0	0.0	0.0	0.0	0.0	0.0	0.0	0.0	0.0	0.0	0.0
SRR6444776_1	0.0	0.0	0.0	0.0	0.0	0.0	0.0	0.0	0.0	0.0	0.0	0.0	0.0	0.0	0.0	0.0	0.0	0.0	0.0	0.0	0.0	0.0	0.0	0.0	0.0	0.0	0.0	0.0	0.0	0.0	0.0	0.0	0.0	1.0	0.3333333333333333	0.0	0.0	0.0	0.3333333333333333	0.6666666666666666	0.3333333333333333	18.333333333333336	19.999999999999996	1.0	3.0	31.66666666666662	435.66666666665935	462.3333333333245	586.9999999999968	741.6666666666811	594.6666666666644	738.6666666666807	685.000000000008	341.3333333333314	405.33333333332774	238.0000000000024	83.66666666666656	573.3333333333286	562.6666666666607	16.666666666666675	4.666666666666666	1.0	0.3333333333333333	0.3333333333333333	0.3333333333333333	0.3333333333333333	0.0	0.0	9.666666666666666	54.33333333333344	3.666666666666667	0.0	0.3333333333333333	0.6666666666666666	0.3333333333333333	0.0	0.0	0.0	0.0	0.0	0.0	0.0	0.0	0.0	0.0	0.0	0.0	0.0	0.0	0.0	0.0	0.0	0.0	0.0	0.0	0.0	0.0	0.0	0.0	0.0	0.0
SRR6444776_2	0.0	0.0	0.0	0.0	0.0	0.0	0.0	0.0	0.0	0.0	0.0	0.0	0.0	0.0	0.0	0.0	0.0	0.0	0.0	0.0	0.0	0.0	0.0	0.0	0.0	0.0	0.0	0.0	0.0	0.3333333333333333	0.0	0.0	0.0	0.0	0.3333333333333333	1.0	0.3333333333333333	0.0	0.0	0.0	0.3333333333333333	0.0	2.333333333333333	20.66666666666666	5.333333333333332	11.000000000000002	127.66666666666593	667.6666666666727	727.6666666666795	729.000000000013	198.3333333333346	358.3333333333304	546.9999999999923	557.3333333333268	408.3333333333276	429.6666666666597	345.33333333333115	143.66666666666637	41.000000000000014	21.666666666666657	277.66666666666833	539.9999999999915	103.9999999999996	19.999999999999996	7.666666666666663	3.3333333333333335	2.333333333333333	0.6666666666666666	1.0	1.6666666666666665	3.3333333333333335	10.0	47.66666666666673	8.666666666666664	1.0	0.0	0.3333333333333333	0.3333333333333333	0.0	0.0	0.0	0.0	0.0	0.0	0.0	0.0	0.0	0.0	0.0	0.0	0.0	0.0	0.0	0.0	0.0	0.0	0.0	0.0	0.0	0.0	0.0
SRR6444788_1	0.0	0.0	0.0	0.0	0.0	0.0	0.0	0.0	0.0	0.0	0.0	0.0	0.0	0.0	0.0	0.0	0.0	0.0	0.0	0.0	0.0	0.0	0.0	0.0	0.0	0.0	0.3333333333333333	0.0	0.0	0.0	0.0	0.0	0.0	0.0	0.0	0.0	0.0	0.6666666666666666	1.0	1.6666666666666665	1.9999999999999998	38.666666666666664	46.00000000000005	2.6666666666666665	3.666666666666667	32.333333333333286	492.3333333333228	923.3333333333684	1202.000000000006	713.6666666666779	277.66666666666833	1256.9999999999934	1478.6666666666097	964.333333333373	967.6666666667068	711.6666666666777	246.6666666666693	62.3333333333335	4.999999999999999	1.3333333333333333	3.3333333333333335	8.999999999999998	9.666666666666666	7.666666666666663	27.666666666666636	25.999999999999975	15.666666666666677	5.666666666666665	45.00000000000004	42.00000000000002	1.3333333333333333	1.0	0.6666666666666666	0.0	0.0	0.0	0.0	0.0	0.6666666666666666	0.0	0.0	0.0	0.0	0.0	0.0	0.0	0.0	0.0	0.0	0.0	0.0	0.0	0.0	0.0	0.0	0.0	0.0	0.0	0.0	0.0	0.0
SRR6444788_2	0.0	0.0	0.0	0.0	0.0	0.0	0.0	0.0	0.0	0.0	0.0	0.0	0.0	0.0	0.0	0.0	0.0	0.0	0.0	0.0	0.0	0.0	0.0	0.0	0.0	0.0	0.0	0.0	0.0	0.0	0.0	0.0	0.3333333333333333	0.3333333333333333	0.3333333333333333	0.3333333333333333	0.0	0.6666666666666666	2.333333333333333	3.0	3.3333333333333335	3.3333333333333335	9.666666666666666	50.333333333333414	25.33333333333331	32.66666666666662	164.00000000000028	1382.6666666666315	1335.333333333309	289.000000000001	176.33333333333397	557.6666666666601	871.3333333333625	1154.0000000000168	953.3333333333718	1006.3333333333778	707.3333333333438	229.66666666666882	189.66666666666768	116.33333333333276	12.000000000000004	6.333333333333331	4.0	3.3333333333333335	10.333333333333334	6.333333333333331	13.000000000000005	35.99999999999998	18.000000000000004	8.33333333333333	7.666666666666663	19.0	31.66666666666662	13.666666666666673	1.9999999999999998	0.3333333333333333	0.0	0.0	0.0	0.0	0.3333333333333333	0.3333333333333333	0.0	0.0	0.3333333333333333	0.0	0.0	0.0	0.0	0.0	0.0	0.0	0.0	0.0	0.0	0.0	0.0	0.0	0.0	0.0	0.0
SRR6444792_1	0.0	0.0	0.0	0.0	0.0	0.0	0.0	0.0	0.0	0.0	0.0	0.0	0.0	0.0	0.0	0.0	0.0	0.0	0.0	0.0	0.0	0.0	0.0	0.0	0.0	0.0	0.0	0.0	0.0	0.0	0.0	0.0	0.0	0.0	0.0	0.0	0.0	0.3333333333333333	0.3333333333333333	0.3333333333333333	0.0	3.666666666666667	4.666666666666666	1.9999999999999998	4.0	72.66666666666671	1023.3333333333798	710.3333333333442	525.3333333333231	181.66666666666745	163.00000000000026	313.6666666666663	351.6666666666641	235.33333333333564	505.6666666666554	150.33333333333323	13.666666666666673	3.0	0.6666666666666666	0.6666666666666666	0.3333333333333333	0.3333333333333333	0.0	0.0	0.0	0.0	0.0	0.6666666666666666	3.0	22.999999999999986	1.0	0.0	0.0	0.0	0.0	0.0	0.0	0.0	0.0	0.0	0.0	0.0	0.0	0.0	0.0	0.0	0.0	0.0	0.0	0.0	0.0	0.0	0.0	0.0	0.0	0.0	0.0	0.0	0.0	0.0	0.0
SRR6444792_2	0.0	0.0	0.0	0.0	0.0	0.0	0.0	0.0	0.0	0.0	0.0	0.0	0.0	0.0	0.0	0.0	0.0	0.0	0.0	0.0	0.0	0.0	0.0	0.0	0.0	0.0	0.0	0.0	0.0	0.0	0.3333333333333333	0.3333333333333333	0.0	0.0	0.0	0.0	0.6666666666666666	0.3333333333333333	0.6666666666666666	2.333333333333333	2.333333333333333	1.0	1.3333333333333333	5.666666666666665	9.333333333333332	27.333333333333304	174.00000000000057	1340.666666666641	703.3333333333434	209.3333333333349	63.66666666666684	170.66666666666714	283.00000000000136	377.99999999999596	224.33333333333533	327.6666666666655	309.3333333333332	80.33333333333327	6.333333333333331	1.9999999999999998	0.3333333333333333	0.3333333333333333	0.0	0.0	0.6666666666666666	0.3333333333333333	0.3333333333333333	0.6666666666666666	0.3333333333333333	0.6666666666666666	1.0	2.6666666666666665	20.66666666666666	2.333333333333333	0.0	0.0	0.0	0.0	0.0	0.0	0.0	0.0	0.0	0.0	0.0	0.0	0.0	0.0	0.0	0.0	0.0	0.0	0.0	0.0	0.0	0.0	0.0	0.0	0.0	0.0	0.0
SRR6444797_1	0.0	0.0	0.0	0.0	0.0	0.0	0.0	0.0	0.0	0.0	0.0	0.0	0.0	0.0	0.0	0.0	0.0	0.0	0.0	0.0	0.0	0.0	0.0	0.0	0.0	0.0	0.0	0.0	0.0	0.0	0.0	0.0	0.0	0.0	0.0	0.0	0.0	0.0	0.0	0.3333333333333333	2.333333333333333	74.66666666666669	82.66666666666657	5.333333333333332	4.666666666666666	64.66666666666683	1451.999999999949	1560.9999999999243	3530.6666666671545	3802.000000000611	768.3333333333508	905.3333333333663	1051.3333333333735	415.9999999999938	794.3333333333537	274.0000000000019	162.6666666666669	96.33333333333304	5.666666666666665	0.6666666666666666	0.3333333333333333	1.6666666666666665	1.6666666666666665	0.6666666666666666	0.3333333333333333	1.0	0.3333333333333333	0.0	0.0	0.0	0.0	0.0	0.0	0.0	0.0	0.0	0.0	0.0	0.0	0.0	0.0	0.0	0.0	0.0	0.0	0.0	0.0	0.0	0.0	0.0	0.0	0.0	0.0	0.0	0.0	0.0	0.0	0.0	0.0	0.0	0.0
SRR6444797_2	0.0	0.0	0.0	0.0	0.0	0.0	0.0	0.0	0.0	0.0	0.0	0.0	0.0	0.0	0.0	0.0	0.0	0.0	0.0	0.0	0.0	0.0	0.0	0.0	0.0	0.0	0.0	0.0	0.0	0.0	0.0	0.0	0.3333333333333333	1.0	1.3333333333333333	1.6666666666666665	1.6666666666666665	1.9999999999999998	1.3333333333333333	4.999999999999999	6.333333333333331	6.999999999999997	15.333333333333343	87.6666666666665	35.99999999999998	57.00000000000013	301.33333333333366	3879.3333333339797	4106.000000000736	893.333333333365	174.66666666666725	211.6666666666683	656.6666666666714	1018.6666666667126	844.6666666666928	1062.6666666667043	678.6666666666739	198.66666666666794	101.6666666666663	13.000000000000005	4.666666666666666	3.666666666666667	1.3333333333333333	1.9999999999999998	4.999999999999999	2.333333333333333	0.6666666666666666	0.6666666666666666	0.0	0.3333333333333333	0.3333333333333333	0.0	0.0	0.0	0.0	0.0	0.0	0.3333333333333333	0.0	0.0	0.0	0.0	0.0	0.0	0.0	0.0	0.0	0.0	0.0	0.0	0.3333333333333333	0.0	0.0	0.0	0.0	0.0	0.0	0.0	0.0	0.0	0.0
SRR6444802_1	0.0	0.0	0.0	0.0	0.0	0.0	0.0	0.0	0.0	0.0	0.0	0.0	0.0	0.0	0.0	0.0	0.0	0.0	0.0	0.0	0.0	0.0	0.0	0.0	0.0	0.0	0.0	0.0	0.0	0.0	0.0	0.0	0.0	0.3333333333333333	0.3333333333333333	0.0	0.3333333333333333	0.6666666666666666	0.3333333333333333	1.0	1.9999999999999998	28.3333333333333	41.33333333333335	5.333333333333332	5.333333333333332	62.00000000000016	806.0000000000217	683.6666666666745	1521.6666666666	1015.6666666667122	567.3333333333279	1174.6666666666788	1656.333333333236	972.6666666667073	868.3333333333621	509.99999999998846	175.33333333333394	30.333333333333293	2.333333333333333	0.3333333333333333	3.666666666666667	3.0	1.9999999999999998	2.333333333333333	5.666666666666665	6.666666666666664	5.999999999999998	3.3333333333333335	54.00000000000011	51.33333333333342	4.333333333333333	1.9999999999999998	0.6666666666666666	0.3333333333333333	0.0	0.0	0.0	0.0	0.0	0.0	0.0	0.0	0.0	0.0	0.0	0.0	0.0	0.0	0.0	0.0	0.0	0.0	0.0	0.0	0.0	0.0	0.0	0.0	0.0	0.0	0.0
SRR6444802_2	0.0	0.0	0.0	0.0	0.0	0.0	0.0	0.0	0.0	0.0	0.0	0.0	0.0	0.0	0.0	0.0	0.0	0.0	0.0	0.0	0.0	0.0	0.0	0.0	0.0	0.0	0.0	0.0	0.0	0.0	0.0	0.0	0.0	0.0	0.6666666666666666	1.3333333333333333	0.3333333333333333	0.3333333333333333	1.6666666666666665	3.3333333333333335	2.333333333333333	3.0	7.666666666666663	38.33333333333333	26.99999999999997	26.333333333333307	191.00000000000105	1830.3333333331964	1619.3333333332444	324.33333333333235	244.66666666666924	717.333333333345	822.0000000000235	1409.6666666666254	992.3333333333762	843.0000000000259	515.9999999999887	213.00000000000168	82.66666666666657	39.66666666666667	4.999999999999999	3.3333333333333335	4.666666666666666	2.333333333333333	3.666666666666667	3.0	1.6666666666666665	7.9999999999999964	5.999999999999998	3.3333333333333335	7.9999999999999964	26.66666666666664	39.0	13.33333333333334	2.333333333333333	1.3333333333333333	1.0	0.0	0.3333333333333333	0.0	0.0	0.0	0.0	0.0	0.0	0.3333333333333333	0.0	0.0	0.0	0.0	0.0	0.0	0.0	0.0	0.0	0.0	0.0	0.0	0.0	0.0	0.0
SRR6444816_1	0.0	0.0	0.0	0.0	0.0	0.0	0.0	0.0	0.0	0.0	0.0	0.0	0.0	0.0	0.0	0.0	0.0	0.0	0.0	0.0	0.0	0.0	0.0	0.0	0.0	0.0	0.0	0.0	0.3333333333333333	0.0	1.0	0.6666666666666666	0.0	0.0	0.0	0.0	0.0	0.0	0.0	0.0	0.0	0.6666666666666666	1.0	1.0	8.33333333333333	112.99999999999947	1075.0000000000348	701.3333333333431	567.6666666666613	176.00000000000063	410.9999999999941	834.6666666666916	1340.9999999999743	867.333333333362	1086.6666666666988	714.0000000000113	98.66666666666634	1458.333333333281	1503.3333333332707	43.6666666666667	11.66666666666667	6.999999999999997	6.666666666666664	3.0	10.333333333333334	13.666666666666673	4.666666666666666	1.9999999999999998	22.666666666666654	25.666666666666643	4.0	1.0	0.6666666666666666	0.0	0.0	0.0	0.0	0.0	0.0	0.0	0.0	0.0	0.0	0.0	0.0	0.0	0.0	0.0	0.0	0.0	0.0	0.0	0.0	0.0	0.0	0.0	0.0	0.0	0.0	0.0	0.0
SRR6444816_2	0.0	0.0	0.0	0.0	0.0	0.0	0.0	0.0	0.0	0.0	0.0	0.0	0.0	0.0	0.0	0.0	0.0	0.0	0.0	0.0	0.0	0.0	0.0	0.0	0.0	0.0	0.0	0.0	0.0	0.0	0.0	0.0	0.0	0.0	0.3333333333333333	0.3333333333333333	0.6666666666666666	1.0	0.0	0.3333333333333333	1.0	1.3333333333333333	4.666666666666666	7.666666666666663	14.333333333333341	31.33333333333329	204.33333333333476	1347.3333333333062	730.3333333333464	158.0000000000001	172.33333333333385	494.666666666656	643.0000000000032	1258.3333333333264	843.3333333333593	975.6666666667077	811.0000000000223	131.99999999999937	56.66666666666679	80.33333333333327	1101.6666666666954	1368.3333333333014	190.6666666666677	37.66666666666666	19.666666666666664	7.666666666666663	5.333333333333332	14.000000000000007	11.333333333333336	4.999999999999999	4.333333333333333	25.666666666666643	21.99999999999999	1.3333333333333333	0.3333333333333333	0.3333333333333333	0.0	0.0	0.0	0.0	0.0	0.0	0.0	0.0	0.0	0.0	0.0	0.0	0.0	0.0	0.0	0.0	0.0	0.0	0.0	0.0	0.0	0.0	0.0	0.0	0.5
SRR6444823_1	0.0	0.0	0.0	0.0	0.0	0.0	0.0	0.0	0.0	0.0	0.0	0.0	0.0	0.0	0.0	0.0	0.0	0.0	0.0	0.0	0.0	0.0	0.3333333333333333	0.3333333333333333	0.3333333333333333	0.0	0.0	0.0	0.6666666666666666	0.3333333333333333	0.0	0.3333333333333333	0.3333333333333333	0.0	0.0	0.0	0.0	0.0	0.6666666666666666	0.6666666666666666	1.0	1.0	1.6666666666666665	1.6666666666666665	1.9999999999999998	12.000000000000004	82.66666666666657	2648.6666666667534	4950.999999999967	2880.3333333335254	325.3333333333323	1417.6666666666235	1155.3333333333499	1312.6666666666474	1450.3333333332828	698.0000000000094	413.6666666666606	144.33333333333306	100.66666666666632	5.333333333333332	5.666666666666665	8.666666666666664	4.0	1.3333333333333333	0.6666666666666666	0.3333333333333333	0.0	0.0	0.0	0.0	0.0	0.0	0.0	0.0	0.0	0.0	0.0	0.0	0.0	0.0	0.0	0.0	0.3333333333333333	0.3333333333333333	0.0	0.0	0.0	0.0	0.0	0.0	0.0	0.0	0.0	0.0	0.0	0.0	0.0	0.0	0.0	0.0	0.0
SRR6444823_2	0.0	0.0	0.0	0.0	0.0	0.0	0.0	0.0	0.0	0.0	0.0	0.0	0.0	0.0	0.0	0.0	0.0	0.0	0.0	0.0	0.0	0.0	0.0	0.0	0.0	0.0	0.0	0.0	0.0	0.3333333333333333	0.3333333333333333	1.0	1.0	0.6666666666666666	1.6666666666666665	1.9999999999999998	2.333333333333333	1.6666666666666665	1.3333333333333333	1.0	1.9999999999999998	2.6666666666666665	4.0	6.666666666666664	16.00000000000001	30.666666666666625	127.66666666666593	2845.3333333335095	5295.333333332987	826.000000000024	209.66666666666825	424.33333333332666	1382.6666666666315	1137.0000000000207	1106.333333333361	1346.3333333333064	735.6666666666804	292.00000000000085	186.33333333333425	159.00000000000014	87.6666666666665	96.66666666666637	12.666666666666671	4.666666666666666	9.333333333333332	1.3333333333333333	0.6666666666666666	0.3333333333333333	0.0	0.0	0.0	0.0	0.0	0.0	0.0	0.0	0.0	0.0	0.0	0.0	0.0	0.0	0.0	0.0	0.0	0.0	0.0	0.0	0.3333333333333333	0.0	0.0	0.0	0.0	0.0	0.0	0.0	0.0	0.0	0.0	0.0	0.0
SRR6444824_1	0.0	0.0	0.0	0.0	0.0	0.0	0.0	0.0	0.0	0.0	0.0	0.0	0.0	0.0	0.0	0.0	0.0	0.0	0.0	0.0	0.0	0.0	0.0	0.0	0.3333333333333333	0.0	0.6666666666666666	0.3333333333333333	0.0	0.0	0.0	0.0	0.0	0.3333333333333333	0.3333333333333333	0.0	0.3333333333333333	0.3333333333333333	0.6666666666666666	0.6666666666666666	1.6666666666666665	47.33333333333339	65.33333333333348	7.666666666666663	12.666666666666671	171.33333333333383	2892.0000000001974	1527.9999999999318	2584.333333333391	1281.6666666666545	588.3333333333303	1220.6666666666683	1604.3333333332478	1293.3333333333185	719.3333333333452	525.3333333333231	251.3333333333361	26.99999999999997	1.3333333333333333	0.3333333333333333	2.333333333333333	1.0	0.3333333333333333	0.3333333333333333	0.3333333333333333	0.3333333333333333	0.6666666666666666	1.0	12.666666666666671	12.666666666666671	1.9999999999999998	0.6666666666666666	0.0	0.0	0.0	0.0	0.0	0.0	0.0	0.0	0.0	0.0	0.0	0.0	0.0	0.0	0.0	0.0	0.0	0.0	0.0	0.0	0.0	0.0	0.0	0.0	0.0	0.0	0.0	0.0	0.0
SRR6444824_2	0.0	0.0	0.0	0.0	0.0	0.0	0.0	0.0	0.0	0.0	0.0	0.0	0.0	0.0	0.0	0.0	0.0	0.0	0.0	0.0	0.0	0.0	0.0	0.0	0.0	0.0	0.0	0.0	0.0	0.0	0.0	0.3333333333333333	0.3333333333333333	1.0	1.9999999999999998	1.0	0.6666666666666666	1.0	1.3333333333333333	2.333333333333333	4.666666666666666	6.666666666666664	13.666666666666673	68.00000000000011	40.00000000000001	53.333333333333435	476.99999999999034	4472.000000000403	3021.666666666923	348.6666666666643	263.66666666666913	765.000000000017	821.0000000000234	1689.3333333332284	1110.6666666666933	613.6666666666665	322.9999999999991	167.66666666666706	224.000000000002	134.66666666666612	10.666666666666668	4.999999999999999	3.0	1.0	1.0	0.3333333333333333	0.6666666666666666	1.0	1.0	1.0	1.6666666666666665	10.666666666666668	10.0	3.3333333333333335	0.3333333333333333	0.0	0.0	0.0	0.0	0.3333333333333333	0.3333333333333333	0.0	0.0	0.0	0.0	0.0	0.0	0.0	0.0	0.0	0.0	0.0	0.3333333333333333	0.3333333333333333	0.0	0.0	0.0	0.0	0.0	0.0	0.0
SRR6444838_1	0.0	0.0	0.0	0.0	0.0	0.0	0.0	0.0	0.0	0.0	0.0	0.0	0.0	0.0	0.0	0.0	0.0	0.0	0.0	0.0	0.0	0.0	0.0	0.0	0.0	0.0	0.0	0.0	0.0	0.0	0.0	0.0	0.0	0.0	0.0	0.0	0.0	0.0	0.0	0.0	0.3333333333333333	31.33333333333329	33.66666666666663	1.6666666666666665	3.666666666666667	87.6666666666665	1196.3333333333405	421.66666666666015	1746.999999999882	2056.3333333331507	795.0000000000205	485.3333333333232	635.0000000000023	221.6666666666686	502.33333333332223	296.33333333333394	62.00000000000016	140.6666666666663	138.66666666666623	5.999999999999998	0.0	0.3333333333333333	0.0	0.0	0.3333333333333333	0.0	0.0	0.0	2.6666666666666665	14.000000000000007	0.3333333333333333	0.0	0.0	0.5	0.5	0.0	0.0	0.0	0.0	0.0	0.0	0.0	0.0	0.0	0.0	0.0	0.0	0.0	0.0	0.0	0.0	0.0	0.0	0.0	0.0	0.0	0.0	0.0	0.0	0.0	0.0
SRR6444838_2	0.0	0.0	0.0	0.0	0.0	0.0	0.0	0.0	0.0	0.0	0.0	0.0	0.0	0.0	0.0	0.0	0.0	0.0	0.0	0.0	0.0	0.0	0.0	0.0	0.0	0.0	0.0	0.0	0.0	0.0	0.0	0.0	0.0	0.3333333333333333	0.3333333333333333	0.3333333333333333	0.6666666666666666	0.3333333333333333	0.6666666666666666	0.6666666666666666	2.6666666666666665	4.333333333333333	12.000000000000004	53.0000000000001	122.666666666666	584.9999999999966	376.3333333333294	2142.33333333319	825.0000000000239	252.00000000000279	116.66666666666609	209.3333333333349	869.6666666666956	774.3333333333514	242.0000000000025	456.9999999999915	492.6666666666561	82.33333333333324	49.00000000000007	42.66666666666669	107.33333333333289	127.3333333333326	18.000000000000004	6.333333333333331	1.3333333333333333	1.0	1.3333333333333333	0.3333333333333333	0.0	0.0	0.0	4.666666666666666	11.66666666666667	0.3333333333333333	0.0	0.0	0.0	0.0	0.0	0.3333333333333333	0.3333333333333333	0.0	0.0	0.0	0.0	0.0	0.0	0.0	0.0	0.0	0.0	0.0	0.0	0.0	0.0	0.0	0.3333333333333333	0.3333333333333333	0.3333333333333333	0.3333333333333333	0.0
SRR6444840_1	0.0	0.0	0.0	0.0	0.0	0.0	0.0	0.0	0.0	0.0	0.0	0.0	0.0	0.0	0.0	0.0	0.0	0.0	0.0	0.0	0.0	0.0	0.0	0.0	0.0	0.3333333333333333	0.0	0.0	0.3333333333333333	0.0	0.0	0.0	0.0	0.0	0.0	0.0	0.0	0.0	0.3333333333333333	0.6666666666666666	1.9999999999999998	43.333333333333364	62.3333333333335	5.333333333333332	5.999999999999998	121.99999999999935	1714.9999999998893	1749.9999999998813	2945.0000000002215	1634.333333333241	246.00000000000261	1278.333333333322	1369.3333333333012	466.6666666666576	534.3333333333242	386.3333333333288	177.66666666666734	7.33333333333333	1.9999999999999998	2.6666666666666665	1.9999999999999998	3.0	2.6666666666666665	0.0	0.6666666666666666	0.6666666666666666	0.3333333333333333	0.6666666666666666	41.000000000000014	42.33333333333336	3.3333333333333335	1.0	0.0	0.0	0.0	0.0	0.0	0.0	0.0	0.0	0.0	0.0	0.0	0.0	0.0	0.0	0.0	0.0	0.0	0.0	0.0	0.0	0.0	0.0	0.0	0.0	0.0	0.0	0.0	0.0	0.0
SRR6444840_2	0.0	0.0	0.0	0.0	0.0	0.0	0.0	0.0	0.0	0.0	0.0	0.0	0.0	0.0	0.0	0.0	0.0	0.0	0.0	0.0	0.0	0.0	0.0	0.0	0.0	0.0	0.0	0.0	0.0	0.0	0.0	0.3333333333333333	0.3333333333333333	0.0	0.0	0.6666666666666666	1.0	0.6666666666666666	2.333333333333333	2.6666666666666665	2.6666666666666665	4.0	14.333333333333341	70.66666666666674	42.00000000000002	50.00000000000008	440.33333333332575	4192.000000000658	2833.333333333504	312.99999999999966	174.66666666666725	462.6666666666578	889.6666666666979	966.0000000000399	639.6666666666695	556.3333333333267	302.3333333333336	112.99999999999947	201.33333333333468	120.3333333333327	7.33333333333333	2.6666666666666665	3.0	1.6666666666666665	4.333333333333333	1.9999999999999998	1.3333333333333333	1.0	1.3333333333333333	2.6666666666666665	4.999999999999999	26.66666666666664	30.666666666666625	8.33333333333333	1.0	0.0	0.0	0.0	0.0	0.0	0.0	0.0	0.0	0.0	0.0	0.3333333333333333	0.3333333333333333	0.0	0.0	0.0	0.0	0.0	0.0	0.0	0.0	0.0	0.0	0.0	0.0	0.0	0.0
SRR6444846_1	0.0	0.0	0.0	0.0	0.0	0.0	0.0	0.0	0.0	0.0	0.0	0.0	0.0	0.0	0.0	0.0	0.0	0.0	0.0	0.0	0.0	0.0	0.0	0.0	0.0	0.0	0.0	0.0	0.0	0.0	0.0	0.0	0.0	0.0	0.0	0.0	0.0	0.0	1.3333333333333333	0.6666666666666666	1.9999999999999998	48.3333333333334	50.333333333333414	13.000000000000005	224.66666666666868	363.99999999999676	543.3333333333252	704.3333333333435	809.3333333333554	569.6666666666615	381.99999999999574	868.3333333333621	696.3333333333426	670.666666666673	887.3333333333643	436.9999999999926	73.6666666666667	100.99999999999964	69.66666666666676	14.333333333333341	3.3333333333333335	7.33333333333333	6.999999999999997	0.6666666666666666	6.666666666666664	4.333333333333333	1.9999999999999998	1.0	6.333333333333331	40.66666666666668	3.3333333333333335	3.3333333333333335	3.0	0.0	0.0	0.0	0.0	0.6666666666666666	0.3333333333333333	0.0	0.0	0.0	0.0	0.0	0.0	0.0	0.0	0.0	0.0	0.0	0.0	0.0	0.0	0.0	0.0	0.0	0.0	0.0	0.0	0.0	0.0
SRR6444846_2	0.0	0.0	0.0	0.0	0.0	0.0	0.0	0.0	0.0	0.0	0.0	0.0	0.0	0.0	0.0	0.0	0.0	0.0	0.0	0.0	0.0	0.0	0.0	0.0	0.0	0.0	0.0	0.0	0.0	0.0	0.0	0.0	0.3333333333333333	0.3333333333333333	0.0	0.0	0.0	0.3333333333333333	0.3333333333333333	1.6666666666666665	2.333333333333333	4.0	11.000000000000002	58.33333333333347	31.999999999999954	259.33333333333604	343.9999999999979	934.3333333333696	841.6666666666924	375.66666666666276	212.333333333335	529.9999999999903	707.6666666666772	580.9999999999961	721.000000000012	801.3333333333545	382.33333333332905	123.66666666666599	116.66666666666609	25.33333333333331	19.666666666666664	71.00000000000007	28.666666666666632	11.000000000000002	2.6666666666666665	1.6666666666666665	4.666666666666666	7.666666666666663	5.666666666666665	2.333333333333333	1.3333333333333333	7.666666666666663	36.999999999999986	4.999999999999999	0.6666666666666666	2.333333333333333	3.0	0.0	0.0	0.0	0.0	0.0	0.0	0.0	0.0	0.0	0.0	0.0	0.0	0.0	0.0	0.0	0.0	0.3333333333333333	0.6666666666666666	0.0	0.0	0.0	0.0	0.0	0.0
SRR6444849_1	0.0	0.0	0.0	0.0	0.0	0.0	0.0	0.0	0.0	0.0	0.0	0.0	0.0	0.0	0.0	0.0	0.0	0.0	0.0	0.0	0.0	0.0	0.0	0.0	0.0	0.0	0.0	0.0	0.0	0.3333333333333333	0.3333333333333333	0.0	0.0	0.0	0.0	0.0	0.0	0.0	0.0	0.0	1.6666666666666665	43.00000000000003	40.33333333333334	1.6666666666666665	7.666666666666663	75.66666666666667	865.6666666666952	1224.3333333333342	1360.6666666666365	741.3333333333477	495.99999999998926	1499.9999999999382	1691.6666666665612	1698.3333333332264	1963.6666666664994	958.000000000039	141.66666666666632	215.00000000000173	222.00000000000193	11.66666666666667	6.333333333333331	4.999999999999999	4.999999999999999	2.6666666666666665	7.9999999999999964	8.999999999999998	4.0	5.999999999999998	32.66666666666662	173.66666666666723	19.666666666666664	0.6666666666666666	0.0	0.0	0.0	0.0	0.0	0.0	0.0	0.0	0.0	0.0	0.0	0.0	0.0	0.0	0.0	0.0	0.0	0.0	0.0	0.0	0.0	0.0	0.0	0.0	0.0	0.0	0.0	0.0	0.0
SRR6444849_2	0.0	0.0	0.0	0.0	0.0	0.0	0.0	0.0	0.0	0.0	0.0	0.0	0.0	0.0	0.0	0.0	0.0	0.0	0.0	0.0	0.0	0.0	0.0	0.0	0.0	0.0	0.0	0.0	0.0	0.0	0.0	0.3333333333333333	0.3333333333333333	0.3333333333333333	0.6666666666666666	0.3333333333333333	0.6666666666666666	0.3333333333333333	1.6666666666666665	1.6666666666666665	2.333333333333333	4.666666666666666	9.666666666666666	48.666666666666735	21.666666666666657	33.33333333333329	231.33333333333553	1662.3333333332346	969.3333333333736	799.0000000000209	255.00000000000287	634.3333333333355	1228.3333333333333	1795.6666666665376	1580.3333333332532	1585.6666666665853	939.6666666667036	294.33333333333405	53.0000000000001	19.999999999999996	168.66666666666708	209.66666666666825	28.666666666666632	5.999999999999998	7.33333333333333	3.0	3.0	13.666666666666673	11.000000000000002	6.999999999999997	11.333333333333336	41.33333333333335	150.66666666666657	28.666666666666632	2.333333333333333	0.6666666666666666	0.6666666666666666	0.3333333333333333	0.6666666666666666	0.6666666666666666	0.0	0.0	0.0	0.0	0.0	0.0	0.0	0.0	0.0	0.0	0.0	0.0	0.0	0.0	0.0	0.0	0.0	0.0	0.0	0.0	0.0
SRR6444854_1	0.0	0.0	0.0	0.0	0.0	0.0	0.0	0.0	0.0	0.0	0.0	0.0	0.0	0.0	0.0	0.0	0.0	0.0	0.0	0.0	0.0	0.0	0.0	0.0	0.0	0.0	0.0	0.0	0.0	0.0	0.0	0.0	0.0	0.0	0.0	0.0	0.0	0.0	0.3333333333333333	0.0	0.0	0.0	0.0	0.0	0.0	0.0	13.666666666666673	32.99999999999996	37.99999999999999	43.6666666666667	88.66666666666649	127.3333333333326	40.33333333333334	87.99999999999983	52.33333333333343	37.33333333333332	110.66666666666617	4072.666666667401	4140.666666667371	73.6666666666667	19.666666666666664	5.999999999999998	2.333333333333333	1.3333333333333333	0.0	0.3333333333333333	0.6666666666666666	0.3333333333333333	1.0	6.333333333333331	0.0	0.0	0.0	0.0	0.0	0.0	0.0	0.0	0.0	0.0	0.0	0.0	0.0	0.0	0.0	0.0	0.0	0.0	0.0	0.0	0.0	0.0	0.0	0.0	0.0	0.0	0.0	0.0	0.0	0.0	0.0
SRR6444854_2	0.0	0.0	0.0	0.0	0.0	0.0	0.0	0.0	0.0	0.0	0.0	0.0	0.0	0.0	0.0	0.0	0.0	0.0	0.0	0.0	0.0	0.0	0.0	0.0	0.0	0.0	0.0	0.0	0.0	0.0	0.0	0.0	0.0	0.0	0.0	0.0	0.0	0.0	0.0	0.0	0.0	0.0	0.3333333333333333	0.3333333333333333	0.0	1.6666666666666665	5.333333333333332	24.99999999999998	37.66666666666666	53.0000000000001	79.99999999999994	71.3333333333334	89.66666666666647	99.99999999999966	39.66666666666667	17.000000000000007	25.666666666666643	30.666666666666625	47.33333333333339	114.33333333333279	975.3333333333743	3831.6666666672913	1226.0000000000005	195.3333333333345	49.00000000000007	17.000000000000007	6.333333333333331	3.0	1.0	1.0	1.0	1.6666666666666665	6.333333333333331	0.3333333333333333	0.6666666666666666	0.3333333333333333	0.0	0.0	0.0	0.0	0.3333333333333333	0.3333333333333333	0.0	0.0	0.0	0.0	0.0	0.3333333333333333	0.0	0.0	0.0	0.0	0.0	0.0	0.0	0.0	0.0	0.0	0.0	0.0	0.0
SRR6444859_1	0.0	0.0	0.0	0.0	0.0	0.0	0.0	0.0	0.0	0.0	0.0	0.0	0.0	0.0	0.0	0.0	0.0	0.0	0.0	0.0	0.0	0.0	0.0	0.0	0.0	0.0	0.0	0.0	0.0	0.3333333333333333	0.0	0.0	0.3333333333333333	1.9999999999999998	1.6666666666666665	0.0	0.6666666666666666	0.6666666666666666	0.3333333333333333	0.0	0.0	0.3333333333333333	0.3333333333333333	2.333333333333333	11.333333333333336	99.333333333333	1163.0000000000148	1317.333333333313	1103.3333333333617	1329.3333333333103	1365.9999999999686	2446.6666666666615	1436.333333333286	631.3333333333352	838.6666666666921	792.3333333333535	102.66666666666629	18.000000000000004	4.999999999999999	7.33333333333333	4.999999999999999	4.333333333333333	1.3333333333333333	1.0	1.3333333333333333	1.3333333333333333	1.0	0.3333333333333333	0.6666666666666666	5.333333333333332	1.0	0.3333333333333333	0.0	0.0	0.0	0.0	0.0	0.0	0.0	0.0	0.0	0.0	0.0	0.0	0.0	0.0	0.0	0.0	0.0	0.0	0.0	0.0	0.0	0.0	0.0	0.0	0.0	0.0	0.0	0.0	0.0
SRR6444859_2	0.0	0.0	0.0	0.0	0.0	0.0	0.0	0.0	0.0	0.0	0.0	0.0	0.0	0.0	0.0	0.0	0.0	0.0	0.0	0.0	0.0	0.0	0.0	0.0	0.0	0.0	0.0	0.0	0.0	0.0	0.0	0.0	0.0	0.0	0.6666666666666666	1.6666666666666665	1.9999999999999998	1.0	2.333333333333333	2.333333333333333	2.6666666666666665	4.333333333333333	3.666666666666667	2.6666666666666665	11.000000000000002	33.33333333333329	230.00000000000216	1730.6666666665524	1500.999999999938	425.6666666666599	369.9999999999964	1380.666666666632	2413.99999999998	2083.333333333163	889.3333333333645	751.6666666666822	389.9999999999953	302.6666666666669	58.666666666666806	14.333333333333341	7.666666666666663	7.9999999999999964	7.666666666666663	3.0	3.3333333333333335	1.0	1.6666666666666665	2.6666666666666665	1.0	0.0	0.0	0.6666666666666666	4.666666666666666	0.6666666666666666	0.3333333333333333	0.0	0.0	0.0	0.0	0.0	0.0	0.0	0.0	0.0	0.3333333333333333	0.3333333333333333	0.0	0.0	0.0	0.0	0.3333333333333333	0.3333333333333333	0.0	0.0	0.0	0.0	0.0	0.0	0.3333333333333333	0.0	0.0
SRR6444863_1	0.0	0.0	0.0	0.0	0.0	0.0	0.0	0.0	0.0	0.0	0.0	0.0	0.0	0.0	0.0	0.0	0.0	0.0	0.0	0.0	0.0	0.0	0.0	0.0	0.0	1.0	0.3333333333333333	0.0	0.0	0.0	0.0	0.0	0.0	0.0	0.0	0.0	0.0	0.0	0.3333333333333333	0.0	0.0	15.000000000000009	16.333333333333343	1.3333333333333333	10.0	147.99999999999983	1926.6666666665078	972.6666666667073	667.3333333333393	425.6666666666599	562.3333333333273	1473.6666666666108	1750.999999999881	1233.3333333333321	1373.6666666666335	659.000000000005	1408.6666666666256	1347.3333333333062	37.66666666666666	4.999999999999999	1.3333333333333333	0.3333333333333333	0.3333333333333333	0.6666666666666666	0.6666666666666666	1.0	1.0	2.6666666666666665	19.0	107.66666666666622	11.66666666666667	1.3333333333333333	1.0	1.0	0.0	0.0	0.0	0.0	0.0	0.0	0.0	0.0	0.0	0.0	0.0	0.0	0.0	0.0	0.0	0.0	0.0	0.0	0.0	0.0	0.0	0.0	0.0	0.0	0.0	0.0	0.0
SRR6444863_2	0.0	0.0	0.0	0.0	0.0	0.0	0.0	0.0	0.0	0.0	0.0	0.0	0.0	0.0	0.0	0.0	0.0	0.0	0.0	0.0	0.0	0.0	0.0	0.0	0.0	0.0	0.0	0.0	0.0	0.0	0.0	0.0	0.6666666666666666	0.6666666666666666	0.6666666666666666	1.0	0.6666666666666666	1.6666666666666665	1.6666666666666665	0.6666666666666666	1.3333333333333333	3.0	6.999999999999997	26.99999999999997	130.666666666666	259.66666666666936	365.99999999999665	2079.6666666664946	937.6666666667033	485.6666666666565	310.33333333333314	665.6666666666724	1490.3333333332737	1680.6666666665637	1037.66666666671	1160.3333333333487	971.6666666667072	247.333333333336	267.6666666666689	1283.9999999999873	247.00000000000264	37.99999999999999	11.000000000000002	5.333333333333332	3.666666666666667	1.3333333333333333	0.0	1.9999999999999998	3.3333333333333335	3.0	4.0	21.99999999999999	104.33333333333293	11.66666666666667	0.3333333333333333	0.0	0.0	0.0	0.0	0.0	0.0	0.0	0.0	0.0	0.0	0.0	0.0	0.0	0.0	0.0	0.0	0.0	0.3333333333333333	0.0	0.0	0.0	0.0	0.0	0.0	0.0	0.0
SRR6444864_1	0.0	0.0	0.0	0.0	0.0	0.0	0.0	0.0	0.0	0.0	0.0	0.0	0.0	0.0	0.0	0.0	0.0	0.0	0.0	0.0	0.0	0.0	0.0	0.0	0.0	0.0	0.0	0.0	0.0	0.0	0.0	0.0	0.0	0.0	0.0	0.0	0.0	0.0	0.3333333333333333	0.3333333333333333	0.0	0.0	0.0	0.3333333333333333	0.6666666666666666	1.9999999999999998	6.999999999999997	8.33333333333333	15.333333333333343	587.6666666666636	1608.66666666658	2614.666666666738	401.6666666666613	181.00000000000077	209.66666666666825	83.99999999999989	12.333333333333337	21.99999999999999	24.333333333333314	1.3333333333333333	1.0	5.333333333333332	4.999999999999999	0.0	0.0	0.0	0.0	0.0	0.3333333333333333	5.333333333333332	1.3333333333333333	0.0	0.0	0.0	0.0	0.0	0.0	0.0	0.0	0.0	0.0	0.0	0.0	0.0	0.0	0.0	0.0	0.0	0.0	0.0	0.0	0.0	0.0	0.0	0.0	0.0	0.0	0.0	0.0	0.0	0.0
SRR6444864_2	0.0	0.0	0.0	0.0	0.0	0.0	0.0	0.0	0.0	0.0	0.0	0.0	0.0	0.0	0.0	0.0	0.0	0.0	0.0	0.0	0.0	0.0	0.0	0.0	0.0	0.0	0.0	0.0	0.0	0.0	0.0	0.0	0.0	0.0	0.0	0.0	0.0	0.0	0.3333333333333333	0.6666666666666666	1.0	1.0	1.3333333333333333	0.3333333333333333	4.333333333333333	7.33333333333333	10.0	19.666666666666664	28.999999999999964	69.66666666666676	237.66666666666904	1398.9999999999611	2758.33333333347	2139.666666666522	238.33333333333573	201.33333333333468	81.66666666666659	20.33333333333333	6.999999999999997	4.999999999999999	5.333333333333332	19.333333333333332	14.333333333333341	4.999999999999999	1.0	1.6666666666666665	1.0	0.0	0.0	0.0	0.3333333333333333	1.3333333333333333	4.0	0.3333333333333333	0.0	0.0	0.0	0.3333333333333333	0.3333333333333333	0.0	0.0	0.0	0.3333333333333333	0.0	0.0	0.3333333333333333	0.0	0.0	0.0	0.0	0.0	0.3333333333333333	0.0	0.0	0.0	0.0	0.0	0.0	0.0	0.0	0.0
SRR6444881_1	0.0	0.0	0.0	0.0	0.0	0.0	0.0	0.0	0.0	0.0	0.0	0.0	0.0	0.0	0.0	0.0	0.0	0.0	0.0	0.0	0.0	0.0	0.3333333333333333	0.3333333333333333	0.0	0.0	0.0	0.6666666666666666	1.0	0.0	0.0	0.0	0.0	0.0	0.0	0.0	0.0	0.0	0.3333333333333333	0.0	0.6666666666666666	41.666666666666686	49.33333333333341	13.666666666666673	219.00000000000185	351.99999999999744	709.3333333333441	1035.3333333333771	1487.9999999999409	1145.3333333333521	673.0000000000066	1510.9999999999357	1171.000000000013	1218.0000000000023	1312.6666666666474	602.6666666666653	116.33333333333276	180.00000000000074	157.66666666666677	25.33333333333331	4.666666666666666	1.6666666666666665	1.3333333333333333	0.3333333333333333	4.0	2.333333333333333	1.9999999999999998	3.0	20.999999999999993	86.33333333333319	6.999999999999997	5.333333333333332	4.666666666666666	0.0	0.0	0.0	0.0	0.0	0.0	0.0	0.0	0.0	0.0	0.0	0.0	0.0	0.0	0.0	0.0	0.0	0.0	0.0	0.0	0.0	0.0	0.0	0.0	0.0	0.0	0.0	0.0
SRR6444881_2	0.0	0.0	0.0	0.0	0.0	0.0	0.0	0.0	0.0	0.0	0.0	0.0	0.0	0.0	0.0	0.0	0.0	0.0	0.0	0.0	0.0	0.0	0.0	0.0	0.0	0.0	0.0	0.0	0.0	0.0	0.0	0.3333333333333333	0.6666666666666666	1.0	1.0	0.3333333333333333	0.3333333333333333	1.0	1.6666666666666665	1.9999999999999998	2.6666666666666665	5.333333333333332	12.666666666666671	57.333333333333464	44.000000000000036	288.3333333333344	429.6666666666597	1235.3333333333317	1347.3333333333062	882.6666666666971	454.9999999999916	933.6666666667029	1185.0000000000098	974.0000000000408	1171.3333333333462	1096.00000000003	582.3333333333296	265.666666666669	178.66666666666737	51.66666666666676	47.33333333333339	138.3333333333329	66.33333333333347	14.666666666666675	4.333333333333333	4.333333333333333	5.999999999999998	5.333333333333332	4.333333333333333	3.3333333333333335	5.999999999999998	24.99999999999998	70.66666666666674	16.00000000000001	2.6666666666666665	3.3333333333333335	2.6666666666666665	0.3333333333333333	0.3333333333333333	0.0	0.0	0.0	0.0	0.0	0.0	0.0	0.0	0.0	0.0	0.6666666666666666	0.3333333333333333	0.0	0.0	0.0	0.0	0.0	0.0	0.0	0.3333333333333333	0.3333333333333333	0.0
SRR6444885_1	0.0	0.0	0.0	0.0	0.0	0.0	0.0	0.0	0.0	0.0	0.0	0.0	0.0	0.0	0.0	0.0	0.0	0.0	0.0	0.0	0.0	0.0	0.0	0.0	0.0	0.0	0.0	0.0	0.0	0.0	0.0	0.0	0.3333333333333333	1.0	0.6666666666666666	0.0	0.0	0.0	0.0	0.0	2.333333333333333	36.66666666666665	35.99999999999998	3.0	3.0	37.66666666666666	577.333333333329	453.99999999999164	376.3333333333294	648.6666666666705	1387.6666666666304	2599.3333333333976	1143.0000000000193	764.6666666666837	1074.000000000035	652.3333333333376	100.66666666666632	84.33333333333321	73.6666666666667	3.666666666666667	1.3333333333333333	0.3333333333333333	1.9999999999999998	4.333333333333333	7.666666666666663	8.666666666666664	5.999999999999998	3.0	9.666666666666666	60.66666666666682	7.33333333333333	0.3333333333333333	0.3333333333333333	0.3333333333333333	0.0	0.0	0.0	0.0	0.0	0.0	0.0	0.0	0.0	0.0	0.0	0.0	0.0	0.0	0.0	0.0	0.0	0.0	0.0	0.0	0.0	0.0	0.0	0.0	0.0	0.0	0.0
SRR6444885_2	0.0	0.0	0.0	0.0	0.0	0.0	0.0	0.0	0.0	0.0	0.0	0.0	0.0	0.0	0.0	0.0	0.0	0.0	0.0	0.0	0.0	0.0	0.0	0.0	0.0	0.0	0.0	0.0	0.0	0.0	0.0	0.0	0.0	0.0	0.0	0.0	0.0	0.3333333333333333	0.6666666666666666	1.3333333333333333	0.6666666666666666	1.0	8.33333333333333	40.00000000000001	32.66666666666662	138.3333333333329	111.33333333333283	563.6666666666608	456.33333333332484	310.9999999999998	278.00000000000165	1326.9999999999775	2578.0000000000546	2308.6666666665988	800.3333333333544	985.3333333333754	761.33333333335	254.33333333333618	45.33333333333338	14.666666666666675	16.333333333333343	65.00000000000016	26.99999999999997	7.666666666666663	1.9999999999999998	4.999999999999999	10.0	7.33333333333333	5.999999999999998	3.0	4.0	11.000000000000002	53.333333333333435	9.666666666666666	2.333333333333333	1.9999999999999998	0.3333333333333333	0.0	0.3333333333333333	0.3333333333333333	0.0	0.3333333333333333	0.3333333333333333	0.3333333333333333	0.3333333333333333	0.0	0.0	0.6666666666666666	0.6666666666666666	0.0	0.0	0.0	0.0	0.0	0.3333333333333333	0.0	0.0	0.0	0.0	0.0	0.0
SRR6444903_1	0.0	0.0	0.0	0.0	0.0	0.0	0.0	0.0	0.0	0.0	0.0	0.0	0.0	0.0	0.0	0.0	0.0	0.0	0.0	0.0	0.0	0.0	0.0	0.0	0.0	0.0	0.0	0.0	0.0	0.0	0.0	0.0	0.0	0.0	0.0	0.0	0.0	0.0	0.0	0.0	0.0	0.0	0.0	1.0	2.6666666666666665	42.33333333333336	644.0000000000033	566.6666666666612	595.9999999999978	510.6666666666551	637.0000000000025	1297.3333333333176	1030.000000000045	729.000000000013	607.6666666666658	533.6666666666574	145.3333333333331	18.333333333333336	10.333333333333334	37.66666666666666	4.333333333333333	1.9999999999999998	1.3333333333333333	1.6666666666666665	12.000000000000004	10.333333333333334	2.333333333333333	1.6666666666666665	3.3333333333333335	21.333333333333325	2.6666666666666665	0.3333333333333333	0.3333333333333333	0.0	0.0	0.0	0.0	0.0	0.0	0.0	0.0	0.0	0.0	0.0	0.0	0.0	0.0	0.0	0.0	0.0	0.0	0.0	0.0	0.0	0.0	0.0	0.0	0.0	0.0	0.0	0.0
SRR6444903_2	0.0	0.0	0.0	0.0	0.0	0.0	0.0	0.0	0.0	0.0	0.0	0.0	0.0	0.0	0.0	0.0	0.0	0.0	0.0	0.0	0.0	0.0	0.0	0.0	0.0	0.0	0.0	0.0	0.0	0.0	0.0	0.0	0.0	0.0	0.0	0.0	0.0	0.0	0.0	0.3333333333333333	1.0	1.6666666666666665	3.666666666666667	5.333333333333332	7.33333333333333	21.666666666666657	130.99999999999935	899.666666666699	747.000000000015	249.0000000000027	197.33333333333456	678.3333333333405	1197.000000000007	1139.0000000000202	756.000000000016	593.9999999999976	325.9999999999989	258.0000000000028	44.66666666666671	7.9999999999999964	4.333333333333333	7.33333333333333	35.66666666666664	10.333333333333334	4.0	1.3333333333333333	5.999999999999998	15.333333333333343	5.666666666666665	1.0	1.9999999999999998	3.0	20.33333333333333	4.666666666666666	1.3333333333333333	0.3333333333333333	0.0	0.0	0.0	0.0	0.0	0.0	0.0	0.0	0.0	0.0	0.0	0.0	0.0	0.0	0.0	0.0	0.0	0.0	0.0	0.0	0.0	0.0	0.0	0.0	0.0
SRR6444927_1	0.0	0.0	0.0	0.0	0.0	0.0	0.0	0.0	0.0	0.0	0.0	0.0	0.0	0.0	0.0	0.0	0.0	0.0	0.0	0.0	0.0	0.0	0.0	0.0	0.0	0.0	0.0	0.0	0.0	0.0	0.0	0.3333333333333333	0.0	0.3333333333333333	1.0	1.3333333333333333	1.0	0.3333333333333333	0.6666666666666666	1.0	1.0	0.3333333333333333	0.3333333333333333	0.6666666666666666	1.6666666666666665	7.33333333333333	65.00000000000016	2037.6666666664826	3704.6666666672336	2100.9999999998377	489.33333333332297	2232.666666666564	1985.6666666664944	1908.666666666512	1502.6666666666042	956.3333333333721	602.9999999999986	204.00000000000142	110.9999999999995	14.333333333333341	11.000000000000002	10.0	10.666666666666668	4.333333333333333	2.333333333333333	1.6666666666666665	0.3333333333333333	0.0	0.0	0.0	0.0	0.0	0.0	0.0	0.0	0.0	0.0	0.0	0.0	0.0	0.0	0.0	0.0	0.0	0.0	0.0	0.0	0.0	0.0	0.0	0.0	0.0	0.0	0.0	0.0	0.0	0.0	0.0	0.0	0.0	0.0
SRR6444927_2	0.0	0.0	0.0	0.0	0.0	0.0	0.0	0.0	0.0	0.0	0.0	0.0	0.0	0.0	0.0	0.0	0.0	0.0	0.0	0.0	0.0	0.0	0.0	0.0	0.0	0.0	0.0	0.0	0.0	0.0	0.0	0.0	0.0	0.0	0.6666666666666666	1.3333333333333333	1.6666666666666665	1.0	1.6666666666666665	2.6666666666666665	3.3333333333333335	3.3333333333333335	5.333333333333332	8.33333333333333	20.999999999999993	42.00000000000002	167.3333333333337	2135.3333333331866	3796.0000000006085	636.6666666666691	317.66666666666606	955.333333333372	1864.9999999998552	1743.9999999998827	1709.333333333224	1308.6666666666483	928.6666666667023	484.33333333332325	256.3333333333362	225.33333333333536	99.66666666666633	99.99999999999966	25.999999999999975	11.66666666666667	14.000000000000007	5.666666666666665	1.9999999999999998	1.9999999999999998	0.6666666666666666	0.3333333333333333	0.3333333333333333	0.6666666666666666	0.0	0.0	0.0	0.0	0.0	0.3333333333333333	0.0	0.0	0.0	0.0	0.0	0.0	0.3333333333333333	0.0	0.6666666666666666	0.3333333333333333	0.0	0.0	0.0	0.0	0.0	0.0	0.0	0.0	0.0	0.0	0.0	0.0	0.5
SRR6444932_1	0.0	0.0	0.0	0.0	0.0	0.0	0.0	0.0	0.0	0.0	0.0	0.0	0.0	0.0	0.0	0.0	0.0	0.0	0.0	0.0	0.0	0.0	0.0	0.0	0.0	0.0	0.0	0.0	0.0	0.0	0.0	0.0	0.3333333333333333	0.6666666666666666	0.3333333333333333	0.3333333333333333	0.3333333333333333	0.0	0.0	0.0	0.0	1.9999999999999998	2.6666666666666665	0.0	1.9999999999999998	30.666666666666625	437.99999999999255	133.6666666666661	121.99999999999935	1686.9999999998956	2188.666666666544	2321.333333333271	607.9999999999992	350.6666666666642	208.00000000000153	105.33333333333292	19.666666666666664	57.333333333333464	57.333333333333464	1.9999999999999998	1.0	4.0	4.0	0.3333333333333333	0.0	0.0	0.3333333333333333	0.3333333333333333	1.9999999999999998	11.000000000000002	1.0	0.0	0.0	0.0	0.0	0.0	0.0	0.0	0.0	0.0	0.0	0.0	0.0	0.0	0.0	0.0	0.0	0.0	0.0	0.0	0.0	0.0	0.0	0.0	0.0	0.0	0.0	0.0	0.0	0.0	0.0
SRR6444932_2	0.0	0.0	0.0	0.0	0.0	0.0	0.0	0.0	0.0	0.0	0.0	0.0	0.0	0.0	0.0	0.0	0.0	0.0	0.0	0.0	0.0	0.0	0.0	0.0	0.0	0.0	0.0	0.0	0.0	0.0	0.0	0.0	0.0	0.0	0.0	0.0	0.3333333333333333	0.3333333333333333	0.6666666666666666	0.3333333333333333	0.6666666666666666	1.3333333333333333	0.3333333333333333	3.0	3.0	9.333333333333332	69.66666666666676	428.99999999999307	149.9999999999999	102.66666666666629	301.33333333333366	1733.6666666665517	2549.333333333375	2286.9999999999222	429.6666666666597	248.33333333333601	126.99999999999928	37.99999999999999	8.999999999999998	3.3333333333333335	15.666666666666677	52.00000000000009	17.33333333333334	4.333333333333333	1.0	0.3333333333333333	0.6666666666666666	1.0	1.3333333333333333	0.3333333333333333	0.6666666666666666	3.0	9.666666666666666	1.3333333333333333	0.3333333333333333	0.3333333333333333	0.0	0.0	0.0	0.0	0.0	0.0	0.0	0.0	0.0	0.0	0.0	0.0	0.0	0.0	0.0	0.0	0.0	0.0	0.0	0.0	0.0	0.0	0.0	0.0	0.0
SRR6444938_1	0.0	0.0	0.0	0.0	0.0	0.0	0.0	0.0	0.0	0.0	0.0	0.0	0.0	0.0	0.0	0.0	0.0	0.0	0.0	0.0	0.0	0.0	0.0	0.0	0.0	0.0	0.0	0.0	0.0	0.0	0.0	0.0	0.0	0.0	0.0	0.0	0.0	0.6666666666666666	0.3333333333333333	0.3333333333333333	1.6666666666666665	18.333333333333336	18.333333333333336	0.3333333333333333	1.9999999999999998	37.66666666666666	531.9999999999906	494.666666666656	338.33333333333155	1382.3333333332982	1693.999999999894	2245.3333333332366	720.0000000000119	392.6666666666618	241.66666666666916	170.00000000000045	48.666666666666735	60.00000000000015	57.6666666666668	2.333333333333333	1.3333333333333333	0.3333333333333333	0.6666666666666666	0.3333333333333333	2.6666666666666665	2.6666666666666665	0.3333333333333333	2.333333333333333	4.999999999999999	25.999999999999975	3.666666666666667	0.3333333333333333	0.0	0.0	0.0	0.0	0.0	0.0	0.0	0.0	0.0	0.0	0.0	0.0	0.0	0.0	0.0	0.0	0.0	0.0	0.0	0.0	0.0	0.0	0.0	0.0	0.0	0.0	0.0	0.0	0.0
SRR6444938_2	0.0	0.0	0.0	0.0	0.0	0.0	0.0	0.0	0.0	0.0	0.0	0.0	0.0	0.0	0.0	0.0	0.0	0.0	0.0	0.0	0.0	0.0	0.0	0.0	0.0	0.0	0.0	0.0	0.0	0.0	0.0	0.0	0.0	0.0	0.0	0.3333333333333333	0.3333333333333333	1.0	1.0	1.0	0.6666666666666666	0.6666666666666666	4.333333333333333	23.333333333333318	11.333333333333336	21.333333333333325	116.33333333333276	619.3333333333338	550.9999999999927	229.33333333333547	269.6666666666688	1434.3333333332864	2266.333333333246	2086.3333333331643	462.99999999999113	324.999999999999	170.00000000000045	84.99999999999987	27.999999999999968	9.666666666666666	22.666666666666654	54.33333333333344	16.00000000000001	2.6666666666666665	1.9999999999999998	1.6666666666666665	1.9999999999999998	4.0	2.333333333333333	1.9999999999999998	1.6666666666666665	5.666666666666665	21.666666666666657	7.33333333333333	1.6666666666666665	0.6666666666666666	0.0	0.0	0.0	0.3333333333333333	0.3333333333333333	0.0	0.0	0.0	0.0	0.0	0.0	0.0	0.0	0.3333333333333333	0.3333333333333333	0.0	0.0	0.0	0.0	0.0	0.0	0.0	0.0	0.0	0.0
SRR6444943_1	0.0	0.0	0.0	0.0	0.0	0.0	0.0	0.0	0.0	0.0	0.0	0.0	0.0	0.0	0.0	0.0	0.0	0.0	0.0	0.0	0.0	0.0	0.0	0.0	0.0	0.0	0.0	0.0	0.0	0.0	0.0	0.0	0.3333333333333333	0.6666666666666666	0.0	0.0	0.0	0.0	0.3333333333333333	0.3333333333333333	0.0	0.0	0.3333333333333333	1.3333333333333333	1.6666666666666665	5.666666666666665	138.99999999999957	2704.000000000112	2316.6666666666024	587.3333333333302	82.33333333333324	629.333333333335	586.6666666666634	251.3333333333361	555.3333333333266	768.0000000000174	321.3333333333325	149.3333333333332	113.66666666666613	1.6666666666666665	1.0	1.0	1.3333333333333333	1.3333333333333333	0.3333333333333333	0.3333333333333333	0.0	0.0	0.3333333333333333	0.3333333333333333	0.0	0.3333333333333333	0.0	0.0	0.0	0.0	0.0	0.0	0.0	0.3333333333333333	0.0	0.0	0.0	0.0	0.0	0.0	0.0	0.0	0.0	0.0	0.0	0.0	0.0	0.0	0.0	0.0	0.0	0.0	0.0	0.0	0.0
SRR6444943_2	0.0	0.0	0.0	0.0	0.0	0.0	0.0	0.0	0.0	0.0	0.0	0.0	0.0	0.0	0.0	0.0	0.0	0.0	0.0	0.0	0.0	0.0	0.0	0.0	0.0	0.0	0.0	0.0	0.0	0.0	0.0	0.0	0.0	0.0	0.0	0.6666666666666666	1.3333333333333333	0.6666666666666666	1.9999999999999998	1.6666666666666665	1.9999999999999998	1.6666666666666665	2.6666666666666665	4.999999999999999	12.333333333333337	43.6666666666667	675.6666666666736	1359.3333333333035	2135.3333333331866	912.6666666667005	92.66666666666643	131.3333333333327	596.3333333333312	478.9999999999902	281.6666666666681	315.33333333333286	818.0000000000231	764.6666666666837	92.99999999999976	25.33333333333331	82.33333333333324	103.9999999999996	17.33333333333334	2.333333333333333	1.0	1.6666666666666665	1.6666666666666665	0.6666666666666666	0.3333333333333333	0.0	0.3333333333333333	0.0	0.0	0.0	0.3333333333333333	0.0	0.0	0.0	0.0	0.0	0.0	0.0	0.0	0.0	0.0	0.0	0.0	0.0	0.0	0.0	0.0	0.0	0.0	0.0	0.0	0.0	0.0	0.0	0.0	0.0	0.0
SRR6444945_1	0.0	0.0	0.0	0.0	0.0	0.0	0.0	0.0	0.0	0.0	0.0	0.0	0.0	0.0	0.0	0.0	0.0	0.0	0.0	0.0	0.0	0.0	0.0	0.0	0.0	0.0	0.0	0.0	0.0	0.0	0.3333333333333333	0.3333333333333333	0.0	0.0	0.0	0.0	0.6666666666666666	1.3333333333333333	1.3333333333333333	0.3333333333333333	1.9999999999999998	63.333333333333506	68.66666666666677	7.33333333333333	115.33333333333277	471.6666666666573	889.0000000000312	981.333333333375	728.3333333333462	601.6666666666652	945.3333333333709	1391.9999999999627	1311.6666666666476	731.3333333333466	762.3333333333501	706.3333333333437	194.33333333333448	368.33333333332985	373.9999999999962	169.00000000000043	18.000000000000004	4.0	1.3333333333333333	1.0	6.666666666666664	6.666666666666664	1.3333333333333333	0.0	18.000000000000004	18.666666666666668	1.6666666666666665	0.6666666666666666	0.3333333333333333	0.0	0.3333333333333333	0.3333333333333333	0.0	0.0	0.0	0.0	0.0	0.0	0.0	0.0	0.0	0.0	0.0	0.0	0.0	0.0	0.0	0.0	0.0	0.0	0.0	0.0	0.0	0.0	0.0	0.0	0.0
SRR6444945_2	0.0	0.0	0.0	0.0	0.0	0.0	0.0	0.0	0.0	0.0	0.0	0.0	0.0	0.0	0.0	0.0	0.0	0.0	0.0	0.0	0.0	0.0	0.0	0.0	0.0	0.0	0.0	0.0	0.0	0.0	0.0	0.0	0.0	0.0	0.0	0.3333333333333333	0.3333333333333333	0.6666666666666666	3.3333333333333335	2.333333333333333	2.6666666666666665	5.333333333333332	15.666666666666677	69.66666666666676	27.333333333333304	130.99999999999935	391.33333333332854	1433.66666666662	1041.3333333333758	882.0000000000304	270.0000000000021	644.66666666667	1087.6666666666986	1194.6666666666742	761.0000000000166	722.3333333333455	646.6666666666703	298.0000000000005	52.33333333333343	20.66666666666666	87.99999999999983	344.99999999999784	235.666666666669	65.33333333333348	16.333333333333343	7.33333333333333	4.999999999999999	8.33333333333333	3.666666666666667	2.6666666666666665	5.999999999999998	7.9999999999999964	11.66666666666667	4.999999999999999	0.6666666666666666	0.0	0.0	0.0	0.0	0.0	0.0	0.3333333333333333	0.3333333333333333	0.0	0.0	0.0	0.0	0.0	0.0	0.0	0.0	0.0	0.0	0.0	0.0	0.0	0.3333333333333333	0.0	0.0	0.0	0.0
SRR6444948_1	0.0	0.0	0.0	0.0	0.0	0.0	0.0	0.0	0.0	0.0	0.0	0.0	0.0	0.0	0.0	0.0	0.0	0.0	0.0	0.0	0.0	0.0	0.3333333333333333	0.3333333333333333	0.6666666666666666	0.6666666666666666	0.0	0.0	0.0	0.0	0.0	0.3333333333333333	0.3333333333333333	0.0	0.0	0.0	0.0	0.0	0.6666666666666666	1.3333333333333333	4.666666666666666	184.00000000000085	196.66666666666788	9.666666666666666	7.33333333333333	89.33333333333314	1214.3333333333364	1760.6666666665456	2252.33333333324	1616.333333333245	957.3333333333723	2301.333333333262	2084.9999999998304	883.6666666666972	1660.9999999999015	993.3333333333763	200.0000000000013	99.66666666666633	69.66666666666676	6.333333333333331	2.333333333333333	0.6666666666666666	0.0	0.3333333333333333	2.6666666666666665	3.0	1.3333333333333333	0.6666666666666666	3.0	16.333333333333343	1.0	0.0	0.0	0.0	0.0	0.0	0.0	0.0	0.0	0.0	0.0	0.0	0.0	0.0	0.0	0.0	0.0	0.0	0.0	0.0	0.0	0.0	0.0	0.0	0.0	0.0	0.0	0.0	0.0	0.0	0.0
SRR6444948_2	0.0	0.0	0.0	0.0	0.0	0.0	0.0	0.0	0.0	0.0	0.0	0.0	0.0	0.0	0.0	0.0	0.0	0.0	0.0	0.0	0.0	0.0	0.0	0.0	0.0	0.0	0.0	0.0	0.0	0.0	0.0	0.0	0.0	0.0	0.3333333333333333	0.3333333333333333	0.3333333333333333	0.3333333333333333	0.6666666666666666	1.9999999999999998	3.0	6.666666666666664	34.99999999999997	199.66666666666796	66.00000000000014	61.66666666666683	1018.0000000000458	2329.333333333275	1962.6666666664996	865.3333333333618	603.333333333332	1142.666666666686	1805.333333333202	2312.333333333267	950.3333333333715	617.3333333333336	1342.3333333333073	820.66666666669	82.66666666666657	15.000000000000009	20.33333333333333	58.000000000000135	18.666666666666668	3.666666666666667	1.6666666666666665	1.0	0.3333333333333333	4.333333333333333	1.3333333333333333	0.6666666666666666	1.0	3.0	13.000000000000005	1.6666666666666665	0.6666666666666666	0.0	0.0	0.0	0.0	0.6666666666666666	0.3333333333333333	0.0	0.0	0.0	0.0	0.0	0.0	0.0	0.0	0.0	0.0	0.0	0.0	0.3333333333333333	0.3333333333333333	0.3333333333333333	0.0	0.0	0.0	0.0	0.0
SRR6444957_1	0.0	0.0	0.0	0.0	0.0	0.0	0.0	0.0	0.0	0.0	0.0	0.0	0.0	0.0	0.0	0.0	0.0	0.0	0.0	0.0	0.0	0.0	0.0	0.0	0.0	0.0	0.0	0.0	0.0	0.0	0.0	0.0	0.0	0.0	0.0	0.0	0.3333333333333333	1.6666666666666665	0.6666666666666666	0.3333333333333333	0.3333333333333333	21.99999999999999	23.66666666666665	12.000000000000004	12.666666666666671	30.666666666666625	496.6666666666559	677.3333333333404	1048.000000000041	808.3333333333553	539.3333333333247	1365.9999999999686	1685.6666666665626	1743.6666666665494	1822.9999999998647	920.6666666667014	138.99999999999957	317.33333333333275	321.99999999999915	14.333333333333341	12.666666666666671	13.666666666666673	16.666666666666675	10.0	20.66666666666666	29.333333333333297	14.000000000000007	6.333333333333331	24.99999999999998	177.66666666666734	16.00000000000001	1.0	1.0	0.6666666666666666	0.0	0.0	0.0	0.0	0.0	0.0	0.0	0.0	0.0	0.0	0.0	0.0	0.0	0.0	0.0	0.0	0.0	0.0	0.0	0.0	0.0	0.0	0.0	0.0	0.0	0.0	0.0
SRR6444957_2	0.0	0.0	0.0	0.0	0.0	0.0	0.0	0.0	0.0	0.0	0.0	0.0	0.0	0.0	0.0	0.0	0.0	0.0	0.0	0.0	0.0	0.0	0.0	0.0	0.0	0.0	0.0	0.0	0.0	0.0	0.0	0.3333333333333333	0.3333333333333333	0.0	0.0	0.0	0.0	1.3333333333333333	1.9999999999999998	0.6666666666666666	0.6666666666666666	1.6666666666666665	6.333333333333331	34.3333333333333	15.000000000000009	20.999999999999993	122.99999999999933	880.3333333333635	846.0000000000263	753.6666666666824	276.3333333333351	691.6666666666754	1041.3333333333758	1803.6666666665358	1626.9999999999093	1488.3333333332741	942.0000000000372	263.0000000000025	27.666666666666636	21.666666666666657	256.6666666666695	302.3333333333336	40.00000000000001	12.000000000000004	20.999999999999993	11.000000000000002	12.333333333333337	35.33333333333331	20.33333333333333	8.33333333333333	8.33333333333333	38.33333333333333	158.0000000000001	25.33333333333331	1.9999999999999998	1.6666666666666665	0.3333333333333333	0.3333333333333333	0.3333333333333333	0.3333333333333333	0.3333333333333333	0.3333333333333333	0.0	0.0	0.0	0.0	0.0	0.0	0.3333333333333333	0.3333333333333333	0.0	0.0	0.0	0.3333333333333333	0.0	0.0	0.0	0.0	0.0	0.0	0.5
SRR6444958_1	0.0	0.0	0.0	0.0	0.0	0.0	0.0	0.0	0.0	0.0	0.0	0.0	0.0	0.0	0.0	0.0	0.0	0.0	0.0	0.0	0.0	0.0	0.0	0.3333333333333333	0.3333333333333333	0.6666666666666666	0.3333333333333333	0.0	0.0	0.0	0.0	0.0	0.0	0.0	0.0	0.0	0.0	0.3333333333333333	0.3333333333333333	0.0	0.0	0.0	0.6666666666666666	1.6666666666666665	13.000000000000005	163.66666666666694	2391.99999999997	2857.6666666668484	1846.9999999998593	803.0000000000214	701.6666666666765	2620.6666666667406	2200.6666666665496	1345.66666666664	1509.9999999999359	993.3333333333763	131.99999999999937	17.33333333333334	4.999999999999999	23.66666666666665	4.999999999999999	4.999999999999999	3.0	2.6666666666666665	4.666666666666666	5.666666666666665	1.0	0.3333333333333333	1.0	23.999999999999982	3.666666666666667	0.0	0.0	0.0	0.0	0.0	0.0	0.0	0.0	0.0	0.0	0.0	0.0	0.0	0.0	0.0	0.0	0.0	0.0	0.0	0.0	0.0	0.0	0.0	0.0	0.0	0.0	0.0	0.0	0.0	0.0
SRR6444958_2	0.0	0.0	0.0	0.0	0.0	0.0	0.0	0.0	0.0	0.0	0.0	0.0	0.0	0.0	0.0	0.0	0.0	0.0	0.0	0.0	0.0	0.0	0.0	0.0	0.0	0.0	0.0	0.0	0.0	0.0	0.0	0.3333333333333333	0.3333333333333333	0.0	0.3333333333333333	1.0	1.0	0.3333333333333333	1.0	1.6666666666666665	1.9999999999999998	2.6666666666666665	6.666666666666664	9.666666666666666	21.99999999999999	78.99999999999996	589.3333333333304	3811.3333333339488	2645.3333333334185	597.3333333333313	373.9999999999962	888.6666666666978	2013.9999999998213	2045.3333333331475	1598.9999999999156	1113.3333333333594	777.0000000000184	621.333333333334	147.6666666666665	27.999999999999968	14.000000000000007	10.333333333333334	26.333333333333307	10.0	5.999999999999998	1.0	3.0	6.333333333333331	1.9999999999999998	1.0	1.6666666666666665	4.0	20.999999999999993	4.666666666666666	0.6666666666666666	0.6666666666666666	0.3333333333333333	0.3333333333333333	0.0	1.0	0.3333333333333333	0.0	0.0	0.0	0.0	0.0	0.0	0.0	0.0	0.0	0.0	0.3333333333333333	0.3333333333333333	0.0	0.0	0.0	0.0	0.0	0.0	0.0	0.0
SRR6444959_1	0.0	0.0	0.0	0.0	0.0	0.0	0.0	0.0	0.0	0.0	0.0	0.0	0.0	0.0	0.0	0.0	0.0	0.0	0.0	0.0	0.0	0.0	0.0	0.0	0.0	0.0	0.0	0.0	0.0	0.0	0.0	0.0	0.0	0.3333333333333333	0.3333333333333333	0.0	0.0	0.0	0.0	1.0	4.0	87.33333333333317	91.33333333333312	3.3333333333333335	6.999999999999997	85.66666666666653	1362.3333333333028	1354.6666666666379	2104.9999999998395	2406.33333333331	821.0000000000234	839.6666666666922	973.0000000000407	409.99999999999415	481.99999999999005	174.00000000000057	51.33333333333342	26.66666666666664	1.6666666666666665	1.0	1.0	0.6666666666666666	0.6666666666666666	0.0	0.0	0.0	0.0	0.0	0.0	0.0	0.0	0.0	0.0	0.0	0.0	0.0	0.0	0.0	0.0	0.0	0.0	0.0	0.0	0.0	0.0	0.0	0.0	0.0	0.0	0.0	0.0	0.0	0.0	0.0	0.0	0.0	0.0	0.0	0.0	0.0	0.0
SRR6444959_2	0.0	0.0	0.0	0.0	0.0	0.0	0.0	0.0	0.0	0.0	0.0	0.0	0.0	0.0	0.0	0.0	0.0	0.0	0.0	0.0	0.0	0.0	0.0	0.0	0.0	0.0	0.0	0.0	0.0	0.0	0.0	0.3333333333333333	0.3333333333333333	0.6666666666666666	0.3333333333333333	0.0	1.0	0.6666666666666666	1.0	0.6666666666666666	1.0	3.3333333333333335	17.66666666666667	89.66666666666647	29.66666666666663	39.66666666666667	264.33333333333576	2549.0000000000414	2573.333333333386	985.3333333333754	201.66666666666802	213.00000000000168	664.6666666666723	943.666666666704	840.333333333359	737.6666666666806	381.6666666666624	88.99999999999982	39.0	8.666666666666664	1.9999999999999998	1.9999999999999998	1.0	0.3333333333333333	1.0	0.0	0.6666666666666666	0.0	0.0	0.0	0.0	0.3333333333333333	0.0	0.0	0.0	0.0	0.0	0.0	0.0	0.0	0.0	0.0	0.0	0.0	0.0	0.0	0.0	0.0	0.0	0.0	0.0	0.0	0.0	0.0	0.0	0.0	0.0	0.0	0.0	0.0	0.0
SRR6444964_1	0.0	0.0	0.0	0.0	0.0	0.0	0.0	0.0	0.0	0.0	0.0	0.0	0.0	0.0	0.0	0.0	0.0	0.0	0.0	0.0	0.0	0.0	0.0	0.0	0.0	0.0	0.0	0.0	0.0	0.0	0.0	0.3333333333333333	0.3333333333333333	0.6666666666666666	0.0	0.0	0.0	0.0	0.0	0.3333333333333333	1.3333333333333333	9.666666666666666	9.333333333333332	1.6666666666666665	10.333333333333334	130.33333333333266	1950.333333333169	799.3333333333543	902.0000000000326	742.6666666666812	150.66666666666657	447.999999999992	651.6666666666708	350.9999999999975	313.9999999999996	150.33333333333323	21.99999999999999	58.33333333333347	57.333333333333464	2.333333333333333	1.6666666666666665	5.333333333333332	6.333333333333331	0.3333333333333333	0.3333333333333333	0.3333333333333333	0.0	0.3333333333333333	3.666666666666667	19.333333333333332	1.3333333333333333	0.3333333333333333	0.0	0.0	0.3333333333333333	0.0	0.0	0.0	0.0	0.0	0.0	0.0	0.0	0.0	0.0	0.0	0.0	0.0	0.0	0.0	0.0	0.0	0.0	0.0	0.0	0.0	0.0	0.0	0.0	0.0	0.0
SRR6444964_2	0.0	0.0	0.0	0.0	0.0	0.0	0.0	0.0	0.0	0.0	0.0	0.0	0.0	0.0	0.0	0.0	0.0	0.0	0.0	0.0	0.0	0.0	0.0	0.0	0.0	0.0	0.0	0.0	0.0	0.0	0.0	0.0	0.0	0.3333333333333333	0.3333333333333333	0.0	0.3333333333333333	0.6666666666666666	2.6666666666666665	0.6666666666666666	1.9999999999999998	3.3333333333333335	5.333333333333332	16.333333333333343	18.000000000000004	44.33333333333337	580.3333333333294	2654.666666666756	1090.0000000000314	149.3333333333332	68.66666666666677	146.9999999999998	466.3333333333243	592.9999999999975	261.66666666666924	351.6666666666641	144.33333333333306	26.333333333333307	7.33333333333333	4.333333333333333	7.33333333333333	51.000000000000085	23.333333333333318	8.999999999999998	2.333333333333333	0.6666666666666666	0.0	0.3333333333333333	0.6666666666666666	1.0	1.6666666666666665	4.999999999999999	16.666666666666675	1.6666666666666665	0.3333333333333333	0.0	0.0	0.0	0.0	0.0	0.0	0.0	0.0	0.0	0.0	0.0	0.3333333333333333	0.0	0.0	0.0	0.0	0.0	0.0	0.0	0.0	0.0	0.0	0.0	0.0	0.0	0.0
SRR6444980_1	0.0	0.0	0.0	0.0	0.0	0.0	0.0	0.0	0.0	0.0	0.0	0.0	0.0	0.0	0.0	0.0	0.0	0.0	0.0	0.0	0.0	0.0	0.0	0.3333333333333333	0.6666666666666666	0.0	0.0	0.0	0.0	0.0	0.0	0.0	0.0	0.0	0.0	0.3333333333333333	0.3333333333333333	0.0	0.0	0.0	0.6666666666666666	1.6666666666666665	1.0	2.6666666666666665	5.999999999999998	171.66666666666717	2353.9999999999527	1924.9999999998415	2766.3333333334735	448.9999999999919	523.6666666666563	1729.6666666665526	2609.0000000000687	1162.000000000015	1371.3333333333007	647.0000000000036	103.33333333333294	875.6666666666963	928.6666666667023	36.333333333333314	7.9999999999999964	3.666666666666667	1.9999999999999998	0.0	3.3333333333333335	2.6666666666666665	0.3333333333333333	0.3333333333333333	1.6666666666666665	3.0	0.6666666666666666	0.3333333333333333	0.0	0.0	0.0	0.0	0.0	0.0	0.0	0.0	0.0	0.0	0.0	0.0	0.0	0.0	0.0	0.0	0.0	0.0	0.0	0.0	0.0	0.0	0.0	0.0	0.0	0.0	0.0	0.0	0.0
SRR6444980_2	0.0	0.0	0.0	0.0	0.0	0.0	0.0	0.0	0.0	0.0	0.0	0.0	0.0	0.0	0.0	0.0	0.0	0.0	0.0	0.0	0.0	0.0	0.0	0.0	0.0	0.0	0.0	0.0	0.0	0.0	0.3333333333333333	0.3333333333333333	1.0	1.3333333333333333	0.6666666666666666	0.3333333333333333	0.6666666666666666	1.0	2.333333333333333	4.666666666666666	4.333333333333333	4.999999999999999	4.999999999999999	11.000000000000002	20.66666666666666	49.66666666666674	390.9999999999952	3049.3333333336022	3111.666666666964	574.3333333333287	259.33333333333604	661.0000000000052	1442.6666666666179	2279.999999999919	1259.9999999999927	1335.6666666666422	882.0000000000304	120.66666666666603	30.333333333333293	40.66666666666668	719.0000000000118	858.333333333361	105.99999999999957	19.999999999999996	5.999999999999998	4.333333333333333	4.333333333333333	4.333333333333333	1.6666666666666665	0.0	1.3333333333333333	3.3333333333333335	3.0	0.3333333333333333	0.0	0.0	0.0	0.0	0.0	0.0	0.0	0.0	0.0	0.3333333333333333	0.3333333333333333	0.0	0.0	0.0	0.0	0.0	0.0	0.0	0.0	0.0	0.0	0.0	0.0	0.0	0.0	0.0	0.0
SRR6444996_1	0.0	0.0	0.0	0.0	0.0	0.0	0.0	0.0	0.0	0.0	0.0	0.0	0.0	0.0	0.0	0.0	0.0	0.0	0.0	0.0	0.0	0.0	0.0	0.0	0.0	0.3333333333333333	0.0	0.0	0.0	0.0	0.0	0.0	0.0	0.0	0.0	0.0	0.0	0.0	0.6666666666666666	1.0	4.333333333333333	107.99999999999955	110.9999999999995	5.333333333333332	7.9999999999999964	133.33333333333275	1976.6666666664964	1820.3333333331987	1441.9999999999513	664.0000000000056	736.0000000000138	1966.6666666664987	1391.9999999999627	937.0000000000366	1344.6666666666401	835.000000000025	212.333333333335	871.0000000000291	901.0000000000325	31.33333333333329	6.333333333333331	6.333333333333331	5.333333333333332	3.3333333333333335	3.666666666666667	5.666666666666665	3.666666666666667	4.0	20.66666666666666	164.33333333333363	19.0	0.3333333333333333	0.0	0.3333333333333333	0.3333333333333333	0.3333333333333333	0.0	0.0	0.0	0.0	0.0	0.0	0.0	0.0	0.0	0.0	0.0	0.0	0.0	0.0	0.0	0.0	0.0	0.0	0.0	0.0	0.0	0.0	0.0	0.0	0.0
SRR6444996_2	0.0	0.0	0.0	0.0	0.0	0.0	0.0	0.0	0.0	0.0	0.0	0.0	0.0	0.0	0.0	0.0	0.0	0.0	0.0	0.0	0.0	0.0	0.0	0.0	0.0	0.0	0.0	0.0	0.0	0.0	0.0	0.0	0.0	0.0	0.6666666666666666	1.6666666666666665	1.3333333333333333	1.6666666666666665	0.6666666666666666	1.0	4.666666666666666	3.3333333333333335	15.333333333333343	117.9999999999994	35.66666666666664	41.33333333333335	360.3333333333303	2984.000000000239	1566.3333333332564	727.6666666666795	303.0000000000002	701.0000000000098	1617.666666666578	1491.99999999994	890.3333333333646	1109.6666666666936	808.6666666666887	362.3333333333302	62.00000000000016	39.333333333333336	740.666666666681	835.000000000025	76.99999999999999	21.333333333333325	8.666666666666664	2.6666666666666665	3.0	9.333333333333332	7.9999999999999964	5.666666666666665	7.33333333333333	31.66666666666662	148.99999999999986	20.999999999999993	1.3333333333333333	0.6666666666666666	1.0	0.0	0.0	0.0	0.3333333333333333	0.3333333333333333	0.0	0.0	0.0	0.0	0.0	0.0	0.0	0.0	0.0	0.0	0.0	0.0	0.0	0.0	0.0	0.0	0.0	0.0	0.0
SRR6444999_1	0.0	0.0	0.0	0.0	0.0	0.0	0.0	0.0	0.0	0.0	0.0	0.0	0.0	0.0	0.0	0.0	0.0	0.0	0.0	0.0	0.3333333333333333	0.0	0.0	0.0	0.3333333333333333	0.0	0.0	0.0	0.0	0.0	0.0	0.0	1.3333333333333333	3.666666666666667	1.0	0.0	0.0	0.0	0.3333333333333333	0.3333333333333333	0.3333333333333333	0.6666666666666666	0.3333333333333333	1.9999999999999998	4.0	79.99999999999994	1194.333333333341	1261.9999999999923	854.6666666666939	1974.9999999998302	2164.6666666665333	3358.3333333337428	1454.9999999999484	907.0000000000332	1162.6666666666815	813.0000000000225	97.99999999999969	8.666666666666664	6.999999999999997	29.333333333333297	7.33333333333333	2.333333333333333	0.6666666666666666	0.3333333333333333	3.0	3.0	1.3333333333333333	1.0	3.0	6.999999999999997	1.0	0.0	0.0	0.0	0.0	0.0	0.0	0.0	0.0	0.0	0.0	0.0	0.0	0.0	0.0	0.0	0.0	0.0	0.0	0.0	0.0	0.0	0.0	0.0	0.0	0.0	0.0	0.0	0.0	0.0	0.0
SRR6444999_2	0.0	0.0	0.0	0.0	0.0	0.0	0.0	0.0	0.0	0.0	0.0	0.0	0.0	0.0	0.0	0.0	0.0	0.0	0.0	0.0	0.0	0.0	0.0	0.0	0.0	0.0	0.0	0.0	0.0	0.0	0.0	0.0	0.0	0.0	0.0	3.0	4.666666666666666	1.3333333333333333	1.9999999999999998	2.333333333333333	2.6666666666666665	2.6666666666666665	5.999999999999998	4.999999999999999	8.999999999999998	23.66666666666665	232.00000000000222	1775.3333333332089	1323.9999999999782	376.999999999996	406.3333333333277	2137.666666666521	3287.3333333337105	2937.666666666885	994.0000000000431	857.3333333333609	612.9999999999998	295.333333333334	60.00000000000015	9.666666666666666	5.666666666666665	7.33333333333333	27.333333333333304	10.666666666666668	3.666666666666667	1.6666666666666665	1.9999999999999998	3.666666666666667	1.9999999999999998	1.0	0.3333333333333333	2.6666666666666665	6.666666666666664	1.0	0.0	0.0	0.0	0.0	0.0	0.0	0.0	0.0	0.0	0.0	0.0	0.0	0.0	0.0	0.0	0.0	0.0	0.0	0.0	0.0	0.0	0.0	0.0	0.0	0.0	0.0	0.0
SRR6445001_1	0.0	0.0	0.0	0.0	0.0	0.0	0.0	0.0	0.0	0.0	0.0	0.0	0.0	0.0	0.0	0.0	0.0	0.0	0.0	0.0	0.0	0.0	0.0	0.3333333333333333	0.3333333333333333	0.0	0.0	0.0	0.0	0.0	0.0	0.0	0.0	0.0	0.3333333333333333	0.3333333333333333	0.0	0.0	0.0	0.0	0.0	0.0	0.0	0.0	0.3333333333333333	3.0	15.333333333333343	11.000000000000002	17.66666666666667	764.6666666666837	2387.6666666666347	3647.333333333874	951.3333333333716	607.6666666666658	625.0000000000011	348.6666666666643	75.00000000000001	124.66666666666598	120.3333333333327	3.3333333333333335	0.6666666666666666	1.0	0.6666666666666666	0.3333333333333333	0.6666666666666666	1.0	2.333333333333333	1.6666666666666665	10.0	53.0000000000001	4.666666666666666	1.0	0.0	0.0	0.0	0.0	0.0	0.0	0.0	0.0	0.0	0.0	0.0	0.0	0.0	0.0	0.0	0.0	0.0	0.0	0.0	0.0	0.0	0.0	0.0	0.0	0.0	0.0	0.0	0.0	0.0
SRR6445001_2	0.0	0.0	0.0	0.0	0.0	0.0	0.0	0.0	0.0	0.0	0.0	0.0	0.0	0.0	0.0	0.0	0.0	0.0	0.0	0.0	0.0	0.0	0.0	0.0	0.0	0.0	0.0	0.0	0.0	0.0	0.0	0.0	0.0	0.0	0.0	0.0	0.0	0.3333333333333333	0.0	0.0	0.0	0.3333333333333333	0.6666666666666666	1.3333333333333333	1.6666666666666665	3.666666666666667	5.666666666666665	21.666666666666657	21.666666666666657	46.333333333333385	242.6666666666692	2182.6666666665415	3813.666666667283	3109.000000000296	469.3333333333241	581.6666666666629	399.3333333333281	137.99999999999955	17.33333333333334	7.9999999999999964	40.00000000000001	114.33333333333279	31.33333333333329	4.999999999999999	1.9999999999999998	1.9999999999999998	2.333333333333333	2.333333333333333	2.6666666666666665	3.3333333333333335	4.0	14.000000000000007	41.666666666666686	10.0	3.0	0.0	0.0	0.6666666666666666	0.6666666666666666	0.3333333333333333	0.0	0.3333333333333333	0.0	0.0	0.3333333333333333	0.0	0.0	0.0	0.0	0.0	0.0	0.0	0.0	0.0	0.0	0.0	0.0	0.0	0.0	0.0	0.0
SRR6445013_1	0.0	0.0	0.0	0.0	0.0	0.0	0.0	0.0	0.0	0.0	0.0	0.0	0.0	0.0	0.0	0.0	0.0	0.6666666666666666	0.3333333333333333	0.0	0.0	0.0	0.0	0.0	0.0	0.0	0.0	0.0	0.0	0.0	0.0	0.0	0.0	0.3333333333333333	0.3333333333333333	0.0	0.0	0.0	0.0	0.0	0.3333333333333333	33.999999999999964	37.33333333333332	1.6666666666666665	1.9999999999999998	48.666666666666735	607.9999999999992	957.3333333333723	1052.6666666667065	539.9999999999915	408.3333333333276	902.0000000000326	788.0000000000197	772.3333333333512	867.0000000000286	510.9999999999884	121.99999999999935	280.00000000000153	274.3333333333352	8.666666666666664	1.9999999999999998	3.666666666666667	3.0	1.3333333333333333	7.666666666666663	8.33333333333333	3.0	2.333333333333333	18.333333333333336	100.99999999999964	8.33333333333333	0.3333333333333333	0.0	0.0	0.0	0.0	0.0	0.0	0.0	0.0	0.0	0.0	0.0	0.0	0.0	0.0	0.0	0.0	0.0	0.0	0.0	0.0	0.0	0.0	0.0	0.0	0.0	0.0	0.0	0.0	0.0
SRR6445013_2	0.0	0.0	0.0	0.0	0.0	0.0	0.0	0.0	0.0	0.0	0.0	0.0	0.0	0.0	0.0	0.0	0.0	0.0	0.0	0.0	0.0	0.0	0.0	0.0	0.0	0.0	0.0	0.0	0.0	0.3333333333333333	0.3333333333333333	0.0	0.0	0.0	0.3333333333333333	0.3333333333333333	0.3333333333333333	0.0	0.3333333333333333	0.0	2.333333333333333	1.9999999999999998	10.333333333333334	42.33333333333336	15.333333333333343	23.333333333333318	155.00000000000003	1210.3333333333374	885.0000000000307	592.9999999999975	190.00000000000102	353.9999999999973	805.6666666666883	940.000000000037	704.6666666666769	685.6666666666747	428.99999999999307	127.99999999999926	30.999999999999957	25.33333333333331	213.33333333333502	260.0000000000027	36.66666666666665	6.999999999999997	4.0	1.9999999999999998	2.333333333333333	12.000000000000004	6.666666666666664	2.6666666666666665	6.999999999999997	23.999999999999982	89.66666666666647	16.00000000000001	1.6666666666666665	0.3333333333333333	0.0	0.6666666666666666	0.6666666666666666	0.0	0.0	0.0	0.0	0.0	0.0	0.0	0.0	0.0	0.0	0.0	0.0	0.0	0.0	0.0	0.0	0.0	0.0	0.0	0.0	0.0	0.0
SRR6445016_1	0.0	0.0	0.0	0.0	0.0	0.0	0.0	0.0	0.0	0.0	0.0	0.0	0.0	0.0	0.0	0.0	0.0	0.0	0.0	0.0	0.0	0.0	0.0	0.0	0.0	0.0	0.0	0.0	0.0	0.0	0.0	0.3333333333333333	0.0	0.0	0.0	0.0	0.0	0.0	0.0	0.3333333333333333	0.0	0.0	0.6666666666666666	0.3333333333333333	1.9999999999999998	12.333333333333337	920.333333333368	3059.6666666669403	2731.000000000124	691.0000000000086	280.33333333333485	1276.9999999999889	830.0000000000244	244.66666666666924	628.3333333333348	225.33333333333536	64.66666666666683	1042.6666666667088	1090.666666666698	29.99999999999996	4.0	1.9999999999999998	0.3333333333333333	0.0	0.6666666666666666	1.0	0.6666666666666666	2.6666666666666665	12.666666666666671	109.99999999999952	12.666666666666671	0.3333333333333333	0.3333333333333333	0.6666666666666666	0.0	0.0	0.0	0.0	0.0	0.0	0.0	0.0	0.0	0.0	0.0	0.0	0.0	0.0	0.0	0.0	0.0	0.0	0.0	0.0	0.0	0.0	0.0	0.0	0.0	0.0	0.0
SRR6445016_2	0.0	0.0	0.0	0.0	0.0	0.0	0.0	0.0	0.0	0.0	0.0	0.0	0.0	0.0	0.0	0.0	0.0	0.0	0.0	0.0	0.0	0.0	0.0	0.0	0.0	0.0	0.0	0.0	0.0	0.0	0.0	0.0	0.0	0.0	0.3333333333333333	1.6666666666666665	0.6666666666666666	0.0	1.0	2.333333333333333	3.3333333333333335	1.3333333333333333	2.6666666666666665	4.666666666666666	8.33333333333333	23.999999999999982	83.99999999999989	1534.666666666597	3504.6666666671426	457.6666666666581	204.33333333333476	641.3333333333363	886.3333333333642	551.6666666666595	377.33333333332934	322.9999999999991	606.3333333333323	374.6666666666628	38.666666666666664	23.333333333333318	254.00000000000284	1039.000000000043	281.0000000000015	41.666666666666686	10.0	5.999999999999998	4.666666666666666	3.666666666666667	3.0	0.6666666666666666	4.999999999999999	17.66666666666667	101.99999999999963	16.00000000000001	2.333333333333333	0.6666666666666666	0.3333333333333333	0.0	0.0	0.0	0.3333333333333333	0.0	0.0	0.0	0.0	0.0	0.0	0.0	0.0	0.0	0.0	0.0	0.0	0.0	0.0	0.0	0.0	0.0	0.0	0.0	0.0
SRR6445020_1	0.0	0.0	0.0	0.0	0.0	0.0	0.0	0.0	0.0	0.0	0.0	0.0	0.0	0.0	0.0	0.0	0.0	0.0	0.0	0.0	0.0	0.0	0.0	0.0	0.0	0.0	0.0	0.0	0.0	0.0	0.0	0.0	0.0	0.0	0.0	0.0	0.0	0.0	0.3333333333333333	0.3333333333333333	0.0	0.0	1.0	4.333333333333333	14.000000000000007	62.3333333333335	2530.333333333366	4504.333333333707	951.0000000000382	138.99999999999957	452.6666666666584	1473.6666666666108	1668.9999999998997	551.3333333333261	887.3333333333643	404.6666666666611	64.00000000000017	75.33333333333334	73.33333333333337	5.999999999999998	2.333333333333333	1.9999999999999998	0.6666666666666666	0.6666666666666666	0.3333333333333333	0.3333333333333333	0.0	0.6666666666666666	3.3333333333333335	20.66666666666666	3.666666666666667	0.3333333333333333	0.0	0.0	0.0	0.0	0.0	0.0	0.0	0.0	0.0	0.0	0.0	0.0	0.0	0.0	0.0	0.0	0.0	0.0	0.0	0.0	0.0	0.0	0.0	0.0	0.0	0.0	0.0	0.0	0.0
SRR6445020_2	0.0	0.0	0.0	0.0	0.0	0.0	0.0	0.0	0.0	0.0	0.0	0.0	0.0	0.0	0.0	0.0	0.0	0.0	0.0	0.0	0.0	0.0	0.0	0.0	0.0	0.0	0.0	0.0	0.0	0.0	0.0	0.0	0.0	0.0	0.0	0.3333333333333333	1.0	1.0	2.6666666666666665	1.6666666666666665	3.0	4.999999999999999	10.0	19.666666666666664	42.66666666666669	136.33333333333283	512.3333333333217	3548.6666666671626	3062.6666666669416	326.66666666666555	211.00000000000162	309.6666666666665	1264.6666666666583	1636.3333333332405	671.0000000000064	934.3333333333696	636.6666666666691	147.33333333333314	42.00000000000002	12.000000000000004	53.66666666666677	72.00000000000006	10.333333333333334	1.3333333333333333	2.6666666666666665	1.0	1.3333333333333333	0.6666666666666666	0.0	1.0	2.333333333333333	4.0	17.000000000000007	2.6666666666666665	0.0	0.0	0.0	0.0	0.6666666666666666	0.6666666666666666	0.0	0.0	0.0	0.0	0.0	0.0	0.0	0.0	0.0	0.0	0.0	0.0	0.0	0.0	0.0	0.0	0.0	0.0	0.0	0.0	0.0
SRR6445027_1	0.0	0.0	0.0	0.0	0.0	0.0	0.0	0.0	0.0	0.0	0.0	0.0	0.0	0.0	0.0	0.0	0.0	0.0	0.0	0.0	0.0	0.0	0.0	0.0	0.0	0.0	0.0	0.0	0.0	0.0	0.0	0.0	0.0	0.0	0.0	0.0	0.0	0.6666666666666666	0.0	0.0	0.0	5.666666666666665	8.999999999999998	2.6666666666666665	1.9999999999999998	29.99999999999996	405.9999999999944	180.66666666666742	368.9999999999965	1745.666666666549	1491.6666666666067	4838.00000000007	2977.3333333335695	608.3333333333326	489.9999999999896	307.66666666666663	271.6666666666687	274.0000000000019	64.3333333333335	4.333333333333333	1.0	1.3333333333333333	1.0	0.6666666666666666	4.333333333333333	2.6666666666666665	1.9999999999999998	2.333333333333333	8.666666666666664	38.666666666666664	4.0	1.9999999999999998	0.3333333333333333	0.0	0.0	0.0	0.0	0.0	0.0	0.0	0.0	0.0	0.0	0.0	0.0	0.0	0.0	0.0	0.0	0.0	0.0	0.0	0.0	0.0	0.0	0.0	0.0	0.0	0.0	0.0	0.0
SRR6445027_2	0.0	0.0	0.0	0.0	0.0	0.0	0.0	0.0	0.0	0.0	0.0	0.0	0.0	0.0	0.0	0.0	0.0	0.0	0.0	0.0	0.0	0.0	0.0	0.0	0.0	0.0	0.0	0.0	0.0	0.0	0.0	0.0	0.0	0.0	0.0	0.0	1.3333333333333333	1.9999999999999998	1.0	1.3333333333333333	1.6666666666666665	2.333333333333333	1.9999999999999998	10.666666666666668	15.333333333333343	95.33333333333306	138.3333333333329	492.9999999999894	202.3333333333347	346.3333333333311	489.9999999999896	1912.9999999998442	3478.666666667131	4378.6666666671545	2048.6666666664805	607.9999999999992	364.3333333333301	121.66666666666602	66.33333333333347	211.6666666666683	83.66666666666656	26.66666666666664	7.666666666666663	1.9999999999999998	1.6666666666666665	4.333333333333333	4.666666666666666	3.3333333333333335	1.0	5.666666666666665	3.3333333333333335	7.666666666666663	33.66666666666663	5.666666666666665	0.3333333333333333	0.0	0.0	0.0	0.3333333333333333	0.0	0.0	0.0	0.0	0.0	0.0	0.0	0.0	0.0	0.0	0.0	0.6666666666666666	0.3333333333333333	0.0	0.0	0.0	0.0	0.0	0.0	0.0	0.0	0.0
SRR6445035_1	0.0	0.0	0.0	0.0	0.0	0.0	0.0	0.0	0.0	0.0	0.0	0.0	0.0	0.0	0.0	0.0	0.0	0.0	0.0	0.0	0.0	0.0	0.0	0.0	0.0	0.0	0.0	0.0	0.0	0.3333333333333333	0.6666666666666666	0.3333333333333333	0.0	0.0	0.0	0.0	0.3333333333333333	0.3333333333333333	0.3333333333333333	0.3333333333333333	1.3333333333333333	58.000000000000135	61.000000000000156	3.666666666666667	8.33333333333333	83.66666666666656	969.0000000000402	1493.6666666666063	1648.9999999999043	935.3333333333698	623.6666666666677	1408.6666666666256	1147.3333333333517	956.6666666667055	1002.000000000044	563.3333333333275	126.33333333333262	199.00000000000128	197.00000000000122	16.00000000000001	4.0	3.3333333333333335	1.3333333333333333	1.9999999999999998	5.333333333333332	5.666666666666665	1.9999999999999998	2.333333333333333	13.33333333333334	75.66666666666667	5.666666666666665	0.3333333333333333	0.0	0.0	0.0	0.0	0.0	0.0	0.0	0.0	0.0	0.0	0.0	0.0	0.0	0.0	0.0	0.0	0.0	0.0	0.0	0.0	0.0	0.0	0.0	0.0	0.0	0.0	0.0	0.0	0.0
SRR6445035_2	0.0	0.0	0.0	0.0	0.0	0.0	0.0	0.0	0.0	0.0	0.0	0.0	0.0	0.0	0.0	0.0	0.0	0.0	0.0	0.0	0.0	0.0	0.0	0.0	0.0	0.0	0.0	0.0	0.0	0.0	0.0	0.0	0.0	0.0	0.3333333333333333	0.3333333333333333	1.0	1.3333333333333333	1.0	1.3333333333333333	1.9999999999999998	4.0	12.333333333333337	67.66666666666679	33.33333333333329	43.00000000000003	260.0000000000027	1915.9999999998436	1115.6666666666922	962.0000000000394	334.3333333333318	559.333333333327	1208.3333333333378	1243.3333333333298	808.6666666666887	862.6666666666948	523.6666666666563	144.33333333333306	27.333333333333304	18.000000000000004	156.3333333333334	184.66666666666754	29.333333333333297	5.333333333333332	4.999999999999999	3.0	2.333333333333333	6.999999999999997	3.0	2.333333333333333	4.0	20.999999999999993	65.66666666666681	9.333333333333332	0.3333333333333333	0.3333333333333333	0.3333333333333333	0.0	0.0	0.0	0.0	0.3333333333333333	0.3333333333333333	0.0	0.0	0.0	0.0	0.0	0.0	0.0	0.0	0.0	0.0	0.0	0.0	0.0	0.0	0.0	0.0	0.0	0.5
