Sample	0.0	1.0	2.0	3.0	4.0	5.0	6.0	7.0	8.0	9.0	10.0	11.0	12.0	13.0	14.0	15.0	16.0	17.0	18.0	19.0	20.0	21.0	22.0	23.0	24.0	25.0	26.0	27.0	28.0	29.0	30.0	31.0	32.0	33.0	34.0	35.0	36.0	37.0	38.0	39.0	40.0	41.0	42.0	43.0	44.0	45.0	46.0	47.0	48.0	49.0	50.0	51.0	52.0	53.0	54.0	55.0	56.0	57.0	58.0	59.0	60.0	61.0	62.0	63.0	64.0	65.0	66.0	67.0	68.0	69.0	70.0	71.0	72.0	73.0	74.0	75.0	76.0	77.0	78.0	79.0	80.0	81.0	82.0	83.0	84.0	85.0	86.0	87.0	88.0	89.0	90.0	91.0	92.0	93.0	94.0	95.0	96.0	97.0	98.0	99.0	100.0
SRR6443836_1	0.0	0.0	0.0	0.0	0.0	0.0	0.0	0.0	0.0	0.0	0.0	0.0	0.0	0.0	0.0	0.0	0.0	0.0	0.0	0.0	0.0	0.0	0.0	0.0	0.0	0.0	0.0	0.0	0.0	0.0	0.0	0.0	0.0025311970030627994	0.005062394006125599	0.0	0.0	0.0	0.0	0.0	0.005062394006125599	0.0025311970030627994	0.015187182018376797	0.020249576024502395	0.015187182018376797	0.04556154605513038	0.7922646619586533	10.443718834636858	12.886323942591904	8.117548788822674	6.325461310654125	7.373376869922243	14.57969473764053	10.58293466980528	9.509707140506897	11.190421950540214	6.5279570708991725	0.7998582529678416	0.1417470321715168	0.08099830409800961	0.23793251828790285	0.03290556103981639	0.020249576024502395	0.0025311970030627994	0.0075935910091884	0.022780773027565197	0.022780773027565197	0.0075935910091884	0.0	0.020249576024502395	0.14680942617764237	0.012655985015313998	0.0025311970030627994	0.0	0.0	0.0	0.0	0.0	0.0	0.0	0.0	0.0	0.0	0.0	0.0	0.0	0.0	0.0	0.0	0.0	0.0	0.0	0.0	0.0	0.0	0.0	0.0	0.0	0.0	0.0	0.0	0.0
SRR6443836_2	0.0	0.0	0.0	0.0	0.0	0.0	0.0	0.0	0.0	0.0	0.0	0.0	0.0	0.0	0.0	0.0	0.0	0.0	0.0	0.0	0.0	0.0	0.0	0.0	0.0	0.0	0.0	0.0	0.0	0.0	0.0	0.0	0.0	0.0	0.0026042344852731155	0.0026042344852731155	0.0026042344852731155	0.007812703455819347	0.0026042344852731155	0.018229641396911807	0.02343811036745804	0.04687622073491606	0.036459282793823614	0.06771009661710099	0.13802442771947515	0.36719706242350975	2.4948566368916394	17.557748899710596	11.653949321596723	2.901117216594222	1.8776530638819355	8.041876090523733	14.67486132451285	13.359722909450229	9.35961874007163	8.260631787286625	6.138180681788885	1.872444594911389	0.34896742102659783	0.057293158676008524	0.041667751764369834	0.07812703455819346	0.23438110367458007	0.059897393161281634	0.018229641396911807	0.005208468970546231	0.013021172426365576	0.031250813823277386	0.020833875882184924	0.005208468970546231	0.018229641396911807	0.039063517279096724	0.11198208286674403	0.005208468970546231	0.0	0.0	0.0026042344852731155	0.0	0.0	0.0	0.0	0.0	0.0	0.0	0.0	0.0	0.0	0.0	0.0	0.0	0.0	0.0	0.0	0.0	0.0	0.0	0.0	0.0	0.0	0.0	0.0
SRR6443839_1	0.0	0.0	0.0	0.0	0.0	0.0	0.0	0.0	0.0	0.0	0.0	0.0	0.0	0.0	0.0	0.0	0.0	0.0	0.0	0.0	0.0	0.0	0.005452265416280167	0.0036348436108534442	0.0	0.0	0.0	0.0018174218054267221	0.0018174218054267221	0.0018174218054267221	0.0	0.0	0.0	0.0	0.0	0.0	0.0	0.0	0.0	0.0018174218054267221	0.010904530832560332	0.3089617069225435	0.4507206077458266	0.04543554513566804	0.021809061665120668	0.5106955273249076	6.533631390509104	3.0223724624246016	3.209566908383575	3.2513676099083946	6.717190992857161	20.66772077131599	19.419151990987267	12.487505225086593	7.26423495629048	3.8492993838938547	2.413536157606645	3.6693746251565886	2.4880504516291366	0.12721952637987047	0.06179234138450857	0.03271359249768099	0.021809061665120668	0.15448085346127122	0.32168365956053063	0.2526216309543147	0.25625647456516815	0.13448921360157734	0.34349272122565144	1.6247750940514925	0.21627319484578	0.05270523235737495	0.03453101430310772	0.0072696872217068885	0.0	0.0	0.0	0.0	0.0	0.0	0.0	0.0	0.0	0.0	0.0	0.0	0.0	0.0	0.0	0.0	0.0	0.0	0.0	0.0	0.0	0.0	0.0	0.0	0.0	0.0	0.0
SRR6443839_2	0.0	0.0	0.0	0.0	0.0	0.0	0.0	0.0	0.0	0.0	0.0	0.0	0.0	0.0	0.0	0.0	0.0	0.0	0.0	0.0	0.0	0.0	0.0	0.0	0.0	0.0018298596497647716	0.0	0.0	0.0	0.0	0.0	0.0018298596497647716	0.0018298596497647716	0.0	0.0	0.0	0.003659719299529543	0.005489578949294316	0.0018298596497647716	0.0018298596497647716	0.0018298596497647716	0.016468736847882946	0.05306592984317838	0.4538051931416629	0.3165657194093062	0.7282841406063758	1.1875789126973466	7.696389686910413	2.6459770535598053	2.124467053376875	2.828963018536275	6.496001756664996	20.121136708816444	20.236417866751676	12.126479898990521	8.022104704568468	4.331277790993323	1.579168877747004	0.5599370528280181	1.3138392285311196	1.1491518600522852	1.8627971234605276	0.5690863510768419	0.11345129828541581	0.0731943859905909	0.2269025965708318	0.41171842119707375	0.1555380702300054	0.24154147376895008	0.14272905268165206	0.0933228421380034	0.29094768431259926	1.4657175794615946	0.25801021061683316	0.01829859649764772	0.03110761404600111	0.029277754396236342	0.007319438599059086	0.0018298596497647716	0.0	0.0	0.0	0.0	0.0	0.0	0.0	0.0	0.0	0.0	0.0	0.0	0.0	0.0	0.0	0.0	0.0	0.0	0.0	0.0	0.0	0.0
SRR6443844_1	0.0	0.0	0.0	0.0	0.0	0.0	0.0	0.0	0.0	0.0	0.0	0.0	0.0	0.0	0.0	0.0	0.0	0.0	0.0	0.0	0.0	0.0	0.0	0.0	0.0	0.0	0.0	0.0	0.0	0.0	0.0	0.0	0.004484506031660571	0.004484506031660571	0.004484506031660571	0.0	0.0	0.004484506031660571	0.004484506031660571	0.004484506031660571	0.026907036189963422	0.3991210368177903	0.412574554912772	0.07175209650656912	0.869994170142153	1.8117404367908632	4.874658056414998	9.731378088703604	12.520740840396796	6.556347818287617	5.883671913538569	13.431095564823996	10.040809004888219	7.444280012556454	8.38154177317362	4.341001838647421	1.0897349656935178	5.300686129422728	5.107852370061335	0.4439660971343959	0.07175209650656912	0.013453518094981711	0.013453518094981711	0.013453518094981711	0.12556616888649597	0.03139154222162399	0.026907036189963422	0.04036055428494514	0.1210816628548354	0.6771604107807473	0.07175209650656912	0.008969012063321142	0.008969012063321142	0.0	0.004484506031660571	0.004484506031660571	0.0	0.0	0.0	0.0	0.0	0.0	0.0	0.0	0.0	0.0	0.0	0.0	0.0	0.0	0.0	0.0	0.0	0.0	0.0	0.0	0.0	0.0	0.0	0.0	0.0
SRR6443844_2	0.0	0.0	0.0	0.0	0.0	0.0	0.0	0.0	0.0	0.0	0.0	0.0	0.0	0.0	0.0	0.0	0.0	0.0	0.0	0.0	0.0	0.0	0.0	0.0	0.0	0.0	0.0	0.0	0.0	0.0	0.0	0.0	0.0	0.0	0.0	0.004786750275238097	0.0	0.009573500550476195	0.009573500550476195	0.01914700110095239	0.023933751376190485	0.033507251926666676	0.10052175578000001	0.45474127614761856	0.22019051266095263	1.1296730649561904	2.2593461299123834	11.105260638552645	14.288449571586343	4.959073285146638	2.5226173950504864	8.40553348331805	12.45991096644518	8.711885500933324	7.754535445885595	7.701881192857971	4.29371499688858	2.02479536642571	1.2349815710114271	0.41644727394571396	0.9908573069742876	5.270212053037096	1.7471638504618963	0.3829400220190474	0.09094825522952382	0.06222775357809526	0.07180125412857144	0.13881575798190482	0.047867502752380976	0.028720501651428584	0.033507251926666676	0.18189651045904776	0.6701450385333344	0.08616150495428573	0.023933751376190485	0.009573500550476195	0.0	0.0	0.0	0.0	0.0	0.0	0.0	0.0	0.0	0.0	0.0	0.0	0.0	0.004786750275238097	0.0	0.0	0.0	0.004786750275238097	0.004786750275238097	0.004786750275238097	0.0	0.0	0.0	0.0	0.0
SRR6443871_1	0.0	0.0	0.0	0.0	0.0	0.0	0.0	0.0	0.0	0.0	0.0	0.0	0.0	0.0	0.0	0.0	0.0	0.0	0.0	0.0	0.0	0.0	0.0	0.0	0.0	0.0	0.0018864009356548853	0.0037728018713097705	0.005659202806964656	0.0	0.0	0.0	0.0	0.0	0.0	0.0	0.0	0.0	0.0018864009356548853	0.005659202806964656	0.01131840561392931	0.16788968327328457	0.17732168795155898	0.018864009356548854	0.0641376318122661	1.1337269623285935	15.6759917752929	6.653336100054847	9.426345475466897	4.465111014695225	4.883892022410658	5.955367753862698	9.25845579219365	7.828563882967574	9.99415215709889	10.44311557978465	6.515628831752072	5.293241025447814	0.324460960932641	0.024523212163513507	0.009432004678274425	0.005659202806964656	0.0037728018713097705	0.0018864009356548853	0.024523212163513507	0.035841617777442804	0.013204806549584194	0.016977608420893967	0.13582086736715165	1.2525702212748546	0.1471392729810809	0.016977608420893967	0.0	0.0018864009356548853	0.0	0.0	0.0	0.0	0.0	0.0	0.0	0.0	0.0	0.0	0.0	0.0	0.0	0.0	0.0	0.0	0.0	0.0	0.0	0.0	0.0	0.0	0.0	0.0	0.0	0.0	0.0
SRR6443871_2	0.0	0.0	0.0	0.0	0.0	0.0	0.0	0.0	0.0	0.0	0.0	0.0	0.0	0.0	0.0	0.0	0.0	0.0	0.0	0.0	0.0	0.0	0.0	0.0	0.0	0.0	0.0	0.0	0.0018367496877525515	0.0018367496877525515	0.0	0.005510249063257654	0.003673499375505103	0.0018367496877525515	0.0018367496877525515	0.005510249063257654	0.009183748438762757	0.011020498126515309	0.007346998751010206	0.005510249063257654	0.016530747189772963	0.027551245316288272	0.04775549188156633	0.18734846815076006	0.4224524281830868	0.9257218426272883	2.336345602821209	16.494012196019256	11.964587466019402	4.762691940342522	3.1592094629343626	5.580045551392502	6.030049224891795	8.188230108000552	5.715965028286179	8.329659833957466	10.917640144000224	5.7398427742269575	1.715524208360882	4.360443758724668	0.9036808463742569	0.2865329512893986	0.04408199250606122	0.022040996253030617	0.03306149437954592	0.011020498126515309	0.014693997502020412	0.045918742193813776	0.05142899125707144	0.03673499375505102	0.053265740944823996	0.22408346190581135	1.1093968114025485	0.15979722283447179	0.014693997502020412	0.003673499375505103	0.0018367496877525515	0.0018367496877525515	0.0018367496877525515	0.0018367496877525515	0.0018367496877525515	0.0	0.0	0.0	0.0	0.0	0.0	0.0	0.0	0.0	0.0	0.0	0.0	0.0	0.0	0.0	0.0	0.0	0.0	0.0	0.0
SRR6443905_1	0.0	0.0	0.0	0.0	0.0	0.0	0.0	0.0	0.0	0.0	0.0	0.0	0.0	0.0	0.0	0.0	0.0	0.0	0.0	0.0	0.0	0.003102506825515051	0.0	0.0	0.0	0.0	0.0	0.0	0.0	0.0	0.003102506825515051	0.003102506825515051	0.0	0.006205013651030102	0.009307520476545154	0.006205013651030102	0.0	0.0	0.0	0.0	0.006205013651030102	0.21097046413502338	0.22648299826259857	0.027922561429635465	0.14892032762472254	1.1479275254405628	12.78543062794722	6.198808637379127	6.400471581037628	4.939190866219873	5.634152395135323	13.678952593695351	13.306651774633629	11.12248696947153	11.699553239017197	6.291883842144588	2.553363117398905	1.8552990816580128	0.2357905187391437	0.021717547778605358	0.009307520476545154	0.006205013651030102	0.0	0.003102506825515051	0.009307520476545154	0.006205013651030102	0.009307520476545154	0.031025068255150515	0.20476545048399328	1.0641598411516575	0.117895259369572	0.006205013651030102	0.006205013651030102	0.0	0.003102506825515051	0.0	0.0	0.0	0.0	0.0	0.0	0.0	0.0	0.0	0.0	0.0	0.0	0.0	0.0	0.0	0.0	0.0	0.0	0.0	0.0	0.0	0.0	0.0	0.0	0.0	0.0
SRR6443905_2	0.0	0.0	0.0	0.0	0.0	0.0	0.0	0.0	0.0	0.0	0.0	0.0	0.0	0.0	0.0	0.0	0.0	0.0	0.0	0.0	0.0	0.0	0.0	0.0	0.0	0.0	0.0	0.0	0.0	0.0	0.0	0.0	0.0	0.0029961649089165817	0.011984659635666327	0.011984659635666327	0.0	0.0029961649089165817	0.0029961649089165817	0.005992329817833163	0.008988494726749747	0.023969319271332654	0.07790028763183111	0.3235858101629907	0.8389261744966409	1.6748561840843779	2.735498561840841	13.18612176414139	7.029002876318473	4.671021093000855	3.5684324065196034	5.827540747842786	11.72399328859043	12.649808245445444	9.291107382550718	9.488854266539168	8.766778523490288	3.283796740172544	1.3392857142857109	1.2793624161073776	0.36253595397890653	0.1887583892617446	0.044942473633748724	0.023969319271332654	0.026965484180249237	0.02097315436241607	0.01498082454458291	0.032957813998082404	0.026965484180249237	0.02996164908916582	0.07190795781399795	0.2606663470757423	0.8838686481303889	0.13183125599232967	0.02996164908916582	0.005992329817833163	0.0	0.0	0.0029961649089165817	0.0	0.0	0.0029961649089165817	0.0029961649089165817	0.0029961649089165817	0.0029961649089165817	0.0	0.0	0.0	0.0	0.0	0.0	0.0	0.0	0.0	0.0	0.0	0.0	0.0	0.0	0.0	0.0
SRR6443910_1	0.0	0.0	0.0	0.0	0.0	0.0	0.0	0.0	0.0	0.0	0.0	0.0	0.0	0.0	0.0	0.0	0.0	0.0	0.0	0.0	0.0	0.0	0.0	0.0	0.0	0.009977550511349624	0.0	0.0	0.0	0.002494387627837406	0.0	0.0	0.002494387627837406	0.002494387627837406	0.004988775255674812	0.002494387627837406	0.0	0.0	0.0	0.002494387627837406	0.002494387627837406	0.14966325767024435	0.14716887004240695	0.012471938139187032	0.012471938139187032	0.27188825143427714	4.098278872536801	6.023946121227498	7.655275629833347	6.557745073584763	7.1139935145925675	10.698428535794292	14.584684459964087	9.825392866051398	13.364928909951873	8.209029683213128	2.1027687702669446	3.7690197056622368	3.2626590172112726	0.14966325767024435	0.11973060613619559	0.0498877525567481	0.019955101022699248	0.004988775255674812	0.024943876278374064	0.03242703916188628	0.029932651534048876	0.03492142678972368	0.20453978548266707	1.2995759541032927	0.11474183088052076	0.012471938139187032	0.004988775255674812	0.0	0.0	0.002494387627837406	0.004988775255674812	0.0	0.0	0.0	0.0	0.0	0.0	0.0	0.0	0.0	0.0	0.0	0.0	0.0	0.0	0.0	0.0	0.0	0.0	0.0	0.0	0.0	0.0	0.0	0.0
SRR6443910_2	0.0	0.0	0.0	0.0	0.0	0.0	0.0	0.0	0.0	0.0	0.0	0.0	0.0	0.0	0.0	0.0	0.0	0.0	0.0	0.0	0.0	0.0	0.0	0.0	0.0	0.0	0.0	0.0	0.0	0.0	0.0	0.0	0.0	0.0	0.0	0.0	0.0	0.0	0.0026158152188129643	0.0026158152188129643	0.007847445656438894	0.007847445656438894	0.03138978262575558	0.16218054356640377	0.04446885871982039	0.10201679353370567	1.166653587590581	6.722645112349534	8.174422558790848	7.180412775641856	2.796306468911037	6.366894242590932	8.284286797980966	12.854115985246178	9.890397342331763	14.02861701849293	10.832090821104215	2.584425436187199	0.5833267937952913	0.35836668497737656	1.697664077009628	3.275000653953783	0.6774961416725567	0.13863820659708717	0.04446885871982039	0.03923722828219446	0.03138978262575558	0.08893771743964082	0.13079076094064832	0.0915535326584538	0.08893771743964082	0.27989222841298705	1.096026576682629	0.1150958696277705	0.013079076094064824	0.0	0.0026158152188129643	0.0	0.0026158152188129643	0.0	0.0	0.0	0.0	0.0	0.0	0.0	0.0	0.0026158152188129643	0.0	0.0	0.0	0.0	0.0	0.0	0.0	0.0	0.0	0.0	0.0	0.0	0.0
SRR6443915_1	0.0	0.0	0.0	0.0	0.0	0.0	0.0	0.0	0.0	0.0	0.0	0.0	0.0	0.0	0.0	0.0	0.0	0.0	0.0	0.0	0.0	0.0	0.0	0.0	0.0020155601241585754	0.004031120248317151	0.0	0.0	0.0	0.0	0.0	0.0	0.0	0.0	0.0	0.0	0.0	0.0020155601241585754	0.006046680372475727	0.0020155601241585754	0.008062240496634301	0.012093360744951452	0.010077800620792877	0.010077800620792877	0.04232676260733007	0.7780062079252058	11.996613858990802	13.25432337646606	10.896118031200471	8.922884669649674	3.815455315032194	4.8635465795947725	5.861248841053381	6.457854637804296	8.906760188656408	11.254887733300615	4.551134760350158	3.0737291893417584	3.128149312694042	0.5341234329020215	0.07054460434555015	0.06046680372475727	0.04031120248317149	0.006046680372475727	0.004031120248317151	0.006046680372475727	0.012093360744951452	0.028217841738220055	0.15721368968436875	1.05212238481078	0.14512032893941731	0.014108920869110027	0.004031120248317151	0.0	0.004031120248317151	0.0020155601241585754	0.0	0.0	0.0	0.0	0.0	0.0	0.0	0.0	0.0	0.0	0.0	0.0	0.0	0.0	0.0	0.0	0.0	0.0	0.0	0.0	0.0	0.0	0.0	0.0	0.0
SRR6443915_2	0.0	0.0	0.0	0.0	0.0	0.0	0.0	0.0	0.0	0.0	0.0	0.0	0.0	0.0	0.0	0.0	0.0	0.0	0.0	0.0	0.0	0.0	0.0	0.0	0.0	0.0	0.0	0.0	0.0	0.0	0.0	0.0	0.0	0.004168490381208312	0.0062527355718124695	0.008336980762416624	0.012505471143624936	0.012505471143624936	0.008336980762416624	0.004168490381208312	0.008336980762416624	0.014589716334229091	0.018758206715437407	0.03543216824027065	0.07711707205235381	0.23968819691947796	2.7032660122135463	23.551970653830686	13.218282998810583	5.571187394485106	1.3505908835115044	4.23518622730769	6.688342816648962	3.96006586214791	7.530377873652851	6.359032076533566	9.5395902373948	5.7462639904958746	0.7795077012859501	0.2146772546322279	2.5052627191061627	3.0930198628565013	0.7357385522832635	0.14172867296108255	0.09587527876779124	0.03126367785906234	0.016673961524833247	0.01042122595302078	0.020842451906041563	0.029179432668458183	0.04585339419329142	0.16673961524833233	0.9921007107275791	0.18132933158256137	0.018758206715437407	0.002084245190604156	0.0	0.01042122595302078	0.002084245190604156	0.0	0.0	0.0	0.002084245190604156	0.0	0.0	0.0	0.0	0.0	0.0	0.0	0.0	0.0	0.0	0.0	0.0	0.0	0.0	0.0	0.0	0.0	0.0
SRR6443923_1	0.0	0.0	0.0	0.0	0.0	0.0	0.0	0.0	0.0	0.0	0.0	0.0	0.0	0.0	0.0	0.0	0.0	0.0	0.0	0.0	0.0	0.0	0.0	0.0	0.0	0.0	0.0	0.0	0.0	0.0	0.0	0.0	0.0	0.0	0.0	0.0	0.0	0.0	0.0	0.004076308495026883	0.0	0.012228925485080647	0.016305233980107532	0.0	0.008152616990053766	0.2771889776618279	3.5749225501385866	2.0707647154736617	1.267731941953356	8.523561063101326	22.056905266588863	33.743681721834214	8.307516712864876	3.5586173161584798	9.599706505788545	3.4811674547529736	0.3913256155225802	1.4878526006848043	1.430784281754429	0.016305233980107532	0.012228925485080647	0.008152616990053766	0.004076308495026883	0.004076308495026883	0.0	0.0	0.012228925485080647	0.004076308495026883	0.036686776455241946	0.08560247839556451	0.004076308495026883	0.0	0.0	0.0	0.0	0.0	0.0	0.0	0.0	0.0	0.0	0.0	0.0	0.0	0.0	0.0	0.0	0.0	0.0	0.0	0.0	0.0	0.0	0.0	0.0	0.0	0.0	0.0	0.0	0.0	0.0
SRR6443923_2	0.0	0.0	0.0	0.0	0.0	0.0	0.0	0.0	0.0	0.0	0.0	0.0	0.0	0.0	0.0	0.0	0.0	0.0	0.0	0.0	0.0	0.0	0.0	0.0	0.0	0.0	0.0	0.0	0.0	0.0	0.0	0.0	0.0	0.0	0.0	0.0	0.0	0.0	0.0	0.0	0.0	0.0034245402554706197	0.01027362076641186	0.02054724153282372	0.09246258689770673	0.4691620149994754	0.4965583370432406	3.037567206602447	1.3766651826991834	0.8287387418238893	1.8424026574432009	16.36245334063777	32.78312386562367	24.93750214033691	3.910824971747405	6.842231430430358	3.6848053148863573	1.0581829389404176	0.14383069072976612	0.09931166740864798	0.2225951166055902	1.1232492037943587	0.4040957501455332	0.08561350638676547	0.01027362076641186	0.0171227012773531	0.0034245402554706197	0.0034245402554706197	0.0171227012773531	0.01027362076641186	0.01027362076641186	0.01027362076641186	0.06164172459847114	0.02054724153282372	0.0	0.0	0.0	0.0	0.0	0.0	0.0	0.0	0.0	0.0	0.0	0.0	0.0	0.0	0.0	0.0	0.0	0.0	0.0	0.0	0.0	0.0	0.0	0.0	0.0	0.0	0.0
SRR6443924_1	0.0	0.0	0.0	0.0	0.0	0.0	0.0	0.0	0.0	0.0	0.0	0.0	0.0	0.0	0.0	0.0	0.0	0.0	0.0	0.0	0.0	0.0	0.0	0.0	0.0	0.0	0.0	0.0	0.0	0.0	0.0	0.0027835768963117053	0.0027835768963117053	0.0	0.0	0.0	0.0	0.0	0.0	0.0027835768963117053	0.0027835768963117053	0.0695894224077926	0.07515657620041602	0.027835768963117055	0.11691022964509168	1.839944328462053	23.674321503132482	8.71816283924861	11.259568545580619	9.36395267919278	2.4745998608211113	9.4697286012526	11.621433542101059	7.356993736952089	6.048712595685439	3.3263743910924446	0.5706332637439004	1.7536534446763876	1.8037578288099998	0.07794015309672774	0.03061934585942876	0.013917884481558524	0.0055671537926234105	0.0	0.0	0.0	0.0	0.0	0.019485038274181934	0.24495476687542975	0.022268615170493642	0.0027835768963117053	0.0	0.0	0.0	0.0	0.0	0.0	0.0	0.0	0.0	0.0	0.0	0.0	0.0	0.0	0.0	0.0	0.0	0.0	0.0	0.0	0.0	0.0	0.0	0.0	0.0	0.0	0.0	0.0	0.0
SRR6443924_2	0.0	0.0	0.0	0.0	0.0	0.0	0.0	0.0	0.0	0.0	0.0	0.0	0.0	0.0	0.0	0.0	0.0	0.0	0.0	0.0	0.0	0.0	0.0	0.0	0.0	0.0	0.0	0.0	0.0	0.0	0.0	0.002802847693256246	0.002802847693256246	0.0	0.002802847693256246	0.011211390773024984	0.014014238466281229	0.008408543079768738	0.014014238466281229	0.014014238466281229	0.03363417231907495	0.04484556309209992	0.03643702001233119	0.1569594708223498	0.21581927238073076	0.650260664835449	5.765457705028166	31.68339032457362	14.11233813554434	2.7355793486180873	0.9557710634003754	2.679522394752966	10.011771960311384	13.288300913727188	4.961040417063532	5.555244128033923	3.007455574863928	0.5661752340377628	0.15976231851560602	0.12052245081001864	0.3980043724423874	1.6733000728739895	0.6054151017433497	0.10370536465048115	0.02242278154604997	0.008408543079768738	0.008408543079768738	0.0	0.002802847693256246	0.008408543079768738	0.01961993385279372	0.05045125847861242	0.21021357699421828	0.04204271539884368	0.008408543079768738	0.005605695386512492	0.0	0.0	0.002802847693256246	0.005605695386512492	0.002802847693256246	0.002802847693256246	0.002802847693256246	0.0	0.0	0.0	0.0	0.0	0.0	0.002802847693256246	0.002802847693256246	0.0	0.0	0.0	0.0	0.0	0.0	0.0	0.0	0.0	0.0
SRR6443934_1	0.0	0.0	0.0	0.0	0.0	0.0	0.0	0.0	0.0	0.0	0.0	0.0	0.0	0.0	0.0	0.0	0.0	0.0	0.0	0.0	0.0	0.0	0.0	0.0	0.0	0.0	0.0	0.0	0.0	0.0	0.0	0.0	0.0	0.0	0.0	0.0	0.0	0.0	0.0	0.0028227058458238797	0.011290823383295519	0.09879470460383581	0.09879470460383581	0.019758940920767156	0.05080870522482982	1.114968809100427	13.687300646399244	7.968498602761126	7.5225110791209024	5.148615462782749	4.250995003810669	14.855900866570066	16.40838908177285	9.357269878906397	10.76297739012637	4.290512885652201	1.024642222034063	1.5186157450532534	1.4254664521410627	0.21734835012843853	0.0536314110706537	0.005645411691647759	0.0	0.005645411691647759	0.0	0.0028227058458238797	0.0028227058458238797	0.0028227058458238797	0.014113529229119398	0.07056764614559698	0.005645411691647759	0.0	0.0	0.0	0.0	0.0	0.0	0.0	0.0	0.0	0.0	0.0	0.0	0.0	0.0	0.0	0.0	0.0	0.0	0.0	0.0	0.0	0.0	0.0	0.0	0.0	0.0	0.0	0.0	0.0	0.0
SRR6443934_2	0.0	0.0	0.0	0.0	0.0	0.0	0.0	0.0	0.0	0.0	0.0	0.0	0.0	0.0	0.0	0.0	0.0	0.0	0.0	0.0	0.0	0.0	0.0	0.0	0.0	0.0	0.0	0.0	0.0	0.0	0.0	0.0	0.0	0.0028100938571348553	0.0028100938571348553	0.0028100938571348553	0.011240375428539421	0.0028100938571348553	0.014050469285674277	0.01686056314280913	0.011240375428539421	0.030911032428483413	0.07587253414264108	0.17984600685663066	0.5563985837127026	2.503793626707161	3.217557466419374	16.616084977236977	8.154892373405689	2.4841229697072182	2.014837295565712	6.696453661552533	10.57438318439841	19.150789636373325	8.25886584611969	8.230764907548338	5.254875512842188	2.5347046591356426	0.5788793345697811	0.118023941999664	0.5816894284269158	1.3994267408531609	0.4692856741415219	0.1039734727139897	0.028100938571348554	0.008430281571404566	0.005620187714269711	0.0028100938571348553	0.0	0.0	0.0	0.022480750857078843	0.0674422525712365	0.011240375428539421	0.0	0.0	0.0	0.0	0.0	0.0	0.0028100938571348553	0.0	0.0	0.0	0.0	0.0	0.0	0.0	0.0	0.0	0.0	0.0	0.0	0.0	0.0	0.0	0.0	0.0	0.0	0.0	0.0
SRR6443943_1	0.0	0.0	0.0	0.0	0.0	0.0	0.0	0.0	0.0	0.0	0.0	0.0	0.0	0.0	0.0	0.0	0.0	0.0	0.0	0.0	0.0	0.0	0.0	0.0	0.0	0.0	0.003400319630045234	0.003400319630045234	0.003400319630045234	0.0	0.0	0.0	0.0	0.0	0.003400319630045234	0.003400319630045234	0.003400319630045234	0.010200958890135703	0.003400319630045234	0.010200958890135703	0.030602876670407106	0.32983100411438726	0.3094290863341159	0.01700159815022617	0.04080383556054281	0.6018565745180079	5.600326430684424	8.50079907511334	15.644870617837414	13.727090346492338	3.8185589445407593	8.021354007276907	13.342854228297313	10.214560168656332	7.5487095787005645	4.059981638273957	1.5981502261212608	1.7987690842939354	1.785167805773754	0.2142201366928497	0.04760447482063327	0.2584242918834376	0.20401917780271403	0.0918086300112213	0.04420415519058804	0.013601278520180936	0.006800639260090468	0.03400319630045234	0.22442109558298537	1.5981502261212608	0.1836172600224427	0.027202557040361872	0.01700159815022617	0.0	0.0	0.0	0.0	0.0	0.0	0.0	0.0	0.0	0.0	0.0	0.0	0.0	0.0	0.0	0.0	0.0	0.0	0.0	0.0	0.0	0.0	0.0	0.0	0.0	0.0	0.0	0.0
SRR6443943_2	0.0	0.0	0.0	0.0	0.0	0.0	0.0	0.0	0.0	0.0	0.0	0.0	0.0	0.0	0.0	0.0	0.0	0.0	0.0	0.0	0.0	0.0	0.0	0.0	0.0	0.0	0.0	0.0	0.0	0.0	0.0	0.0	0.0035098803130813685	0.010529640939244106	0.0035098803130813685	0.0035098803130813685	0.007019760626162737	0.014039521252325474	0.010529640939244106	0.014039521252325474	0.03158892281773232	0.038608683443895064	0.10178652907935969	0.35098803130813644	0.17549401565406852	0.31237934786424143	1.797058720297666	16.966761433434417	17.251061738793947	5.643887543434746	1.8777859674985398	4.829595310799873	9.810115475062805	11.701940963813563	6.830227089256384	7.17770524025148	6.051033659752232	2.40426801446076	0.38959671475203184	0.1684742550279058	0.6212488154154038	1.765469797479933	0.6984661823031939	0.20708293847180076	0.19655329753255668	0.08423712751395282	0.038608683443895064	0.03509880313081369	0.024569162191569578	0.03158892281773232	0.06317784563546462	0.3720473131866249	1.572426380260452	0.2702607841072652	0.021059281878488212	0.007019760626162737	0.0035098803130813685	0.0035098803130813685	0.0	0.0035098803130813685	0.0	0.0035098803130813685	0.0	0.0	0.0	0.0	0.0	0.0	0.0	0.0	0.0	0.0	0.0	0.0	0.0	0.0	0.0	0.0	0.0	0.0	0.0
SRR6443949_1	0.0	0.0	0.0	0.0	0.0	0.0	0.0	0.0	0.0	0.0	0.0	0.0	0.0	0.0	0.0	0.0	0.0	0.0	0.0	0.0	0.0	0.0	0.0	0.0	0.0	0.0	0.0	0.0	0.0	0.0	0.0	0.0	0.0	0.0	0.0032510809844273915	0.0	0.0	0.0032510809844273915	0.0032510809844273915	0.0	0.0	0.0650216196885478	0.1528008062680875	0.016255404922136958	0.009753242953282176	0.09103026756396697	1.5312591436653025	8.160213270913	7.981403816769472	3.8850417763906826	4.291426899444083	16.860105985239343	17.9037029812403	12.451640170356804	12.373614226730563	7.861113820345646	3.10803342111258	0.8517832179199751	0.05526837673526565	0.016255404922136958	0.045515133781983484	0.21132026398778037	0.11703891543938613	0.07802594362625738	0.26658864072304583	0.3381124223804485	0.1528008062680875	0.07477486264182999	0.5136707955395289	0.4876621476641096	0.01950648590656435	0.016255404922136958	0.0032510809844273915	0.0	0.0	0.0	0.0	0.0	0.0	0.0	0.0	0.0	0.0	0.0	0.0	0.0	0.0	0.0	0.0	0.0	0.0	0.0	0.0	0.0	0.0	0.0	0.0	0.0	0.0	0.0	0.0
SRR6443949_2	0.0	0.0	0.0	0.0	0.0	0.0	0.0	0.0	0.0	0.0	0.0	0.0	0.0	0.0	0.0	0.0	0.0	0.0	0.0	0.0	0.0	0.0	0.0	0.0	0.0	0.0	0.0	0.0	0.0	0.0	0.0	0.0	0.0	0.0	0.006749460043196499	0.006749460043196499	0.0033747300215982495	0.0033747300215982495	0.01012419006479475	0.016873650107991245	0.006749460043196499	0.01012419006479475	0.040496760259179	0.15186285097192131	0.1721112311015108	0.2024838012958949	0.9820464362850876	6.557100431965436	8.801295896328527	3.587338012958912	2.7234071274298093	8.983531317494855	10.573029157667738	13.968007559394804	13.313309935204895	13.026457883369108	8.52456803455744	2.7267818574514076	1.9134719222462175	1.208153347732167	0.12823974082073353	0.07424406047516145	0.06074514038876848	0.07086933045356321	0.24973002159827026	0.08774298056155447	0.15523758099351956	0.38809395248379863	0.20923326133909143	0.07424406047516145	0.09449244060475097	0.34084773218142284	0.3712203023758073	0.12149028077753701	0.03712203023758075	0.01012419006479475	0.0	0.0	0.0033747300215982495	0.0033747300215982495	0.0	0.0	0.0	0.0	0.0	0.0	0.0	0.0	0.0	0.0	0.0	0.0	0.0	0.0	0.0	0.0	0.0	0.0	0.0	0.0	0.0
SRR6443958_1	0.0	0.0	0.0	0.0	0.0	0.0	0.0	0.0	0.0	0.0	0.0	0.0	0.0	0.0	0.0	0.0	0.0	0.0	0.0	0.0	0.0	0.0	0.0	0.0	0.0	0.0	0.0	0.0	0.0	0.0	0.0	0.0	0.0	0.0	0.0	0.0	0.0	0.0032836409010311104	0.006567281802062221	0.0032836409010311104	0.0	0.0	0.0032836409010311104	0.022985486307217768	0.06895645892165328	1.0803178564392306	15.633414329808312	17.17672555329258	12.960530636369597	7.151769882445882	3.7991725224929502	7.805214421751147	6.596834570171561	7.466999408944905	7.920141853287249	6.281605043672539	2.117948381165083	1.159125238063976	1.1394233926577897	0.3546332173113597	0.11492743153608889	0.026269127208248883	0.0328364090103111	0.013134563604124442	0.006567281802062221	0.0	0.006567281802062221	0.016418204505155548	0.07880738162474661	0.8373284297629319	0.09522558612990219	0.006567281802062221	0.008209102252577774	0.004925461351546665	0.0	0.0	0.0	0.0	0.0	0.0	0.0	0.0	0.0	0.0	0.0	0.0	0.0	0.0	0.0	0.0	0.0	0.0	0.0	0.0	0.0	0.0	0.0	0.0	0.0	0.0	0.0
SRR6443958_2	0.0	0.0	0.0	0.0	0.0	0.0	0.0	0.0	0.0	0.0	0.0	0.0	0.0	0.0	0.0	0.0	0.0	0.0	0.0	0.0	0.0	0.0	0.0	0.0	0.0	0.0	0.0	0.0	0.0	0.0	0.0	0.0	0.0	0.0	0.0	0.0033372824509002186	0.010011847352700656	0.02336097715630153	0.013349129803600875	0.013349129803600875	0.020023694705401312	0.03003554205810197	0.040047389410802624	0.0901066261743059	0.23694705401391536	0.8176342004705527	4.732266515376416	25.877288124280874	13.913130537802646	6.0805286255401905	1.95898479867844	4.768976622336316	9.09075739625253	6.1873216639690085	8.026164294415238	5.666705601628515	5.0826811727209185	2.876737472676	0.5239533447913354	0.1468404278396097	0.7675749637070503	0.9911728879173618	0.4471958484206297	0.2135860768576139	0.11013032087970724	0.03671010695990241	0.010011847352700656	0.01668641225450109	0.02336097715630153	0.03337282450900219	0.08009477882160522	0.17687596989771165	0.6674564901800452	0.1601895576432106	0.01668641225450109	0.0	0.0	0.0033372824509002186	0.0	0.0	0.0	0.0	0.0	0.0	0.0033372824509002186	0.0033372824509002186	0.0	0.0	0.0	0.0	0.0	0.0	0.0	0.0	0.0	0.0	0.0	0.0	0.0	0.0033372824509002186	0.005005923676350328
SRR6443964_1	0.0	0.0	0.0	0.0	0.0	0.0	0.0	0.0	0.0	0.0	0.0	0.0	0.0	0.0	0.0	0.0	0.0	0.0	0.0	0.0	0.0	0.0	0.0	0.0	0.0	0.0	0.0	0.0	0.0	0.0	0.0	0.0	0.0	0.0	0.002673082063619382	0.008019246190858148	0.010692328254477529	0.005346164127238764	0.002673082063619382	0.0	0.002673082063619382	0.002673082063619382	0.005346164127238764	0.008019246190858148	0.026730820636193822	0.09890403635391717	0.6923282544774189	18.981555733760903	17.890938251803696	5.490510558674274	3.3306602512697006	22.122427158515105	14.488104784815997	4.25554664528198	5.543972199946669	1.60384923817164	0.3795776530339528	2.4298315958300205	2.4298315958300205	0.0748462977813427	0.02405773857257444	0.02405773857257444	0.016038492381716292	0.005346164127238764	0.02405773857257444	0.016038492381716292	0.002673082063619382	0.0	0.0	0.0	0.0	0.0	0.0	0.0	0.0	0.0	0.0	0.0	0.0	0.0	0.0	0.0	0.0	0.0	0.0	0.0	0.0	0.0	0.0	0.0	0.0	0.0	0.0	0.0	0.0	0.0	0.0	0.0	0.0	0.0	0.0
SRR6443964_2	0.0	0.0	0.0	0.0	0.0	0.0	0.0	0.0	0.0	0.0	0.0	0.0	0.0	0.0	0.0	0.0	0.0	0.0	0.0	0.0	0.0	0.0	0.0	0.0	0.0	0.0	0.0	0.0	0.0	0.0	0.0	0.0	0.002757555702625242	0.005515111405250484	0.005515111405250484	0.013787778513126209	0.01654533421575145	0.01654533421575145	0.01930288991837669	0.011030222810500968	0.01930288991837669	0.022060445621001935	0.030333112728877662	0.07445400397088152	0.14339289653651263	0.4219060225016627	5.655746746084436	10.464923891462725	15.24928303551643	8.154092212663189	1.4973527465255128	4.213545113611274	21.36002647253559	15.194131921463939	4.07566732848002	3.7613059783807605	3.6399735274652567	1.0313258327818349	0.12133245091551072	0.1489080079417631	1.886168100595683	2.2804985660710897	0.2729980145598986	0.055151114052504814	0.04963600264725434	0.01654533421575145	0.022060445621001935	0.0330906684315029	0.005515111405250484	0.002757555702625242	0.002757555702625242	0.0	0.0	0.0	0.0	0.0	0.0	0.0	0.0	0.0	0.0	0.0	0.0	0.0	0.0	0.0	0.002757555702625242	0.0	0.0	0.0	0.0	0.0	0.0	0.0	0.0	0.0	0.0	0.0	0.0	0.0	0.0
SRR6443968_1	0.0	0.0	0.0	0.0	0.0	0.0	0.0	0.0	0.0	0.0	0.0	0.0	0.0	0.0	0.0	0.0	0.0	0.0	0.0	0.0	0.0	0.0	0.0	0.0	0.0	0.0	0.0	0.002529148435721522	0.002529148435721522	0.0	0.0	0.0	0.0	0.002529148435721522	0.002529148435721522	0.0	0.0	0.0	0.0	0.0	0.005058296871443044	0.13404486709324073	0.16439464832189887	0.0227623359214937	0.010116593742886088	0.22762335921493673	3.0071574900728515	1.264574217860764	3.1867270290090692	10.642656617515863	8.070512658387662	29.932471736769344	21.611573383241755	6.9425124560558364	5.394673613394089	4.509471660891457	1.8159285768480713	1.8715698424339466	0.7713902728950615	0.06322871089303804	0.015174890614329131	0.007587445307164567	0.0	0.007587445307164567	0.025291484357215226	0.007587445307164567	0.018968613267911417	0.018968613267911417	0.05058296871443043	0.13657401552896223	0.03793722653582283	0.007587445307164567	0.005058296871443044	0.002529148435721522	0.0	0.0	0.0	0.0	0.0	0.0	0.0	0.0	0.0	0.0	0.0	0.0	0.0	0.0	0.0	0.0	0.0	0.0	0.0	0.0	0.0	0.0	0.0	0.0	0.0	0.0	0.0
SRR6443968_2	0.0	0.0	0.0	0.0	0.0	0.0	0.0	0.0	0.0	0.0	0.0	0.0	0.0	0.0	0.0	0.0	0.0	0.0	0.0	0.0	0.0	0.0	0.0	0.0	0.0	0.0	0.0	0.0	0.0	0.0	0.0	0.0	0.0	0.0	0.002400268830108869	0.007200806490326606	0.004800537660217738	0.007200806490326606	0.002400268830108869	0.007200806490326606	0.007200806490326606	0.01680188181076208	0.04800537660217736	0.17041908693772959	0.12961451682587896	0.5544620997551486	0.8520954346886442	3.074744371369412	2.3810666794679882	2.6474965196100575	2.4794777015024465	10.806010273149681	20.450290432528814	27.88392299937936	14.051173731456135	5.587825836493579	4.534107820075666	1.1473285007920406	0.4584513465507953	1.2193365656953086	0.753684412654182	0.2928327972732821	0.06480725841293944	0.007200806490326606	0.004800537660217738	0.01680188181076208	0.04560510777206849	0.01920215064087095	0.014401612980653213	0.060006720752721704	0.021602419470979822	0.021602419470979822	0.0864096778839193	0.02400268830108869	0.004800537660217738	0.004800537660217738	0.002400268830108869	0.0	0.0	0.0	0.002400268830108869	0.002400268830108869	0.007200806490326606	0.0	0.0	0.0	0.0	0.0	0.0	0.004800537660217738	0.0	0.002400268830108869	0.002400268830108869	0.0	0.0	0.002400268830108869	0.0	0.0	0.0	0.0	0.0
SRR6443974_1	0.0	0.0	0.0	0.0	0.0	0.0	0.0	0.0	0.0	0.0	0.0	0.0	0.0	0.0	0.0	0.0	0.0	0.0	0.0	0.0	0.0	0.0	0.0	0.0	0.0	0.0	0.0	0.0	0.0	0.0	0.0	0.0	0.0	0.0	0.0	0.0	0.0	0.0	0.0	0.0	0.011049723756906186	0.4714548802946642	0.4788213627992684	0.02578268876611443	0.0294659300184165	0.4383057090239454	6.353591160221008	4.72559852670347	4.316758747697964	7.0202578268877565	12.968692449355698	22.604051565375702	11.071823204420484	7.432780847145634	10.788213627993194	7.410681399631819	1.0939226519337089	0.44935543278085166	0.2209944751381237	0.0478821362799268	0.03314917127071856	0.01473296500920825	0.018416206261510307	0.055248618784530926	0.08471454880294739	0.15837937384898876	0.14364640883978047	0.044198895027624745	0.22467771639042575	1.104972375690615	0.12891344383057218	0.018416206261510307	0.011049723756906186	0.0	0.0	0.0	0.0	0.0	0.0	0.0	0.0	0.0	0.0	0.0	0.0	0.0	0.0	0.0	0.0	0.0	0.0	0.0	0.0	0.0	0.0	0.0	0.0	0.0	0.0	0.0	0.0
SRR6443974_2	0.0	0.0	0.0	0.0	0.0	0.0	0.0	0.0	0.0	0.0	0.0	0.0	0.0	0.0	0.0	0.0	0.0	0.0	0.0	0.0	0.0	0.0	0.0	0.0	0.0	0.0	0.0	0.0	0.0	0.0	0.0	0.0	0.0	0.0033763252076440763	0.0	0.0033763252076440763	0.006752650415288153	0.006752650415288153	0.010128975622932229	0.02701060166115261	0.020257951245864457	0.020257951245864457	0.07427915456816965	0.45580390303195073	0.27685866702681394	1.5632385711392076	0.9217367816868306	5.229927746640561	5.2197987710176275	3.798365858599547	3.22776689850773	11.222904990209186	19.478020122897078	18.201769194407905	7.481936660139415	9.281517995813914	7.583226416368749	3.0116820852185215	0.567222634884206	0.08440813019110188	0.09791343102167821	0.23296643932744113	0.08778445539874596	0.033763252076440764	0.01688162603822038	0.047268552907017064	0.11479505705989862	0.07090282936052558	0.13167668309811903	0.054021203322305214	0.037139577284084846	0.18232156121278015	0.9082314808562546	0.16206360996691577	0.030386926868796686	0.0033763252076440763	0.0	0.0	0.0033763252076440763	0.0033763252076440763	0.0	0.0	0.0	0.0	0.0033763252076440763	0.0	0.0	0.0	0.0	0.0	0.0	0.0	0.0	0.0	0.0	0.0	0.0	0.0	0.0	0.0	0.0
SRR6444008_1	0.0	0.0	0.0	0.0	0.0	0.0	0.0	0.0	0.0	0.0	0.0	0.0	0.0	0.0	0.0	0.0	0.0	0.0	0.0	0.0	0.0	0.0	0.0	0.0	0.0	0.0	0.0	0.0	0.0	0.0	0.0	0.0	0.0	0.0	0.0	0.0	0.0	0.0	0.0	0.0	0.002952029520295138	0.002952029520295138	0.0	0.008856088560885413	0.023616236162361103	0.04132841328413193	0.3630996309963021	13.242804428043451	30.07822878229094	19.353505535053827	1.2575645756457259	3.787453874538601	4.814760147601298	6.798523985239855	10.343911439114283	5.0420664206640495	3.36531365313642	0.7852398523985051	0.47822878228781335	0.04132841328413193	0.056088560885607604	0.04428044280442706	0.05313653136531246	0.014760147601475688	0.0	0.0	0.0	0.0	0.0	0.0	0.0	0.0	0.0	0.0	0.0	0.0	0.0	0.0	0.0	0.0	0.0	0.0	0.0	0.0	0.0	0.0	0.0	0.0	0.0	0.0	0.0	0.0	0.0	0.0	0.0	0.0	0.0	0.0	0.0	0.0	0.0
SRR6444008_2	0.0	0.0	0.0	0.0	0.0	0.0	0.0	0.0	0.0	0.0	0.0	0.0	0.0	0.0	0.0	0.0	0.0	0.0	0.0	0.0	0.0	0.0	0.0	0.0	0.0	0.0	0.0	0.0	0.0	0.0	0.0	0.0	0.006347594261774562	0.009521391392661845	0.009521391392661845	0.006347594261774562	0.009521391392661845	0.006347594261774562	0.019042782785323686	0.03173797130887281	0.025390377047098248	0.03173797130887281	0.04443315983242193	0.04125936270153466	0.09838771105750574	0.29198933604162947	1.0378316618001366	20.886758918368052	32.95670940713787	3.5610003808554933	0.9204011679573086	1.6821124793702653	4.14497905293872	5.090770597943112	6.138123651136034	8.077313698108384	7.312428589564461	2.5929922559349277	1.9709280182810158	1.7487622191189	0.466548178240431	0.4855909610257548	0.1047353053192803	0.03173797130887281	0.06982353687952016	0.04443315983242193	0.012695188523549124	0.006347594261774562	0.0	0.0	0.003173797130887281	0.003173797130887281	0.0	0.0	0.006347594261774562	0.003173797130887281	0.0	0.0	0.0	0.0	0.0	0.003173797130887281	0.0	0.0	0.0	0.0	0.0	0.0	0.003173797130887281	0.003173797130887281	0.0	0.0	0.0	0.0	0.0	0.0	0.0	0.0	0.0	0.0	0.0
SRR6444010_1	0.0	0.0	0.0	0.0	0.0	0.0	0.0	0.0	0.0	0.0	0.0	0.0	0.0	0.0	0.0	0.0	0.0	0.0	0.0	0.0	0.0	0.0	0.0	0.0	0.0	0.0	0.0	0.0	0.0	0.0	0.0	0.0	0.0	0.0	0.0	0.0	0.005674724775848486	0.005674724775848486	0.002837362387924243	0.005674724775848486	0.00851208716377273	0.4199296334127886	0.44830325729203124	0.0198615367154697	0.05958461014640908	0.8483713539893458	10.946544092611617	5.0164567018500374	14.078992168879271	16.754624900691223	7.629667461128562	5.711610486891556	11.766541822721537	5.6832368630123105	8.041085007377625	4.7071842015662595	1.588922937237584	2.6188854840540765	2.5280898876405056	0.24401316536148462	0.06242197253433332	0.00851208716377273	0.002837362387924243	0.002837362387924243	0.011349449551696972	0.014186811939621215	0.011349449551696972	0.005674724775848486	0.08512087163772729	0.6100329134037128	0.04539779820678788	0.0	0.0	0.0	0.0	0.0	0.0	0.0	0.0	0.0	0.0	0.0	0.0	0.0	0.0	0.0	0.0	0.0	0.0	0.0	0.0	0.0	0.0	0.0	0.0	0.0	0.0	0.0	0.0	0.0	0.0
SRR6444010_2	0.0	0.0	0.0	0.0	0.0	0.0	0.0	0.0	0.0	0.0	0.0	0.0	0.0	0.0	0.0	0.0	0.0	0.0	0.0	0.0	0.0	0.0	0.0	0.0	0.0	0.0	0.0	0.0	0.0	0.0	0.0	0.0	0.0	0.0	0.0029903411979307136	0.0	0.011961364791722854	0.02392272958344571	0.01794204718758428	0.02392272958344571	0.01794204718758428	0.03588409437516857	0.15549774229239716	0.6489040399509654	1.2200592087557267	5.882001136329755	4.129661194342237	18.18127448341711	8.504530366915288	2.93352471517002	1.8270984719356786	3.4717861307975175	9.054753147334603	13.480458120271097	4.957985706169059	7.610418348733903	8.271283753476668	2.2816303340211603	0.7356239346909548	0.4575222032834	1.8540115427170558	2.467031488292855	0.5890972159923519	0.13157501270895147	0.05382614156275283	0.014951705989653567	0.014951705989653567	0.02990341197930714	0.02392272958344571	0.026913070781376423	0.038874435573099275	0.12559433031309003	0.5532131216171835	0.10167160072964429	0.014951705989653567	0.0029903411979307136	0.0	0.0	0.0	0.0	0.0029903411979307136	0.0	0.0	0.0	0.0	0.0	0.0029903411979307136	0.0029903411979307136	0.0	0.005980682395861427	0.0029903411979307136	0.0	0.0	0.0	0.0	0.0	0.0	0.0	0.0	0.0	0.0
SRR6444024_1	0.0	0.0	0.0	0.0	0.0	0.0	0.0	0.0	0.0	0.0	0.0	0.0	0.0	0.0	0.0	0.0	0.0	0.0	0.0	0.0	0.0	0.0	0.0	0.0	0.0	0.0	0.0	0.0	0.0	0.0	0.0019607843137254503	0.0	0.0	0.0	0.0	0.0	0.0019607843137254503	0.0039215686274509005	0.0019607843137254503	0.0019607843137254503	0.015686274509803602	0.40980392156861967	0.4294117647058739	0.0039215686274509005	0.021568627450979955	0.44901960784312805	6.249019607843232	4.79411764705886	3.915686274509758	6.647058823529408	13.229411764705054	23.27058823529765	11.403921568626268	8.741176470587712	10.45686274509709	6.864705882352882	1.1098039215686106	0.374509803921562	0.2666666666666615	0.06862745098039078	0.035294117647058094	0.0117647058823527	0.005882352941176351	0.04509803921568534	0.0843137254901944	0.08235294117646895	0.08627450980391986	0.02941176470588175	0.10980392156862522	0.6882352941176296	0.07843137254901804	0.005882352941176351	0.0019607843137254503	0.0019607843137254503	0.0	0.0	0.0	0.0	0.0	0.0	0.0	0.0	0.0	0.0	0.0	0.0	0.0	0.0	0.0	0.0	0.0	0.0	0.0	0.0	0.0	0.0	0.0	0.0	0.0	0.0	0.0
SRR6444024_2	0.0	0.0	0.0	0.0	0.0	0.0	0.0	0.0	0.0	0.0	0.0	0.0	0.0	0.0	0.0	0.0	0.0	0.0	0.0	0.0	0.0	0.0	0.0	0.0	0.0	0.0	0.0	0.0	0.0	0.0	0.0	0.0	0.0	0.001821792279244222	0.005465376837732666	0.001821792279244222	0.005465376837732666	0.003643584558488444	0.007287169116976888	0.009108961396221108	0.010930753675465331	0.010930753675465331	0.07833706800750159	0.45362627753181073	0.3115264797507627	1.5375926836821314	0.9218268932975787	5.170246488495308	4.709333041846468	3.5251680603375886	2.9913829225189708	11.66129237944146	21.360514474142107	20.063398371319632	7.270772986463562	9.265635532235532	6.829899254886561	1.792643602776308	0.35889307901111256	0.05829735293581512	0.06558452205279201	0.2040407352753528	0.09473319852069957	0.03825763786412865	0.020039715071686445	0.054653768377326654	0.08926782168296693	0.03825763786412865	0.07651527572825736	0.03643584558488443	0.021861507350930665	0.1220600827093628	0.5993696598713464	0.09837678307918801	0.016396130513197996	0.001821792279244222	0.0	0.0	0.0	0.0	0.0	0.0	0.0	0.0	0.0	0.0	0.0	0.0	0.001821792279244222	0.003643584558488444	0.0	0.0	0.0	0.0	0.0	0.0	0.0	0.0	0.0	0.0	0.0
SRR6444025_1	0.0	0.0	0.0	0.0	0.0	0.0	0.0	0.0	0.0	0.0	0.0	0.0	0.0	0.0	0.0	0.0	0.0	0.0	0.0	0.0	0.0	0.0	0.0	0.0	0.0028549404744911844	0.0028549404744911844	0.0	0.0	0.0	0.0	0.0	0.0	0.0	0.0	0.0	0.0	0.005709880948982369	0.005709880948982369	0.0028549404744911844	0.0	0.0028549404744911844	0.005709880948982369	0.0028549404744911844	0.014274702372455922	0.05138892854084132	0.8279327376024411	12.45896023067909	15.142604276700192	15.111199931480797	12.227710052245355	3.471607616981233	4.430867616410223	5.081794044594288	5.221686127844372	8.513432494933081	10.309190053387717	3.6600336882976405	1.3446769634853488	1.3560967253833138	0.16273160704599754	0.037114226168385396	0.017129642846947107	0.019984583321438293	0.011419761897964738	0.0028549404744911844	0.0	0.0	0.005709880948982369	0.06566363091329722	0.3739972021583455	0.039969166642876586	0.005709880948982369	0.0028549404744911844	0.0	0.0	0.0	0.0	0.0	0.0	0.0	0.0	0.0	0.0	0.0	0.0	0.0	0.0	0.0	0.0	0.0	0.0	0.0	0.0	0.0	0.0	0.0	0.0	0.0	0.0	0.0	0.0
SRR6444025_2	0.0	0.0	0.0	0.0	0.0	0.0	0.0	0.0	0.0	0.0	0.0	0.0	0.0	0.0	0.0	0.0	0.0	0.0	0.0	0.0	0.0	0.0	0.0	0.0	0.0	0.0	0.0	0.0	0.0	0.0	0.0	0.0	0.0029498525073745874	0.0029498525073745874	0.0029498525073745874	0.0	0.0029498525073745874	0.01179941002949835	0.014749262536872936	0.02654867256637129	0.02654867256637129	0.03834808259586964	0.05014749262536798	0.09439528023598681	0.1445427728613549	0.3923303834808205	3.3244837758111254	25.861356932154877	16.091445427727187	9.168141592920605	1.2359882005899487	3.7581120943951656	6.35103244837759	3.6253687315633165	7.005899705014823	6.628318584070833	7.548672566371809	4.492625368731396	0.5929203539822933	0.16224188790560234	1.035398230088475	1.2743362831858194	0.2890855457227092	0.07964601769911385	0.05014749262536798	0.01179941002949835	0.005899705014749175	0.01179941002949835	0.017699115044247524	0.02949852507374588	0.01179941002949835	0.08554572271386304	0.33628318584070294	0.0648967551622409	0.005899705014749175	0.0029498525073745874	0.0029498525073745874	0.005899705014749175	0.0029498525073745874	0.0029498525073745874	0.0029498525073745874	0.005899705014749175	0.0029498525073745874	0.0029498525073745874	0.0	0.0	0.0	0.0	0.0	0.0	0.0	0.0	0.0	0.0	0.0	0.0	0.0	0.0	0.0	0.0	0.0
SRR6444031_1	0.0	0.0	0.0	0.0	0.0	0.0	0.0	0.0	0.0	0.0	0.0	0.0	0.0	0.0	0.0	0.0	0.0	0.0	0.0	0.0	0.0	0.0	0.0	0.0	0.0	0.0	0.0	0.0	0.0	0.0	0.0	0.003330114222917856	0.0	0.0	0.0	0.0	0.0	0.0	0.0	0.00999034266875357	0.00999034266875357	0.003330114222917856	0.00999034266875357	0.09324319824169996	0.0599420560125214	0.6227313596856408	7.196376835725609	6.770122215192073	5.03180259082877	11.03266842052714	12.81427952978779	22.205201638415197	11.475573612175113	7.422824602884049	8.538412867561657	5.241599786872603	0.5994205601252156	0.07992274135002853	0.04995171334376784	0.40960404941889655	0.06327217023543925	0.013320456891671424	0.00999034266875357	0.003330114222917856	0.016650571114589282	0.013320456891671424	0.006660228445835712	0.00999034266875357	0.016650571114589282	0.14985514003130362	0.013320456891671424	0.003330114222917856	0.0	0.0	0.0	0.0	0.0	0.0	0.0	0.0	0.0	0.0	0.0	0.0	0.0	0.0	0.0	0.0	0.0	0.0	0.0	0.0	0.0	0.0	0.0	0.0	0.0	0.0	0.0	0.0	0.0
SRR6444031_2	0.0	0.0	0.0	0.0	0.0	0.0	0.0	0.0	0.0	0.0	0.0	0.0	0.0	0.0	0.0	0.0	0.0	0.0	0.0	0.0	0.0	0.0	0.0	0.0	0.0	0.0	0.0	0.0	0.0	0.0	0.0	0.0	0.0	0.0	0.0	0.0	0.0	0.0	0.0	0.0	0.009979044007584332	0.013305392010112441	0.016631740012640554	0.11309583208595579	0.10311678807837144	0.3492665402654514	1.8062069653727717	10.191930279746593	7.07181585337487	2.604530485979537	3.199946778432035	13.295412966104623	20.63998935568516	18.634201510161027	8.019825034095488	6.895519409240861	4.310947011276361	1.3272128530087102	0.3226557562452263	0.08648504806573086	0.07317965605561841	0.09979044007584331	0.312676712237642	0.16964374812893374	0.03658982802780922	0.013305392010112441	0.009979044007584332	0.029937132022753	0.016631740012640554	0.0	0.009979044007584332	0.049895220037921656	0.12307487609354013	0.03326348002528111	0.0	0.0033263480025281103	0.0033263480025281103	0.0033263480025281103	0.0	0.0	0.0	0.0	0.0	0.0	0.0	0.0	0.0	0.0	0.0	0.0	0.0	0.0	0.0	0.0	0.0	0.0	0.0	0.0	0.0	0.0	0.0
SRR6444036_1	0.0	0.0	0.0	0.0	0.0	0.0	0.0	0.0	0.0	0.0	0.0	0.0	0.0	0.0	0.0	0.0	0.0	0.0	0.0	0.0	0.0	0.0	0.0	0.0	0.0	0.0	0.0	0.0	0.0	0.0	0.0	0.0	0.005202372281760461	0.005202372281760461	0.0	0.0	0.010404744563520921	0.041618978254083686	0.020809489127041843	0.020809489127041843	0.05722609509936507	2.2994485485381206	2.3722817604827693	0.08844032878992782	0.13526167932577196	1.576318801373414	19.909478722297113	17.916970138383313	14.852772864426713	4.827801477473705	2.2110082197481904	6.596608053272162	8.729580688793954	4.978670273644751	8.833628134429174	3.2774945375091153	0.556653834148369	0.09364270107168826	0.067630839662886	0.026011861408802305	0.010404744563520921	0.13005930704401147	0.10404744563520918	0.0	0.020809489127041843	0.026011861408802305	0.005202372281760461	0.0	0.031214233690562764	0.15086879617105337	0.010404744563520921	0.0	0.0	0.0	0.0	0.0	0.0	0.0	0.0	0.0	0.0	0.0	0.0	0.0	0.0	0.0	0.0	0.0	0.0	0.0	0.0	0.0	0.0	0.0	0.0	0.0	0.0	0.0	0.0	0.0	0.0
SRR6444036_2	0.0	0.0	0.0	0.0	0.0	0.0	0.0	0.0	0.0	0.0	0.0	0.0	0.0	0.0	0.0	0.0	0.0	0.0	0.0	0.0	0.0	0.0	0.0	0.0	0.0	0.0	0.0	0.0	0.0	0.0	0.0	0.0	0.0	0.0	0.0	0.010501443948543156	0.021002887897086313	0.021002887897086313	0.031504331845629466	0.036755053819901046	0.047256497768444206	0.06825938566553051	0.3885534260960965	2.431084274087741	0.6300866369125895	0.5198214754528856	3.4602257810449997	28.348647939090206	18.46678918351334	5.581517458650645	0.8926227356261702	1.5962194801785543	7.618797584667902	9.70858493042815	4.967182987660905	7.508532423208206	5.245471252297283	1.6802310317668983	0.10501443948543153	0.06300866369125893	0.021002887897086313	0.047256497768444206	0.09976371751115995	0.06300866369125893	0.021002887897086313	0.010501443948543156	0.02625360987135789	0.021002887897086313	0.0	0.0	0.010501443948543156	0.042005775794172626	0.12601732738251784	0.036755053819901046	0.010501443948543156	0.0	0.005250721974271578	0.005250721974271578	0.005250721974271578	0.0	0.0	0.0	0.0	0.0	0.0	0.0	0.0	0.0	0.0	0.0	0.0	0.0	0.0	0.0	0.0	0.0	0.0	0.0	0.0	0.0	0.0
SRR6444040_1	0.0	0.0	0.0	0.0	0.0	0.0	0.0	0.0	0.0	0.0	0.0	0.0	0.0	0.0	0.0	0.0	0.0	0.0	0.0	0.0	0.0	0.0	0.0	0.0	0.0	0.0	0.0	0.0	0.0	0.0	0.0	0.0	0.0	0.0	0.008299443937255587	0.0027664813124185293	0.0027664813124185293	0.0027664813124185293	0.0	0.0	0.0027664813124185293	0.0027664813124185293	0.0027664813124185293	0.011065925249674117	0.022131850499348234	0.07192851412288173	1.6377569369517797	32.481257089111445	22.615984729022482	5.577226325835809	1.7013860071374076	9.394970536973506	7.7046504550859	2.381940409992363	8.025562287326485	2.274047638808047	0.7856806927268601	2.5838935457989045	2.5949594710485777	0.06362907018562615	0.01659888787451117	0.01659888787451117	0.008299443937255587	0.0027664813124185293	0.0	0.0027664813124185293	0.0	0.0	0.0	0.0	0.0	0.0	0.0	0.0	0.0	0.0	0.0	0.0	0.0	0.0	0.0	0.0	0.0	0.0	0.0	0.0	0.0	0.0	0.0	0.0	0.0	0.0	0.0	0.0	0.0	0.0	0.0	0.0	0.0	0.0	0.0
SRR6444040_2	0.0	0.0	0.0	0.0	0.0	0.0	0.0	0.0	0.0	0.0	0.0	0.0	0.0	0.0	0.0	0.0	0.0	0.0	0.0	0.0	0.0	0.0	0.0	0.0	0.0	0.0	0.0	0.0	0.0	0.0	0.0	0.0	0.00282917444689638	0.00282917444689638	0.0	0.0	0.008487523340689139	0.014145872234481898	0.00565834889379276	0.014145872234481898	0.016975046681378277	0.03677926780965294	0.06224183783172033	0.08487523340689139	0.1669212923668864	0.548859842697899	10.946075935041975	20.355910145419223	20.022067560685297	8.827024274317068	1.157132348780615	1.980422112827485	8.674248854184693	7.443557969784628	3.553443105301799	7.463362190912905	2.2293894641543686	1.1090363831833754	0.2235047813048138	0.1754088157075755	1.9634470661461063	2.4698692921405474	0.29140496803032684	0.06224183783172033	0.042437616703445695	0.014145872234481898	0.00282917444689638	0.00565834889379276	0.00282917444689638	0.00565834889379276	0.00282917444689638	0.0	0.0	0.0	0.0	0.0	0.0	0.0	0.0	0.0	0.0	0.0	0.0	0.0	0.0	0.0	0.0	0.0	0.0	0.00282917444689638	0.00282917444689638	0.0	0.0	0.0	0.0	0.00282917444689638	0.00282917444689638	0.0	0.0	0.0	0.0
SRR6444041_1	0.0	0.0	0.0	0.0	0.0	0.0	0.0	0.0	0.0	0.0	0.0	0.0	0.0	0.0	0.0	0.0	0.0	0.0	0.0	0.0	0.0	0.0	0.0	0.0	0.0	0.004219409282700475	0.004219409282700475	0.0	0.0	0.0	0.0	0.0	0.0	0.0	0.0	0.0	0.0	0.0	0.0	0.0	0.0	0.0	0.004219409282700475	0.012658227848101427	0.04641350210970523	0.32067510548523587	14.77637130801724	24.696202531643802	5.729957805907141	1.0042194092827126	4.62869198312238	13.805907172996351	12.291139240506997	4.413502109704667	7.7637130801688725	5.337552742616019	0.8354430379746959	1.7932489451476976	1.7510548523206917	0.06751054852320759	0.0168776371308019	0.10548523206751184	0.08860759493670996	0.0	0.0	0.012658227848101427	0.00843881856540095	0.00843881856540095	0.05907172995780665	0.37552742616034185	0.0337552742616038	0.004219409282700475	0.0	0.0	0.0	0.0	0.0	0.0	0.0	0.0	0.0	0.0	0.0	0.0	0.0	0.0	0.0	0.0	0.0	0.0	0.0	0.0	0.0	0.0	0.0	0.0	0.0	0.0	0.0	0.0	0.0
SRR6444041_2	0.0	0.0	0.0	0.0	0.0	0.0	0.0	0.0	0.0	0.0	0.0	0.0	0.0	0.0	0.0	0.0	0.0	0.0	0.0	0.0	0.0	0.0	0.0	0.0	0.0	0.0	0.0	0.0	0.0	0.0	0.0	0.0	0.0043301290378453695	0.0043301290378453695	0.0	0.0	0.0043301290378453695	0.0	0.0043301290378453695	0.0043301290378453695	0.017320516151381478	0.012990387113536108	0.03897116134060833	0.0562916774919898	0.1472243872867426	0.6495193556768064	2.152074131809153	18.736468346756283	19.81034034814169	1.922577292803342	1.7753529055165953	3.715250714471343	11.033168788430348	11.245345111284795	6.244046072572895	8.985017753529254	6.321988395254108	2.0698016800900887	0.7794232268121686	0.23382696804365002	1.4592534857538828	1.6541092924569216	0.27279812938425824	0.07361219364337127	0.012990387113536108	0.017320516151381478	0.008660258075690739	0.012990387113536108	0.012990387113536108	0.017320516151381478	0.017320516151381478	0.07794232268121663	0.3290898068762478	0.0433012903784537	0.0043301290378453695	0.0043301290378453695	0.0	0.0	0.0	0.0	0.0	0.0043301290378453695	0.0043301290378453695	0.0	0.0	0.0	0.0	0.0	0.0	0.0	0.0	0.0043301290378453695	0.0	0.0	0.0	0.0	0.0	0.0	0.0	0.0	0.0
SRR6444047_1	0.0	0.0	0.0	0.0	0.0	0.0	0.0	0.0	0.0	0.0	0.0	0.0	0.0	0.0	0.0	0.0	0.0	0.0	0.0	0.0	0.0	0.0	0.0	0.0	0.0020967437569453778	0.0020967437569453778	0.0020967437569453778	0.0	0.0	0.0	0.0	0.0	0.0	0.0	0.0	0.0	0.0	0.0	0.0	0.0	0.0	0.035644643868071424	0.04193487513890755	0.006290231270836135	0.02306418132639916	0.12999811293061342	8.86083911685091	23.915459291722826	17.109429056675037	2.0590023693203543	3.176566791772177	8.982450254753713	6.005074119891806	1.922714025118912	8.284234583691061	2.1156144507578762	0.47596083282660084	7.502149162350613	7.9340783762812634	0.22015809447926454	0.04193487513890755	0.016773950055563022	0.012580462541672267	0.0041934875138907556	0.006290231270836135	0.0	0.0041934875138907556	0.014677206298617644	0.11112741911810509	0.855471452833711	0.11112741911810509	0.006290231270836135	0.006290231270836135	0.0020967437569453778	0.0	0.0	0.0	0.0	0.0	0.0	0.0	0.0	0.0	0.0	0.0	0.0	0.0	0.0	0.0	0.0	0.0	0.0	0.0	0.0	0.0	0.0	0.0	0.0	0.0	0.0	0.0
SRR6444047_2	0.0	0.0	0.0	0.0	0.0	0.0	0.0	0.0	0.0	0.0	0.0	0.0	0.0	0.0	0.0	0.0	0.0	0.0	0.0	0.0	0.0	0.0	0.0	0.0	0.0	0.0	0.0	0.0	0.0	0.0024588148512416004	0.004917629702483201	0.0	0.0	0.0	0.0	0.0	0.004917629702483201	0.004917629702483201	0.009835259404966401	0.004917629702483201	0.009835259404966401	0.014752889107449603	0.0393410376198656	0.08114089009097283	0.08605851979345604	0.22375215146298535	0.6983034177526126	13.373493975902084	29.28202606344129	4.175067617408197	2.2817801819522043	4.61027784607801	6.552741578559094	4.711089254978926	3.501352348167969	3.021883452175884	9.554954511924747	2.1711335136463386	0.3909515613474152	0.24588148512415978	1.7137939513154121	8.903368576345871	2.4489795918366237	0.3589869682812742	0.08851733464469766	0.036882222768624004	0.02704696336365761	0.012294074256208003	0.019670518809932803	0.02950577821489921	0.07868207523973124	0.14261126137201283	0.9023850504056626	0.1524465207769792	0.014752889107449603	0.0024588148512416004	0.004917629702483201	0.0	0.0	0.0	0.0	0.0	0.0	0.0	0.0	0.0	0.0	0.0	0.0	0.0	0.0024588148512416004	0.0024588148512416004	0.0	0.0	0.0	0.0	0.0	0.0	0.0	0.0	0.0
SRR6444051_1	0.0	0.0	0.0	0.0	0.0	0.0	0.0	0.0	0.0	0.0	0.0	0.0	0.0	0.0	0.0	0.0	0.0	0.0	0.0	0.0	0.0	0.0	0.0	0.0	0.0	0.0043057977566795195	0.0043057977566795195	0.0	0.0	0.0	0.0	0.0	0.0	0.0	0.0	0.0	0.0	0.0	0.0	0.0043057977566795195	0.00645869663501928	0.24112467437405302	0.3293935283859838	0.0215289887833976	0.03875217981011567	0.6501754612586051	10.585803784795996	6.7450321858387365	13.875433270898844	8.00447802966721	7.537298973067588	12.361945359425894	13.576180326809478	9.136902839673667	8.512562164955279	5.07007685849026	2.172274968244807	0.34876961829104175	0.08396305625525068	0.017223191026718078	0.019376089905057837	0.03875217981011567	0.017223191026718078	0.019376089905057837	0.02583478654007712	0.03875217981011567	0.015070292148378317	0.027987685418416872	0.25188916876575185	0.20667829232061666	0.008611595513359039	0.0021528988783397597	0.0	0.0	0.0	0.0	0.0	0.0	0.0	0.0	0.0	0.0	0.0	0.0	0.0	0.0	0.0	0.0	0.0	0.0	0.0	0.0	0.0	0.0	0.0	0.0	0.0	0.0	0.0	0.0	0.0
SRR6444051_2	0.0	0.0	0.0	0.0	0.0	0.0	0.0	0.0	0.0	0.0	0.0	0.0	0.0	0.0	0.0	0.0	0.0	0.0	0.0	0.0	0.0	0.0	0.0	0.0	0.0	0.0	0.0	0.0	0.0	0.0	0.0	0.002213515727029244	0.0	0.0	0.0	0.004427031454058488	0.011067578635146222	0.004427031454058488	0.011067578635146222	0.0199216415432632	0.028775704451380175	0.0354162516324679	0.07083250326493583	0.33645439050844567	0.2257786041569827	0.28997056024083123	2.1648183810345936	20.014609203800106	15.594218296920696	2.2223697899373507	2.660645903889116	9.825796312282435	7.641056289705069	12.200898687384274	9.631006928303906	8.161232485556823	4.232242070079932	1.9323992296965364	1.0979038006065074	0.7105385483763844	0.06861898753790659	0.09075414480819906	0.03984328308652638	0.017708125816233954	0.03984328308652638	0.0199216415432632	0.022135157270292444	0.059764924629789586	0.0354162516324679	0.006640547181087733	0.03984328308652638	0.16822719525422242	0.15715961661907624	0.059764924629789586	0.013281094362175465	0.0	0.002213515727029244	0.0	0.0	0.002213515727029244	0.004427031454058488	0.002213515727029244	0.0	0.0	0.0	0.0	0.0	0.0	0.0	0.0	0.004427031454058488	0.004427031454058488	0.0	0.0	0.002213515727029244	0.002213515727029244	0.0	0.0	0.0	0.0	0.006640547181087733
SRR6444056_1	0.0	0.0	0.0	0.0	0.0	0.0	0.0	0.0	0.0	0.0	0.0	0.0	0.0	0.0	0.0	0.0	0.0	0.0	0.0	0.0	0.0	0.0	0.0	0.0	0.0	0.0018214272704090337	0.0018214272704090337	0.0	0.0	0.0	0.0	0.0	0.0	0.0	0.0	0.0	0.0	0.0	0.0018214272704090337	0.005464281811227102	0.009107136352045167	0.02367855451531744	0.029142836326544533	0.0273214090561355	0.08014279989799752	1.5554988889293218	22.363484026086176	10.628028122835822	15.722560198171823	9.608028851406994	2.1802484426795847	7.753815890131019	9.367600451713058	5.17649630250268	5.999781428727519	4.753925175767736	0.9161779170157461	1.5372846162252325	1.4990346435466448	0.0491785363010439	0.034607118137771634	0.01457141816327227	0.010928563622454202	0.0036428545408180675	0.010928563622454202	0.010928563622454202	0.007285709081636135	0.010928563622454202	0.0637499544643162	0.4626425266838939	0.0637499544643162	0.007285709081636135	0.0	0.0018214272704090337	0.0018214272704090337	0.0	0.0018214272704090337	0.0	0.0018214272704090337	0.0	0.0	0.0	0.0	0.0	0.0	0.0	0.0	0.0	0.0	0.0	0.0	0.0	0.0	0.0	0.0	0.0	0.0	0.0	0.0	0.0	0.0
SRR6444056_2	0.0	0.0	0.0	0.0	0.0	0.0	0.0	0.0	0.0	0.0	0.0	0.0	0.0	0.0	0.0	0.0	0.0	0.0	0.0	0.0	0.0	0.0	0.0	0.0	0.0	0.0	0.0	0.0	0.0	0.0	0.0037234240607664166	0.0018617120303832083	0.0018617120303832083	0.0037234240607664166	0.005585136091149625	0.011170272182299249	0.018617120303832082	0.014893696243065666	0.011170272182299249	0.014893696243065666	0.011170272182299249	0.020478832334215293	0.02978739248613133	0.05957478497226268	0.1247347060356749	0.4449491752615865	5.981680753621448	32.98395204229427	17.114718695314373	3.691774956249931	0.7893659008824784	2.4165022154373643	7.770786014819304	8.77052537513486	4.6040138511378075	6.49737498603748	4.166511523997704	1.072346129500734	0.2103734594333025	0.055851360911496256	0.4281937669881378	1.476337640093898	0.368618982015876	0.07074505715456195	0.026063968425364913	0.020478832334215293	0.018617120303832082	0.0223405443645985	0.018617120303832082	0.013031984212682457	0.0223405443645985	0.09494731354954367	0.43564061510967056	0.06888334512417874	0.005585136091149625	0.0018617120303832083	0.0018617120303832083	0.0	0.0	0.0018617120303832083	0.0	0.0	0.0	0.0	0.0	0.0	0.0	0.0	0.0	0.0	0.0	0.0	0.0	0.0	0.0	0.0	0.0	0.0	0.0	0.0	0.0
SRR6444059_1	0.0	0.0	0.0	0.0	0.0	0.0	0.0	0.0	0.0	0.0	0.0	0.0	0.0	0.0	0.0	0.0	0.0	0.0	0.0	0.0	0.0	0.0	0.002354658692222393	0.0	0.0	0.0	0.0	0.0	0.0	0.0	0.0	0.0	0.0	0.0	0.0	0.0	0.0	0.0	0.0	0.0	0.0	0.004709317384444786	0.004709317384444786	0.00706397607666718	0.011773293461111965	0.08947703030445098	2.0485530622334887	28.7904118298084	20.96117167816538	4.7116720431370505	2.076808966540156	9.416280110197182	7.5961289411096855	3.948762626856908	8.114153853398493	8.241305422778474	1.775412653935704	1.0972709505756355	0.9677647225034001	0.04709317384444785	0.009418634768889572	0.02354658692222393	0.02825590430666872	0.011773293461111965	0.004709317384444786	0.002354658692222393	0.002354658692222393	0.0	0.0	0.0	0.0	0.0	0.0	0.0	0.0	0.0	0.0	0.0	0.0	0.0	0.0	0.0	0.002354658692222393	0.002354658692222393	0.0	0.0	0.0	0.0	0.0	0.0	0.0	0.0	0.0	0.0	0.0	0.0	0.0	0.0	0.0	0.0	0.0
SRR6444059_2	0.0	0.0	0.0	0.0	0.0	0.0	0.0	0.0	0.0	0.0	0.0	0.0	0.0	0.0	0.0	0.0	0.0	0.0	0.0	0.0	0.0	0.0	0.0	0.0	0.0	0.0	0.0	0.0	0.0	0.0	0.002292105986980777	0.0	0.002292105986980777	0.004584211973961554	0.013752635921884663	0.009168423947923108	0.006876317960942332	0.011460529934903886	0.011460529934903886	0.013752635921884663	0.01604474190886544	0.02521316585678855	0.027505271843769327	0.052718437700557855	0.153571101127712	0.37132116989088665	7.181168057211062	15.281470615200105	20.878793435409708	8.292839460896486	1.2148161730998164	2.2829375630328443	8.088842028055245	7.398918125974187	5.808196571009469	6.289538828275488	7.272852296690273	6.514165214999629	0.7288897038598843	0.1375263592188466	0.7678555056385569	0.8962134409094793	0.11918951132300047	0.02521316585678855	0.038965801778673204	0.022921059869807775	0.009168423947923108	0.011460529934903886	0.004584211973961554	0.0	0.0	0.004584211973961554	0.002292105986980777	0.002292105986980777	0.002292105986980777	0.0	0.0	0.0	0.0	0.0	0.0	0.0	0.0	0.0	0.0	0.0	0.0	0.0	0.0	0.0	0.0	0.0	0.0	0.0	0.0	0.0	0.0	0.0	0.0	0.0	0.0
SRR6444066_1	0.0	0.0	0.0	0.0	0.0	0.0	0.0	0.0	0.0	0.0	0.0	0.0	0.0	0.0	0.0	0.0	0.0	0.0	0.0	0.0	0.0	0.0	0.0	0.0	0.0	0.0	0.0	0.0	0.0	0.0	0.0	0.0	0.0	0.0	0.0	0.0	0.006764298034971655	0.0033821490174858275	0.010146447052457484	0.0033821490174858275	0.016910745087429138	0.3957114350458419	0.4362972232556721	0.06087868231474489	0.11161091757703233	1.6944566577604034	20.18804748537115	17.945682686778554	15.591706970608953	5.516285047519303	4.356207934521676	5.807149863023117	7.914228700917028	6.666215713464616	8.157743430176035	3.9706429465283133	0.3585077958534975	0.03043934115737245	0.016910745087429138	0.010146447052457484	0.01352859606994331	0.07778942740217401	0.07778942740217401	0.0033821490174858275	0.0033821490174858275	0.0	0.0	0.006764298034971655	0.04735008624480159	0.439679372273158	0.054114384279773234	0.0033821490174858275	0.0033821490174858275	0.0	0.0	0.0	0.0	0.0	0.0	0.0	0.0	0.0	0.0	0.0	0.0	0.0	0.0	0.0	0.0	0.0	0.0	0.0	0.0	0.0	0.0	0.0	0.0	0.0	0.0	0.0	0.0
SRR6444066_2	0.0	0.0	0.0	0.0	0.0	0.0	0.0	0.0	0.0	0.0	0.0	0.0	0.0	0.0	0.0	0.0	0.0	0.0	0.0	0.0	0.0	0.0	0.0	0.0	0.0	0.0	0.0	0.0	0.0	0.0	0.0	0.0	0.0	0.006722915055968232	0.013445830111936464	0.003361457527984116	0.003361457527984116	0.003361457527984116	0.013445830111936464	0.013445830111936464	0.013445830111936464	0.02689166022387293	0.11428955595145997	0.5546404921173803	0.3226999226864746	0.598339439981174	4.185014622340162	28.720293119098073	18.706511143230166	6.406938048337748	1.912669333422972	3.8219772093178985	5.946418367003871	8.911223906686198	5.5867424115095305	7.351507613701393	5.00521025916824	0.7764966889643306	0.12101247100742821	0.04706040539177762	0.02689166022387293	0.03025311775185704	0.06050623550371407	0.03025311775185704	0.020168745167904692	0.013445830111936464	0.010084372583952348	0.003361457527984116	0.010084372583952348	0.016807287639920575	0.02353020269588881	0.10756664089549171	0.3932905307741415	0.05378332044774584	0.003361457527984116	0.0	0.0	0.0	0.0	0.0	0.0	0.0	0.0	0.0	0.0	0.0	0.0	0.0	0.003361457527984116	0.0	0.0	0.0	0.0	0.0	0.0	0.0	0.0	0.003361457527984116	0.003361457527984116	0.0	0.0
SRR6444070_1	0.0	0.0	0.0	0.0	0.0	0.0	0.0	0.0	0.0	0.0	0.0	0.0	0.0	0.0	0.0	0.0	0.0	0.0	0.0	0.0	0.0	0.0	0.0	0.0	0.0	0.0020094040107704334	0.0	0.0	0.0	0.0	0.0	0.0	0.0	0.0	0.0	0.0	0.0	0.0	0.0020094040107704334	0.008037616043081734	0.010047020053852166	0.508379214724919	0.7575453120604492	0.04621629224771995	0.032150464172326934	0.39585259012177626	6.723465820038026	10.253988666960874	15.872282281076133	9.494433950889823	2.829240847164715	12.49648354298027	15.140859221155365	7.691998553229154	7.854760278101522	6.377848330185588	2.465538721215287	0.43001245830487317	0.04621629224771995	0.022103444118474768	0.022103444118474768	0.04219748422617909	0.018084636096933903	0.0120564240646226	0.04621629224771995	0.05425390829080169	0.026122252140015637	0.014065828075393033	0.15070530080778238	0.1366394727323894	0.0120564240646226	0.004018808021540867	0.0	0.0	0.0	0.0	0.0	0.0	0.0	0.0	0.0	0.0	0.0	0.0	0.0	0.0	0.0	0.0	0.0	0.0	0.0	0.0	0.0	0.0	0.0	0.0	0.0	0.0	0.0	0.0	0.0
SRR6444070_2	0.0	0.0	0.0	0.0	0.0	0.0	0.0	0.0	0.0	0.0	0.0	0.0	0.0	0.0	0.0	0.0	0.0	0.0	0.0	0.0	0.0	0.0	0.0	0.0	0.0	0.0	0.0	0.0	0.0	0.002044529860358581	0.0	0.004089059720717162	0.014311709022510064	0.012267179162151485	0.004089059720717162	0.006133589581075742	0.0	0.002044529860358581	0.010222649301792903	0.01635623888286865	0.01635623888286865	0.0408905972071716	0.09404837357649479	0.7278526302876511	0.4007278526302828	0.3066794790537876	1.9034572999938377	19.183823679746435	17.542066201877745	2.9707018871009563	1.5579317535932562	5.127680889779475	9.521375559689458	12.823291284167995	8.20674285947919	8.245588926825995	5.131769949500193	2.1263110547729105	2.0486189200792886	1.2716975731430467	0.09813743329721195	0.0408905972071716	0.022489828463944393	0.026578888184661552	0.03680153748645445	0.01840076874322723	0.047024186788247345	0.06951401525219177	0.028623418045020128	0.006133589581075742	0.02453435832430297	0.10427102287828766	0.11244914231972197	0.03066794790537871	0.006133589581075742	0.002044529860358581	0.002044529860358581	0.0	0.0	0.002044529860358581	0.002044529860358581	0.0	0.0	0.0	0.0	0.0	0.0	0.0	0.0	0.0	0.0	0.0	0.0	0.0	0.0	0.0	0.0	0.0	0.0	0.0	0.0
SRR6444072_1	0.0	0.0	0.0	0.0	0.0	0.0	0.0	0.0	0.0	0.0	0.0	0.0	0.0	0.0	0.0	0.0	0.0	0.0	0.0	0.0	0.0	0.0	0.0	0.0	0.0	0.0	0.0	0.0	0.0	0.0	0.0	0.0	0.0	0.0	0.0	0.0	0.0	0.0	0.003259027506192201	0.006518055012384402	0.003259027506192201	0.37152913570591084	0.38456524573067974	0.026072220049537607	0.03259027506192201	0.33242080563160414	6.501759874853496	6.50501890235969	18.429800547515434	21.584539173509835	6.752704992830324	9.291487420154338	8.515838873680506	6.703819580237436	8.202972233086019	4.4420544909398885	1.4763394603050661	0.3389388606439886	0.026072220049537607	0.009777082518576603	0.003259027506192201	0.026072220049537607	0.016295137530961006	0.009777082518576603	0.0	0.0	0.0	0.0	0.0	0.003259027506192201	0.0	0.0	0.0	0.0	0.0	0.0	0.0	0.0	0.0	0.0	0.0	0.0	0.0	0.0	0.0	0.0	0.0	0.0	0.0	0.0	0.0	0.0	0.0	0.0	0.0	0.0	0.0	0.0	0.0	0.0	0.0
SRR6444072_2	0.0	0.0	0.0	0.0	0.0	0.0	0.0	0.0	0.0	0.0	0.0	0.0	0.0	0.0	0.0	0.0	0.0	0.0	0.0	0.0	0.0	0.0	0.0	0.0	0.0	0.0	0.0	0.0	0.0	0.0	0.0	0.0	0.0	0.0	0.0	0.003418569670449963	0.0	0.010255709011349892	0.023929987693149742	0.017092848352249817	0.010255709011349892	0.0376042663749496	0.13674278681799862	0.49569260221524536	0.2529741556132971	0.3794612334199458	1.692191986872735	19.817448379596797	20.737043620947627	5.729522767674074	1.4870778066457317	3.169014084507115	7.3328319431152895	9.428415151101355	10.744564474224656	9.072883905374518	6.252563927252977	2.242581703815195	0.6016682619991951	0.11623136879529879	0.03076712703404967	0.041022836045399566	0.041022836045399566	0.027348557363599705	0.0376042663749496	0.010255709011349892	0.003418569670449963	0.003418569670449963	0.006837139340899926	0.0	0.003418569670449963	0.0	0.003418569670449963	0.0	0.0	0.0	0.0	0.0	0.0	0.0	0.0	0.0	0.0	0.0	0.0	0.0	0.0	0.0	0.0	0.0	0.0	0.0	0.0	0.0	0.0	0.0	0.0	0.0	0.0	0.0	0.0
SRR6444079_1	0.0	0.0	0.0	0.0	0.0	0.0	0.0	0.0	0.0	0.0	0.0	0.0	0.0	0.0	0.0	0.0	0.0	0.0	0.0	0.0	0.0	0.0	0.0	0.0	0.0	0.0	0.0	0.0	0.0	0.0	0.0	0.0	0.0	0.0	0.0	0.0	0.004039098473220932	0.008078196946441863	0.0	0.0	0.012117295419662794	0.0525082801518721	0.04846918167865118	0.004039098473220932	0.0525082801518721	0.7795460053316418	9.72211002504304	4.342030858712466	3.9421601098636163	17.154051215768778	21.063898537845752	25.054527829387286	7.751029970111	3.966394700702941	2.528475644236322	1.4459972534130858	0.33524517327733694	0.7229986267065485	0.7553114144923162	0.016156393892883727	0.008078196946441863	0.0	0.0	0.0	0.0	0.0	0.012117295419662794	0.008078196946441863	0.020195492366104656	0.17368123434850014	0.016156393892883727	0.0	0.0	0.0	0.0	0.0	0.0	0.0	0.0	0.0	0.0	0.0	0.0	0.0	0.0	0.0	0.0	0.0	0.0	0.0	0.0	0.0	0.0	0.0	0.0	0.0	0.0	0.0	0.0	0.0	0.0
SRR6444079_2	0.0	0.0	0.0	0.0	0.0	0.0	0.0	0.0	0.0	0.0	0.0	0.0	0.0	0.0	0.0	0.0	0.0	0.0	0.0	0.0	0.0	0.0	0.0	0.0	0.0	0.0	0.0	0.0	0.0	0.0	0.0	0.0	0.0	0.00395475757336092	0.0	0.0	0.00395475757336092	0.00395475757336092	0.00790951514672184	0.011864272720082761	0.0197737878668046	0.0197737878668046	0.03163806058688736	0.08700466661394021	0.047457090880331045	0.20169263624140701	1.45139602942345	9.645653721427552	4.67847820928591	2.511271059084204	3.7372459068260646	17.060824171478444	25.16016768172036	23.55058134936224	4.816894724353534	3.377362967650241	1.3920746658230372	0.5655303329906124	0.18191884837460245	0.08700466661394021	0.1621450605077978	0.6446254844578314	0.20169263624140701	0.05536660602705288	0.0197737878668046	0.00395475757336092	0.00395475757336092	0.00395475757336092	0.0	0.0	0.00790951514672184	0.035592818160248285	0.17005457565451967	0.01581903029344368	0.00395475757336092	0.0	0.00395475757336092	0.00790951514672184	0.00395475757336092	0.0	0.0	0.0	0.0	0.0	0.0	0.0	0.0	0.0	0.0	0.0	0.0	0.0	0.0	0.0	0.0	0.0	0.0	0.0	0.0	0.0	0.0
SRR6444103_1	0.0	0.0	0.0	0.0	0.0	0.0	0.0	0.0	0.0	0.0	0.0	0.0	0.0	0.0	0.0	0.0	0.0	0.0	0.0	0.0	0.0	0.0	0.0	0.0	0.0	0.0	0.0	0.0	0.0	0.0	0.003167463811726034	0.003167463811726034	0.0	0.003167463811726034	0.009502391435178103	0.009502391435178103	0.0	0.0	0.003167463811726034	0.009502391435178103	0.015837319058630173	0.3959329764657545	0.4307750783947411	0.019004782870356205	0.05067942098761653	0.8235405910487674	11.773462988185646	6.410946754933558	17.465395457856037	19.312026860091894	8.143549459947897	5.748946818282741	8.124544677077537	3.8864780969877897	5.653922903930949	5.071109562573294	1.5298850210636765	2.1190332900447357	2.1222007538564616	0.15520572677457578	0.022172246682082238	0.009502391435178103	0.006334927623452068	0.0	0.015837319058630173	0.009502391435178103	0.006334927623452068	0.009502391435178103	0.07601913148142479	0.4909568908175362	0.060181812422794634	0.0	0.0	0.0	0.0	0.0	0.0	0.0	0.0	0.0	0.0	0.0	0.0	0.0	0.0	0.0	0.0	0.0	0.0	0.0	0.0	0.0	0.0	0.0	0.0	0.0	0.0	0.0	0.0	0.0	0.0
SRR6444103_2	0.0	0.0	0.0	0.0	0.0	0.0	0.0	0.0	0.0	0.0	0.0	0.0	0.0	0.0	0.0	0.0	0.0	0.0	0.0	0.0	0.0	0.0	0.0	0.0	0.0	0.0	0.0	0.0	0.0	0.0	0.0	0.0	0.003494060097833694	0.003494060097833694	0.0	0.013976240391334776	0.01747030048916847	0.010482180293501082	0.01747030048916847	0.024458420684835853	0.03494060097833694	0.03843466107617064	0.14325646401118153	0.621942697414399	1.03424178895877	5.807127882599527	4.6820405310970665	23.392732354995502	11.177498252970372	3.7421383647798567	1.7190775681341803	3.1586303284416624	8.501048218029611	9.67155835080403	4.619147449336064	5.7477288609363475	7.124388539482979	2.2955974842767564	0.740740740740744	0.4682040531097154	1.6981132075471779	2.152341020265571	0.37735849056603876	0.08385744234800863	0.052410901467505405	0.020964360587002163	0.013976240391334776	0.01747030048916847	0.013976240391334776	0.01747030048916847	0.03494060097833694	0.11879804332634564	0.485674353598884	0.08735150244584232	0.006988120195667388	0.0	0.0	0.0	0.0	0.003494060097833694	0.003494060097833694	0.0	0.0	0.0	0.0	0.0	0.0	0.0	0.0	0.0	0.0	0.0	0.0	0.0	0.0	0.0	0.0	0.0	0.0	0.0	0.0
SRR6444123_1	0.0	0.0	0.0	0.0	0.0	0.0	0.0	0.0	0.0	0.0	0.0	0.0	0.0	0.0	0.0	0.0	0.0	0.0	0.0	0.0	0.0	0.0	0.0	0.0	0.0035707909301910448	0.0035707909301910448	0.0035707909301910448	0.0035707909301910448	0.0	0.0	0.0	0.0035707909301910448	0.0035707909301910448	0.0	0.0	0.0	0.0	0.0	0.0	0.0	0.010712372790573134	0.4677736118550272	0.503481521156938	0.028566327441528358	0.07498660953401191	0.5891805034815236	6.8452062131762625	10.312444206392161	18.560971255131822	14.86163185145474	3.4565256204249217	8.698446705945626	11.330119621496602	7.930726655954463	8.430637386181267	3.888591322978014	1.3426173897518254	1.017675415104445	0.985538296732726	0.11426530976611346	0.0392787002321015	0.014283163720764179	0.0071415818603820895	0.0035707909301910448	0.0035707909301910448	0.0035707909301910448	0.0071415818603820895	0.017853954650955222	0.07855740046420295	0.3285127655775757	0.021424745581146265	0.0	0.0035707909301910448	0.0	0.0	0.0	0.0	0.0	0.0	0.0	0.0	0.0	0.0	0.0	0.0	0.0	0.0	0.0	0.0	0.0	0.0	0.0	0.0	0.0	0.0	0.0	0.0	0.0	0.0	0.0	0.0
SRR6444123_2	0.0	0.0	0.0	0.0	0.0	0.0	0.0	0.0	0.0	0.0	0.0	0.0	0.0	0.0	0.0	0.0	0.0	0.0	0.0	0.0	0.0	0.0	0.0	0.0	0.0	0.0	0.0	0.0036483035388545294	0.0036483035388545294	0.0	0.0	0.0	0.0	0.0	0.007296607077709059	0.007296607077709059	0.0036483035388545294	0.014593214155418118	0.018241517694272645	0.007296607077709059	0.025538124771981703	0.051076249543963406	0.09485589201021774	0.558190441444744	0.25173294418096237	0.3575337468077434	2.1743889091573134	20.791681867930293	19.934330536299672	5.51988325428678	1.8460415906603966	4.323239693542562	9.26304268515194	10.211601605254224	5.33381977380521	7.318496898942254	6.771251368114012	2.382342210872028	0.394016782196289	0.09850419554907229	0.401313389273998	0.9266690988690491	0.31375410434148915	0.03283473184969077	0.010944910616563589	0.0036483035388545294	0.0036483035388545294	0.018241517694272645	0.010944910616563589	0.018241517694272645	0.029186428310836236	0.0912075884713632	0.29916089018607106	0.051076249543963406	0.010944910616563589	0.0036483035388545294	0.0	0.0036483035388545294	0.0036483035388545294	0.0	0.0	0.0	0.0	0.0	0.0	0.0	0.0	0.0	0.0	0.0	0.0	0.0	0.0	0.0	0.0	0.0	0.0	0.0	0.0	0.0	0.0
SRR6444127_1	0.0	0.0	0.0	0.0	0.0	0.0	0.0	0.0	0.0	0.0	0.0	0.0	0.0	0.0	0.0	0.0	0.0	0.0	0.0	0.0	0.0	0.0	0.0	0.0	0.0	0.0	0.0	0.0	0.0	0.0	0.0	0.0	0.004066363044892686	0.012199089134678057	0.012199089134678057	0.0	0.004066363044892686	0.0	0.0	0.004066363044892686	0.02439817826935611	0.17891997397527826	0.17891997397527826	0.04066363044892686	0.11385816525699519	1.8013988288874576	22.86515940142978	14.492517891997641	10.767729342876203	5.461125569290779	3.8264476252440125	7.059206245933653	9.38109954456764	7.852147039687815	10.30009759271349	3.785783994795088	0.4757644762524442	0.06912817176317564	0.04066363044892686	0.004066363044892686	0.0	0.06912817176317564	0.060995445673390276	0.004066363044892686	0.008132726089785372	0.0	0.004066363044892686	0.012199089134678057	0.13825634352635136	0.8336044242030018	0.07319453480806833	0.02439817826935611	0.012199089134678057	0.0	0.0	0.0	0.0	0.004066363044892686	0.0	0.0	0.0	0.0	0.0	0.0	0.0	0.0	0.0	0.0	0.0	0.0	0.0	0.0	0.0	0.0	0.0	0.0	0.0	0.0	0.0	0.0	0.0
SRR6444127_2	0.0	0.0	0.0	0.0	0.0	0.0	0.0	0.0	0.0	0.0	0.0	0.0	0.0	0.0	0.0	0.0	0.0	0.0	0.0	0.0	0.0	0.0	0.0	0.0	0.0	0.0	0.0	0.0	0.0	0.0	0.0	0.0	0.0	0.0	0.003981922073785014	0.011945766221355044	0.003981922073785014	0.007963844147570029	0.015927688295140057	0.015927688295140057	0.015927688295140057	0.047783064885420175	0.09158420769705529	0.24289724650088584	0.24687916857467082	0.4897764150755569	3.8186632687598205	29.255181476098453	14.510124036872629	5.634419734405684	1.6644434268421313	3.6036394767754416	6.721484460549034	10.249467417922958	6.287454954506417	8.541222848268992	5.638401656479468	1.3777450375296085	0.1114938180659804	0.0597288311067752	0.031855376590280114	0.05176498695920518	0.047783064885420175	0.019909610368925072	0.023891532442710084	0.007963844147570029	0.007963844147570029	0.0278734545164951	0.03583729866406513	0.0597288311067752	0.04380114281163516	0.15927688295140066	0.7167459732813044	0.07565651940191524	0.003981922073785014	0.003981922073785014	0.0	0.0	0.0	0.0	0.0	0.0	0.0	0.0	0.0	0.0	0.003981922073785014	0.0	0.003981922073785014	0.0	0.0	0.0	0.0	0.0	0.0	0.0	0.0	0.0	0.0	0.0	0.005972883110677522
SRR6444141_1	0.0	0.0	0.0	0.0	0.0	0.0	0.0	0.0	0.0	0.0	0.0	0.0	0.0	0.0	0.0	0.0	0.0	0.0	0.0	0.0	0.0	0.0	0.0	0.0	0.0	0.0	0.0	0.0	0.0	0.0	0.0	0.0	0.0	0.0	0.0	0.0	0.0	0.0	0.0	0.0030767337394621646	0.015383668697310822	0.147683219494184	0.14460648575472182	0.018460402436772987	0.061534674789243266	0.8214879084363963	11.49160051689115	6.830348901606137	6.482677989046873	5.227370623346167	6.104239739092984	8.430250446126644	10.92240477509078	11.26084548643154	11.42698910836246	5.836563903759745	6.261153159805572	5.655036613131456	0.24613869915697295	0.03692080487354598	0.02153713617623515	0.0	0.0	0.0030767337394621646	0.02153713617623515	0.02153713617623515	0.006153467478924329	0.03692080487354598	0.3045966402067539	1.8768075810719334	0.25229216663589726	0.012306934957848658	0.006153467478924329	0.0030767337394621646	0.0030767337394621646	0.0	0.0030767337394621646	0.0030767337394621646	0.0	0.0	0.0	0.0	0.0	0.0	0.0	0.0	0.0	0.0	0.0	0.0	0.0	0.0	0.0	0.0	0.0	0.0	0.0	0.0	0.0	0.0	0.0
SRR6444141_2	0.0	0.0	0.0	0.0	0.0	0.0	0.0	0.0	0.0	0.0	0.0	0.0	0.0	0.0	0.0	0.0	0.0	0.0	0.0	0.0	0.0	0.0	0.0	0.0	0.0	0.0	0.0	0.0	0.0	0.0	0.0	0.0	0.0	0.0	0.0	0.0030822815047697894	0.006164563009539579	0.018493689028618733	0.015411407523848947	0.015411407523848947	0.012329126019079158	0.015411407523848947	0.04006965956200726	0.19726601630526644	0.5424815448394843	0.9894123630310984	2.102115986253016	13.084284987747363	8.698198406460689	5.575847242128537	3.5384591674756787	6.574506449674063	8.365312003945514	11.24108064789545	9.129717817128508	8.873888452232586	7.711868324934244	2.416508699739539	1.565799004423057	5.227549432089511	1.0849630896789606	0.24350023887681313	0.07705703761924472	0.012329126019079158	0.006164563009539579	0.015411407523848947	0.030822815047697898	0.052398785581086404	0.04315194106677705	0.052398785581086404	0.09863300815263329	0.33905096552467673	1.6952548276233919	0.25274708339112245	0.018493689028618733	0.0	0.0	0.0	0.0030822815047697894	0.0030822815047697894	0.0	0.0	0.0	0.0	0.0	0.0	0.0030822815047697894	0.0030822815047697894	0.0	0.0	0.0	0.0	0.0	0.0	0.0	0.0	0.0	0.0	0.0	0.0	0.004623422257154684
SRR6444192_1	0.0	0.0	0.0	0.0	0.0	0.0	0.0	0.0	0.0	0.0	0.0	0.0	0.0	0.0	0.0	0.0	0.0	0.0	0.0	0.0	0.0	0.0	0.0	0.0	0.0	0.0	0.0	0.0	0.0	0.0	0.0	0.0	0.0	0.0	0.0	0.0033101621979477213	0.0033101621979477213	0.0	0.0	0.0	0.013240648791790885	0.5064548162860023	0.50976497848395	0.013240648791790885	0.03310162197947722	0.13571665011585665	6.2893081761006915	14.918901026149761	16.76597153260417	11.380337636544452	2.8136378682555767	8.904336312479689	10.92353525322777	6.011254551473051	7.851704733532195	3.730552797087044	1.2942734193975525	3.042039059913957	2.8301886792453144	0.06951340615690213	0.029791459781529493	0.03310162197947722	0.016550810989738606	0.013240648791790885	0.03972194637537266	0.023171135385634048	0.009930486593843164	0.02648129758358177	0.1853690830850724	1.4068189341277781	0.14895729890764756	0.016550810989738606	0.0033101621979477213	0.0	0.0	0.0033101621979477213	0.0	0.0	0.0	0.0	0.0	0.0	0.0	0.0	0.0	0.0	0.0	0.0	0.0	0.0	0.0	0.0	0.0	0.0	0.0	0.0	0.0	0.0	0.0	0.0	0.0
SRR6444192_2	0.0	0.0	0.0	0.0	0.0	0.0	0.0	0.0	0.0	0.0	0.0	0.0	0.0	0.0	0.0	0.0	0.0	0.0	0.0	0.0	0.0	0.0	0.0	0.0	0.0	0.0	0.0	0.0	0.0	0.0	0.0	0.0	0.0	0.003455544421023599	0.003455544421023599	0.003455544421023599	0.003455544421023599	0.010366633263070798	0.013822177684094395	0.017277722105117996	0.020733266526141592	0.03455544421023599	0.08638861052558995	0.5528871073637769	0.22115484294551027	0.2868101869449584	1.4375064791458128	17.011645184698203	22.44030547012587	4.388541414699902	1.6655724109333767	4.713362590276103	8.186184733405112	9.046615294240086	6.486056878261308	6.724489443311963	6.0022806593179485	3.002868101869518	0.5770759183109423	0.19696603199834514	0.7187532395729096	2.7782577145029967	0.9813746155706994	0.13131068799889684	0.07947752168354275	0.04492207747330679	0.02418881094716519	0.05528871073637757	0.04837762189433038	0.03455544421023599	0.06219979957842477	0.32827671999724145	1.3200179688310074	0.2107882096824395	0.017277722105117996	0.003455544421023599	0.003455544421023599	0.0	0.0	0.0	0.003455544421023599	0.006911088842047198	0.003455544421023599	0.0	0.0	0.0	0.0	0.0	0.003455544421023599	0.003455544421023599	0.0	0.0	0.0	0.0	0.0	0.0	0.0	0.0	0.0	0.0	0.0
SRR6444202_1	0.0	0.0	0.0	0.0	0.0	0.0	0.0	0.0	0.0	0.0	0.0	0.0	0.0	0.0	0.0	0.0	0.0	0.0	0.0	0.0	0.0	0.0	0.0	0.0	0.0	0.0	0.0	0.0	0.0	0.0	0.0	0.0	0.0	0.0	0.0	0.0	0.0	0.0	0.0	0.0	0.0031026030839874127	0.0031026030839874127	0.0	0.0031026030839874127	0.00930780925196224	0.04033384009183637	0.30095249914677863	18.73351742111434	31.93199094040257	14.808724519871156	2.6868542707331096	11.293475225714216	6.0500760137754925	5.37370854146616	4.2691818435666	1.3806583723743973	2.4014147870062836	0.3630045608265273	0.12410412335949658	0.03412863392386155	0.00930780925196224	0.10548850485557207	0.07446247401569789	0.0	0.0	0.0	0.0	0.0	0.0	0.0	0.0	0.0	0.0	0.0	0.0	0.0	0.0	0.0	0.0	0.0	0.0	0.0	0.0	0.0	0.0	0.0	0.0	0.0	0.0	0.0	0.0	0.0	0.0	0.0	0.0	0.0	0.0	0.0	0.0	0.0	0.0
SRR6444202_2	0.0	0.0	0.0	0.0	0.0	0.0	0.0	0.0	0.0	0.0	0.0	0.0	0.0	0.0	0.0	0.0	0.0	0.0	0.0	0.0	0.0	0.0	0.0	0.0	0.0	0.0	0.0	0.0	0.0	0.0	0.0	0.0	0.0	0.0	0.003478684361574334	0.013914737446297336	0.010436053084723002	0.013914737446297336	0.013914737446297336	0.013914737446297336	0.010436053084723002	0.020872106169446	0.03478684361574334	0.06957368723148666	0.08348842467778397	0.306124223818541	1.2036247891047136	19.070147670149076	35.357347851045944	3.8926478006016403	1.6871619153635542	2.2994103630006544	8.467117736072161	11.295288122032208	4.348355451967852	4.804063103334064	1.8819682396117223	0.7513958221000567	1.8958829770580201	1.8889256083348713	0.19132763988658838	0.13914737446297343	0.12523263701667606	0.048701581062040665	0.010436053084723002	0.013914737446297336	0.010436053084723002	0.006957368723148668	0.006957368723148668	0.0	0.0	0.0	0.0	0.0	0.003478684361574334	0.0	0.0	0.0	0.0	0.0	0.0	0.0	0.0	0.0	0.0	0.0	0.0	0.0	0.0	0.0	0.0	0.0	0.0	0.0	0.0	0.0	0.0	0.0	0.0	0.0	0.005218026542361501
SRR6444203_1	0.0	0.0	0.0	0.0	0.0	0.0	0.0	0.0	0.0	0.0	0.0	0.0	0.0	0.0	0.0	0.0	0.0	0.0	0.0	0.0	0.0	0.0	0.0	0.0	0.0	0.0	0.0	0.0	0.0	0.0	0.0	0.0	0.0025349185023701907	0.0	0.0	0.0050698370047403815	0.0050698370047403815	0.0	0.0050698370047403815	0.0050698370047403815	0.007604755507110573	0.24081725772516777	0.24588709472990813	0.025349185023701908	0.05323328854977399	0.5500773150143318	5.665542852797489	7.987528200968779	10.187837461025604	6.684580090750421	5.485563639129184	10.441329311262566	12.068746989783858	12.933154199091895	13.087784227736442	7.145935258181849	1.3866004207965004	1.7465588481330778	1.728814418616486	0.06590788106162494	0.038023777535552854	0.048163451545033605	0.04055869603792304	0.01774442951659133	0.058303125554514355	0.058303125554514355	0.048163451545033605	0.05323328854977399	0.25349185023701876	1.4651828943699785	0.14195543613273068	0.010139674009480763	0.0050698370047403815	0.0	0.0	0.0	0.0	0.0	0.0	0.0	0.0	0.0	0.0	0.0	0.0	0.0	0.0	0.0	0.0	0.0	0.0	0.0	0.0	0.0	0.0	0.0	0.0	0.0	0.0	0.0	0.0
SRR6444203_2	0.0	0.0	0.0	0.0	0.0	0.0	0.0	0.0	0.0	0.0	0.0	0.0	0.0	0.0	0.0	0.0	0.0	0.0	0.0	0.0	0.0	0.0	0.0	0.0	0.0	0.0	0.0	0.0	0.0	0.0026686236573487403	0.0	0.0	0.0	0.005337247314697481	0.005337247314697481	0.005337247314697481	0.010674494629394961	0.013343118286743701	0.01868036560144118	0.021348989258789922	0.029354860230836142	0.05337247314697478	0.12008806458069339	0.32824070985389514	0.32824070985389514	0.5604109680432361	2.222963506571514	10.578424177730236	8.294082327040234	6.818333444526246	2.970178130629119	6.567482820735436	9.022616585496273	13.847488157981699	12.200947361397901	10.810594435919525	6.732937487491077	2.0975381946761305	0.36026419374208024	0.22683301087464267	1.1822002802054905	1.5691507105210687	0.3495896991126852	0.13076255921008834	0.10674494629394965	0.05070384948962605	0.06938421509106722	0.10140769897925217	0.06404696777636973	0.07739008606311346	0.09873907532190342	0.3922876776302654	1.2115551404363274	0.2508506237907812	0.04536660217492857	0.010674494629394961	0.010674494629394961	0.005337247314697481	0.0	0.0026686236573487403	0.0026686236573487403	0.0	0.0	0.0	0.0	0.0	0.0	0.0	0.0026686236573487403	0.0026686236573487403	0.0026686236573487403	0.0	0.0	0.0	0.0	0.0	0.0	0.0026686236573487403	0.0	0.0	0.004002935486023111
SRR6444206_1	0.0	0.0	0.0	0.0	0.0	0.0	0.0	0.0	0.0	0.0	0.0	0.0	0.0	0.0	0.0	0.0	0.0	0.0	0.0	0.0	0.0	0.0	0.0	0.0	0.0	0.0	0.0	0.0	0.0	0.0	0.0	0.0	0.009876543209876569	0.009876543209876569	0.0	0.0	0.0	0.0	0.0049382716049382845	0.014814814814814855	0.039506172839506276	1.2938271604938283	1.3234567901234575	0.049382716049382845	0.0641975308641977	1.6888888888888856	22.918518518517505	15.990123456790666	12.617283950617717	5.387654320987621	2.1185185185185196	7.822222222222097	10.29135802469152	5.51604938271601	9.397530864197588	2.8148148148148375	0.3259259259259266	0.039506172839506276	0.0049382716049382845	0.0049382716049382845	0.009876543209876569	0.0	0.0	0.014814814814814855	0.0049382716049382845	0.0049382716049382845	0.009876543209876569	0.0	0.014814814814814855	0.16296296296296342	0.019753086419753138	0.0	0.0	0.0	0.0	0.0	0.0049382716049382845	0.0049382716049382845	0.0	0.0	0.0	0.0	0.0	0.0	0.0	0.0	0.0	0.0	0.0	0.0	0.0	0.0	0.0	0.0	0.0	0.0	0.0	0.0	0.0	0.0	0.0
SRR6444206_2	0.0	0.0	0.0	0.0	0.0	0.0	0.0	0.0	0.0	0.0	0.0	0.0	0.0	0.0	0.0	0.0	0.0	0.0	0.0	0.0	0.0	0.0	0.0	0.0	0.0	0.0	0.0	0.0	0.0	0.0	0.0	0.0	0.0	0.0	0.0	0.009760382606998418	0.009760382606998418	0.009760382606998418	0.004880191303499209	0.01464057391049763	0.004880191303499209	0.0536821043384913	0.2000878434434677	1.3078912693377853	0.45385779122542586	0.49289932165341954	4.021277634083376	30.24742569908549	15.870382118979908	5.739104972914999	0.8686740520228614	1.8642330779366871	8.989312381045542	10.08247523302949	5.524376555561046	7.861988189937096	4.470255234005277	1.4542970084427593	0.10736420867698256	0.03904153042799367	0.004880191303499209	0.004880191303499209	0.004880191303499209	0.004880191303499209	0.0	0.009760382606998418	0.009760382606998418	0.004880191303499209	0.009760382606998418	0.0	0.004880191303499209	0.03904153042799367	0.16104631301547392	0.019520765213996837	0.0	0.0	0.004880191303499209	0.0	0.004880191303499209	0.004880191303499209	0.0	0.0	0.0	0.0	0.0	0.004880191303499209	0.0	0.0	0.0	0.0	0.0	0.0	0.0	0.0	0.0	0.0	0.0	0.0	0.0	0.0	0.0
SRR6444216_1	0.0	0.0	0.0	0.0	0.0	0.0	0.0	0.0	0.0	0.0	0.0	0.0	0.0	0.0	0.0	0.0	0.0	0.0	0.0	0.0	0.0	0.0	0.0	0.0023356845891531024	0.004671369178306205	0.0023356845891531024	0.0	0.0	0.0	0.0	0.0	0.0	0.0	0.0	0.0	0.0	0.0	0.0	0.0023356845891531024	0.0023356845891531024	0.016349792124071713	0.32232447330312847	0.3246601578922816	0.01868547671322482	0.030363899658990327	0.4648012332414683	11.234642873825825	10.643714672770225	15.740178446302084	17.547998318307407	6.0050450787128185	6.782828046900891	9.763161582659704	7.179894427056961	8.016069509973581	4.307002382398321	0.9039099360022457	0.3877236417994158	0.03503526883729653	0.01167842294576551	0.028028215069837225	0.10043443733358345	0.0770775914420524	0.02569253048068413	0.014014107534918612	0.004671369178306205	0.0	0.0	0.0	0.0	0.0	0.0	0.0	0.0	0.0	0.0	0.0	0.0	0.0	0.0	0.0	0.0	0.0	0.0	0.0	0.0	0.0	0.0	0.0	0.0	0.0	0.0	0.0	0.0	0.0	0.0	0.0	0.0	0.0	0.0	0.0
SRR6444216_2	0.0	0.0	0.0	0.0	0.0	0.0	0.0	0.0	0.0	0.0	0.0	0.0	0.0	0.0	0.0	0.0	0.0	0.0	0.0	0.0	0.0	0.0	0.0	0.0	0.0	0.0	0.0	0.0	0.0	0.0	0.0	0.0	0.0024800357125142197	0.0024800357125142197	0.0024800357125142197	0.0024800357125142197	0.007440107137542658	0.009920142850056879	0.007440107137542658	0.009920142850056879	0.024800357125142197	0.059520857100341246	0.12648182133822528	0.4166459997023898	0.3149645354893061	0.6100887852784974	3.035563712117362	20.871980556520846	19.418679628986855	8.258518922672552	2.03114924854916	2.8421209265412637	5.473438817518985	8.16923763702206	10.822875849411671	10.108625564207738	5.1783145677297595	1.2772183919448268	0.4960071425028449	0.08184117851296926	0.047120678537770154	0.022320321412627978	0.019840285700113758	0.04464064282525594	0.12896185705073948	0.03968057140022751	0.014880214275085317	0.009920142850056879	0.0049600714250284395	0.0	0.0	0.0	0.0	0.0	0.0	0.0	0.0	0.0	0.0	0.0	0.0	0.0	0.0	0.0	0.0	0.0	0.0	0.0	0.0	0.0	0.0	0.0	0.0024800357125142197	0.0	0.0	0.0	0.0	0.0	0.0024800357125142197	0.0	0.0
SRR6444217_1	0.0	0.0	0.0	0.0	0.0	0.0	0.0	0.0	0.0	0.0	0.0	0.0	0.0	0.0	0.0	0.0	0.0	0.0	0.0	0.0	0.0	0.0	0.0	0.0	0.0	0.0	0.0	0.0	0.0	0.0	0.0	0.0	0.0	0.0	0.0	0.0029681517319165972	0.0029681517319165972	0.0029681517319165972	0.008904455195749792	0.017808910391499583	0.038585972514915766	1.0269804992431377	1.0596301682942197	0.10685346234899755	1.1961651479623838	8.667003057196828	17.811878543229938	17.09061767237437	6.396366982280371	3.7012852096999422	5.140838799679508	7.595500281974814	9.987830577899565	5.508889614437209	6.518061203288966	4.989463061351745	1.148674720251717	0.8488913953281444	0.584725891187571	0.05045857944258215	0.04155412424683236	0.029681517319165976	0.026713365587249377	0.008904455195749792	0.011872606927666389	0.023745213855332778	0.02077706212341618	0.014840758659582986	0.16324834525541287	0.13950313140008017	0.014840758659582986	0.0	0.0	0.0	0.0	0.0	0.0	0.0	0.0	0.0	0.0	0.0	0.0	0.0	0.0	0.0	0.0	0.0	0.0	0.0	0.0	0.0	0.0	0.0	0.0	0.0	0.0	0.0	0.0	0.0	0.0
SRR6444217_2	0.0	0.0	0.0	0.0	0.0	0.0	0.0	0.0	0.0	0.0	0.0	0.0	0.0	0.0	0.0	0.0	0.0	0.0	0.0	0.0	0.0	0.0	0.0	0.0	0.0	0.0	0.0	0.0	0.0	0.0	0.0	0.0	0.0	0.0	0.009055510278003883	0.0060370068520025875	0.0060370068520025875	0.012074013704005175	0.021129523982009055	0.027166530834011646	0.03320353768601424	0.05433306166802328	0.24751728093210584	1.156086812158489	0.47390503788220406	1.6088623260586958	8.466902109933958	27.540825258838208	12.529807721331052	6.3328201877508015	2.2910441003350077	3.187539617857343	6.963687403785144	8.545383199010002	5.937396238944587	6.7886142050770495	4.3224969060337655	1.5907513055026876	0.36523891454615665	0.05131455824202198	0.1448881644480622	0.5584231338102408	0.19318421926408275	0.09055510278003882	0.03924054453801682	0.018111020556007763	0.015092517130006467	0.027166530834011646	0.018111020556007763	0.015092517130006467	0.027166530834011646	0.08149959250203492	0.1267771438920544	0.045277551390019405	0.0030185034260012938	0.0060370068520025875	0.0030185034260012938	0.0030185034260012938	0.0030185034260012938	0.0	0.0	0.0030185034260012938	0.0	0.0030185034260012938	0.0030185034260012938	0.0	0.0	0.0	0.0	0.0	0.0	0.0	0.0030185034260012938	0.0	0.0	0.0	0.0	0.0	0.0	0.0	0.0
SRR6444218_1	0.0	0.0	0.0	0.0	0.0	0.0	0.0	0.0	0.0	0.0	0.0	0.0	0.0	0.0	0.0	0.0	0.0	0.0	0.0	0.0	0.0	0.0	0.0	0.0	0.0	0.0	0.0	0.0	0.0	0.0	0.0	0.003078059591233559	0.0	0.003078059591233559	0.003078059591233559	0.0	0.003078059591233559	0.009234178773700677	0.006156119182467118	0.0	0.0	0.0	0.02154641713863491	0.02154641713863491	0.06156119182467116	0.49864565377983755	16.652302388572345	33.35077567102046	6.448534843634393	0.914183698596364	2.9272346712631094	8.87096774193548	11.022531396207446	4.881802511696334	7.0456784043337715	4.063038660428228	0.6864072888450838	1.1265698103914765	1.1296478699827102	0.02770253632110203	0.006156119182467118	0.01846835754740135	0.009234178773700677	0.006156119182467118	0.006156119182467118	0.003078059591233559	0.003078059591233559	0.0	0.02154641713863491	0.12927850283180953	0.01846835754740135	0.0	0.0	0.0	0.0	0.0	0.0	0.0	0.0	0.0	0.0	0.0	0.0	0.0	0.0	0.0	0.0	0.0	0.0	0.0	0.0	0.0	0.0	0.0	0.0	0.0	0.0	0.0	0.0	0.0	0.0
SRR6444218_2	0.0	0.0	0.0	0.0	0.0	0.0	0.0	0.0	0.0	0.0	0.0	0.0	0.0	0.0	0.0	0.0	0.0	0.0	0.0	0.0	0.0	0.0	0.0	0.0	0.0	0.0	0.0	0.0	0.0	0.0	0.0	0.0	0.0031294986543155324	0.0031294986543155324	0.0031294986543155324	0.0	0.0	0.009388495962946598	0.006258997308631065	0.009388495962946598	0.01564749327157766	0.02503598923452426	0.056330975777679565	0.10953245290104367	0.3129498654315529	0.7667271703073048	3.9619452963634028	27.15778932215205	21.180446892406664	2.1812605620579473	1.18607998998558	1.7900732302684943	7.179069912999991	10.637165926018698	6.202666332853434	7.348062840333049	4.982161857670238	1.7149652625649194	0.6227702322087922	0.18151092195030089	0.8449646366651918	1.0702885397759072	0.14082743944419907	0.04694247981473298	0.04694247981473298	0.01564749327157766	0.0031294986543155324	0.006258997308631065	0.0	0.0	0.01564749327157766	0.03129498654315533	0.10014395693809705	0.028165487888839793	0.0031294986543155324	0.0	0.0	0.0	0.0	0.0	0.0	0.0	0.0	0.0	0.0	0.0	0.0	0.0	0.0	0.0	0.0	0.0	0.0	0.0	0.0	0.0	0.0	0.0	0.0	0.0	0.0
SRR6444257_1	0.0	0.0	0.0	0.0	0.0	0.0	0.0	0.0	0.0	0.0	0.0	0.0	0.0	0.0	0.0	0.0	0.0	0.0	0.0	0.0	0.0	0.0	0.0019091620687679497	0.0019091620687679497	0.0019091620687679497	0.0019091620687679497	0.0019091620687679497	0.0	0.0	0.0	0.0	0.0	0.0	0.0	0.0	0.0	0.0	0.0	0.0019091620687679497	0.0	0.0019091620687679497	0.059184024131806456	0.07445732068195007	0.00572748620630385	0.01718245861891155	0.2271902861833861	4.328070409897034	2.6556444376561674	1.8709788273925845	19.44481567040401	24.44682029057697	30.609595448554305	7.592737547490009	4.200156551289567	1.8728879894613522	0.8992153343897049	0.23482693445845793	0.6128410240745094	0.6433876171747962	0.024819106893983346	0.015273296550143598	0.00572748620630385	0.0	0.0	0.0	0.0	0.0019091620687679497	0.0038183241375358994	0.009545810343839748	0.11645888619484493	0.013364134481375647	0.0	0.0	0.0	0.0	0.0	0.0	0.0	0.0	0.0	0.0	0.0	0.0	0.0	0.0	0.0	0.0	0.0	0.0	0.0	0.0	0.0	0.0	0.0	0.0	0.0	0.0	0.0	0.0	0.0	0.0
SRR6444257_2	0.0	0.0	0.0	0.0	0.0	0.0	0.0	0.0	0.0	0.0	0.0	0.0	0.0	0.0	0.0	0.0	0.0	0.0	0.0	0.0	0.0	0.0	0.0	0.0	0.0	0.0	0.0	0.0	0.0	0.0	0.0	0.0	0.0018249174224866625	0.0018249174224866625	0.0	0.0	0.0018249174224866625	0.003649834844973325	0.009124587112433313	0.005474752267459988	0.005474752267459988	0.003649834844973325	0.023723926492326613	0.09489570596930649	0.05292260525211321	0.08577111885687319	0.6916437031224412	4.341478548095881	2.4618136029344635	1.233644177600995	2.790298738982044	19.747431428731037	30.153110571744175	28.696826468601145	4.392576235925513	2.4125408325273265	1.093125536069518	0.42155592459441893	0.1277442195740663	0.05839735751957321	0.19891599905104612	0.5547748964359435	0.14964322864390617	0.025548843914813275	0.005474752267459988	0.003649834844973325	0.003649834844973325	0.0018249174224866625	0.0018249174224866625	0.0	0.003649834844973325	0.018249174224866625	0.09672062339179315	0.016424256802379963	0.0	0.0018249174224866625	0.0018249174224866625	0.0	0.0	0.0	0.0	0.0	0.0	0.0	0.0	0.0	0.0	0.0	0.0	0.0	0.0	0.0	0.0	0.0	0.0	0.0018249174224866625	0.0018249174224866625	0.0	0.0	0.0	0.0
SRR6444265_1	0.0	0.0	0.0	0.0	0.0	0.0	0.0	0.0	0.0	0.0	0.0	0.0	0.0	0.0	0.0	0.0	0.0	0.0	0.0	0.0	0.0	0.0	0.0	0.0	0.0	0.0	0.0	0.0	0.0	0.002567657782570725	0.0	0.0	0.0	0.0	0.0	0.0	0.0	0.0	0.0	0.002567657782570725	0.0	0.15919478251938493	0.1746007292148092	0.007702973347712175	0.0205412622605658	0.4827196631232976	6.229137780516749	3.964463616289112	2.5522518358752904	11.839470035433074	16.379088995017497	24.025573871516592	11.264314692137361	8.370564371180812	5.163559800749777	3.7179684691623334	1.1426077132439716	1.9437169414060607	1.797360447799525	0.043650182303702316	0.01540594669542435	0.0	0.0	0.0	0.007702973347712175	0.033379551173419425	0.0102706311302829	0.012838288912853626	0.08730036460740469	0.49812560981872195	0.048785497868843765	0.002567657782570725	0.0	0.0	0.0	0.0	0.0	0.0	0.0	0.0	0.0	0.0	0.0	0.0	0.0	0.0	0.0	0.0	0.0	0.0	0.0	0.0	0.0	0.0	0.0	0.0	0.0	0.0	0.0	0.0	0.0
SRR6444265_2	0.0	0.0	0.0	0.0	0.0	0.0	0.0	0.0	0.0	0.0	0.0	0.0	0.0	0.0	0.0	0.0	0.0	0.0	0.0	0.0	0.0	0.0	0.0	0.0	0.0	0.0	0.0	0.0	0.0	0.0	0.0	0.0	0.0	0.0	0.0	0.0	0.007561341381961005	0.007561341381961005	0.007561341381961005	0.00504089425464067	0.01008178850928134	0.025204471273203355	0.035286259782484695	0.2066766644402673	0.10837922647477449	0.18147219316706403	1.2753462464240928	6.578367002306294	3.8688863404366267	1.7441494121056884	2.848105253871949	14.800065531623755	21.99594208012612	21.35322806265914	8.48634547768775	6.427140174667058	3.936938412874283	1.7567516477422904	0.3881488576073323	0.16382906327582172	0.907360965835316	1.6811382339226786	0.33269902080628455	0.04788849541908636	0.03276581265516436	0.02016357701856268	0.01512268276392201	0.03276581265516436	0.035286259782484695	0.027724918400523692	0.022684024145883018	0.08065430807425075	0.4209146702624969	0.08821564945621177	0.012602235636601677	0.0	0.002520447127320335	0.002520447127320335	0.002520447127320335	0.002520447127320335	0.00504089425464067	0.0	0.0	0.0	0.0	0.0	0.002520447127320335	0.002520447127320335	0.0	0.0	0.0	0.0	0.0	0.0	0.0	0.0	0.0	0.0	0.0	0.0	0.0037806706909805027
SRR6444279_1	0.0	0.0	0.0	0.0	0.0	0.0	0.0	0.0	0.0	0.0	0.0	0.0	0.0	0.0	0.0	0.0	0.0	0.0	0.0	0.0	0.0	0.0	0.0	0.0	0.0019110593001700168	0.007644237200680067	0.009555296500850083	0.0019110593001700168	0.0019110593001700168	0.0	0.0	0.0	0.0	0.0	0.0	0.0	0.0	0.0	0.005733177900510051	0.0019110593001700168	0.0	0.0019110593001700168	0.007644237200680067	0.009555296500850083	0.030576948802720265	0.30003631012669324	13.97175454354294	24.878169969616284	5.727444722609791	1.229766659659416	4.524432893152629	16.75616794389192	11.135742542089758	4.750893420222802	8.328396430140641	4.338104611386031	0.8790872780782077	1.1466355801020176	1.1217918091998067	0.04204330460374036	0.03822118600340033	0.04204330460374036	0.030576948802720265	0.013377415101190117	0.009555296500850083	0.0019110593001700168	0.0038221186003400335	0.007644237200680067	0.06879813480612063	0.5102528331453935	0.05733177900510052	0.0019110593001700168	0.0038221186003400335	0.0	0.0	0.0	0.0	0.0	0.0	0.0	0.0	0.0	0.0	0.0	0.0	0.0	0.0	0.0	0.0	0.0	0.0	0.0	0.0	0.0	0.0	0.0	0.0	0.0	0.0	0.0	0.0
SRR6444279_2	0.0	0.0	0.0	0.0	0.0	0.0	0.0	0.0	0.0	0.0	0.0	0.0	0.0	0.0	0.0	0.0	0.0	0.0	0.0	0.0	0.0	0.0	0.0	0.0	0.0	0.0	0.0	0.0	0.0	0.0	0.0	0.0019321431331632225	0.003864286266326445	0.011592858798979337	0.00772857253265289	0.00772857253265289	0.003864286266326445	0.005796429399489668	0.017389288198469004	0.021253574464795453	0.011592858798979337	0.00772857253265289	0.019321431331632232	0.042507148929590885	0.1970785995826485	0.3593786227683604	1.9031609861657675	19.288584898370743	18.84612412087617	1.9456681350953557	1.1515573073652883	2.6373753767677504	16.069634438519355	12.1435195919299	6.418579488368385	8.292758327536285	5.031300718757199	1.8954324136331149	0.5525929360846802	0.16036788005254732	0.9235644176520215	1.0375608625086548	0.1468428781204048	0.05603215086173346	0.05216786459540701	0.01545714506530578	0.00772857253265289	0.00772857253265289	0.013525001932142558	0.005796429399489668	0.01545714506530578	0.10047144292448763	0.4791714970244787	0.06569286652754959	0.009660715665816114	0.003864286266326445	0.0	0.0019321431331632225	0.0	0.0	0.0	0.0	0.0	0.0	0.0	0.0	0.0	0.0	0.0	0.0	0.0	0.0	0.0019321431331632225	0.0	0.0	0.0	0.0	0.0	0.0	0.0	0.0
SRR6444288_1	0.0	0.0	0.0	0.0	0.0	0.0	0.0	0.0	0.0	0.0	0.0	0.0	0.0	0.0	0.0	0.0	0.0	0.0	0.0	0.0	0.0	0.0	0.0	0.0	0.0	0.0	0.0	0.0	0.0	0.0	0.0	0.0	0.0	0.0	0.0036989088218975868	0.0	0.0	0.0	0.0073978176437951735	0.014795635287590347	0.03698908821897587	1.4758646199371304	1.6682078786758106	0.06658035879415654	0.1109672646569276	1.4499722581838466	18.550027741815278	17.177732568891585	14.418346587756615	3.906047715923823	2.6743110782319826	7.053819123358725	9.720732383947189	7.9267616053266545	10.231181801369111	2.6558165341224944	0.2774181616423188	0.059182541150361374	0.025892361753283105	0.01849454410948793	0.014795635287590347	0.05178472350656621	0.05178472350656621	0.0073978176437951735	0.0036989088218975868	0.011096726465692762	0.0073978176437951735	0.0	0.040687997040873454	0.25152579988903573	0.029591270575180694	0.0	0.0	0.0	0.0	0.0	0.0	0.0	0.0	0.0	0.0	0.0	0.0	0.0	0.0	0.0	0.0	0.0	0.0	0.0	0.0	0.0	0.0	0.0	0.0	0.0	0.0	0.0	0.0	0.0	0.0
SRR6444288_2	0.0	0.0	0.0	0.0	0.0	0.0	0.0	0.0	0.0	0.0	0.0	0.0	0.0	0.0	0.0	0.0	0.0	0.0	0.0	0.0	0.0	0.0	0.0	0.0	0.0	0.0	0.0	0.0	0.0	0.0	0.0	0.0	0.0	0.0036905816356657987	0.0036905816356657987	0.0	0.007381163271331597	0.007381163271331597	0.007381163271331597	0.014762326542663195	0.02214348981399479	0.04059639799232379	0.2915559492175978	1.6127841747859515	0.5757307351638656	0.4908473575435517	3.6647475642161234	26.49837614408011	17.297756126364757	4.642751697667504	1.07764983761441	1.7936226749335809	8.7208444050785	11.6585473870687	6.414230882787113	8.255831118984556	4.46191319751989	1.6976675524062672	0.15500442869796363	0.04428697962798958	0.02952465308532639	0.03690581635665799	0.04797756126365538	0.03321523472099219	0.014762326542663195	0.0036905816356657987	0.014762326542663195	0.011071744906997395	0.007381163271331597	0.0036905816356657987	0.02583407144966059	0.08488337762031334	0.18452908178329003	0.02214348981399479	0.0	0.0036905816356657987	0.0	0.0	0.0	0.0	0.0	0.0	0.0036905816356657987	0.0036905816356657987	0.0	0.0	0.0	0.0036905816356657987	0.0036905816356657987	0.0	0.0	0.0	0.0	0.0	0.0	0.0	0.0	0.0	0.0	0.0	0.0
SRR6444294_1	0.0	0.0	0.0	0.0	0.0	0.0	0.0	0.0	0.0	0.0	0.0	0.0	0.0	0.0	0.0	0.0	0.0	0.0	0.0	0.0	0.0	0.0	0.0	0.0	0.0	0.0	0.0	0.0	0.0	0.0	0.005026009599678044	0.002513004799839022	0.002513004799839022	0.002513004799839022	0.0	0.0	0.002513004799839022	0.005026009599678044	0.002513004799839022	0.002513004799839022	0.0	0.002513004799839022	0.010052019199356088	0.017591033598873155	0.027643052798229248	0.08041615359484872	1.5228809087024577	26.876586334282138	23.051793028925406	7.513884351519004	2.254165305455606	10.961726936897428	9.848465810568992	2.5783429246348217	5.875405222023774	3.266906239790675	1.5228809087024577	2.2667303294548007	2.151132108662212	0.06785112959565359	0.010052019199356088	0.010052019199356088	0.002513004799839022	0.005026009599678044	0.007539014399517067	0.005026009599678044	0.007539014399517067	0.002513004799839022	0.0	0.007539014399517067	0.0	0.010052019199356088	0.010052019199356088	0.0	0.0	0.0	0.0	0.0	0.0	0.0	0.0	0.0	0.0	0.0	0.0	0.0	0.0	0.0	0.0	0.0	0.0	0.0	0.0	0.0	0.0	0.0	0.0	0.0	0.0	0.0	0.0
SRR6444294_2	0.0	0.0	0.0	0.0	0.0	0.0	0.0	0.0	0.0	0.0	0.0	0.0	0.0	0.0	0.0	0.0	0.0	0.0	0.0	0.0	0.0	0.0	0.0	0.0	0.0	0.0	0.0	0.0	0.0	0.0	0.0	0.002535754133279255	0.0	0.0	0.00507150826655851	0.007607262399837767	0.01014301653311702	0.01014301653311702	0.007607262399837767	0.022821787199513298	0.03296480373263032	0.03042904959935107	0.03803631199918882	0.058322345065422845	0.14453798559691755	0.5527944010548781	8.657064611015533	16.837407444973408	19.631808499848418	10.962065118165851	1.579774825032988	2.5940764783446637	9.521756770463563	9.10589309260586	4.1713155492443175	5.003042904960007	3.5424485241910513	2.9161172532711106	0.4082564154579609	0.1851100517293855	1.6355614159651328	1.9880312404909557	0.23328938026169116	0.03296480373263032	0.02028603306623404	0.002535754133279255	0.00507150826655851	0.01014301653311702	0.012678770666396276	0.002535754133279255	0.002535754133279255	0.002535754133279255	0.00507150826655851	0.002535754133279255	0.0	0.0	0.0	0.0	0.002535754133279255	0.002535754133279255	0.0	0.0	0.0	0.0	0.0	0.0	0.0	0.0	0.0	0.0	0.0	0.0	0.0	0.0	0.0	0.0	0.0	0.0	0.0	0.0	0.0
SRR6444311_1	0.0	0.0	0.0	0.0	0.0	0.0	0.0	0.0	0.0	0.0	0.0	0.0	0.0	0.0	0.0	0.0	0.0	0.0	0.0	0.0	0.0	0.0	0.0	0.0	0.0	0.0	0.0	0.0	0.0	0.0	0.0	0.0	0.0	0.0	0.0	0.007947546195112265	0.011921319292668398	0.007947546195112265	0.01589509239022453	0.011921319292668398	0.007947546195112265	0.13510828531690855	0.16292469699980153	0.019868865487780663	0.05960659646334198	1.2477647526326208	17.09914563878348	11.158354857938056	9.970196701768637	6.155374528114316	4.283727399165476	14.889727796542774	14.611563679713907	5.984502284919404	8.04689052255125	3.4293661831909557	1.0212596860719245	0.7748857540234477	0.6834889727796564	0.10331810053645941	0.023842638585336796	0.0	0.007947546195112265	0.011921319292668398	0.0	0.003973773097556132	0.0	0.0	0.003973773097556132	0.03576395787800519	0.011921319292668398	0.0	0.0	0.0	0.0	0.0	0.0	0.0	0.0	0.0	0.0	0.0	0.0	0.0	0.0	0.0	0.0	0.0	0.0	0.0	0.0	0.0	0.0	0.0	0.0	0.0	0.0	0.0	0.0	0.0	0.0
SRR6444311_2	0.0	0.0	0.0	0.0	0.0	0.0	0.0	0.0	0.0	0.0	0.0	0.0	0.0	0.0	0.0	0.0	0.0	0.0	0.0	0.0	0.0	0.0	0.0	0.0	0.0	0.0	0.0	0.0	0.0	0.0	0.0	0.0	0.0	0.003969671708149768	0.0	0.0	0.003969671708149768	0.01984835854074884	0.03969671708149769	0.031757373665198145	0.03572704537334792	0.05160573220594699	0.06748441903854605	0.28581636298678315	0.7462982811321586	2.9574054225716098	4.168155293557228	20.85268548290932	10.68238656663141	4.358699535548406	2.9216783771982606	6.089476400301607	9.832876821087263	13.969274740979184	6.831805009725696	7.121591044420662	4.75963637807151	2.171410424357933	0.579572069389867	0.07939343416299534	0.24214997419713583	0.6351474733039643	0.2540589893215851	0.06748441903854605	0.015878686832599073	0.015878686832599073	0.01984835854074884	0.003969671708149768	0.007939343416299536	0.003969671708149768	0.0	0.011909015124449305	0.03969671708149769	0.007939343416299536	0.0	0.0	0.0	0.0	0.0	0.0	0.0	0.0	0.0	0.0	0.0	0.0	0.0	0.0	0.003969671708149768	0.003969671708149768	0.003969671708149768	0.0	0.0	0.0	0.0	0.0	0.0	0.0	0.0	0.0	0.0
SRR6444312_1	0.0	0.0	0.0	0.0	0.0	0.0	0.0	0.0	0.0	0.0	0.0	0.0	0.0	0.0	0.0	0.0	0.0	0.0	0.0	0.0	0.0	0.0	0.0	0.0	0.0	0.0	0.0	0.004907734589713389	0.0	0.0	0.0	0.0	0.0	0.004907734589713389	0.004907734589713389	0.0	0.0	0.0	0.0	0.004907734589713389	0.009815469179426778	0.004907734589713389	0.009815469179426778	0.019630938358853555	0.08343148802512759	1.4625049077345849	19.621122889673778	18.3500196309383	13.776010993326018	8.269532783666971	3.970357283078163	5.6291715744011945	4.1715744012564	5.069689831173899	9.825284648606292	6.306438947781603	1.0993325480957994	0.7067137809187289	0.6478209658421679	0.15213977228111505	0.014723203769140167	0.12269336474283468	0.08833922261484098	0.009815469179426778	0.009815469179426778	0.004907734589713389	0.004907734589713389	0.009815469179426778	0.0785237534354142	0.41224970553592416	0.03926187671770711	0.0	0.0	0.0	0.0	0.0	0.0	0.0	0.0	0.0	0.0	0.0	0.0	0.0	0.0	0.0	0.0	0.0	0.0	0.0	0.0	0.0	0.0	0.0	0.0	0.0	0.0	0.0	0.0	0.0	0.0
SRR6444312_2	0.0	0.0	0.0	0.0	0.0	0.0	0.0	0.0	0.0	0.0	0.0	0.0	0.0	0.0	0.0	0.0	0.0	0.0	0.0	0.0	0.0	0.0	0.0	0.0	0.0	0.0	0.0	0.0	0.0	0.0	0.0	0.0	0.0	0.0	0.0	0.0	0.005003001801080768	0.015009005403242303	0.02001200720432307	0.02501500900540384	0.02501500900540384	0.06503902341404998	0.05503301981188845	0.07004202521513074	0.2151290774464731	0.5503301981188843	3.792275365219264	31.32879727836524	15.914548729238495	6.453872323394086	1.2057234340604641	4.467680608365134	8.00980588353017	5.113067840704516	6.643986391835144	6.07864718831305	4.667800680408353	2.3764258555133666	0.5753452071242883	0.15009005403242304	0.46027616569943003	0.6353812287372579	0.27016209725836154	0.12507504502701916	0.03502101260756537	0.02501500900540384	0.010006003602161535	0.015009005403242303	0.005003001801080768	0.010006003602161535	0.005003001801080768	0.06003602161296921	0.37522513508105726	0.10006003602161533	0.015009005403242303	0.005003001801080768	0.010006003602161535	0.0	0.0	0.0	0.005003001801080768	0.005003001801080768	0.0	0.0	0.0	0.005003001801080768	0.0	0.0	0.0	0.0	0.0	0.0	0.0	0.0	0.0	0.0	0.0	0.0	0.0	0.0	0.0
SRR6444314_1	0.0	0.0	0.0	0.0	0.0	0.0	0.0	0.0	0.0	0.0	0.0	0.0	0.0	0.0	0.0	0.0	0.0	0.0	0.0	0.0	0.0	0.0	0.0	0.0	0.0	0.0	0.0	0.0	0.0	0.0	0.0	0.002305369204878255	0.00461073840975651	0.002305369204878255	0.002305369204878255	0.00461073840975651	0.00461073840975651	0.002305369204878255	0.0	0.0	0.0	0.15215436752196476	0.14523825990733003	0.025359061253660806	0.1198791986536693	1.3186711851903692	16.063812619591257	9.973027180302996	14.35553403877569	10.623141296078515	2.699587338912404	11.72741314521495	13.092191714502565	5.03262097424932	5.369204878161583	3.6955068354197795	0.7008322382829871	1.726721534453832	1.6736980427416306	0.043802014892686834	0.013832215229269529	0.006916107614634766	0.006916107614634766	0.006916107614634766	0.011526846024391274	0.013832215229269529	0.011526846024391274	0.025359061253660806	0.14754362911220828	1.0696913110635107	0.09913087580976501	0.020748322843904297	0.002305369204878255	0.002305369204878255	0.0	0.0	0.0	0.0	0.0	0.0	0.0	0.0	0.0	0.0	0.0	0.0	0.0	0.0	0.0	0.0	0.0	0.0	0.0	0.0	0.0	0.0	0.0	0.0	0.0	0.0	0.0
SRR6444314_2	0.0	0.0	0.0	0.0	0.0	0.0	0.0	0.0	0.0	0.0	0.0	0.0	0.0	0.0	0.0	0.0	0.0	0.0	0.0	0.0	0.0	0.0	0.0	0.0	0.0	0.0	0.0	0.0	0.0	0.0	0.0	0.0	0.0	0.0	0.004690651531497592	0.011726628828743979	0.002345325765748796	0.0	0.004690651531497592	0.009381303062995184	0.01876260612599037	0.02814390918898555	0.08912237909845429	0.21576997044888893	0.23218725080913052	0.5699141610769569	4.474881561048719	26.795346873684316	17.224072423659127	3.0371968666446407	0.8185186922463258	3.2130962990757905	11.789952624418481	12.247291148739393	5.164407336178944	5.560767390590535	3.1286645715088386	0.8232093437778233	0.16182747783666682	0.08677705333270548	0.4972090623387453	1.5971668464749444	0.47375580468125766	0.06801444720671508	0.02814390918898555	0.02345325765748796	0.01876260612599037	0.02110793189173916	0.02345325765748796	0.032834560720483144	0.06801444720671508	0.26502181152961385	0.9686195412542495	0.15713682630516926	0.014071954594492776	0.007035977297246388	0.011726628828743979	0.002345325765748796	0.002345325765748796	0.0	0.0	0.0	0.0	0.0	0.0	0.004690651531497592	0.0	0.0	0.0	0.0	0.0	0.0	0.0	0.0	0.002345325765748796	0.0	0.0	0.0	0.0	0.0	0.0
SRR6444323_1	0.0	0.0	0.0	0.0	0.0	0.0	0.0	0.0	0.0	0.0	0.0	0.0	0.0	0.0	0.0	0.0	0.0	0.0	0.0	0.0	0.0	0.0	0.0	0.00218708308728653	0.00218708308728653	0.0	0.0	0.0	0.0	0.0	0.0	0.0	0.0	0.0	0.0	0.0	0.0	0.0	0.00218708308728653	0.0	0.0	0.2602628873870971	0.2755724689981029	0.01749666469829224	0.032806246309297946	0.48553244537760987	6.154451807624536	5.301489403582693	11.41219954946035	9.531308094394362	3.0247359097172133	6.6946613301843705	12.595411499682093	11.036021258447153	8.593049449948655	6.766835072064817	1.2422631935787556	3.8776983137589998	4.293244100343487	2.4823393040701847	0.31712704765654726	0.1137283205388996	0.11810248671347263	0.05030291100759016	0.052489994094876695	0.030619163222011414	0.039367495571157526	0.08748332349146123	0.48115827920303683	4.057039126916515	0.4942807777267558	0.052489994094876695	0.010935415436432647	0.0065612492618595895	0.00218708308728653	0.00218708308728653	0.0	0.0	0.0	0.0	0.0	0.0	0.0	0.0	0.0	0.0	0.0	0.0	0.0	0.0	0.0	0.0	0.0	0.0	0.0	0.0	0.0	0.0	0.0	0.0	0.0
SRR6444323_2	0.0	0.0	0.0	0.0	0.0	0.0	0.0	0.0	0.0	0.0	0.0	0.0	0.0	0.0	0.0	0.0	0.0	0.0	0.0	0.0	0.0	0.0	0.0	0.0	0.0	0.0	0.0	0.0	0.0	0.0	0.0	0.0	0.0	0.0045149784409780425	0.011287446102445108	0.009029956881956085	0.0045149784409780425	0.009029956881956085	0.006772467661467064	0.006772467661467064	0.01580242454342315	0.027089870645868257	0.06546718739418161	0.30927602320699626	0.0812696119376048	0.16705420231618745	1.3725534460573345	13.07763505429182	12.407160755806732	4.9077815653432175	2.307153983339767	4.476601124229765	9.167663724405722	11.357428268279577	7.165270785832416	7.774792875364313	6.71377294173464	2.052057701424522	0.3724857213806893	0.19188658374156659	1.4989728424047233	4.24182224529888	3.1808023116689683	0.7540013996433298	0.3115335124274853	0.13770684244983028	0.06998216583515966	0.10158701492200603	0.0902995688195609	0.12190441790640719	0.18511411608009956	0.7404564643203959	3.799354358082981	0.5892046865476336	0.06546718739418161	0.022574892204890215	0.011287446102445108	0.0	0.0	0.0045149784409780425	0.006772467661467064	0.0	0.0	0.0	0.0	0.0	0.0	0.0	0.0022574892204890212	0.0022574892204890212	0.0	0.0	0.0	0.0	0.0	0.0	0.0	0.0	0.0	0.0	0.0
SRR6444332_1	0.0	0.0	0.0	0.0	0.0	0.0	0.0	0.0	0.0	0.0	0.0	0.0	0.0	0.0	0.0	0.0	0.0	0.0	0.0	0.0	0.0	0.0	0.0	0.0	0.0	0.0	0.0	0.0	0.0	0.0	0.0	0.0	0.0031701749936596086	0.0	0.0	0.0	0.0031701749936596086	0.006340349987319217	0.0	0.0	0.0	0.0	0.0031701749936596086	0.015850874968298043	0.0348719249302557	0.09827542480344788	1.6199594217600648	26.990869896019554	19.984783160028634	5.509764138980362	1.9084453461830975	8.166370783667416	8.258305858483556	3.4681714430635813	8.616535632767132	8.88600050722823	2.3269084453461772	1.9781891960436104	1.8672330712655214	0.08242454983514981	0.028531574942936483	0.06657367486685177	0.0348719249302557	0.012680699974638434	0.0031701749936596086	0.0	0.0	0.0	0.006340349987319217	0.01902104996195765	0.0	0.0	0.0	0.0	0.0	0.0	0.0	0.0	0.0	0.0	0.0	0.0	0.0	0.0	0.0	0.0	0.0	0.0	0.0	0.0	0.0	0.0	0.0	0.0	0.0	0.0	0.0	0.0	0.0	0.0	0.0
SRR6444332_2	0.0	0.0	0.0	0.0	0.0	0.0	0.0	0.0	0.0	0.0	0.0	0.0	0.0	0.0	0.0	0.0	0.0	0.0	0.0	0.0	0.0	0.0	0.0	0.0	0.0	0.0	0.0	0.0	0.003151492231571687	0.003151492231571687	0.0	0.0	0.003151492231571687	0.0	0.0	0.003151492231571687	0.003151492231571687	0.00945447669471506	0.00945447669471506	0.006302984463143374	0.022060445621001804	0.04412089124200361	0.050423875705146975	0.07563581355772045	0.1607261038101561	0.44436040465160836	7.762125366361286	15.360373136679547	18.927862342817885	8.04575966720277	1.7364722195960074	2.2154990387949174	7.897639532318883	7.005767230783995	4.112697362200982	6.895465002678973	7.755822381898142	6.914373956068405	0.7090857521036297	0.17648356496801446	1.4087170275125425	1.7585326652170097	0.248967886294163	0.07563581355772045	0.07878730578929213	0.025211937852573495	0.00945447669471506	0.006302984463143374	0.0	0.0	0.0	0.00945447669471506	0.012605968926286747	0.0	0.0	0.0	0.0	0.0	0.0	0.0	0.0	0.0	0.0	0.0	0.0	0.0	0.0	0.0	0.003151492231571687	0.003151492231571687	0.0	0.0	0.003151492231571687	0.003151492231571687	0.0	0.0	0.0	0.0	0.0	0.0	0.0
SRR6444338_1	0.0	0.0	0.0	0.0	0.0	0.0	0.0	0.0	0.0	0.0	0.0	0.0	0.0	0.0	0.0	0.0	0.0	0.0	0.0	0.0	0.0	0.0	0.0	0.0	0.0	0.0	0.0	0.0	0.0	0.0	0.0	0.0	0.0	0.0	0.0	0.002277385561375567	0.002277385561375567	0.006832156684126701	0.002277385561375567	0.0	0.0	0.002277385561375567	0.006832156684126701	0.002277385561375567	0.031883397859257936	0.5784559325893932	8.000455477112457	8.253245274425087	7.722614438624699	8.820314279207473	9.39649282623536	16.82076975631995	13.056251423365065	10.296060122978504	7.863812343429953	6.265087679344419	1.466636301525877	0.2596219539968146	0.1480300614894118	0.4395354133454855	0.084263265770896	0.050102482350262455	0.013664313368253399	0.013664313368253399	0.08198588020952044	0.09109542245502272	0.03871555454338463	0.006832156684126701	0.009109542245502268	0.1525848326121629	0.011386927806877833	0.002277385561375567	0.0	0.0	0.0	0.0	0.0	0.0	0.0	0.0	0.0	0.0	0.0	0.0	0.0	0.0	0.0	0.0	0.0	0.0	0.0	0.0	0.0	0.0	0.0	0.0	0.0	0.0	0.0	0.0	0.0
SRR6444338_2	0.0	0.0	0.0	0.0	0.0	0.0	0.0	0.0	0.0	0.0	0.0	0.0	0.0	0.0	0.0	0.0	0.0	0.0	0.0	0.0	0.0	0.0	0.0	0.0	0.0	0.0	0.0	0.0	0.0	0.0	0.0	0.0	0.0	0.0	0.0	0.0	0.0022857665318064824	0.006857299595419447	0.00914306612722593	0.013714599190838892	0.01142883265903241	0.01142883265903241	0.016000365722645373	0.05257263023154907	0.09371642780406582	0.24229125237148694	1.5406066424375828	11.687124277125802	10.24937712861985	4.0389494617020345	3.10178518366134	9.757937324281569	15.892934695650036	17.108962490571635	9.707650460581837	7.239022606231399	4.866396946216075	2.5349150837733645	0.4937255708702006	0.09143066127225932	0.05257263023154907	0.11657409312213064	0.39315184347071586	0.14400329150380833	0.04800109716793611	0.016000365722645373	0.04342956410432315	0.11885985965393712	0.05942992982696853	0.02057189878625834	0.006857299595419447	0.04800109716793611	0.12343139271755008	0.02057189878625834	0.0	0.0	0.0	0.004571533063612965	0.0022857665318064824	0.0	0.0	0.0	0.0	0.0022857665318064824	0.0	0.0	0.0	0.0	0.0	0.0022857665318064824	0.0	0.0	0.0	0.0022857665318064824	0.0022857665318064824	0.0022857665318064824	0.0	0.0	0.0	0.0	0.0
SRR6444345_1	0.0	0.0	0.0	0.0	0.0	0.0	0.0	0.0	0.0	0.0	0.0	0.0	0.0	0.0	0.0	0.0	0.0	0.0	0.0	0.0	0.0	0.0	0.0	0.0	0.0	0.0	0.0	0.0	0.0	0.0	0.0	0.0	0.0	0.008815491757515163	0.0	0.0	0.0	0.0	0.005876994505010109	0.02056948076753538	0.0382004642825657	0.6670388763186474	0.6964238488436975	0.08227792307014152	0.6317769092885872	5.089477241338717	10.458111721665572	14.010754899943375	9.15048044430112	7.340366136757844	7.836972172431254	10.152508007405116	10.393464782110476	6.92897652140709	4.830889483118242	3.670183068378758	0.8727336839939983	2.7710029091122625	2.7710029091122625	1.031412535629269	0.17043284064529313	0.017630983515030327	0.017630983515030327	0.023507978020040437	0.014692486262525272	0.017630983515030327	0.0	0.0029384972525050546	0.12341688460521234	0.1410478681202427	0.005876994505010109	0.0029384972525050546	0.0029384972525050546	0.0	0.0	0.0	0.0	0.0	0.0	0.0	0.0	0.0	0.0	0.0	0.0	0.0	0.0	0.0	0.0	0.0	0.0	0.0	0.0	0.0	0.0	0.0	0.0	0.0	0.0	0.0	0.0
SRR6444345_2	0.0	0.0	0.0	0.0	0.0	0.0	0.0	0.0	0.0	0.0	0.0	0.0	0.0	0.0	0.0	0.0	0.0	0.0	0.0	0.0	0.0	0.0	0.0	0.0	0.0	0.0	0.0	0.0	0.0	0.0	0.0	0.0	0.0030525030525031236	0.0030525030525031236	0.0030525030525031236	0.009157509157509371	0.012210012210012494	0.009157509157509371	0.009157509157509371	0.006105006105006247	0.012210012210012494	0.02442002442002499	0.14041514041514377	0.7967032967033139	0.29609279609280253	0.8913308913309094	4.920634920634955	19.19108669108563	14.200244200243858	12.06654456654466	2.8266178266178916	3.8766788766789064	8.18681318681367	11.28510378510404	5.824175824175982	4.371184371184385	3.516483516483558	1.0897435897436096	0.3327228327228403	0.18009768009768426	0.5250305250305385	2.7686202686203356	1.7490842490842995	0.4365079365079473	0.0915750915750937	0.02747252747252811	0.015262515262515618	0.02442002442002499	0.012210012210012494	0.006105006105006247	0.02442002442002499	0.08241758241758433	0.10073260073260311	0.030525030525031242	0.009157509157509371	0.006105006105006247	0.0	0.0	0.0	0.0	0.0	0.0	0.0	0.0	0.0	0.0	0.0030525030525031236	0.0030525030525031236	0.0	0.0	0.0	0.0	0.0	0.0	0.0	0.0	0.0	0.0	0.0	0.0	0.0
SRR6444349_1	0.0	0.0	0.0	0.0	0.0	0.0	0.0	0.0	0.0	0.0	0.0	0.0	0.0	0.0	0.0	0.0	0.0	0.0	0.0	0.0	0.0	0.0	0.0	0.0	0.0	0.0	0.0	0.0	0.0	0.0	0.0	0.0	0.0	0.0	0.0	0.0	0.0	0.0	0.0	0.003963221306277668	0.011889663918833003	0.5825935320228179	0.6063728598604841	0.12682308180088536	1.9538681039948935	3.0913126188966125	5.663443246670672	9.044071020925834	11.168357641090905	8.211794546607429	4.98573240329723	11.501268230818267	9.190710209258125	9.47209892200387	12.016487000634422	6.087507926442359	1.2563411540900156	2.0172796448953383	1.4980976537729498	0.21401395053899408	0.05152187698160968	0.06341154090044267	0.03963221306277667	0.02774254914394367	0.07133798351299799	0.03170577045022134	0.02774254914394367	0.03170577045022134	0.11889663918833002	0.7490488268864811	0.043595434369054345	0.019816106531388336	0.019816106531388336	0.0	0.0	0.0	0.0	0.0	0.0	0.0	0.0	0.0	0.0	0.0	0.0	0.0	0.0	0.0	0.0	0.0	0.0	0.0	0.0	0.0	0.0	0.0	0.0	0.0	0.0	0.0	0.0
SRR6444349_2	0.0	0.0	0.0	0.0	0.0	0.0	0.0	0.0	0.0	0.0	0.0	0.0	0.0	0.0	0.0	0.0	0.0	0.0	0.0	0.0	0.0	0.0	0.0	0.0	0.0	0.0	0.0	0.004146796599626718	0.0	0.0	0.0	0.0	0.0	0.004146796599626718	0.004146796599626718	0.0	0.0	0.004146796599626718	0.016587186398506874	0.016587186398506874	0.016587186398506874	0.012440389798880154	0.1451378809869352	0.6261662865436355	0.34003732116939056	2.496371552975301	3.7404105328633044	11.913746630728047	11.685672817748552	6.004561476259364	3.2262077545096206	7.625958946713532	9.330292349160308	7.298362015342985	10.491395397055921	11.420277835372412	5.432303545510909	2.089985486211871	1.455525606468971	0.34418411776901725	0.5307899647522203	1.5343147418618774	0.6386066763425158	0.16172506738544207	0.04976155919552062	0.02488077959776031	0.04146796599626718	0.09122952519178777	0.05805515239477406	0.037321169396640465	0.05805515239477406	0.23636740617872296	0.651047066141396	0.06634874559402748	0.012440389798880154	0.02073398299813359	0.02073398299813359	0.0	0.0	0.0	0.0	0.0	0.0	0.0	0.0	0.0	0.008293593199253437	0.008293593199253437	0.0	0.0	0.0	0.0	0.0	0.0	0.0	0.004146796599626718	0.0	0.0	0.0	0.0	0.0
SRR6444354_1	0.0	0.0	0.0	0.0	0.0	0.0	0.0	0.0	0.0	0.0	0.0	0.0	0.0	0.0	0.0	0.0	0.0	0.0	0.0	0.0	0.0	0.0	0.0	0.0	0.0	0.0	0.0	0.0	0.0	0.0	0.0	0.0	0.0	0.0	0.0	0.0	0.003177225646565429	0.0	0.003177225646565429	0.003177225646565429	0.02541780517252343	0.6799262883650025	0.6862807396581333	0.019063353879392574	0.034949482112219724	0.9785854991421487	12.562750206519514	5.664993327826138	13.144182499840854	14.955201118382739	6.0653237592934275	4.559318802821298	10.437186248967723	6.201944462095757	8.81044671792627	8.950244646375166	2.3638558810447052	1.5568405668170628	1.4932960538857525	0.13026625150918267	0.015886128232827146	0.019063353879392574	0.009531676939696289	0.012708902586261716	0.05083561034504686	0.04130393340535058	0.01747474105610986	0.02065196670267529	0.07625341551757027	0.37173540064815525	0.0317722564656543	0.003177225646565429	0.0	0.0	0.0	0.0	0.0	0.0	0.0	0.0	0.0	0.0	0.0	0.0	0.0	0.0	0.0	0.0	0.0	0.0	0.0	0.0	0.0	0.0	0.0	0.0	0.0	0.0	0.0	0.0	0.0
SRR6444354_2	0.0	0.0	0.0	0.0	0.0	0.0	0.0	0.0	0.0	0.0	0.0	0.0	0.0	0.0	0.0	0.0	0.0	0.0	0.0	0.0	0.0	0.0	0.0	0.0	0.0	0.0	0.0	0.0	0.0	0.0	0.0	0.0033257948649727093	0.006651589729945419	0.0	0.0	0.0033257948649727093	0.009977384594918128	0.009977384594918128	0.016628974324863547	0.026606358919781675	0.01995476918983625	0.029932153784754386	0.16296394838366285	0.8913130238126843	1.2638020486896224	6.694825063190127	3.3524012238924747	16.24983371025575	10.699082080617558	4.439936144738488	2.158440867367306	2.60742317413863	5.707063988293121	10.51283756817913	6.758015165624616	9.072768391645885	10.456299055474606	3.4222429160568972	1.0875349208460714	0.7250232805640512	1.1740055873353605	1.426765997073289	0.2693893840627892	0.05653851270453604	0.023280564054808963	0.023280564054808963	0.016628974324863547	0.06319010243448146	0.03990953837967251	0.016628974324863547	0.01995476918983625	0.07649328189437228	0.3359052813622433	0.05653851270453604	0.0033257948649727093	0.0	0.0	0.0033257948649727093	0.0	0.0	0.0	0.0	0.0	0.0	0.0	0.0	0.0	0.0	0.0	0.0	0.0	0.0	0.0	0.0033257948649727093	0.0033257948649727093	0.0	0.0	0.0	0.0	0.0	0.0
SRR6444362_1	0.0	0.0	0.0	0.0	0.0	0.0	0.0	0.0	0.0	0.0	0.0	0.0	0.0	0.0	0.0	0.0	0.0	0.0	0.0	0.0	0.0	0.0	0.0	0.0	0.0	0.0	0.0	0.0	0.0	0.0	0.0	0.0	0.0	0.0	0.0	0.0	0.0	0.0	0.0	0.0	0.016017426960533262	0.4388774987186119	0.43567401332650524	0.01281394156842661	0.06086622245002638	0.5766273705791989	6.650435674013496	9.210020502307001	17.567913890311573	16.465914915427135	4.53613531522293	8.152870322911685	11.128908252178665	7.220656073808544	7.70758585340881	3.9210661199384877	1.2141209636084145	1.6465914915428241	1.5568939005638356	0.11532547411583953	0.022424397744746565	0.07688364941055964	0.0800871348026663	0.04484879548949313	0.02562788313685322	0.0032034853921066525	0.0032034853921066525	0.016017426960533262	0.09930804715530624	0.8553305996924745	0.10891850333162621	0.016017426960533262	0.0032034853921066525	0.0	0.0032034853921066525	0.006406970784213305	0.0	0.0	0.0	0.0	0.0	0.0	0.0	0.0	0.0	0.0	0.0	0.0	0.0	0.0	0.0	0.0	0.0	0.0	0.0	0.0	0.0	0.0	0.0	0.0	0.0
SRR6444362_2	0.0	0.0	0.0	0.0	0.0	0.0	0.0	0.0	0.0	0.0	0.0	0.0	0.0	0.0	0.0	0.0	0.0	0.0	0.0	0.0	0.0	0.0	0.0	0.0	0.0	0.0	0.0	0.0	0.0	0.0	0.0	0.0	0.0033168595973333413	0.0033168595973333413	0.0033168595973333413	0.0033168595973333413	0.0033168595973333413	0.006633719194666683	0.013267438389333365	0.02321801718133339	0.016584297986666708	0.039802315168000105	0.10945636671200029	0.497528939600002	0.1791104182560005	0.3781219940960009	2.102888984709355	20.342299910443536	19.851404690038315	5.539155527546614	1.7712030249760111	5.486085773989275	8.358486185280276	9.436465554413735	5.973664134797332	7.147832432253469	6.268864638960032	1.8939268300773484	0.3084679425520004	0.12272380510133368	0.47431092241866846	1.5556071511493381	0.4942120800026687	0.10613950711466694	0.09287206872533356	0.039802315168000105	0.02653487677866673	0.029851736376000075	0.039802315168000105	0.033168595973333416	0.07297091114133349	0.1691598394640005	0.7595608477893352	0.15257554147733382	0.02321801718133339	0.009950578792000026	0.009950578792000026	0.0033168595973333413	0.0	0.0	0.0033168595973333413	0.0033168595973333413	0.0033168595973333413	0.0	0.0	0.006633719194666683	0.006633719194666683	0.0	0.0	0.0	0.0	0.0	0.0	0.0	0.0	0.0	0.0	0.0	0.0	0.0	0.0
SRR6444365_1	0.0	0.0	0.0	0.0	0.0	0.0	0.0	0.0	0.0	0.0	0.0	0.0	0.0	0.0	0.0	0.0	0.0	0.0	0.0	0.0	0.0	0.0	0.0	0.0	0.0	0.0	0.0	0.0	0.0	0.0	0.0	0.0	0.0	0.0	0.0	0.0	0.0	0.0	0.0	0.0	0.003215123943027865	0.0	0.0	0.00643024788605573	0.02250586760119505	0.08680834646175233	1.723306433462942	30.347554898243033	25.566665594958426	8.069961097000183	1.8744172587852561	7.417290936565453	6.221264829758951	1.970870977076095	5.15062855673055	6.356300035366136	1.3985789152171186	1.8036845320386412	1.6268527151721037	0.0771629746326687	0.03858148731633438	0.09645371829083593	0.08359322251872446	0.02572099154422292	0.019290743658167187	0.00643024788605573	0.0	0.0	0.0	0.003215123943027865	0.0	0.0	0.0	0.0	0.0	0.0	0.0	0.0	0.0	0.003215123943027865	0.0	0.0	0.0	0.0	0.0	0.0	0.0	0.0	0.0	0.0	0.0	0.0	0.0	0.0	0.0	0.0	0.0	0.0	0.0	0.0	0.0
SRR6444365_2	0.0	0.0	0.0	0.0	0.0	0.0	0.0	0.0	0.0	0.0	0.0	0.0	0.0	0.0	0.0	0.0	0.0	0.0	0.0	0.0	0.0	0.0	0.0	0.0	0.0	0.0	0.0	0.0	0.0031990786653444407	0.0031990786653444407	0.0	0.0031990786653444407	0.0	0.009597235996033323	0.012796314661377763	0.0063981573306888815	0.0063981573306888815	0.0159953933267222	0.025592629322755526	0.025592629322755526	0.03838894398413329	0.06718065197223323	0.08957420262964433	0.16315301193256654	0.4094820691640887	1.2156498928308808	9.747592693304947	17.87005342461266	21.331456540515703	10.867270226175274	2.1881698070956177	2.360920055024222	6.452541667999799	5.595188585687392	3.0423238107425576	3.8101026904251802	5.649572922998254	5.009757189929292	0.598227710419412	0.2655235292235883	1.1164784542052042	1.4171918487475854	0.3071115518730659	0.08317604529895543	0.08957420262964433	0.028791707988099966	0.009597235996033323	0.012796314661377763	0.012796314661377763	0.0031990786653444407	0.0031990786653444407	0.0031990786653444407	0.0	0.0031990786653444407	0.0	0.0031990786653444407	0.0	0.0	0.0	0.0	0.0	0.0063981573306888815	0.0063981573306888815	0.0	0.0031990786653444407	0.0063981573306888815	0.0	0.0	0.0	0.0	0.0	0.0	0.0	0.0	0.0	0.0	0.0	0.0	0.0	0.0	0.0
SRR6444370_1	0.0	0.0	0.0	0.0	0.0	0.0	0.0	0.0	0.0	0.0	0.0	0.0	0.0	0.0	0.0	0.0	0.0	0.0	0.0	0.0	0.0	0.0	0.0	0.0	0.0	0.0017798027978500114	0.0017798027978500114	0.0017798027978500114	0.0	0.0	0.0	0.0	0.0	0.0	0.0	0.0	0.0	0.0017798027978500114	0.0017798027978500114	0.0	0.0017798027978500114	0.0017798027978500114	0.0017798027978500114	0.05873349232905038	0.16908126579575083	0.6745452603851504	7.793756451784918	9.924180400810897	15.099846936960393	10.257003524008773	3.1840672053536587	5.312711351582514	5.471113800591181	7.1886235005160515	6.334318157548241	6.5069590289396535	3.4901932865838954	6.522977254120299	7.169045669739706	2.2852667924393777	0.254511800092552	0.06941230911615047	0.04449506994625027	0.0160182251806501	0.0035596055957000227	0.007119211191400045	0.005339408393550034	0.04271526714840025	0.2011177161570512	1.5608870537144643	0.2901078560495524	0.03559605595700021	0.008899013989250056	0.0035596055957000227	0.0	0.0	0.0	0.0	0.0	0.0	0.0	0.0	0.0	0.0	0.0	0.0	0.0	0.0	0.0	0.0	0.0	0.0	0.0	0.0	0.0	0.0	0.0	0.0	0.0	0.0	0.0
SRR6444370_2	0.0	0.0	0.0	0.0	0.0	0.0	0.0	0.0	0.0	0.0	0.0	0.0	0.0	0.0	0.0	0.0	0.0	0.0	0.0	0.0	0.0	0.0	0.0	0.0	0.0	0.0	0.0	0.0	0.0	0.001875328182431853	0.007501312729727412	0.001875328182431853	0.0	0.005625984547295558	0.015002625459454823	0.005625984547295558	0.007501312729727412	0.011251969094591117	0.015002625459454823	0.01312729727702297	0.015002625459454823	0.04688320456079631	0.10501837821618377	0.16877953641886656	0.2756732428174828	0.4031955592228487	2.6292101117694067	19.32150626359788	15.390818393218927	4.392018603255505	1.4177481059184964	3.6868952066610485	4.0675868276947575	5.350311304478291	7.566949216112377	5.1627784862350845	6.788688020403335	3.7619083339583312	0.5269672192633493	0.4200735128647351	5.408446478133685	6.786812692220903	2.681719300877495	0.767009226614625	0.22316405370939055	0.076888455479706	0.05250918910809188	0.041257220013500746	0.04875853274322816	0.058135173655387444	0.08814042457429715	0.3038031655539608	1.4383767159252474	0.286925211912074	0.10314305003375193	0.03188057910134149	0.007501312729727412	0.005625984547295558	0.003750656364863706	0.001875328182431853	0.0	0.0	0.0	0.001875328182431853	0.0	0.0	0.0	0.0	0.0	0.0	0.0	0.0	0.0	0.0	0.0	0.0	0.0	0.0	0.0	0.0	0.0
SRR6444371_1	0.0	0.0	0.0	0.0	0.0	0.0	0.0	0.0	0.0	0.0	0.0	0.0	0.0	0.0	0.0	0.0	0.0	0.0	0.0	0.0	0.0	0.0	0.0	0.002695708432176002	0.002695708432176002	0.002695708432176002	0.0	0.0	0.0	0.0	0.0	0.0	0.0	0.0	0.0	0.0	0.0	0.0	0.0	0.0	0.01347854216088001	0.3827905973689928	0.40705197325857695	0.029652792753936025	0.04313133491481603	0.5310545611386737	8.491481561354734	8.105995255553596	10.327259003666175	15.389799439291558	11.29501833081714	10.577959887858485	9.28941125727865	4.739055423765386	6.5694414492131	3.2564157860685663	1.2157645029113762	4.2187836963553575	4.404787578175523	0.17522104809144007	0.05121846021134402	0.008087125296528006	0.002695708432176002	0.008087125296528006	0.005391416864352004	0.005391416864352004	0.002695708432176002	0.008087125296528006	0.05930558550787203	0.3315721371576484	0.04313133491481603	0.0	0.0	0.002695708432176002	0.0	0.0	0.0	0.0	0.0	0.0	0.0	0.0	0.0	0.0	0.0	0.0	0.0	0.0	0.0	0.0	0.0	0.0	0.0	0.0	0.0	0.0	0.0	0.0	0.0	0.0	0.0
SRR6444371_2	0.0	0.0	0.0	0.0	0.0	0.0	0.0	0.0	0.0	0.0	0.0	0.0	0.0	0.0	0.0	0.0	0.0	0.0	0.0	0.0	0.0	0.0	0.0	0.0	0.0	0.0	0.0	0.0	0.0	0.0	0.0	0.0	0.0027789356676393437	0.0055578713352786874	0.0027789356676393437	0.0027789356676393437	0.0	0.0027789356676393437	0.0055578713352786874	0.0055578713352786874	0.011115742670557375	0.02223148534111475	0.08058913436154097	0.4724190634986895	0.20564123940531126	0.24732527441990126	2.0647492010560544	12.316242878977098	14.822842851187218	14.661664582464173	3.4986800055578806	6.01361678477164	9.226066416562851	8.509101014312055	5.546755592608179	6.369320550229518	4.660275114631126	2.2287064054467725	0.7086285952480317	0.14728359038488525	2.501042100875413	4.254550507155739	0.7308600805891461	0.09726274836737707	0.05002084201750817	0.019452549673475403	0.019452549673475403	0.02223148534111475	0.0	0.008336807002918032	0.01667361400583606	0.06947339169098357	0.30568292344032766	0.03890509934695081	0.008336807002918032	0.011115742670557375	0.0	0.0	0.0	0.0	0.0	0.0	0.0027789356676393437	0.0	0.0	0.0	0.0	0.0	0.0	0.0	0.0	0.0	0.0	0.0	0.0	0.0027789356676393437	0.0	0.0	0.0	0.0	0.0
SRR6444374_1	0.0	0.0	0.0	0.0	0.0	0.0	0.0	0.0	0.0	0.0	0.0	0.0	0.0	0.0	0.0	0.0	0.0	0.0	0.0	0.0	0.0	0.0	0.0038425329977521544	0.0019212664988760772	0.0019212664988760772	0.0019212664988760772	0.0	0.0	0.0	0.0019212664988760772	0.0019212664988760772	0.0	0.0	0.0	0.0	0.0	0.0019212664988760772	0.0	0.0	0.0019212664988760772	0.007685065995504309	0.22094564737074884	0.2286307133662532	0.023055197986512926	0.053795461968530155	1.575438529078394	11.662087648176746	6.465061768718138	7.725412591980558	5.78109089511837	4.755134584718428	11.600607120212725	16.876404926128693	7.7234913254816835	9.802301677265126	4.518818805356644	1.225768026282947	4.169148302561158	4.272896693500479	0.5033718227055313	0.05571672846740623	0.01729139848988469	0.0038425329977521544	0.009606332494380384	0.05187419546965408	0.08261445945167137	0.04034659647639761	0.005763799496628232	0.05763799496628231	0.4092297642606048	0.049952928970777986	0.005763799496628232	0.0019212664988760772	0.0	0.0	0.0	0.0	0.0	0.0	0.0	0.0	0.0	0.0	0.0	0.0	0.0	0.0	0.0	0.0	0.0	0.0	0.0	0.0	0.0	0.0	0.0	0.0	0.0	0.0	0.0	0.0
SRR6444374_2	0.0	0.0	0.0	0.0	0.0	0.0	0.0	0.0	0.0	0.0	0.0	0.0	0.0	0.0	0.0	0.0	0.0	0.0	0.0	0.0	0.0	0.0	0.0	0.0	0.0	0.0	0.0	0.0	0.0	0.0	0.0	0.0	0.0	0.0	0.0	0.0019859789883423015	0.005957936965026904	0.007943915953369206	0.003971957976684603	0.007943915953369206	0.01588783190673841	0.019859789883423015	0.053621432685242124	0.26810716342621094	0.13306059221893413	0.30981272218139955	3.7018648342700544	13.782694179095179	9.308283518359914	6.1128433261178765	1.664250392230858	5.515063650626781	10.569380175956988	17.387246042938095	8.251742696562049	7.364010088773243	4.706770202371373	2.3136655214187534	0.41904156654022606	0.1410045081723033	1.1856294560403615	4.196373602367343	1.3981292077929939	0.24626139455444546	0.08738307548706131	0.04567751673187291	0.04964947470855752	0.0814251385220344	0.039719579766846015	0.007943915953369206	0.011915873930053807	0.09135503346374592	0.40712569261017245	0.06553730661529596	0.009929894941711506	0.0	0.0	0.0019859789883423015	0.003971957976684603	0.0019859789883423015	0.0	0.0019859789883423015	0.0	0.0	0.0	0.0	0.0	0.0	0.0	0.0	0.0	0.0	0.0	0.0	0.0	0.0	0.0	0.0	0.0	0.0	0.0
SRR6444379_1	0.0	0.0	0.0	0.0	0.0	0.0	0.0	0.0	0.0	0.0	0.0	0.0	0.0	0.0	0.0	0.0	0.0	0.0	0.0	0.0	0.0	0.0	0.0	0.0	0.0019532394476239187	0.0019532394476239187	0.0019532394476239187	0.0	0.0	0.0	0.0	0.0	0.0	0.0	0.0	0.0	0.0	0.0	0.0	0.0	0.0	0.10156845127644383	0.10352169072406774	0.01562591558099135	0.02929859171435878	0.6191769048967798	7.738734691485844	3.068539172217116	8.87747328945033	10.72133132800689	6.351934683673177	4.490497490087491	7.119557786589202	6.283571303006355	9.447819208156384	10.08652850752926	4.26392171416309	6.72500341816926	6.732816375959755	2.058714377795596	0.2617340859816054	0.044924507295350115	0.007812957790495675	0.003906478895247837	0.01562591558099135	0.019532394476239192	0.03711154950485445	0.11328788796218729	0.5566732425728154	3.6955290349044656	0.3515831005723063	0.0312518311619827	0.013672676133367432	0.0019532394476239187	0.0019532394476239187	0.0019532394476239187	0.0	0.0	0.0	0.0	0.0	0.0	0.0	0.0	0.0	0.0	0.0	0.0	0.0	0.0	0.0	0.0	0.0	0.0	0.0	0.0	0.0	0.0	0.0	0.0	0.0
SRR6444379_2	0.0	0.0	0.0	0.0	0.0	0.0	0.0	0.0	0.0	0.0	0.0	0.0	0.0	0.0	0.0	0.0	0.0	0.0	0.0	0.0	0.0	0.0	0.0	0.0	0.0	0.0	0.0	0.0	0.0	0.0020603688060163083	0.0020603688060163083	0.0020603688060163083	0.004120737612032617	0.006181106418048926	0.010301844030081542	0.010301844030081542	0.004120737612032617	0.010301844030081542	0.008241475224065233	0.01236221283609785	0.016482950448130466	0.024724425672195703	0.043267744926342465	0.16895024209333712	0.24106315030390812	1.3516019367467098	2.1819305655712546	13.229628103429825	8.28886370660345	3.4572988564953264	1.8811167198928909	3.3625218914185657	4.827444112496328	7.538889461213685	6.877511074482601	9.382919542597861	10.036056454104884	5.606263521170581	1.3804471000309388	0.8035438343463562	3.144122797980816	6.628206448954684	3.111156897084557	0.7231894509117207	0.1380447100030926	0.07417327701658713	0.05975069537447295	0.0700525394045545	0.047388482538375076	0.09477696507675025	0.20191614298959798	0.7643968270320464	3.527351395899889	0.5356958895642393	0.05769032656845663	0.020603688060163085	0.006181106418048926	0.010301844030081542	0.006181106418048926	0.0020603688060163083	0.0020603688060163083	0.0	0.0	0.0	0.0020603688060163083	0.0	0.0	0.0	0.0	0.0	0.0	0.0	0.0	0.0	0.0	0.0	0.0	0.0	0.0	0.0	0.0
SRR6444381_1	0.0	0.0	0.0	0.0	0.0	0.0	0.0	0.0	0.0	0.0	0.0	0.0	0.0	0.0	0.0	0.0	0.0	0.0	0.0	0.0	0.0	0.0	0.0	0.0	0.0	0.0	0.0	0.0	0.0	0.0	0.0	0.0	0.0	0.0	0.0	0.0	0.0	0.0	0.0	0.003383064379715135	0.00676612875943027	0.13193951080889033	0.14208870394803577	0.023681450658005945	0.07104435197401782	0.8423830305490676	10.632971345445087	5.757975574275105	6.255286038093287	4.151019993910412	5.348624784329528	12.223011603910837	12.930072059271142	12.067390642443977	10.81227375756995	4.4318143374267525	5.250515917317777	5.223451402280054	0.6969112622213189	0.023681450658005945	0.02706451503772108	0.010149193139145406	0.01353225751886054	0.003383064379715135	0.010149193139145406	0.023681450658005945	0.020298386278290812	0.05751209445515729	0.3416895023512283	2.178693460536565	0.23343144220034417	0.02706451503772108	0.016915321898575676	0.00676612875943027	0.003383064379715135	0.0	0.0	0.0	0.0	0.0	0.0	0.0	0.0	0.0	0.0	0.0	0.0	0.0	0.0	0.0	0.0	0.0	0.0	0.0	0.0	0.0	0.0	0.0	0.0	0.0	0.0
SRR6444381_2	0.0	0.0	0.0	0.0	0.0	0.0	0.0	0.0	0.0	0.0	0.0	0.0	0.0	0.0	0.0	0.0	0.0	0.0	0.0	0.0	0.0	0.0	0.0	0.0	0.0	0.0	0.0	0.0	0.0	0.0	0.0	0.0	0.0	0.0	0.003383407768304198	0.003383407768304198	0.003383407768304198	0.006766815536608396	0.023683854378129386	0.023683854378129386	0.010150223304912595	0.027067262146433586	0.08120178643930073	0.2605223981594231	0.6699147381242327	1.2992285830288048	2.855596156448758	11.669373392881361	5.40330220598171	5.504804439030847	4.733387467857482	5.589389633238461	10.989308431452374	11.398700771417088	10.803221004195683	9.307754770605198	6.519826769522222	1.8405738259574917	1.4007308160779335	4.107457030721241	1.312762214102022	0.6631479225876244	0.135336310732168	0.05075111652456297	0.027067262146433586	0.020300446609825187	0.04060089321965038	0.06090133982947555	0.05751793206117136	0.09811882528082175	0.16240357287860163	0.5582622817701939	1.8135065638110577	0.392475301123287	0.037217485451346184	0.013533631073216793	0.006766815536608396	0.003383407768304198	0.0	0.0	0.0	0.0	0.0	0.0	0.0	0.0	0.0	0.0	0.0	0.006766815536608396	0.003383407768304198	0.0	0.0	0.0	0.0	0.0	0.0	0.0	0.0	0.0	0.0
SRR6444384_1	0.0	0.0	0.0	0.0	0.0	0.0	0.0	0.0	0.0	0.0	0.0	0.0	0.0	0.0	0.0	0.0	0.0	0.0	0.0	0.0	0.0	0.0	0.0	0.0	0.0	0.0	0.0	0.0	0.0	0.0	0.0	0.0	0.0	0.0	0.0	0.0	0.0	0.0	0.0	0.0	0.004675956233049647	0.004675956233049647	0.01636584681567376	0.021041803048723412	0.0701393434957447	1.3349855045356815	20.634994856449637	15.091648742166758	12.606378004300941	8.213317123351796	4.813896941924669	6.088095015430842	4.926119891517873	5.7771439259330055	9.873281586084042	7.317871504722992	1.4121387823810028	0.5377349668007093	0.5283830543346102	0.14027868699148938	0.018703824932198587	0.011689890582624117	0.011689890582624117	0.0023379781165248233	0.0023379781165248233	0.0	0.0023379781165248233	0.004675956233049647	0.06780136537921988	0.3974562798092209	0.06312540914617024	0.004675956233049647	0.0	0.0	0.0	0.0	0.0	0.0	0.0	0.0	0.0	0.0	0.0	0.0	0.0	0.0	0.0	0.0	0.0	0.0	0.0	0.0	0.0	0.0	0.0	0.0	0.0	0.0	0.0	0.0	0.0
SRR6444384_2	0.0	0.0	0.0	0.0	0.0	0.0	0.0	0.0	0.0	0.0	0.0	0.0	0.0	0.0	0.0	0.0	0.0	0.0	0.0	0.0	0.0	0.0	0.0	0.0	0.0	0.0	0.0	0.0	0.0	0.0	0.004746872997412755	0.007120309496119133	0.004746872997412755	0.0023734364987063774	0.007120309496119133	0.00949374599482551	0.00949374599482551	0.011867182493531886	0.026107801485770153	0.02848123798447653	0.01898749198965102	0.026107801485770153	0.04272185697671478	0.07594996795860408	0.13291244392755716	0.44145918875938733	3.6930671919870455	30.135523224079297	13.770678565493258	6.505589442954422	1.2626682173117976	5.238174352645072	8.983457147603584	4.367123157619733	7.44072342344479	6.9043267747371395	5.6843804144019225	2.8172691239644343	0.5316497757102288	0.0996843329456679	0.41297795077491056	0.4984216647283398	0.16851399140815268	0.030854674483182905	0.016614055490944638	0.007120309496119133	0.0	0.007120309496119133	0.011867182493531886	0.014240618992238262	0.014240618992238262	0.0735765314598977	0.3750029667956083	0.0735765314598977	0.00949374599482551	0.0	0.0	0.0	0.0	0.0	0.0	0.0	0.0	0.0	0.0	0.0	0.0	0.0	0.0	0.0	0.0	0.0	0.0	0.0	0.0023734364987063774	0.0	0.0	0.0	0.0	0.0	0.0
SRR6444390_1	0.0	0.0	0.0	0.0	0.0	0.0	0.0	0.0	0.0	0.0	0.0	0.0	0.0	0.0	0.0	0.0	0.0	0.0	0.0	0.0	0.0	0.0	0.0	0.002047124813199835	0.00409424962639967	0.002047124813199835	0.0	0.0	0.0	0.0	0.002047124813199835	0.0	0.0	0.002047124813199835	0.0	0.0	0.0	0.0	0.0	0.006141374439599506	0.03480112182439719	1.1648140187107126	1.1934737660955108	0.030706872197997524	0.042989621077196526	0.59776044545435	12.399434993550297	11.457757579478587	18.28696595631558	19.511146594609638	5.279534893242546	7.707424921697342	10.004298962107034	3.721672910397294	5.639828860365758	1.885401952957048	0.6489385657843452	0.3234457204855746	0.018424123318798516	0.0	0.00409424962639967	0.012282748879199008	0.010235624065999175	0.006141374439599506	0.0	0.0	0.0	0.0	0.0	0.0	0.0	0.0	0.0	0.0	0.0	0.0	0.0	0.0	0.0	0.0	0.0	0.0	0.0	0.0	0.0	0.0	0.0	0.0	0.0	0.0	0.0	0.0	0.0	0.0	0.0	0.0	0.0	0.0	0.0	0.0	0.0
SRR6444390_2	0.0	0.0	0.0	0.0	0.0	0.0	0.0	0.0	0.0	0.0	0.0	0.0	0.0	0.0	0.0	0.0	0.0	0.0	0.0	0.0	0.0	0.0	0.0	0.0	0.0	0.0	0.0	0.0021736295265833076	0.0021736295265833076	0.0	0.0021736295265833076	0.0	0.0	0.0021736295265833076	0.0021736295265833076	0.0021736295265833076	0.0021736295265833076	0.0021736295265833076	0.004347259053166615	0.021736295265833077	0.03260444289874961	0.039125331478499524	0.2173629526583305	1.3346085293221601	0.3977742033647463	0.3043081337216634	2.3801243316087004	26.205277572492985	23.579533104379156	6.249184888927264	1.3020040864234095	1.3954701560664944	5.364517671607757	9.346606964307917	7.5424944572441825	8.029387471198733	4.571142894404759	1.0368212841802387	0.4586358301090784	0.06738251532408254	0.01956266573924977	0.00869451810633323	0.015215406686083151	0.01738903621266646	0.01738903621266646	0.004347259053166615	0.0021736295265833076	0.0021736295265833076	0.0021736295265833076	0.0	0.0	0.0	0.0021736295265833076	0.0021736295265833076	0.0	0.0	0.0	0.0	0.0	0.0	0.0	0.0	0.0	0.0	0.0	0.0	0.0021736295265833076	0.0021736295265833076	0.0	0.0	0.0	0.0	0.0	0.0	0.0021736295265833076	0.0021736295265833076	0.0	0.0	0.0	0.0	0.0
SRR6444392_1	0.0	0.0	0.0	0.0	0.0	0.0	0.0	0.0	0.0	0.0	0.0	0.0	0.0	0.0	0.0	0.0	0.0	0.0	0.0	0.0	0.0	0.0	0.0	0.0	0.0	0.0	0.0	0.0	0.0	0.0	0.0	0.0	0.0	0.0	0.004336325397858039	0.004336325397858039	0.0	0.0	0.0	0.0065044880967870585	0.010840813494645099	0.37292398421579226	0.39026928580722453	0.03685876588179332	0.09539915875287693	1.0905858375612996	13.752655999305755	14.680629634447797	11.963921772689428	7.261176878713452	4.305971120073068	10.999089371666232	11.950912796495855	4.947747278956131	9.886821907115898	3.755257794545034	1.9014786869607558	1.1686396947227462	1.1252764407441649	0.1561077143228893	0.023849789688219217	0.0	0.0021681626989290196	0.0	0.0065044880967870585	0.010840813494645099	0.0021681626989290196	0.0	0.010840813494645099	0.07154936906465766	0.004336325397858039	0.0	0.0	0.0	0.0	0.0	0.0	0.0	0.0	0.0	0.0	0.0	0.0	0.0	0.0	0.0	0.0	0.0	0.0	0.0	0.0	0.0	0.0	0.0	0.0	0.0	0.0	0.0	0.0	0.0	0.0
SRR6444392_2	0.0	0.0	0.0	0.0	0.0	0.0	0.0	0.0	0.0	0.0	0.0	0.0	0.0	0.0	0.0	0.0	0.0	0.0	0.0	0.0	0.0	0.0	0.0	0.0	0.0	0.0	0.0	0.0	0.0	0.0	0.0	0.0	0.0	0.0021402277202294076	0.006420683160688222	0.0021402277202294076	0.010701138601147037	0.012841366321376444	0.010701138601147037	0.00856091088091763	0.01712182176183526	0.02568273264275289	0.11343206917215863	0.48797192021230495	0.48155123705161684	2.183032274633984	5.40193476585919	22.316154438835003	12.145792312300918	3.0648060953684495	1.4275318893930273	3.786062837085803	8.209913534799933	11.833319065147496	7.869617327283534	8.582313158119765	5.82569985446466	2.8122592243813935	1.1407413748822786	0.14125502953514082	0.393801900522212	1.074394315555165	0.3766800787603766	0.07704819792825869	0.023542504922523487	0.00856091088091763	0.00856091088091763	0.01498159404160585	0.0	0.0021402277202294076	0.004280455440458815	0.01712182176183526	0.0599263761664234	0.00856091088091763	0.0	0.0	0.0	0.0	0.0	0.0	0.0	0.0	0.004280455440458815	0.0021402277202294076	0.0	0.0	0.0	0.0021402277202294076	0.0	0.0	0.0	0.0	0.0021402277202294076	0.0	0.0	0.0	0.0	0.0	0.0	0.0	0.0
SRR6444395_1	0.0	0.0	0.0	0.0	0.0	0.0	0.0	0.0	0.0	0.0	0.0	0.0	0.0	0.0	0.0	0.0	0.0	0.0	0.0	0.0	0.0	0.0	0.001443939065771407	0.0	0.002887878131542814	0.007219695328857035	0.001443939065771407	0.0	0.001443939065771407	0.001443939065771407	0.0	0.0	0.0	0.0	0.0	0.0	0.0	0.0	0.001443939065771407	0.008663634394628443	0.017327268789256885	0.3913074868240505	0.42884990253410654	0.01877120785502829	0.038986354775827986	0.5299256371381036	7.062305970687556	5.781532019348609	18.25283373041912	21.251895170023605	9.117031261279969	5.888383510215669	8.582773806944502	4.339036892643269	4.996029167569143	4.227853584578858	1.2100209371164459	2.651072124756302	2.83300844704352	1.3443072702331793	0.1905999566818259	0.017327268789256885	0.002887878131542814	0.004331817197314221	0.007219695328857035	0.007219695328857035	0.004331817197314221	0.014439390657714074	0.08230452674897021	0.5963468341635891	0.07941664861742741	0.004331817197314221	0.0	0.0	0.0	0.0	0.0	0.0	0.0	0.0	0.0	0.0	0.0	0.0	0.0	0.0	0.0	0.0	0.0	0.0	0.0	0.0	0.0	0.0	0.0	0.0	0.0	0.0	0.0	0.0	0.0
SRR6444395_2	0.0	0.0	0.0	0.0	0.0	0.0	0.0	0.0	0.0	0.0	0.0	0.0	0.0	0.0	0.0	0.0	0.0	0.0	0.0	0.0	0.0	0.0	0.0	0.0	0.0	0.0	0.0016140226285972386	0.0016140226285972386	0.0	0.0	0.0	0.0	0.0032280452571944772	0.004842067885791716	0.0064560905143889544	0.0032280452571944772	0.0032280452571944772	0.004842067885791716	0.008070113142986193	0.02259631680036134	0.025824362057555814	0.02259631680036134	0.09522733508723707	0.5310134448084892	0.3534709556627955	1.4671465693948913	3.3603951127394946	22.90459512242423	13.861226334393978	5.946059363752227	2.4565424407249425	4.068951046693763	7.861904223896715	10.123149926561073	4.719402166018524	5.5925884080895125	5.532869570831429	1.857740045515401	0.7585906354407026	0.5342414900656837	1.5333214971673743	3.0166082928482436	1.7931791403715152	0.45354035863582287	0.054876769372306136	0.024210339428958578	0.014526203657375149	0.029052407314750287	0.01775424891456963	0.019368271543166865	0.029052407314750287	0.15656019497393192	0.6036444630953639	0.10491147085882047	0.0064560905143889544	0.0032280452571944772	0.0	0.0	0.0016140226285972386	0.0016140226285972386	0.0	0.0	0.0	0.0	0.0	0.0	0.0	0.0	0.0	0.0016140226285972386	0.0016140226285972386	0.0	0.0	0.0	0.0	0.0	0.0	0.0	0.0	0.0	0.0
SRR6444396_1	0.0	0.0	0.0	0.0	0.0	0.0	0.0	0.0	0.0	0.0	0.0	0.0	0.0	0.0	0.0	0.0	0.0	0.0	0.0	0.0	0.0	0.0	0.0	0.0	0.0	0.0	0.0030067953575079734	0.0	0.0	0.0	0.0	0.0	0.0	0.0	0.0030067953575079734	0.0030067953575079734	0.0030067953575079734	0.015033976787539868	0.00902038607252392	0.00902038607252392	0.012027181430031893	0.6554813879367387	0.7005833182993576	0.01804077214504784	0.06614949786517539	0.7005833182993576	8.42203379638016	7.961994106681389	10.956762282759081	6.635997354020221	5.812135426062943	13.019423898009084	11.41379517710019	10.144927536232114	13.918455709903762	5.060436586685864	2.125804317758158	1.1485958265680392	0.68254254615431	0.10824463287028709	0.07516988393769931	0.05412231643514351	0.01804077214504784	0.012027181430031893	0.01804077214504784	0.04510193036261959	0.00902038607252392	0.006013590715015947	0.0030067953575079734	0.13831258644536687	0.012027181430031893	0.0	0.0	0.0	0.0	0.0	0.0	0.0	0.0	0.0	0.0	0.0	0.0	0.0	0.0	0.0	0.0	0.0	0.0	0.0	0.0	0.0	0.0	0.0	0.0	0.0	0.0	0.0	0.0	0.0	0.0
SRR6444396_2	0.0	0.0	0.0	0.0	0.0	0.0	0.0	0.0	0.0	0.0	0.0	0.0	0.0	0.0	0.0	0.0	0.0	0.0	0.0	0.0	0.0	0.0	0.0	0.0	0.0	0.0	0.0	0.0	0.0	0.0	0.0	0.0	0.0031500031500031364	0.0031500031500031364	0.0	0.0031500031500031364	0.0031500031500031364	0.009450009450009409	0.012600012600012546	0.022050022050021954	0.02520002520002509	0.037800037800037635	0.11340011340011295	0.7623007623007584	0.25200025200025067	0.3874503874503859	4.762804762804636	14.030114030113419	9.31140931140967	3.6666036666036073	2.378252378252394	6.832356832356918	11.721161721161643	11.425061425061417	8.234108234108474	8.136458136458366	11.179361179361228	4.1674541674540775	0.6835506835506812	0.18900018900018814	0.35280035280035116	0.6646506646506626	0.2583002583002569	0.05355005355005331	0.02520002520002509	0.006300006300006273	0.022050022050021954	0.040950040950040775	0.0346500346500345	0.006300006300006273	0.006300006300006273	0.02520002520002509	0.12915012915012866	0.012600012600012546	0.0	0.0	0.0	0.0	0.0031500031500031364	0.0031500031500031364	0.0	0.0	0.0	0.0	0.0	0.0	0.0	0.0	0.0	0.0	0.0	0.0	0.0	0.0	0.0	0.0	0.0	0.0	0.0031500031500031364	0.0	0.0
SRR6444414_1	0.0	0.0	0.0	0.0	0.0	0.0	0.0	0.0	0.0	0.0	0.0	0.0	0.0	0.0	0.0	0.0	0.0	0.0	0.0	0.0	0.0	0.0	0.0	0.0	0.0	0.0	0.0	0.0	0.0	0.0	0.0	0.0	0.0	0.0	0.0058744052164717555	0.0058744052164717555	0.0	0.0	0.0	0.0058744052164717555	0.0	0.0058744052164717555	0.0058744052164717555	0.0058744052164717555	0.052869646948245794	1.433354872819107	14.374669564706789	12.05427950420018	16.554073900018057	2.3732597074545794	2.5259942430828497	9.070081654232188	15.056100569817588	6.884802913704813	7.812958937907298	3.3601597838218624	0.49345003818362687	3.84186101157256	3.84186101157256	0.029372026082358775	0.029372026082358775	0.0	0.017623215649415266	0.052869646948245794	0.0058744052164717555	0.011748810432943511	0.0058744052164717555	0.0058744052164717555	0.017623215649415266	0.023497620865887022	0.023497620865887022	0.011748810432943511	0.0	0.0	0.0	0.0	0.0	0.0	0.0	0.0	0.0	0.0	0.0	0.0	0.0	0.0	0.0	0.0	0.0	0.0	0.0	0.0	0.0	0.0	0.0	0.0	0.0	0.0	0.0	0.0	0.0
SRR6444414_2	0.0	0.0	0.0	0.0	0.0	0.0	0.0	0.0	0.0	0.0	0.0	0.0	0.0	0.0	0.0	0.0	0.0	0.0	0.0	0.0	0.0	0.0	0.0	0.0	0.0	0.0	0.0	0.0	0.0	0.0	0.0	0.0	0.0	0.0	0.0	0.0	0.0	0.0119631534872591	0.0119631534872591	0.0	0.0119631534872591	0.0239263069745182	0.041871037205406844	0.0478526139490364	0.1136499581289614	0.3888024883359206	2.829285799736779	19.721258523747153	18.782150974997528	2.9548989113530033	1.1185548510587289	3.4453882043306407	7.865773417872725	13.147505682497993	8.523746859671938	7.764086613231028	4.952745543725299	0.6041392511065838	0.1615025720779978	0.19141045579614563	3.0147146787893004	3.612872353152272	0.370857758105032	0.06579734417992505	0.0598157674362955	0.0478526139490364	0.0239263069745182	0.0119631534872591	0.0	0.0	0.00598157674362955	0.02990788371814775	0.035889460461777295	0.00598157674362955	0.0	0.0	0.0	0.0	0.0	0.0	0.0	0.0	0.0	0.0	0.0	0.0	0.0	0.0	0.0	0.0	0.0	0.0	0.0	0.0	0.0	0.0	0.0	0.0	0.0	0.0	0.0
SRR6444421_1	0.0	0.0	0.0	0.0	0.0	0.0	0.0	0.0	0.0	0.0	0.0	0.0	0.0	0.0	0.0	0.0	0.0	0.0	0.0	0.0	0.0	0.0	0.0016879061524179698	0.006751624609671879	0.008439530762089848	0.0016879061524179698	0.0	0.0016879061524179698	0.005063718457253909	0.0016879061524179698	0.0016879061524179698	0.0	0.0	0.0	0.005063718457253909	0.0016879061524179698	0.0	0.0	0.0033758123048359396	0.0033758123048359396	0.005063718457253909	0.0033758123048359396	0.006751624609671879	0.010127436914507817	0.013503249219343759	0.028694404591105484	0.2666891720820397	16.141446535574726	29.10456578613922	14.813064393621179	2.0187357582918652	9.48434467043583	8.125580217739673	7.867330576419783	5.811460882775163	2.9099502067685568	2.715840999240468	0.4540467550004329	0.13840830449827338	0.015191155371761729	0.008439530762089848	0.0033758123048359396	0.0033758123048359396	0.0	0.0016879061524179698	0.0	0.0	0.0	0.0	0.006751624609671879	0.0	0.0	0.0	0.0	0.0	0.0	0.0	0.0	0.0	0.0	0.0	0.0	0.0	0.0	0.0	0.0	0.0	0.0	0.0	0.0	0.0	0.0	0.0	0.0	0.0	0.0	0.0	0.0	0.0	0.0	0.0
SRR6444421_2	0.0	0.0	0.0	0.0	0.0	0.0	0.0	0.0	0.0	0.0	0.0	0.0	0.0	0.0	0.0	0.0	0.0	0.0	0.0	0.0	0.0	0.0	0.0	0.0	0.0	0.0	0.0	0.0	0.0	0.0	0.0018569240053851268	0.0037138480107702537	0.009284620026925636	0.007427696021540507	0.0018569240053851268	0.0037138480107702537	0.0018569240053851268	0.007427696021540507	0.014855392043081015	0.022283088064621526	0.03342463209693228	0.03156770809154715	0.029710784086162026	0.0668492641938646	0.17269393250081658	0.4196648252170388	1.6080961886635259	16.463488231745796	30.6206768487978	5.368367299568623	1.6359500487443013	2.8893737523791967	9.150921498537382	10.27064667378436	6.105566129706466	6.3024000742772435	3.6024325704471662	1.8197855252774182	1.455828420221954	1.3574114479365422	0.23025857666775584	0.16526623647927613	0.05013694814539842	0.012998468037695889	0.012998468037695889	0.011141544032310761	0.0037138480107702537	0.0	0.0	0.0	0.0018569240053851268	0.0	0.005570772016155382	0.0	0.0	0.007427696021540507	0.005570772016155382	0.0	0.0	0.0	0.0	0.0	0.0	0.0	0.0018569240053851268	0.0018569240053851268	0.0018569240053851268	0.0037138480107702537	0.0018569240053851268	0.0	0.0	0.0	0.0	0.0	0.0	0.0	0.0	0.0	0.0	0.0	0.002785386008077691
SRR6444428_1	0.0	0.0	0.0	0.0	0.0	0.0	0.0	0.0	0.0	0.0	0.0	0.0	0.0	0.0	0.0	0.0	0.0	0.0	0.0	0.0	0.0	0.001641685682859153	0.001641685682859153	0.0	0.0	0.0	0.0	0.0	0.0	0.001641685682859153	0.0	0.0	0.0	0.0	0.0	0.0	0.0	0.0	0.004925057048577459	0.008208428414295765	0.02955034229146475	0.8930770114753831	0.9521776960583144	0.03283371365718305	0.04432551343719713	0.6402574163150664	9.31656625022495	13.571815540197285	15.46303744685189	10.603647825586588	2.9517508577807483	7.763531594240545	12.875740810664688	8.382447096678305	5.279661156075211	3.915420353619181	1.252606176021548	2.1259829593025685	2.1883670152512127	0.4334050202748156	0.06566742731436616	0.02134191387716899	0.009850114097154916	0.003283371365718306	0.003283371365718306	0.006566742731436612	0.009850114097154916	0.018058542511450688	0.10506788370298575	0.8865102687439462	0.11984305484871809	0.009850114097154916	0.003283371365718306	0.001641685682859153	0.001641685682859153	0.0	0.0	0.0	0.0	0.0	0.0	0.0	0.0	0.0	0.0	0.0	0.0	0.0	0.0	0.0	0.0	0.0	0.0	0.0	0.0	0.0	0.0	0.0	0.0	0.0	0.0
SRR6444428_2	0.0	0.0	0.0	0.0	0.0	0.0	0.0	0.0	0.0	0.0	0.0	0.0	0.0	0.0	0.0	0.0	0.0	0.0	0.0	0.0	0.0	0.0	0.0	0.0	0.0	0.0	0.0	0.0	0.0	0.0	0.0	0.0016915035775299627	0.0033830071550599253	0.010149021465179774	0.0033830071550599253	0.010149021465179774	0.005074510732589888	0.005074510732589888	0.008457517887649812	0.01691503577529963	0.015223532197769665	0.03044706439553932	0.14039479693498674	1.0233596644056342	0.3264601904632836	0.2977046296452741	2.222635700874333	21.057528036674036	20.024019350803133	6.030210253894362	1.4411610480555348	4.225375936669972	9.902061942859566	11.56142695241688	5.845836363943638	4.697305434800885	3.824489588795325	1.7507062027435003	0.28417260102503433	0.09641570391920787	0.664760905969272	2.1431350327304295	0.832219760144743	0.1792993792181759	0.047362100170838944	0.020298042930359552	0.01691503577529963	0.020298042930359552	0.027064057240479396	0.025372553662949437	0.047362100170838944	0.1573098327102863	0.8457517887649831	0.09810720749673782	0.008457517887649812	0.0	0.0	0.0033830071550599253	0.0016915035775299627	0.0	0.0	0.0	0.0	0.0	0.0	0.0	0.0	0.0	0.0	0.0	0.0	0.0	0.0	0.0	0.0	0.0	0.0	0.0	0.0	0.0	0.0
SRR6444431_1	0.0	0.0	0.0	0.0	0.0	0.0	0.0	0.0	0.0	0.0	0.0	0.0	0.0	0.0	0.0	0.0	0.0	0.0	0.0	0.0	0.0	0.0	0.0	0.0	0.0	0.0	0.0	0.003427474636687744	0.003427474636687744	0.0	0.003427474636687744	0.003427474636687744	0.0	0.0	0.0	0.0	0.003427474636687744	0.003427474636687744	0.003427474636687744	0.0	0.0	0.003427474636687744	0.010282423910063232	0.02056484782012646	0.11310666301069558	1.9365231697285854	22.95037016726008	16.62325198793465	15.588154647655186	2.1387441732931682	2.556896078969085	8.781190019194279	10.460652591171465	5.202906498491879	9.192486975596855	2.6871401151632184	0.26391554702495607	0.6032355360570444	0.5826706882369178	0.023992322456814208	0.006854949273375488	0.08911434055388132	0.10625171373732008	0.006854949273375488	0.003427474636687744	0.006854949273375488	0.0	0.003427474636687744	0.006854949273375488	0.006854949273375488	0.0	0.0	0.0	0.0	0.0	0.0	0.0	0.0	0.0	0.0	0.0	0.0	0.0	0.0	0.0	0.0	0.0	0.0	0.0	0.0	0.0	0.0	0.0	0.0	0.0	0.0	0.0	0.0	0.0	0.0	0.0
SRR6444431_2	0.0	0.0	0.0	0.0	0.0	0.0	0.0	0.0	0.0	0.0	0.0	0.0	0.0	0.0	0.0	0.0	0.0	0.0	0.0	0.0	0.0	0.0	0.0	0.0	0.0	0.0	0.0	0.0	0.0	0.0	0.0	0.0	0.0	0.0	0.0	0.003386616093199625	0.00677323218639925	0.010159848279598874	0.020319696559197745	0.020319696559197745	0.023706312652397372	0.030479544838796627	0.0711189379571921	0.08805201842319023	0.17949065293958016	0.6976429151991238	4.764968843131779	30.086697371987793	18.514630181520978	3.0073150907612733	1.3648062855594434	2.9836087781088776	7.751964237334112	8.270116499593714	4.9512327282577475	9.519777837984519	5.645489027363706	0.48428610132754696	0.10837171498238801	0.07450555405039172	0.46396640476834905	0.5554050392847396	0.15239772419398323	0.05079924139799436	0.027092928745597	0.010159848279598874	0.00677323218639925	0.01693308046599812	0.010159848279598874	0.0	0.003386616093199625	0.010159848279598874	0.003386616093199625	0.003386616093199625	0.003386616093199625	0.003386616093199625	0.0	0.0	0.0	0.0	0.0	0.0	0.0	0.0	0.0	0.0	0.0	0.0	0.0	0.0	0.0	0.0	0.0	0.0	0.0	0.0	0.0	0.0	0.0	0.0	0.0
SRR6444433_1	0.0	0.0	0.0	0.0	0.0	0.0	0.0	0.0	0.0	0.0	0.0	0.0	0.0	0.0	0.0	0.0	0.0	0.0	0.0	0.0	0.0	0.0	0.0068365161113895226	0.0022788387037965077	0.0	0.0	0.0	0.0	0.0022788387037965077	0.0	0.0	0.0	0.0022788387037965077	0.0022788387037965077	0.0	0.0	0.0	0.004557677407593015	0.0068365161113895226	0.0022788387037965077	0.004557677407593015	0.04329793537213363	0.052413290187319654	0.02050954833416857	0.09571122555945336	1.5268219315436735	22.856752199081722	8.274463333485146	7.58397520623496	6.025249532838172	5.494280114853526	14.22223235039283	12.435622806616623	6.48557495100512	7.5566291417894105	3.2473451529099577	0.8226607720705348	1.3103322546829992	1.3764185770930997	0.20737432204548192	0.029624903149354596	0.0	0.0022788387037965077	0.0022788387037965077	0.0068365161113895226	0.00911535481518603	0.0022788387037965077	0.0022788387037965077	0.02050954833416857	0.21193199945307492	0.0341825805569476	0.0068365161113895226	0.0	0.0	0.0	0.0	0.0	0.0	0.0	0.0	0.0	0.0	0.0	0.0	0.0	0.0	0.0	0.0	0.0	0.0	0.0	0.0	0.0	0.0	0.0	0.0	0.0	0.0	0.0	0.0	0.0
SRR6444433_2	0.0	0.0	0.0	0.0	0.0	0.0	0.0	0.0	0.0	0.0	0.0	0.0	0.0	0.0	0.0	0.0	0.0	0.0	0.0	0.0	0.0	0.0	0.0	0.0	0.0	0.0	0.0	0.0	0.0	0.0	0.004543699025376428	0.004543699025376428	0.011359247563441071	0.009087398050752857	0.018174796101505714	0.015902946588817496	0.011359247563441071	0.006815548538064643	0.020446645614193928	0.02726219415225857	0.022718495126882145	0.04089329122838785	0.06361178635526998	0.13631097076129284	0.46800099961377284	3.02383170138796	4.311970375082245	25.51741372651801	9.768952904559004	2.1991503282821854	4.684553695163154	5.709157825385655	8.82386350728092	13.749233250787851	5.986323465933649	5.600109048776609	4.177931253833625	2.4263352795509943	0.38848626666968555	0.07269918440602287	0.5475157325578592	1.260876479541965	0.4339232569234502	0.09314583002021684	0.029534043664946785	0.011359247563441071	0.004543699025376428	0.009087398050752857	0.004543699025376428	0.009087398050752857	0.006815548538064643	0.03634959220301142	0.20901015516731541	0.03407774269032321	0.0	0.0	0.0	0.0	0.0	0.0	0.0	0.0	0.0	0.0	0.0	0.002271849512688214	0.002271849512688214	0.0	0.0	0.0	0.0	0.0	0.0	0.0	0.0	0.0	0.0	0.0	0.002271849512688214	0.002271849512688214	0.0
SRR6444443_1	0.0	0.0	0.0	0.0	0.0	0.0	0.0	0.0	0.0	0.0	0.0	0.0	0.0	0.0	0.0	0.0	0.0	0.0	0.0	0.0	0.0	0.0	0.002904950034859468	0.002904950034859468	0.0	0.0	0.0	0.0	0.0	0.0	0.0	0.0	0.0	0.0	0.0	0.0	0.0	0.0	0.0	0.0	0.005809900069718936	0.15396235184755186	0.16848710202184916	0.026144550313735217	0.0813386009760651	1.339181966070215	16.87485475249725	15.259702533115751	10.417150825006118	3.230304438763697	5.066232860794879	9.252265861027736	10.126655821520238	9.351034162212937	13.293051359516337	3.7531954450383718	0.38635835463630963	0.043574250522892016	0.023239600278875745	0.014524750174297342	0.017429700209156806	0.011619800139437872	0.002904950034859468	0.0	0.0	0.002904950034859468	0.008714850104578405	0.008714850104578405	0.11329305135951931	0.8279107599349461	0.11910295142923824	0.011619800139437872	0.002904950034859468	0.0	0.0	0.0	0.0	0.0	0.0	0.0	0.0	0.0	0.0	0.0	0.0	0.0	0.0	0.0	0.0	0.0	0.0	0.0	0.0	0.0	0.0	0.0	0.0	0.0	0.0	0.0	0.0
SRR6444443_2	0.0	0.0	0.0	0.0	0.0	0.0	0.0	0.0	0.0	0.0	0.0	0.0	0.0	0.0	0.0	0.0	0.0	0.0	0.0	0.0	0.0	0.0	0.0	0.0	0.0	0.0	0.0	0.0	0.0	0.0	0.0	0.0	0.0	0.0	0.0028556742246844385	0.0028556742246844385	0.005711348449368877	0.005711348449368877	0.005711348449368877	0.0028556742246844385	0.017134045348106627	0.037123764920897695	0.06568050716774206	0.19989719572791054	0.15706208235764413	0.4626192243988799	3.204066480095907	23.724941458679528	13.141812781997189	3.512479296361809	1.607744588497347	3.9551088011878717	9.846364726712096	13.818607573247247	5.571420412359373	6.910731623736527	9.50368381975004	2.6586327031812105	0.22845393797475486	0.06282483294305763	0.025701068022159945	0.02855674224684438	0.03141241647152882	0.011422696898737754	0.019989719572791068	0.005711348449368877	0.0028556742246844385	0.01427837112342219	0.019989719572791068	0.017134045348106627	0.051402136044319875	0.19989719572791054	0.6939288365983178	0.12850534011079978	0.025701068022159945	0.005711348449368877	0.0	0.0	0.0	0.0	0.0	0.0	0.0	0.0	0.0	0.0	0.0	0.0	0.0	0.0028556742246844385	0.0028556742246844385	0.0	0.0	0.0	0.0	0.0	0.0	0.0	0.0	0.0	0.0
SRR6444447_1	0.0	0.0	0.0	0.0	0.0	0.0	0.0	0.0	0.0	0.0	0.0	0.0	0.0	0.0	0.0	0.0	0.0	0.0	0.0	0.0	0.0	0.0	0.0	0.0	0.0	0.0	0.0	0.0	0.0	0.0	0.0	0.0	0.0	0.0	0.0	0.002509536237703219	0.0	0.0	0.0	0.002509536237703219	0.005019072475406438	0.10540052198353524	0.09285284079501911	0.0075286087131096555	0.047681188516361134	0.5144549287291607	10.590242923107276	9.127183296526633	18.962055812085726	23.36629190925688	7.10198755270039	9.526199558321354	9.443384862477167	3.942481429431678	4.000200762898859	2.564746034932675	0.4592451314996902	0.11543866693434814	0.012547681188516093	0.002509536237703219	0.0	0.002509536237703219	0.005019072475406438	0.0	0.0	0.0	0.0	0.0	0.0	0.0	0.0	0.0	0.0	0.0	0.0	0.0	0.0	0.0	0.0	0.0	0.0	0.0	0.0	0.0	0.0	0.0	0.0	0.0	0.0	0.0	0.0	0.0	0.0	0.0	0.0	0.0	0.0	0.0	0.0	0.0	0.0
SRR6444447_2	0.0	0.0	0.0	0.0	0.0	0.0	0.0	0.0	0.0	0.0	0.0	0.0	0.0	0.0	0.0	0.0	0.0	0.0	0.0	0.0	0.0	0.0	0.0	0.0	0.0	0.0	0.0	0.0	0.0	0.0	0.0	0.0	0.0	0.0	0.0026335194353733085	0.0	0.0026335194353733085	0.007900558306119925	0.007900558306119925	0.013167597176866542	0.018434636047613157	0.03950279153059962	0.06583798588433269	0.17117876329926499	0.18171284104075816	0.41082903191823683	1.9646054987885093	23.2803118087018	23.738544190456967	7.244811966712243	1.6248814916253427	2.209522806278218	8.145475613609996	10.146950384493255	8.853892341725256	7.205309175181639	3.315600969134945	0.9138312440745335	0.2580849046665839	0.05267038870746615	0.03423575265985301	0.026335194353733084	0.013167597176866542	0.0026335194353733085	0.010534077741493234	0.018434636047613157	0.005267038870746617	0.0	0.0	0.0026335194353733085	0.0026335194353733085	0.0	0.0	0.0	0.0	0.005267038870746617	0.0026335194353733085	0.0	0.0	0.0	0.0	0.0	0.0	0.0	0.0	0.0	0.0	0.0	0.0	0.0	0.0	0.0	0.0	0.0	0.0	0.0	0.0	0.0	0.0	0.0	0.0
SRR6444449_1	0.0	0.0	0.0	0.0	0.0	0.0	0.0	0.0	0.0	0.0	0.0	0.0	0.0	0.0	0.0	0.0	0.0	0.0	0.0	0.0	0.0	0.0	0.0	0.0	0.0	0.0	0.0	0.0027774691700921702	0.0027774691700921702	0.0	0.0	0.0	0.0	0.0	0.0	0.0	0.0	0.0	0.00833240751027651	0.01388734585046085	0.011109876680368681	0.5582713031885272	0.6332629707810148	0.04443950672147471	0.04166203755138255	0.4221753138540106	4.821686479279973	4.227308076880188	19.922786357070883	23.330741028775527	8.201866459282527	4.8744583935117305	8.729585601600034	4.149538940117612	6.824241750916656	3.8523497389177668	1.088767914676125	3.2968559048993638	3.535718253527277	0.7110321075435944	0.0722141984223964	0.01388734585046085	0.0055549383401843405	0.0027774691700921702	0.0	0.0	0.0027774691700921702	0.022219753360737362	0.08610154427285728	0.4249527830241027	0.04999444506165905	0.0055549383401843405	0.0055549383401843405	0.0027774691700921702	0.0	0.0	0.0	0.0	0.0	0.0	0.0	0.0	0.0	0.0	0.0	0.0	0.0	0.0	0.0	0.0	0.0	0.0	0.0	0.0	0.0	0.0	0.0	0.0	0.0	0.0	0.0
SRR6444449_2	0.0	0.0	0.0	0.0	0.0	0.0	0.0	0.0	0.0	0.0	0.0	0.0	0.0	0.0	0.0	0.0	0.0	0.0	0.0	0.0	0.0	0.0	0.0	0.0	0.0	0.0	0.0	0.0	0.0	0.0030992375875534537	0.0	0.0	0.0	0.0	0.0	0.0	0.0	0.0061984751751069074	0.0061984751751069074	0.012396950350213815	0.021694663112874175	0.05888551416351561	0.17665654249054688	0.725221595487508	0.5485650529969627	1.4938325172007665	3.5982148391495175	22.491167172875247	13.053988718774775	5.72429182421123	2.0485960453728502	3.2449017541684437	7.924750511374433	9.731606024918229	4.134382941796234	7.14994111448598	6.905101345069229	1.6673898221037649	0.740717783425275	0.5485650529969627	1.7665654249054783	3.582718651211751	1.4318477654496957	0.34401537221843326	0.06818322692617595	0.02479390070042763	0.0061984751751069074	0.009297712762660362	0.015496187937767268	0.0061984751751069074	0.030992375875534536	0.14256492902745896	0.44009173743259095	0.07438170210128285	0.015496187937767268	0.0061984751751069074	0.0030992375875534537	0.0030992375875534537	0.0030992375875534537	0.0	0.0	0.0	0.0	0.0	0.0030992375875534537	0.0	0.0030992375875534537	0.0	0.0030992375875534537	0.0	0.0	0.0	0.0	0.0	0.0	0.0	0.0	0.0	0.0	0.0	0.0
SRR6444460_1	0.0	0.0	0.0	0.0	0.0	0.0	0.0	0.0	0.0	0.0	0.0	0.0	0.0	0.0	0.0	0.0	0.0	0.0	0.0	0.0	0.0	0.0	0.0	0.0	0.0	0.0	0.0	0.0	0.0	0.0	0.0	0.0	0.0	0.0	0.0	0.0	0.0	0.003980733251064669	0.007961466502129338	0.0	0.0	0.01194219975319401	0.007961466502129338	0.003980733251064669	0.01194219975319401	0.019903666255323346	0.3940925918554018	0.668763186178866	0.6568209864256719	1.6798694319492862	7.61116197603568	13.538473786871199	1.5445245014130835	0.6010907209107661	1.6639464989450272	0.7364356514469659	1.0827594442895878	33.852155567055995	33.959635364834796	0.6767246526809955	0.09553759802555203	0.10747979777874607	0.10747979777874607	0.027865132757452685	0.007961466502129338	0.015922933004258677	0.015922933004258677	0.003980733251064669	0.05174953226384071	0.7205127184427071	0.10349906452768139	0.007961466502129338	0.0	0.0	0.0	0.0	0.0	0.0	0.0	0.0	0.0	0.0	0.0	0.0	0.0	0.0	0.0	0.0	0.0	0.0	0.0	0.0	0.0	0.0	0.0	0.0	0.0	0.0	0.0	0.0	0.0
SRR6444460_2	0.0	0.0	0.0	0.0	0.0	0.0	0.0	0.0	0.0	0.0	0.0	0.0	0.0	0.0	0.0	0.0	0.0	0.0	0.0	0.0	0.0	0.0	0.0	0.0	0.0	0.0	0.0	0.0	0.0	0.0	0.0	0.0	0.0	0.0	0.0	0.0	0.0	0.0	0.0047341760166642165	0.0047341760166642165	0.0047341760166642165	0.009468352033328433	0.0047341760166642165	0.009468352033328433	0.014202528049992651	0.03787340813331373	0.0946835203332843	0.5633669459830418	0.7811390427495973	3.820480045448053	6.9592387444962505	6.8361501680629875	9.828149410595037	2.8026322018652334	0.7716706907162688	0.5586327699663776	1.6001514936324976	0.6343795862330056	0.48288595369974957	1.1788098281493884	9.572503905695141	38.209534630498396	11.328883207877764	1.9883539269989652	0.46394924963309253	0.13255692846659806	0.07101264024996323	0.04734176016664217	0.03787340813331373	0.033139232116649514	0.056810112199970605	0.16569616058324763	0.757468162666276	0.11835440041660537	0.014202528049992651	0.0	0.0	0.0	0.0	0.0	0.0	0.0	0.0	0.0	0.0	0.0	0.0	0.0	0.0	0.0	0.0	0.0	0.0	0.0	0.0	0.0	0.0	0.0	0.0	0.0	0.0
SRR6444461_1	0.0	0.0	0.0	0.0	0.0	0.0	0.0	0.0	0.0	0.0	0.0	0.0	0.0	0.0	0.0	0.0	0.0	0.0	0.0	0.0	0.0	0.0	0.0	0.0	0.003284180104436917	0.003284180104436917	0.0	0.0	0.0	0.0	0.006568360208873834	0.006568360208873834	0.0	0.0	0.0	0.0	0.0	0.003284180104436917	0.0	0.003284180104436917	0.0	0.003284180104436917	0.006568360208873834	0.013136720417747667	0.04926270156655375	0.33827055075700213	17.90863410949319	28.779270255182777	3.5469145127918407	0.8111924857959175	3.5173568918519105	14.131826989391591	11.8263325560774	5.03464810010168	7.376268514565465	3.9738579263686153	0.5451738973365293	0.7060987224539378	0.6699727413051322	0.0197050806266215	0.0	0.013136720417747667	0.00985254031331075	0.003284180104436917	0.013136720417747667	0.00985254031331075	0.006568360208873834	0.00985254031331075	0.04926270156655375	0.5418897172320923	0.052546881670990656	0.006568360208873834	0.0	0.0	0.0	0.0	0.0	0.0	0.0	0.0	0.0	0.0	0.0	0.0	0.0	0.0	0.0	0.0	0.0	0.0	0.0	0.0	0.0	0.0	0.0	0.0	0.0	0.0	0.0	0.0	0.0
SRR6444461_2	0.0	0.0	0.0	0.0	0.0	0.0	0.0	0.0	0.0	0.0	0.0	0.0	0.0	0.0	0.0	0.0	0.0	0.0	0.0	0.0	0.0	0.0	0.0	0.0	0.0	0.0	0.0	0.0	0.0	0.0	0.0	0.0	0.003278796026099253	0.003278796026099253	0.0	0.0	0.009836388078297759	0.006557592052198506	0.006557592052198506	0.0	0.026230368208794024	0.029509164234893276	0.016393980130496266	0.06885471654808428	0.22623692580084834	0.5016557919931866	3.1673169612118706	24.08931440375117	19.203908324861704	1.8164529984589945	1.3902095150660798	2.5935276566445333	11.564313584052183	11.147906488737673	6.882192858782426	7.937965179186507	5.078855044427632	1.7443194858848092	0.4098495032624068	0.1147578609134739	0.4918194039148887	0.6000196727761649	0.08852749270467981	0.029509164234893276	0.016393980130496266	0.009836388078297759	0.019672776156595517	0.003278796026099253	0.0	0.013115184104397012	0.049181940391488786	0.10492147283517612	0.46886783173219376	0.05573953244368729	0.003278796026099253	0.0	0.0	0.003278796026099253	0.003278796026099253	0.0	0.0	0.0	0.0	0.0	0.0	0.0	0.0	0.0	0.0	0.0	0.0	0.0	0.0	0.0	0.0	0.0	0.0	0.0	0.0	0.0	0.0
SRR6444464_1	0.0	0.0	0.0	0.0	0.0	0.0	0.0	0.0	0.0	0.0	0.0	0.0	0.0	0.0	0.0	0.0	0.0	0.0	0.0	0.0	0.0	0.0	0.0023875465571579152	0.0	0.0	0.007162639671473746	0.0047750931143158305	0.0047750931143158305	0.0047750931143158305	0.0	0.0023875465571579152	0.0	0.0	0.0	0.0	0.0	0.0023875465571579152	0.0047750931143158305	0.0023875465571579152	0.0	0.0023875465571579152	0.0023875465571579152	0.011937732785789575	0.02626301212873707	0.0644637570432637	1.0147072867921114	13.353547894183182	7.420494699647113	13.410849011554959	12.653996752936072	5.976029032566441	6.725718651514111	3.999140483239462	9.010600706713923	6.7113933721711625	9.655238277146413	5.032948142488956	2.1034285168561286	2.007926654569818	0.28411804030179194	0.04297583802884246	0.009550186228631661	0.0	0.0023875465571579152	0.0023875465571579152	0.0023875465571579152	0.0023875465571579152	0.0047750931143158305	0.03342565180021081	0.3008308662018975	0.06923885015757954	0.016712825900105404	0.0023875465571579152	0.0023875465571579152	0.0023875465571579152	0.0023875465571579152	0.0	0.0	0.0	0.0	0.0	0.0	0.0	0.0	0.0	0.0	0.0	0.0	0.0	0.0	0.0	0.0	0.0	0.0	0.0	0.0	0.0	0.0	0.0	0.0	0.0
SRR6444464_2	0.0	0.0	0.0	0.0	0.0	0.0	0.0	0.0	0.0	0.0	0.0	0.0	0.0	0.0	0.0	0.0	0.0	0.0	0.0	0.0	0.0	0.0	0.0	0.0	0.0	0.0	0.0	0.002436409706656239	0.0	0.0	0.009745638826624955	0.002436409706656239	0.004872819413312478	0.002436409706656239	0.009745638826624955	0.012182048533281193	0.002436409706656239	0.002436409706656239	0.01461845823993743	0.01949127765324991	0.02436409706656239	0.01949127765324991	0.03654614559984358	0.07552870090634341	0.13887535327940562	0.2704414774388424	2.455900984309477	22.899814832864234	13.034791930609954	6.015495565734427	1.1670402494883396	6.507650326479044	11.304941038884419	8.74671084689595	4.268589806061705	3.856836565636754	8.693109833349524	5.396647500243672	0.4020076015982803	0.13156612415943691	1.5325017054867858	1.8833447032452932	0.4020076015982803	0.10963843679953082	0.02436409706656239	0.009745638826624955	0.012182048533281193	0.009745638826624955	0.007309229119968716	0.012182048533281193	0.01949127765324991	0.06091024266640595	0.30455121333203	0.04872819413312476	0.021927687359906148	0.002436409706656239	0.002436409706656239	0.0	0.002436409706656239	0.002436409706656239	0.0	0.0	0.002436409706656239	0.0	0.0	0.0	0.0	0.0	0.0	0.0	0.0	0.0	0.0	0.0	0.0	0.0	0.0	0.0	0.0	0.0	0.0
SRR6444479_1	0.0	0.0	0.0	0.0	0.0	0.0	0.0	0.0	0.0	0.0	0.0	0.0	0.0	0.0	0.0	0.0	0.0	0.0	0.0	0.0	0.0	0.0	0.0	0.0	0.0	0.0	0.0	0.0	0.0	0.0	0.0057877069105220025	0.0057877069105220025	0.0	0.0	0.0	0.0	0.0057877069105220025	0.0	0.0	0.011575413821044005	0.0057877069105220025	0.0057877069105220025	0.0057877069105220025	0.03472624146313202	0.13311725894200602	1.8231276768144238	22.25952077786741	17.7798356291244	15.111702743373453	8.722074314156465	3.9819423544391754	4.72855654589651	4.201875217039017	5.984488945479714	8.039124898714908	5.197360805648767	0.9723347609676987	0.27780993170505636	0.20835744877879214	0.138904965852528	0.011575413821044005	0.011575413821044005	0.011575413821044005	0.0	0.0	0.0	0.0	0.0	0.06945248292626403	0.24887139715244624	0.0057877069105220025	0.0	0.0	0.0	0.0	0.0	0.0	0.0	0.0	0.0	0.0	0.0	0.0	0.0	0.0	0.0	0.0	0.0	0.0	0.0	0.0	0.0	0.0	0.0	0.0	0.0	0.0	0.0	0.0	0.0	0.0
SRR6444479_2	0.0	0.0	0.0	0.0	0.0	0.0	0.0	0.0	0.0	0.0	0.0	0.0	0.0	0.0	0.0	0.0	0.0	0.0	0.0	0.0	0.0	0.0	0.0	0.0	0.0	0.0	0.0	0.0	0.005869233478107874	0.005869233478107874	0.0	0.0	0.0	0.0	0.011738466956215748	0.011738466956215748	0.0	0.023476933912431497	0.03521540086864724	0.029346167390539368	0.05869233478107875	0.05282310130297087	0.06456156825918662	0.11738466956215743	0.2582462730367466	0.9566850569315853	5.43491020072789	32.456861133934076	16.480807606527552	6.297687522009698	1.743162342998033	4.701256015964447	7.2191571780725825	5.135579293344405	7.336541847634733	4.525179011621221	3.4041554173025865	1.8898931799507277	0.47540791172673735	0.23476933912431508	0.24063857260242294	0.15260007043080467	0.17020777086512834	0.07630003521540236	0.017607700434323623	0.005869233478107874	0.017607700434323623	0.017607700434323623	0.005869233478107874	0.0	0.011738466956215748	0.05282310130297087	0.19955393825566775	0.03521540086864724	0.011738466956215748	0.0	0.0	0.0	0.0	0.0	0.0	0.0	0.0	0.0	0.0	0.011738466956215748	0.005869233478107874	0.0	0.0	0.0	0.0	0.0	0.0	0.0	0.0	0.0	0.0	0.0	0.0	0.0	0.0
SRR6444482_1	0.0	0.0	0.0	0.0	0.0	0.0	0.0	0.0	0.0	0.0	0.0	0.0	0.0	0.0	0.0	0.0	0.0	0.0	0.0	0.0	0.0	0.0	0.0	0.0	0.0	0.0	0.0	0.0	0.0	0.0	0.0	0.0	0.007381889763779492	0.0049212598425196616	0.0024606299212598308	0.0	0.0	0.0	0.0	0.0024606299212598308	0.007381889763779492	0.4478346456692903	0.4995078740157465	0.029527559055117968	0.039370078740157285	0.21653543307086484	9.852362204724182	19.633366141732868	19.15354330708698	13.996062992124797	2.3818897637795096	5.7997047244095645	7.711614173228617	3.0339566929133275	7.308070866142012	2.362204724409432	1.2696850393700765	2.906003937007824	2.746062992125944	0.06889763779527526	0.012303149606299153	0.007381889763779492	0.0049212598425196616	0.0049212598425196616	0.0049212598425196616	0.0024606299212598308	0.0	0.0024606299212598308	0.039370078740157285	0.3813976377952744	0.04429133858267694	0.009842519685039323	0.0049212598425196616	0.0	0.0	0.0	0.0	0.0	0.0	0.0	0.0	0.0	0.0	0.0	0.0	0.0	0.0	0.0	0.0	0.0	0.0	0.0	0.0	0.0	0.0	0.0	0.0	0.0	0.0	0.0	0.0
SRR6444482_2	0.0	0.0	0.0	0.0	0.0	0.0	0.0	0.0	0.0	0.0	0.0	0.0	0.0	0.0	0.0	0.0	0.0	0.0	0.0	0.0	0.0	0.0	0.0	0.0	0.0	0.0	0.0	0.0	0.0	0.0	0.002533890789306833	0.002533890789306833	0.0	0.0	0.005067781578613666	0.007601672367920499	0.007601672367920499	0.005067781578613666	0.005067781578613666	0.010135563157227332	0.022805017103761496	0.04307614341821615	0.08615228683643233	0.5219815025972084	0.2837957684023652	0.36994805523879815	1.9713670340807368	22.734068161662748	26.299252502219083	4.669960724692493	1.6343595591029203	5.5973647535788995	6.053465095654181	5.369314582541258	4.026352464208484	5.642974787786427	6.114278474597552	3.0634739642719193	0.6081337894336395	0.15963511972633043	0.4941087039148336	2.670720891929383	0.765235018370661	0.10895730394019387	0.0633472697326708	0.027872798682375168	0.005067781578613666	0.002533890789306833	0.012669453946534164	0.012669453946534164	0.02533890789306833	0.08361839604712551	0.3370074749778091	0.0557455973647503	0.005067781578613666	0.002533890789306833	0.005067781578613666	0.0	0.0	0.0	0.002533890789306833	0.002533890789306833	0.0	0.0	0.0	0.0	0.0	0.0	0.0	0.0	0.0	0.0	0.0	0.0	0.0	0.0	0.0	0.0	0.0	0.0	0.0
SRR6444503_1	0.0	0.0	0.0	0.0	0.0	0.0	0.0	0.0	0.0	0.0	0.0	0.0	0.0	0.0	0.0	0.0	0.0	0.0	0.0	0.0	0.0	0.0	0.0	0.0	0.0	0.002272314124704573	0.002272314124704573	0.0	0.0	0.0	0.0	0.0	0.0	0.0	0.0	0.002272314124704573	0.0	0.0	0.002272314124704573	0.00681694237411372	0.011361570623522867	0.4817305944373701	0.5362661334302791	0.01590619887293201	0.022723141247045737	0.11588802035993329	5.183148518451245	14.872295946190576	21.04617342301571	15.9357389565528	2.8608434830030145	6.898745682603392	8.58480276313383	4.1469732775858414	7.169151063443202	2.9880930739864633	1.3861116160697993	3.30848936556979	3.151699690965183	0.12043264860934243	0.022723141247045737	0.018178512997636585	0.00681694237411372	0.002272314124704573	0.004544628249409146	0.011361570623522867	0.01590619887293201	0.018178512997636585	0.09316487911288755	0.8225777131430513	0.12497727685875155	0.002272314124704573	0.004544628249409146	0.0	0.0	0.0	0.0	0.0	0.0	0.0	0.0	0.0	0.0	0.0	0.0	0.0	0.0	0.0	0.0	0.0	0.0	0.0	0.0	0.0	0.0	0.0	0.0	0.0	0.0	0.0	0.0
SRR6444503_2	0.0	0.0	0.0	0.0	0.0	0.0	0.0	0.0	0.0	0.0	0.0	0.0	0.0	0.0	0.0	0.0	0.0	0.0	0.0	0.0	0.0	0.0	0.0	0.0	0.0	0.002331165349558108	0.0	0.0	0.0	0.0	0.0	0.0	0.0	0.0	0.0	0.002331165349558108	0.002331165349558108	0.004662330699116216	0.018649322796464866	0.009324661398232433	0.018649322796464866	0.051285637690278364	0.13287642492481216	0.601440660185991	0.2191295428584619	0.26575284984962433	1.5781989416508535	19.381308716227107	25.120637806841785	5.951465137422039	1.7087442012261114	5.100589784833232	6.489964333170023	6.653145907639109	4.949064037111937	6.037718255355698	5.84889386204147	2.6994894747882583	0.6457328018275944	0.2144672121593457	0.8205702030444499	3.0328461197750487	0.941790801221472	0.13054525957525406	0.048954472340720256	0.0279739841946973	0.016318157446906758	0.030305149544255405	0.018649322796464866	0.023311653495581085	0.05594796838939458	0.18416206261509036	0.7622910693054982	0.15618807842039317	0.013986992097348648	0.004662330699116216	0.002331165349558108	0.004662330699116216	0.004662330699116216	0.002331165349558108	0.0	0.002331165349558108	0.002331165349558108	0.0	0.0	0.0	0.0	0.0	0.0	0.0	0.0	0.0	0.0	0.0	0.0	0.0	0.0	0.002331165349558108	0.002331165349558108	0.0	0.0
SRR6444511_1	0.0	0.0	0.0	0.0	0.0	0.0	0.0	0.0	0.0	0.0	0.0	0.0	0.0	0.0	0.0	0.0	0.0	0.0	0.0	0.0	0.0	0.0	0.0	0.0	0.0	0.008295829271833699	0.0041479146359168495	0.0	0.0	0.0	0.0	0.0041479146359168495	0.0020739573179584248	0.0	0.0	0.0	0.0	0.0	0.0020739573179584248	0.01244374390775055	0.02281353049754268	0.3753862745504759	0.4127175062737275	0.09954995126200447	2.1652114399485813	3.652238836924767	5.006532965551773	6.69680817968797	9.56509115042382	4.280647904266241	5.245038057117019	10.697471846028863	9.297550656407244	10.135429412862257	9.380508949125561	4.938092374059137	1.4496961652529532	5.873447124458493	6.010328307443764	0.8420266710911173	0.15554679884688175	0.04977497563100218	0.016591658543667398	0.037331231723251646	0.26754049401663704	0.05392289026691904	0.02281353049754268	0.05392289026691904	0.3857560611402681	2.451417549826828	0.26339257938072014	0.03110935976937637	0.020739573179584254	0.006221871953875275	0.0041479146359168495	0.0	0.0	0.0	0.0	0.0	0.0	0.0	0.0	0.0	0.0	0.0	0.0	0.0	0.0	0.0	0.0	0.0	0.0	0.0	0.0	0.0	0.0	0.0	0.0	0.0	0.0
SRR6444511_2	0.0	0.0	0.0	0.0	0.0	0.0	0.0	0.0	0.0	0.0	0.0	0.0	0.0	0.0	0.0	0.0	0.0	0.0	0.0	0.0	0.0	0.0	0.0	0.0	0.0	0.0	0.0	0.0	0.0	0.0	0.00438087310801049	0.00438087310801049	0.002190436554005245	0.006571309662015735	0.0	0.006571309662015735	0.00876174621602098	0.00876174621602098	0.006571309662015735	0.006571309662015735	0.006571309662015735	0.030666111756073425	0.09856964493023608	0.4578012397870968	0.31104199066874516	2.4313845749457985	3.3623201103979747	9.169167415065706	11.642170284537064	3.6470768624186882	2.908899743718915	8.09585350360338	7.633671390708378	8.084901320833355	10.262195255514074	8.428799859812102	5.079622368738281	2.3393862396775833	1.3996889580093625	0.43808731080104985	1.2069305412568956	5.9645587365565005	2.2123409195452863	0.4271351280310238	0.17304448776641418	0.0766652793901836	0.15771143188837752	0.30008980789871886	0.1204740104702885	0.08980789871421509	0.1336166297943199	0.5782752502573836	2.299958381705491	0.32637504654678196	0.015333055878036713	0.01314261932403147	0.019713928986047208	0.002190436554005245	0.0	0.0	0.0	0.0	0.0	0.0	0.0	0.0	0.0	0.0	0.0	0.0	0.0	0.0	0.0	0.0	0.0	0.0	0.0	0.0	0.0	0.0	0.0
SRR6444522_1	0.0	0.0	0.0	0.0	0.0	0.0	0.0	0.0	0.0	0.0	0.0	0.0	0.0	0.0	0.0	0.0	0.0	0.0	0.0	0.0	0.0	0.0	0.0	0.0	0.0	0.0	0.0	0.0	0.0	0.0	0.0	0.0	0.0	0.0	0.002394578673882393	0.002394578673882393	0.0	0.0	0.0	0.0	0.0	0.004789157347764786	0.019156629391059145	0.02634036541270633	0.05746988817317741	0.7782380690117745	10.777998611144207	8.749790474366282	9.954263547328852	7.823088527574005	4.386868130552541	13.83587557769133	15.188812528434898	7.377696894231982	9.223917051794887	3.895979502406594	1.4535092550466227	2.8303919925289533	2.808840784464013	0.46454826273318545	0.07423193889035419	0.004789157347764786	0.002394578673882393	0.002394578673882393	0.0	0.00718373602164718	0.009578314695529572	0.011972893369411965	0.01676205071717675	0.17959340054117934	0.02634036541270633	0.002394578673882393	0.0	0.0	0.0	0.0	0.0	0.0	0.0	0.0	0.0	0.0	0.0	0.0	0.0	0.0	0.0	0.0	0.0	0.0	0.0	0.0	0.0	0.0	0.0	0.0	0.0	0.0	0.0	0.0	0.0
SRR6444522_2	0.0	0.0	0.0	0.0	0.0	0.0	0.0	0.0	0.0	0.0	0.0	0.0	0.0	0.0	0.0	0.0	0.0	0.0	0.0	0.0	0.0	0.0	0.0	0.0	0.0	0.0	0.0	0.0	0.0	0.0	0.0	0.0024059282071023256	0.0	0.0	0.0	0.009623712828409303	0.007217784621306978	0.019247425656818605	0.01684149744971628	0.024059282071023258	0.019247425656818605	0.04571263593494417	0.0745837744201721	0.1154845539409117	0.31758252333750725	1.7346742373207946	4.027523818689247	18.02280819940365	9.520257915503754	2.978539120392636	1.676931960350337	4.681936291021153	12.027235107303808	15.715523048791471	7.761524396112353	7.1071119237805735	5.350784332595676	2.723510730439804	0.6086998363968875	0.15397940525454878	0.7217784621306953	2.7186988740255993	1.1476277547878104	0.31036473871620024	0.06255413338466045	0.014435569242613952	0.007217784621306978	0.012029641035511627	0.012029641035511627	0.007217784621306978	0.009623712828409303	0.031277066692330234	0.15397940525454878	0.03368299489943256	0.007217784621306978	0.0	0.0	0.0024059282071023256	0.0024059282071023256	0.0	0.0	0.0	0.0	0.0	0.0	0.0024059282071023256	0.0	0.0	0.0	0.0	0.0	0.0	0.0	0.0	0.0	0.0	0.0	0.0	0.0	0.0	0.0
SRR6444523_1	0.0	0.0	0.0	0.0	0.0	0.0	0.0	0.0	0.0	0.0	0.0	0.0	0.0	0.0	0.0	0.0	0.0	0.0	0.0	0.0	0.0	0.0	0.0	0.0	0.0	0.0	0.0	0.0	0.0	0.0	0.0	0.0	0.0	0.002175473709400274	0.002175473709400274	0.0	0.004350947418800548	0.008701894837601096	0.004350947418800548	0.021754737094002743	0.058737790153807395	0.8984706419823102	0.96155937955492	0.05438684273500684	0.08049252724781018	0.8071007461874974	7.22257271520909	8.80196662823333	11.788892031239227	7.6990014575676415	6.32410207322686	16.31170187308338	12.391498248742968	9.706963691343638	10.659821176060742	3.8701677290230716	1.105140644375342	0.5503948484782686	0.36765505688864714	0.05003589531620629	0.023930210803403018	0.013052842256401645	0.013052842256401645	0.004350947418800548	0.008701894837601096	0.015228315965801917	0.002175473709400274	0.002175473709400274	0.017403789675202192	0.13487936998281697	0.01087736854700137	0.0	0.0	0.0	0.0	0.0	0.0	0.0	0.0	0.0	0.0	0.0	0.0	0.0	0.0	0.0	0.0	0.0	0.0	0.0	0.0	0.0	0.0	0.0	0.0	0.0	0.0	0.0	0.0	0.0	0.0
SRR6444523_2	0.0	0.0	0.0	0.0	0.0	0.0	0.0	0.0	0.0	0.0	0.0	0.0	0.0	0.0	0.0	0.0	0.0	0.0	0.0	0.0	0.0	0.0	0.0	0.0	0.0	0.0	0.0	0.0	0.0	0.0	0.0022798258213073044	0.0	0.0022798258213073044	0.0022798258213073044	0.004559651642614609	0.004559651642614609	0.009119303285229217	0.011399129106536522	0.004559651642614609	0.009119303285229217	0.011399129106536522	0.034197387319609564	0.14818867838497474	1.0692383101931264	0.3396940473747889	0.44228620933361823	5.421425803068908	13.820304128763647	9.723457127875353	3.891662676971533	2.8041857602079445	7.680733191984472	15.833390328978785	14.832546793424422	6.47698515833431	4.609807810683416	8.006748284431344	3.3057474408955234	0.4445660351549255	0.10487198778013607	0.13678954927843825	0.35337300230263285	0.14590885256366745	0.041036864783531475	0.027357909855687656	0.013678954927843824	0.009119303285229217	0.022798258213073047	0.009119303285229217	0.0	0.0022798258213073044	0.018238606570458435	0.13450972345713097	0.018238606570458435	0.0	0.0	0.0	0.0	0.0	0.0	0.0022798258213073044	0.0022798258213073044	0.0	0.0	0.004559651642614609	0.0022798258213073044	0.0	0.0	0.0	0.0	0.0	0.0	0.0	0.0	0.0	0.0	0.0	0.0	0.0022798258213073044	0.0022798258213073044	0.0
SRR6444527_1	0.0	0.0	0.0	0.0	0.0	0.0	0.0	0.0	0.0	0.0	0.0	0.0	0.0	0.0	0.0	0.0	0.0	0.0	0.0	0.0	0.0	0.0	0.0	0.0	0.0	0.0	0.0	0.00255043484914174	0.00510086969828348	0.00510086969828348	0.00510086969828348	0.00255043484914174	0.00255043484914174	0.00255043484914174	0.00255043484914174	0.00510086969828348	0.01020173939656696	0.01020173939656696	0.00255043484914174	0.00255043484914174	0.02040347879313392	0.4437756637506638	0.484582621336932	0.03570608788798436	0.08161391517253569	0.7268739320053939	12.504782065341244	10.387921140554083	19.480221377744915	21.563926649494665	5.792037542401015	5.473233186258262	7.7329184625981	6.636231477467028	5.605855798413647	2.1398148384299316	0.484582621336932	0.22188783187533112	0.06631130607768522	0.01785304394399218	0.0	0.015302609094850438	0.012752174245708698	0.0	0.00255043484914174	0.0	0.0	0.0	0.0	0.0	0.0	0.00510086969828348	0.00510086969828348	0.0	0.0	0.0	0.0	0.0	0.0	0.0	0.0	0.0	0.0	0.0	0.0	0.0	0.0	0.0	0.0	0.0	0.0	0.0	0.0	0.0	0.0	0.0	0.0	0.0	0.0	0.0	0.0
SRR6444527_2	0.0	0.0	0.0	0.0	0.0	0.0	0.0	0.0	0.0	0.0	0.0	0.0	0.0	0.0	0.0	0.0	0.0	0.0	0.0	0.0	0.0	0.0	0.0	0.0	0.0	0.0	0.0	0.0	0.0	0.0	0.0	0.0026915726859202305	0.0026915726859202305	0.005383145371840461	0.005383145371840461	0.005383145371840461	0.008074718057760692	0.01614943611552138	0.026915726859202307	0.029607299545122538	0.034990444916962994	0.05113988103248436	0.10766290743680929	0.535622964498127	0.3068392861949062	0.38220332140067326	2.3389766640646883	26.864586978173012	24.684413102576634	6.311737948483094	1.415767232794046	1.6014857481225473	5.3239307727502565	11.027373294214932	6.49745646381161	6.917341802815215	4.290366861356771	0.6944257529674184	0.23147525098913954	0.05652302640432482	0.048448308346564134	0.06998088983392597	0.040373590288803454	0.010766290743680922	0.01884100880144161	0.0026915726859202305	0.0	0.005383145371840461	0.0	0.0	0.0	0.0026915726859202305	0.0	0.0	0.0	0.005383145371840461	0.005383145371840461	0.0	0.0	0.0	0.0	0.0	0.0	0.0026915726859202305	0.0	0.0026915726859202305	0.0026915726859202305	0.0	0.005383145371840461	0.0	0.0	0.0	0.0	0.0	0.0	0.0	0.0	0.0	0.0	0.0	0.0
SRR6444528_1	0.0	0.0	0.0	0.0	0.0	0.0	0.0	0.0	0.0	0.0	0.0	0.0	0.0	0.0	0.0	0.0	0.0	0.0	0.0	0.0	0.0	0.0	0.0	0.0	0.0	0.0030217870848820603	0.009065361254646182	0.0	0.0	0.0	0.0	0.0030217870848820603	0.0	0.0	0.0	0.0	0.0	0.0	0.0030217870848820603	0.006043574169764121	0.018130722509292364	0.5046384431753052	0.5167255915148334	0.04230501918834884	0.027196083763938544	0.6768803070135818	10.972108905206799	11.404224458344835	17.988698516301348	14.317227208170477	2.1273381077569913	8.745051823649042	11.377028374580902	5.8260054996526405	4.834859335811212	3.3692925996434644	1.580394645393323	2.269362100746452	2.323754268274331	0.35657087601608317	0.06345752878252325	0.009065361254646182	0.006043574169764121	0.006043574169764121	0.0030217870848820603	0.009065361254646182	0.006043574169764121	0.0030217870848820603	0.0453268062732309	0.5137038044299514	0.030217870848820605	0.0030217870848820603	0.0	0.0	0.0	0.0	0.0	0.0	0.0	0.0	0.0	0.0	0.0	0.0	0.0	0.0	0.0	0.0	0.0	0.0	0.0	0.0	0.0	0.0	0.0	0.0	0.0	0.0	0.0	0.0	0.0
SRR6444528_2	0.0	0.0	0.0	0.0	0.0	0.0	0.0	0.0	0.0	0.0	0.0	0.0	0.0	0.0	0.0	0.0	0.0	0.0	0.0	0.0	0.0	0.0	0.0	0.0	0.0	0.0	0.0	0.0	0.0	0.0	0.0	0.0062080953563445965	0.0062080953563445965	0.009312143034516896	0.012416190712689193	0.009312143034516896	0.0031040476781722982	0.0062080953563445965	0.0062080953563445965	0.009312143034516896	0.009312143034516896	0.031040476781722986	0.11795381177054738	0.5897690588527383	0.19555500372485474	0.34144524459895265	2.6477526694809828	25.67668239384252	21.43344921777906	5.649366774273575	1.2385150235907416	4.128383411969085	9.709461137323343	9.21591755649395	5.03476533399539	4.187360317854355	2.9178048174819575	1.9307176558231838	0.32282095852991877	0.06828904891979054	0.5463123913583259	2.278370995778491	0.7635957288303846	0.1427861931959258	0.037248572138067586	0.015520238390861493	0.012416190712689193	0.012416190712689193	0.009312143034516896	0.009312143034516896	0.015520238390861493	0.09001738266699665	0.4966476285075687	0.049664762850756765	0.0031040476781722982	0.0	0.0	0.0	0.0	0.0	0.0	0.0	0.0	0.0	0.0	0.0	0.0	0.0	0.0	0.0	0.0	0.0	0.0	0.0031040476781722982	0.0	0.0	0.0	0.0	0.0	0.0	0.0
SRR6444530_1	0.0	0.0	0.0	0.0	0.0	0.0	0.0	0.0	0.0	0.0	0.0	0.0	0.0	0.0	0.0	0.0	0.0	0.0	0.0	0.0	0.0032288269671628535	0.0032288269671628535	0.0	0.0	0.0	0.0	0.0	0.0	0.0	0.0	0.0	0.0	0.0	0.0	0.0	0.0	0.0	0.0	0.0	0.0032288269671628535	0.0032288269671628535	0.13561073262083995	0.1388395595880028	0.016144134835814266	0.04520357754027995	0.7200284136773166	7.2002841367733055	4.891672855251614	7.6394046043075035	4.8238674889411985	6.560976397274988	13.01863033160037	13.996964902650493	8.69845984953704	13.32214006651361	6.215491911788523	1.3109037486681134	4.733460333860644	4.701172064189017	0.29705208097898217	0.04520357754027995	0.022601788770139974	0.016144134835814266	0.01937296180297712	0.04520357754027995	0.07749184721190847	0.0548900584417685	0.02905944270446568	0.11946659778502564	0.981563398017504	0.09686480901488562	0.0032288269671628535	0.0032288269671628535	0.0	0.0	0.0	0.0	0.0	0.0032288269671628535	0.0032288269671628535	0.0	0.0	0.0	0.0	0.0	0.0	0.0	0.0	0.0	0.0	0.0	0.0	0.0	0.0	0.0	0.0	0.0	0.0	0.0	0.0	0.0
SRR6444530_2	0.0	0.0	0.0	0.0	0.0	0.0	0.0	0.0	0.0	0.0	0.0	0.0	0.0	0.0	0.0	0.0	0.0	0.0	0.0	0.0	0.0	0.0	0.0	0.0	0.0	0.0	0.0	0.0	0.0	0.0	0.0	0.0	0.0	0.0	0.0	0.003331223558412974	0.009993670675238923	0.006662447116825948	0.0	0.003331223558412974	0.006662447116825948	0.02331856490889082	0.0632932476098465	0.1665611779206488	0.10326793031080223	0.3031413438155803	2.1686265365268644	8.57123821579686	8.111529364735818	5.319964022785427	2.9981012025716813	8.49128885039494	10.393417502248909	15.839968020252885	10.649921716246649	8.824411206236274	5.872947133482043	2.0853459475665375	0.419734168360035	0.19321096638795252	1.3724641060661407	4.363902861520923	1.535694060428381	0.34977847363336206	0.1232552716612801	0.04996835337619461	0.029981012025716774	0.08994303607715029	0.06662447116825947	0.043305906259368664	0.05996202405143353	0.21986075485525622	0.8794430194210235	0.15989873080382289	0.013324894233651897	0.003331223558412974	0.0	0.003331223558412974	0.0	0.0	0.0	0.003331223558412974	0.003331223558412974	0.0	0.0	0.0	0.0	0.0	0.0	0.0	0.0	0.0	0.0	0.0	0.0	0.0	0.0	0.0	0.0	0.0	0.0
SRR6444531_1	0.0	0.0	0.0	0.0	0.0	0.0	0.0	0.0	0.0	0.0	0.0	0.0	0.0	0.0	0.0	0.0	0.0	0.0	0.0	0.0	0.0	0.0	0.0	0.0	0.0	0.0	0.0055239463072418084	0.003682630871494539	0.0	0.0018413154357472695	0.0	0.0	0.0	0.0	0.0	0.0	0.0	0.0	0.0018413154357472695	0.0	0.003682630871494539	0.41981991935037744	0.4382330737078498	0.018413154357472695	0.04419157045793445	0.42166123478612466	5.906939917877439	9.217625071350277	18.14248098841992	15.343681526082797	3.0915686166196306	8.78307462851402	13.26115376825169	8.267506306504902	6.943600508202917	3.57399326078547	1.3588907915814992	1.797123865289329	1.7216299324236954	0.16019444291001222	0.036826308714945376	0.02577841610046177	0.018413154357472695	0.016571838921725424	0.0018413154357472695	0.0055239463072418084	0.014730523485978156	0.0239371006647145	0.07733524830138536	0.7549393286563778	0.08838314091586899	0.003682630871494539	0.0018413154357472695	0.0018413154357472695	0.0	0.0	0.0	0.0	0.0	0.0	0.0	0.0	0.0	0.0	0.0	0.0	0.0	0.0	0.0	0.0	0.0	0.0	0.0	0.0	0.0	0.0	0.0	0.0	0.0	0.0	0.0
SRR6444531_2	0.0	0.0	0.0	0.0	0.0	0.0	0.0	0.0	0.0	0.0	0.0	0.0	0.0	0.0	0.0	0.0	0.0	0.0	0.0	0.0	0.0	0.0	0.0	0.0	0.0	0.0	0.0	0.0	0.0	0.0	0.0	0.0018987942656412274	0.005696382796923683	0.00759517706256491	0.00759517706256491	0.0018987942656412274	0.009493971328206138	0.005696382796923683	0.011392765593847365	0.013291559859488593	0.00759517706256491	0.026583119718977186	0.07215418209436668	0.4898889205354359	0.14051077565745074	0.25064084306464224	1.7943605810309575	19.54808696477896	20.176587866706495	5.683091237064442	1.306370454761177	5.098262603246877	10.545903351370571	10.847811639607457	5.580556346719804	6.157789803474692	5.629924997626482	2.0905724864709723	0.3322889964872156	0.09683850754770265	0.660780404443144	1.7070160448114662	0.4727997721446651	0.08544574195385529	0.03797588531282454	0.01519035412512982	0.020886736922053506	0.020886736922053506	0.013291559859488593	0.03797588531282454	0.03607709104718331	0.13101680432924462	0.6968574954903268	0.09873730181334386	0.00759517706256491	0.0018987942656412274	0.0	0.0018987942656412274	0.003797588531282455	0.0018987942656412274	0.0	0.003797588531282455	0.003797588531282455	0.0	0.0	0.0	0.0	0.0	0.0	0.0	0.0	0.0	0.0	0.0	0.0	0.0	0.0	0.0	0.0	0.0	0.0
SRR6444533_1	0.0	0.0	0.0	0.0	0.0	0.0	0.0	0.0	0.0	0.0	0.0	0.0	0.0	0.0	0.0	0.0	0.0	0.0	0.0	0.0	0.0	0.0	0.0	0.0	0.0	0.0	0.0	0.0	0.0	0.0	0.0	0.0	0.0	0.0	0.0	0.0	0.0	0.0	0.0033170796430821705	0.009951238929246512	0.009951238929246512	0.298537167877395	0.34829336252362764	0.1028294689355473	2.7233223869704815	4.517862473877834	6.143231498988183	8.906358841675946	10.627923176435637	6.186353534348257	5.317278667860629	11.016021494676163	9.098749460974734	9.486847779215392	10.793777158589709	5.609181676451893	0.9221481407768412	3.3767870766576316	3.1810793777157946	0.22224433608650532	0.056390353932396886	0.06965867250472557	0.056390353932396886	0.013268318572328682	0.04312203536006822	0.036487876073903885	0.023219557501575193	0.009951238929246512	0.09951238929246511	0.6070255746840388	0.046439115003150386	0.023219557501575193	0.013268318572328682	0.0	0.0	0.0	0.0	0.0	0.0	0.0	0.0	0.0	0.0	0.0	0.0	0.0	0.0	0.0	0.0	0.0	0.0	0.0	0.0	0.0	0.0	0.0	0.0	0.0	0.0	0.0	0.0
SRR6444533_2	0.0	0.0	0.0	0.0	0.0	0.0	0.0	0.0	0.0	0.0	0.0	0.0	0.0	0.0	0.0	0.0	0.0	0.0	0.0	0.0	0.0	0.0	0.0	0.0	0.0	0.0	0.0	0.0	0.0	0.0	0.0	0.0	0.0	0.0	0.0	0.010328444536252665	0.003442814845417555	0.0	0.00688562969083511	0.02065688907250533	0.02065688907250533	0.02065688907250533	0.07918474144460373	0.4096949666046891	0.3236245954692497	3.205260621083742	4.417131446670652	11.69524202988366	12.421675962266598	4.596157818632355	2.7404806169523988	7.0680988776423215	10.028919644701755	8.47965296426368	10.039248089238011	10.108104386146369	4.475659299042747	1.7558355711629579	1.5182813468291398	0.3477242993871727	0.5508503752668098	3.0985333608758037	1.1980995662053033	0.20312607587963574	0.07229911175376864	0.02754251876334044	0.044756592990428216	0.05852785237209843	0.02754251876334044	0.030985333608758	0.04131377814501066	0.17902637196171295	0.5370791158851396	0.08262755629002129	0.00688562969083511	0.02065688907250533	0.010328444536252665	0.0	0.003442814845417555	0.0	0.0	0.003442814845417555	0.0	0.0	0.0	0.0	0.0	0.0	0.003442814845417555	0.0	0.003442814845417555	0.003442814845417555	0.0	0.0	0.0	0.0	0.0	0.0	0.0	0.0	0.0
SRR6444535_1	0.0	0.0	0.0	0.0	0.0	0.0	0.0	0.0	0.0	0.0	0.0	0.0	0.0	0.0	0.0	0.0	0.0	0.0	0.0	0.0	0.0	0.0	0.0	0.0	0.0	0.0	0.0	0.0	0.0	0.0	0.0	0.0038182512409316565	0.007636502481863313	0.0038182512409316565	0.0038182512409316565	0.0038182512409316565	0.0	0.0	0.0	0.0	0.0	0.0	0.0038182512409316565	0.03818251240931657	0.08018327605956475	1.576937762504769	20.71783123329366	12.153493699885898	11.87094310805702	1.6762122947689948	3.07751050019094	9.86254295532679	13.004963726613465	4.818633066055676	7.754868270332276	3.8755250095456106	0.4390988927071404	4.387170675830424	4.421534936998807	0.09545628102329139	0.026727758686521594	0.022909507445589936	0.0038182512409316565	0.0038182512409316565	0.01145475372279497	0.007636502481863313	0.0038182512409316565	0.0038182512409316565	0.01145475372279497	0.01909125620465828	0.007636502481863313	0.0	0.0	0.0	0.0	0.0	0.0	0.0	0.0	0.0	0.0	0.0	0.0	0.0	0.0	0.0	0.0	0.0	0.0	0.0	0.0	0.0	0.0	0.0	0.0	0.0	0.0	0.0	0.0	0.0	0.0
SRR6444535_2	0.0	0.0	0.0	0.0	0.0	0.0	0.0	0.0	0.0	0.0	0.0	0.0	0.0	0.0	0.0	0.0	0.0	0.0	0.0	0.0	0.0	0.0	0.0	0.0	0.0	0.0	0.0	0.0	0.0	0.0	0.0	0.0	0.0	0.0	0.0	0.011462193863905663	0.01910365643984277	0.02674511901577988	0.01910365643984277	0.02674511901577988	0.03820731287968555	0.03056585030374843	0.02674511901577988	0.07641462575937107	0.2980170404615469	0.7335804072899644	4.252473923508959	25.449891109157303	14.751843502846434	2.5063997249073924	1.3525388759408614	3.927711764031651	8.596645397929423	11.125969510564895	5.696710350360991	7.20971994039668	4.814121422840305	0.5540060367554411	0.16047071409467936	0.25980972758186155	3.1903106254537614	3.9162495701677456	0.6189584686509071	0.15282925151874224	0.0573109693195283	0.011462193863905663	0.015282925151874216	0.01910365643984277	0.003820731287968554	0.003820731287968554	0.007641462575937108	0.007641462575937108	0.01910365643984277	0.003820731287968554	0.0	0.0	0.0	0.0	0.0	0.0	0.0	0.0	0.0	0.0	0.0	0.0	0.0	0.003820731287968554	0.003820731287968554	0.0	0.0	0.0	0.0	0.0	0.0	0.0	0.0	0.0	0.0	0.0	0.0
SRR6444536_1	0.0	0.0	0.0	0.0	0.0	0.0	0.0	0.0	0.0	0.0	0.0	0.0	0.0	0.0	0.0	0.0	0.0	0.0	0.0	0.0	0.0	0.0	0.0	0.0	0.0	0.0	0.0	0.0	0.0	0.0	0.0	0.0	0.0	0.005966943135032038	0.005966943135032038	0.0	0.002983471567516019	0.002983471567516019	0.005966943135032038	0.0	0.002983471567516019	0.0	0.0	0.023867772540128153	0.1282892774031889	1.5066531415955935	16.107762993017825	10.704695984247543	12.676770690375182	2.1033474550988145	2.464347514768248	11.871233367146042	14.302762694671046	6.489050659347455	10.084133898204351	6.092248940867779	0.4922728086401443	2.007876364938299	1.9989259502357508	0.1014380332955447	0.038785130377708255	0.053702488215288335	0.05668595978280436	0.03580165881019224	0.07458678918790047	0.10442150486306072	0.053702488215288335	0.011933886270064076	0.16409093621338108	0.17602482248344511	0.038785130377708255	0.00895041470254806	0.0	0.0	0.0	0.0	0.0	0.0	0.0	0.0	0.0	0.0	0.0	0.0	0.0	0.0	0.0	0.0	0.0	0.0	0.0	0.0	0.0	0.0	0.0	0.0	0.0	0.0	0.0	0.0	0.0
SRR6444536_2	0.0	0.0	0.0	0.0	0.0	0.0	0.0	0.0	0.0	0.0	0.0	0.0	0.0	0.0	0.0	0.0	0.0	0.0	0.0	0.0	0.0	0.0	0.0	0.0	0.0	0.0	0.0	0.0	0.0	0.0	0.0	0.0	0.0	0.0030270008475602704	0.006054001695120541	0.006054001695120541	0.006054001695120541	0.0030270008475602704	0.0030270008475602704	0.006054001695120541	0.012108003390241082	0.01816200508536162	0.05751301610364512	0.06356701779876565	0.10897203051216976	0.3753481050974736	2.361060661097035	20.24458166848214	15.40138031238569	2.706138757718886	1.4529604068289312	4.204504177261135	9.45635064777867	11.70238527666788	7.740041167211856	10.600556968156193	7.8399321951813565	0.614481172054736	0.21189005932921878	0.19372805424385722	1.646688461072794	1.934253541591028	0.24216006780482138	0.05145901440852458	0.06962101949388619	0.04237801186584378	0.030270008475602704	0.12108003390241086	0.08778302457924783	0.027243007628042434	0.024216006780482163	0.15437704322557386	0.1422690398353328	0.012108003390241082	0.0	0.0	0.0	0.0030270008475602704	0.0	0.0	0.0	0.0	0.0	0.0	0.0	0.0	0.0	0.0	0.0	0.0	0.0	0.0	0.006054001695120541	0.006054001695120541	0.0	0.0	0.0	0.0	0.0	0.0	0.0
SRR6444545_1	0.0	0.0	0.0	0.0	0.0	0.0	0.0	0.0	0.0	0.0	0.0	0.0	0.0	0.0	0.0	0.0	0.0	0.0	0.0	0.0	0.0	0.0	0.0	0.0	0.0	0.0	0.0	0.0	0.0	0.0	0.0	0.0	0.004992511233150391	0.004992511233150391	0.0	0.004992511233150391	0.009985022466300782	0.0	0.0	0.0	0.0	0.004992511233150391	0.0	0.07488766849725587	0.04992511233150392	0.13479780329506058	0.4443334997503844	13.130304543185979	29.04143784323341	18.287568647029907	1.997004493260148	6.3504742885672	6.954568147778362	6.630054917623605	8.582126809785452	3.9440838741888467	2.541188217673556	0.9286070893659755	0.5841238142785958	0.04493260109835353	0.1048427358961582	0.07488766849725587	0.0649026460309551	0.004992511233150391	0.0	0.0	0.0	0.0	0.0	0.0	0.0	0.0	0.0	0.0	0.0	0.0	0.0	0.0	0.0	0.0	0.0	0.0	0.0	0.0	0.0	0.0	0.0	0.0	0.0	0.0	0.0	0.0	0.0	0.0	0.0	0.0	0.0	0.0	0.0	0.0	0.0
SRR6444545_2	0.0	0.0	0.0	0.0	0.0	0.0	0.0	0.0	0.0	0.0	0.0	0.0	0.0	0.0	0.0	0.0	0.0	0.0	0.0	0.0	0.0	0.0	0.0	0.0	0.0	0.0	0.0	0.0	0.0	0.0	0.0	0.0	0.0	0.0	0.0	0.0	0.005427408412483179	0.016282225237449537	0.021709633649932714	0.027137042062415892	0.016282225237449537	0.016282225237449537	0.10312075983718036	0.1465400271370458	0.18453188602442813	0.4124830393487212	1.7096336499321945	19.088195386703546	30.550881953865417	4.401628222523892	1.7910447761194412	3.4192672998644285	6.550881953867109	7.061058344640498	5.769335142469576	7.180461329715122	5.0854816824967335	2.1601085481682953	1.4165535956581072	1.2862957937585127	0.586160108548183	0.5535956580732837	0.10312075983718036	0.10312075983718036	0.151967435549529	0.04341926729986543	0.005427408412483179	0.0	0.005427408412483179	0.010854816824966357	0.0	0.005427408412483179	0.0	0.0	0.0	0.0	0.0	0.0	0.0	0.0	0.005427408412483179	0.005427408412483179	0.0	0.0	0.0	0.0	0.0	0.0	0.0	0.0	0.0	0.0	0.0	0.0	0.0	0.0	0.0	0.0	0.0	0.0	0.0
SRR6444550_1	0.0	0.0	0.0	0.0	0.0	0.0	0.0	0.0	0.0	0.0	0.0	0.0	0.0	0.0	0.0	0.0	0.0	0.0	0.0	0.0	0.0	0.0	0.0021440823327616037	0.0021440823327616037	0.0	0.0	0.0	0.0	0.0	0.0	0.0	0.0	0.0	0.0	0.0	0.0	0.0	0.0	0.0	0.0	0.0021440823327616037	0.0021440823327616037	0.0064322469982848116	0.021440823327616036	0.04716981132075526	1.0570325900514725	17.65008576329436	14.491852487135079	14.543310463121381	11.104202401371618	4.033018867924586	6.110634648370816	3.777873070325925	5.6282161234994	10.812607204116105	7.437821612350108	1.1406518010291775	0.6389365351629558	0.5981989708404859	0.20368782161235208	0.036449399656947254	0.027873070325900848	0.027873070325900848	0.004288164665523207	0.0021440823327616037	0.0021440823327616037	0.004288164665523207	0.0064322469982848116	0.05360205831904007	0.41380789022299064	0.09862778730703382	0.0021440823327616037	0.004288164665523207	0.004288164665523207	0.0	0.0	0.0	0.0	0.0	0.0	0.0	0.0	0.0	0.0	0.0	0.0	0.0	0.0	0.0	0.0	0.0	0.0	0.0	0.0	0.0	0.0	0.0	0.0	0.0	0.0	0.0
SRR6444550_2	0.0	0.0	0.0	0.0	0.004346503238144719	0.004346503238144719	0.0	0.0021732516190723595	0.0	0.0	0.0	0.0	0.0	0.0	0.0	0.0	0.0	0.0	0.0	0.0	0.0	0.0	0.0	0.0	0.0	0.0	0.0	0.0021732516190723595	0.004346503238144719	0.0021732516190723595	0.0021732516190723595	0.0	0.0	0.0021732516190723595	0.008693006476289438	0.010866258095361797	0.013039509714434155	0.010866258095361797	0.008693006476289438	0.013039509714434155	0.023905767809795957	0.023905767809795957	0.034772025905157745	0.07823705828660497	0.19341939409743977	0.4020515495283876	3.5011083583255136	27.530751510412756	15.419220237318115	8.777763289433086	1.627765462685215	4.802886078150005	8.282261920284698	4.746381536054117	6.787064806363256	7.004389968270443	5.793888816447113	2.329725735645551	0.39987829790931523	0.07171730342938788	0.5172338853392213	0.5672186725778848	0.23036467162166996	0.06302429695309841	0.0521580388577366	0.015212761333506514	0.006519754857217078	0.004346503238144719	0.006519754857217078	0.0021732516190723595	0.02607901942886831	0.07389055504846025	0.4063980527665323	0.08041030990567734	0.013039509714434155	0.006519754857217078	0.0	0.0021732516190723595	0.0021732516190723595	0.0	0.0	0.0	0.0	0.0	0.0	0.0	0.0	0.0	0.0	0.0	0.0	0.0021732516190723595	0.0021732516190723595	0.0	0.0	0.0	0.0	0.0	0.0	0.0	0.0
SRR6444551_1	0.0	0.0	0.0	0.0	0.0	0.0	0.0	0.0	0.0	0.0	0.0	0.0	0.0	0.0	0.0	0.0	0.0	0.0	0.0	0.0	0.0	0.0	0.0	0.0	0.0	0.0	0.0	0.0	0.0	0.0	0.0	0.002500875306357304	0.0	0.0	0.0	0.0	0.0	0.002500875306357304	0.002500875306357304	0.0	0.002500875306357304	0.09503326164157759	0.10503676286700682	0.03751312959535955	0.10253588756064952	1.2304306507277958	15.570449657379267	8.94313009553378	8.968138848597349	6.587305556945363	3.986395238333471	11.936677837242794	14.9477317060963	7.307557645176349	11.143900365127706	3.26114139948987	0.9628369929475565	2.010703746311289	2.0607212524384324	0.3226129145200924	0.04501575551443146	0.005001750612714608	0.0	0.005001750612714608	0.010003501225429217	0.012504376531786519	0.012504376531786519	0.012504376531786519	0.03751312959535955	0.20757265042765602	0.02500875306357304	0.010003501225429217	0.007502625919071912	0.0	0.0	0.005001750612714608	0.005001750612714608	0.002500875306357304	0.007502625919071912	0.0	0.0	0.0	0.0	0.0	0.0	0.0	0.0	0.0	0.0	0.0	0.0	0.0	0.0	0.0	0.0	0.0	0.0	0.0	0.0	0.0	0.0
SRR6444551_2	0.0	0.0	0.0	0.0	0.0	0.0	0.0	0.0	0.0	0.0	0.0	0.0	0.0	0.0	0.0	0.0	0.0	0.0	0.0	0.0	0.0	0.0	0.0	0.0	0.0	0.0	0.0	0.0	0.0	0.0	0.0024131274131273988	0.0	0.0	0.0024131274131273988	0.0	0.0048262548262547975	0.007239382239382195	0.012065637065636993	0.007239382239382195	0.01447876447876439	0.01930501930501919	0.021718146718146588	0.04343629343629316	0.18822393822393693	0.5091698841698817	2.3359073359073155	4.594594594594583	20.489864864865968	8.71138996138995	2.4131274131273877	1.4333976833976838	3.9744208494207713	9.785231660231398	14.823841698840262	7.5603281853284425	7.12837837837864	7.4203667953670855	4.054054054053985	0.4802123552123534	0.11100386100386041	0.6998069498069435	1.8243243243243334	0.6877413127413067	0.1906370656370643	0.060328185328184944	0.009652509652509595	0.01689189189189179	0.02654440154440139	0.01689189189189179	0.0048262548262547975	0.0048262548262547975	0.05550193050193015	0.18822393822393693	0.04343629343629316	0.0048262548262547975	0.007239382239382195	0.007239382239382195	0.0	0.0	0.0	0.0	0.0	0.0	0.0	0.0	0.0	0.0	0.0	0.0	0.0	0.0024131274131273988	0.0	0.0	0.0	0.0	0.0	0.0	0.0	0.0	0.0	0.0
SRR6444556_1	0.0	0.0	0.0	0.0	0.0	0.0	0.0	0.0	0.0	0.0	0.0	0.0	0.0	0.0	0.0	0.0	0.0	0.0	0.0	0.0	0.0	0.0	0.0	0.0	0.0	0.0	0.0	0.0	0.0	0.0	0.0	0.0	0.0	0.0	0.0	0.0	0.0	0.0	0.0	0.0	0.022008253094910727	0.40165061898212046	0.4071526822558481	0.011004126547455364	0.03851444291609377	0.41815680880330347	5.793672627235208	5.061898211829468	3.928473177441604	5.991746905089393	13.485557083906926	24.671251719393926	12.247592847318058	7.829436038514334	10.806052269601242	6.640990371389223	0.6382393397524111	0.3246217331499332	0.26960110041265656	0.016506189821183046	0.005502063273727682	0.005502063273727682	0.005502063273727682	0.044016506189821454	0.03851444291609377	0.022008253094910727	0.016506189821183046	0.011004126547455364	0.18156808803301352	0.6272352132049557	0.03851444291609377	0.0	0.0	0.0	0.0	0.0	0.0	0.0	0.0	0.0	0.0	0.0	0.0	0.0	0.0	0.0	0.0	0.0	0.0	0.0	0.0	0.0	0.0	0.0	0.0	0.0	0.0	0.0	0.0	0.0	0.0
SRR6444556_2	0.0	0.0	0.0	0.0	0.0	0.0	0.0	0.0	0.0	0.0	0.0	0.0	0.0	0.0	0.0	0.0	0.0	0.0	0.0	0.0	0.0	0.0	0.0	0.0	0.0	0.0	0.0	0.0	0.0	0.0	0.0	0.0	0.0	0.0	0.0	0.0	0.0	0.01008878127522208	0.01008878127522208	0.0	0.0	0.01513317191283312	0.10088781275222078	0.41868442292171587	0.35815173527038363	1.3317191283293122	0.872679580306712	5.543785310734482	4.0506456820017	2.340597255851523	2.7391041162228067	12.116626311542039	22.366828087166493	20.485270379338	7.238700564971695	9.61460855528668	7.324455205811079	1.503228410008085	0.23204196933010798	0.08575464083938766	0.08071025020177663	0.1916868442292196	0.03531073446327728	0.02017756255044416	0.00504439063761104	0.04035512510088832	0.05044390637611041	0.02017756255044416	0.0252219531880552	0.02017756255044416	0.01513317191283312	0.1715092816787754	0.4741727199354372	0.09079903147699869	0.0	0.0	0.0	0.0	0.0	0.0	0.0	0.0	0.0	0.0	0.0	0.0	0.0	0.0	0.0	0.0	0.0	0.0	0.0	0.0	0.0	0.0	0.0	0.0	0.0	0.0	0.0
SRR6444566_1	0.0	0.0	0.0	0.0	0.0	0.0	0.0	0.0	0.0	0.0	0.0	0.0	0.0	0.0	0.0	0.0	0.0	0.0	0.0	0.0	0.0	0.0	0.0	0.0	0.0	0.0	0.0	0.0	0.0	0.0	0.0	0.0	0.0	0.0	0.0	0.0	0.0	0.0	0.0	0.0	0.0	0.055890900961322335	0.08383635144198354	0.008383635144198353	0.011178180192264471	0.14531634249943817	1.5593561368209012	0.6846635367761982	1.1066398390341774	6.952828079588705	7.673820701989846	25.086630896491574	18.874357254637772	10.781354795438972	8.858707802369919	6.533646322378741	3.278001341381516	3.7838139950814544	2.19651240777999	0.0922199865861819	0.027945450480661178	0.008383635144198353	0.013972725240330589	0.0670690811535868	0.17885088307623148	0.13693270735523982	0.08942544153811578	0.06147999105745457	0.21517996870109085	1.2072434607645603	0.19561815336462812	0.01956181533646282	0.0055890900961322355	0.0027945450480661178	0.0027945450480661178	0.0	0.0	0.0	0.0	0.0	0.0	0.0	0.0	0.0	0.0	0.0	0.0	0.0	0.0	0.0	0.0	0.0	0.0	0.0	0.0	0.0	0.0	0.0	0.0	0.0	0.0
SRR6444566_2	0.0	0.0	0.0	0.0	0.0	0.0	0.0	0.0	0.0	0.0	0.0	0.0	0.0	0.0	0.0	0.0	0.0	0.0	0.0	0.0	0.0	0.0	0.0	0.0	0.0	0.0	0.0	0.0	0.0	0.0	0.0	0.0	0.0	0.005382855604898273	0.005382855604898273	0.0026914278024491364	0.0026914278024491364	0.0	0.0026914278024491364	0.005382855604898273	0.0026914278024491364	0.0026914278024491364	0.01614856681469482	0.08881711748082154	0.07266855066612668	0.220697079800829	0.3283541918987948	1.4426053021127432	0.5086798546628882	1.4910510025568289	2.9444220158793293	8.903243170501975	20.231462791010337	25.172924236309196	13.330641905529797	9.600322971336142	6.15798681200376	1.8436280446776758	0.6809312340196306	1.7521194993944025	1.1680796662629234	1.4237653074955985	0.3741084645404304	0.0672856950612284	0.03229713362938964	0.14802852913470255	0.2018570851836851	0.08343426187592325	0.05921141165388099	0.1345713901224569	0.09150854528327067	0.19916565738123596	1.0039025703135225	0.16686852375184644	0.010765711209796545	0.005382855604898273	0.0026914278024491364	0.0026914278024491364	0.0026914278024491364	0.0026914278024491364	0.0026914278024491364	0.0	0.0	0.0	0.0	0.0	0.0	0.0	0.0	0.0	0.0	0.0	0.0	0.0	0.0	0.0	0.0	0.0	0.0	0.0	0.0
SRR6444568_1	0.0	0.0	0.0	0.0	0.0	0.0	0.0	0.0	0.0	0.0	0.0	0.0	0.0	0.0	0.0	0.0	0.0	0.0	0.0	0.0	0.0	0.0	0.0	0.0	0.0	0.0	0.0	0.0	0.0	0.0	0.0	0.0	0.0	0.0	0.0	0.0	0.0032622170026750303	0.0	0.009786651008025091	0.0032622170026750303	0.016311085013375148	0.44692372936647956	0.6491811835323323	0.06524434005350058	0.09134207607490083	0.936256279767731	12.177856070985852	9.26143407059478	17.847589221633765	11.903829842761212	3.5003588438702793	9.58765577086232	11.391661773341347	6.1623279180531485	7.307366085992214	5.474000130488639	1.5984863313107673	0.3262217002675026	0.045671038037450415	0.026097736021400243	0.05219547204280047	0.055457689045475496	0.026097736021400243	0.026097736021400243	0.05871990604815053	0.04893325504012544	0.026097736021400243	0.01957330201605018	0.4273504273504293	0.38820382331832864	0.02935995302407527	0.006524434005350061	0.0032622170026750303	0.0	0.0	0.0	0.0	0.0	0.0	0.0	0.0	0.0	0.0	0.0	0.0	0.0	0.0	0.0	0.0	0.0	0.0	0.0	0.0	0.0	0.0	0.0	0.0	0.0	0.0	0.0	0.0
SRR6444568_2	0.0	0.0	0.0	0.0	0.0	0.0	0.0	0.0	0.0	0.0	0.0	0.0	0.0	0.0	0.0	0.0	0.0	0.0	0.0	0.0	0.0	0.0	0.0	0.0	0.003264027156705984	0.003264027156705984	0.0	0.0	0.003264027156705984	0.0	0.0	0.0	0.0	0.0	0.0	0.003264027156705984	0.003264027156705984	0.0	0.0	0.019584162940235905	0.03264027156705985	0.013056108626823937	0.12729705911153344	0.6560694584979041	0.35251493292424607	0.43085158468519025	2.6308058883050447	23.804550053856623	19.38832131083187	4.661030779776051	1.7625746646212388	4.442340960276763	7.438717890133099	9.635408166596477	6.687991644090638	7.347325129745322	5.2159153964160705	2.490452720566694	1.0314325815190868	0.5646766981101367	0.06528054313411966	0.029376244410353858	0.03916832588047181	0.026112217253647874	0.062016515977413686	0.05222443450729573	0.048960407350589756	0.06854457029082564	0.035904298723765826	0.035904298723765826	0.055488461664001724	0.31008257988706805	0.2839703626334203	0.09139276038776754	0.022848190096941886	0.006528054313411968	0.003264027156705984	0.0	0.0	0.0	0.0	0.0	0.003264027156705984	0.0	0.0	0.0	0.0	0.0	0.0	0.0	0.0	0.0	0.0	0.0	0.0	0.0	0.0	0.003264027156705984	0.006528054313411968	0.0	0.0
SRR6444572_1	0.0	0.0	0.0	0.0	0.0	0.0	0.0	0.0	0.0	0.0	0.0	0.0	0.0	0.0	0.0	0.0	0.0	0.0	0.0	0.0	0.0	0.0	0.0	0.0	0.0	0.0	0.0	0.0021337430119916607	0.0	0.0021337430119916607	0.0021337430119916607	0.0021337430119916607	0.0	0.0	0.0	0.0	0.0	0.0	0.006401229035974983	0.010668715059958304	0.025604916143899932	0.4182136303503665	0.4246148593863414	0.03840737421584989	0.05120983228779984	1.0604702769598577	15.017283318396984	10.086203217684076	7.579055178594444	4.922545128664875	4.781718089873409	9.292450817223358	8.827294840609282	8.012205010028653	10.154482994067795	5.825118422737449	1.640848376221606	5.061238424444348	5.19779797721183	0.10882089361157476	0.03840737421584989	0.05547731831178317	0.05547731831178317	0.034139888191866564	0.04267486023983321	0.059744804335766497	0.03627363120385822	0.023471173131908274	0.15149575385140784	0.8705671488925945	0.06614603337174149	0.006401229035974983	0.006401229035974983	0.0021337430119916607	0.0	0.0	0.0	0.0	0.0	0.0	0.0	0.0	0.0	0.0	0.0	0.0	0.0	0.0	0.0	0.0	0.0	0.0	0.0	0.0	0.0	0.0	0.0	0.0	0.0	0.0	0.0
SRR6444572_2	0.0	0.0	0.0	0.0	0.0	0.0	0.0	0.0	0.0	0.0	0.0	0.0	0.0	0.0	0.0	0.0	0.0	0.0	0.0	0.0	0.0	0.0	0.0	0.0	0.0	0.0	0.0	0.0	0.0	0.0	0.0	0.0	0.0022309974789728212	0.006692992436918465	0.022309974789728217	0.02007897731075539	0.008923989915891285	0.0022309974789728212	0.0022309974789728212	0.0022309974789728212	0.013385984873836928	0.022309974789728217	0.07362291680610313	0.513129420163749	0.2030207705865265	0.290029672266467	2.6124980478771422	19.84918457042274	9.251946545300056	5.385627914240536	1.985587756285815	4.25674318988016	7.984739977243782	9.990406710839892	8.232380697409708	8.836981014211206	5.564107712558382	2.672734979809405	0.4216585235258644	0.2230997478972819	4.274591169711944	5.021975325167925	0.5175914151216945	0.14724583361220614	0.10039488655377703	0.040157954621510776	0.0312339647056195	0.09816388907480421	0.06023693193226617	0.03346496218459232	0.051312942016374874	0.1874037882337168	0.8232380697409667	0.14278383865426053	0.0044619949579456425	0.0022309974789728212	0.0022309974789728212	0.0044619949579456425	0.0022309974789728212	0.0	0.0	0.0	0.0	0.0022309974789728212	0.0022309974789728212	0.0	0.0	0.0	0.0	0.0	0.0	0.0	0.0	0.0	0.0	0.0	0.0	0.0	0.0	0.0	0.0
SRR6444581_1	0.0	0.0	0.0	0.0	0.0	0.0	0.0	0.0	0.0	0.0	0.0	0.0	0.0	0.0	0.0	0.0	0.0	0.0	0.0	0.0	0.0	0.0	0.0	0.0	0.0	0.0	0.0	0.0	0.0	0.0	0.0	0.0	0.0	0.0	0.0	0.0	0.0	0.0	0.0	0.006167699756375854	0.018503099269127563	0.7832978690597323	0.8048848182070476	0.07709624695469815	1.1502760045640905	6.4514139451692305	13.232799827303971	15.91266537144867	7.897739538039533	6.312640700650758	9.399574428717223	9.414993678108164	9.026428593456442	5.476917383661735	4.194035834335504	2.82789033829833	0.7000339223486595	2.726123292318134	2.642859345607065	0.5550929780738283	0.09251549634563781	0.07709624695469815	0.043173898294630975	0.003083849878187927	0.006167699756375854	0.003083849878187927	0.0	0.003083849878187927	0.06476084744194645	0.0709285471983223	0.012335399512751708	0.0	0.0	0.0	0.0	0.0	0.003083849878187927	0.009251549634563781	0.0	0.0	0.0	0.0	0.0	0.0	0.0	0.0	0.0	0.0	0.0	0.0	0.0	0.0	0.0	0.0	0.0	0.0	0.0	0.0	0.0	0.0	0.0
SRR6444581_2	0.0	0.0	0.0	0.0	0.0	0.0	0.0	0.0	0.0	0.0	0.0	0.0	0.0	0.0	0.0	0.0	0.0	0.0	0.0	0.0	0.0	0.0	0.0	0.0	0.0	0.0	0.0	0.0	0.0	0.0	0.0	0.003206155819172835	0.003206155819172835	0.0	0.00641231163834567	0.0	0.003206155819172835	0.01282462327669134	0.02564924655338268	0.02564924655338268	0.03206155819172836	0.06732927220262952	0.21801859570375268	0.9009297851875644	0.4264187239499875	1.654376402693188	6.207117665918642	22.58416159025297	13.930747034305488	12.3661429945495	3.308752805386346	3.7127284386021002	7.0888105161912724	8.409746713690632	5.540237255530617	4.052580955434402	2.9624879769156993	1.1702468739980787	0.3270278935556289	0.11542160949022211	0.5226033985251732	2.5553061878807726	1.1702468739980787	0.3334402051939746	0.07053542802180235	0.016030779095864176	0.016030779095864176	0.003206155819172835	0.01282462327669134	0.01282462327669134	0.01282462327669134	0.035267714010901195	0.05129849310676536	0.019236934915037012	0.003206155819172835	0.0	0.0	0.003206155819172835	0.0	0.0	0.0	0.003206155819172835	0.0	0.0	0.0	0.0	0.0	0.0	0.0	0.003206155819172835	0.0	0.0	0.0	0.0	0.0	0.0	0.0	0.0	0.0	0.0	0.0
SRR6444596_1	0.0	0.0	0.0	0.0	0.0	0.0	0.0	0.0	0.0	0.0	0.0	0.0	0.0	0.0	0.0	0.0	0.0	0.0	0.0	0.0	0.0	0.0	0.0	0.0	0.0	0.0	0.0	0.0	0.0	0.0	0.0	0.0	0.0	0.0	0.0	0.0	0.0	0.0	0.0	0.0	0.0	0.14067395613530437	0.19182812200268784	0.01918281220026878	0.025577082933691712	0.17264530980241902	3.440117654581549	2.1676577786303626	3.440117654581549	12.37291386917343	10.365112858878403	31.08894430590056	20.806956966558833	4.041179103523321	3.29944369844624	2.3530916298996245	2.3914572543001618	2.6791994373041987	0.8056781124112893	0.025577082933691712	0.01918281220026878	0.006394270733422928	0.031971353667114635	0.04475989513396049	0.012788541466845856	0.0	0.0	0.01918281220026878	0.01918281220026878	0.01918281220026878	0.0	0.0	0.0	0.0	0.0	0.0	0.0	0.0	0.0	0.0	0.0	0.0	0.0	0.0	0.0	0.0	0.0	0.0	0.0	0.0	0.0	0.0	0.0	0.0	0.0	0.0	0.0	0.0	0.0	0.0	0.0
SRR6444596_2	0.0	0.0	0.0	0.0	0.0	0.0	0.0	0.0	0.0	0.0	0.0	0.0	0.0	0.0	0.0	0.0	0.0	0.0	0.0	0.0	0.0	0.0	0.0	0.0	0.0	0.0	0.0	0.0	0.0	0.0	0.0	0.0	0.0	0.005941064638783291	0.005941064638783291	0.0	0.0	0.0	0.0	0.0	0.011882129277566583	0.011882129277566583	0.017823193916349876	0.19011406844106535	0.19011406844106535	0.7069866920152118	0.938688212927762	3.8379277566540373	2.4001901140684403	3.7963403041825536	3.8973384030418723	12.006891634981152	21.28089353612189	25.962452471482056	12.785171102661852	4.123098859315643	2.774477186311798	1.164448669201528	0.5941064638783284	1.8714353612167296	0.8792775665399285	0.23764258555133178	0.08317490494296607	0.029705323193916458	0.04752851711026633	0.06535171102661622	0.023764258555133165	0.0	0.005941064638783291	0.023764258555133165	0.005941064638783291	0.0	0.017823193916349876	0.005941064638783291	0.0	0.0	0.0	0.0	0.0	0.0	0.0	0.0	0.0	0.0	0.0	0.0	0.0	0.0	0.0	0.0	0.0	0.0	0.0	0.0	0.0	0.0	0.0	0.0	0.0	0.0	0.0
SRR6444603_1	0.0	0.0	0.0	0.0	0.0	0.0	0.0	0.0	0.0	0.0	0.0	0.0	0.0	0.0	0.0	0.0	0.0	0.0	0.0	0.0	0.0	0.0	0.0	0.0	0.0	0.0	0.0	0.0	0.0	0.0	0.0	0.0	0.0	0.0	0.0	0.003725504805901206	0.007451009611802412	0.003725504805901206	0.007451009611802412	0.0	0.011176514417703618	0.2309812979658747	0.2458833171894795	0.007451009611802412	0.014902019223604825	0.27568735563668906	4.429625214216477	6.229044035466743	7.052380597571004	5.3386483868563195	5.089039564860953	9.555919827136899	12.33142090753331	15.412413382012907	14.428880113255211	6.717085165039857	0.9909842783697189	2.7643245659787246	2.7866775948141327	0.1452946874301471	0.1415691826242459	0.2496088219953807	0.21235377393636876	0.13411817301244344	0.36137396617241646	0.4172565382609349	0.197451754712764	0.12294165859473984	0.5364726920497744	3.196483123463248	0.294314879666195	0.022353028835407233	0.014902019223604825	0.007451009611802412	0.011176514417703618	0.0	0.0	0.0	0.0	0.0	0.0	0.0	0.0	0.0	0.0	0.0	0.0	0.0	0.0	0.0	0.0	0.0	0.0	0.0	0.0	0.0	0.0	0.0	0.0	0.0	0.0
SRR6444603_2	0.0	0.0	0.0	0.0	0.0	0.0	0.0	0.0	0.0	0.0	0.0	0.0	0.0	0.0	0.0	0.0	0.0	0.0	0.0	0.0	0.0	0.0	0.0	0.0	0.0	0.0	0.0	0.0	0.0	0.0	0.0	0.0	0.0	0.0	0.0	0.0	0.0	0.0	0.0038830427523006794	0.007766085504601359	0.019415213761503396	0.027181299266104752	0.06212868403681086	0.2485147361472434	0.11649128256902039	0.15920475284432795	1.0251232866073774	7.5175707684541555	7.2185764765269695	4.838271269366575	2.6482351570690876	6.519628781112767	7.311769502582196	13.683842659107736	14.802158971770076	12.06073078864642	7.49815555469265	2.0114161456917583	0.3028773346794527	0.22909952238574005	2.1706208985360904	2.702597755601299	0.555275113578998	0.21356735137653737	0.264046907156446	0.14367258183512518	0.21356735137653737	0.5513920708266972	0.3184095056886554	0.17085388110123	0.22909952238574005	0.7766085504601374	2.8618025084456313	0.42325166000077385	0.054362598532209504	0.011649128256902038	0.0038830427523006794	0.0038830427523006794	0.0038830427523006794	0.0	0.0	0.0	0.0	0.0	0.0	0.0038830427523006794	0.0038830427523006794	0.0	0.0	0.0	0.0	0.0	0.0	0.0038830427523006794	0.0038830427523006794	0.0	0.0	0.0	0.0	0.0	0.0
SRR6444635_1	0.0	0.0	0.0	0.0	0.0	0.0	0.0	0.0	0.0	0.0	0.0	0.0	0.0	0.0	0.0	0.0	0.0	0.0	0.0	0.0	0.0	0.0	0.0	0.0	0.0	0.0	0.0	0.0	0.0	0.0	0.0	0.003208830702091977	0.0	0.003208830702091977	0.003208830702091977	0.006417661404183954	0.006417661404183954	0.003208830702091977	0.003208830702091977	0.0	0.0	0.0417147991271957	0.06096778333974755	0.016044153510459885	0.006417661404183954	0.2406623026568981	2.4547554871003903	0.953022718521314	1.2161468360928525	9.571941984340784	10.069310743165023	36.59350532666279	21.518418688227825	5.4967269926835085	4.094467975869298	3.0580156590936483	1.8675394686175417	1.739186240533859	0.6385573097163048	0.035297137723011754	0.006417661404183954	0.0	0.0	0.012835322808367909	0.0673854447439315	0.035297137723011754	0.009626492106275931	0.003208830702091977	0.016044153510459885	0.13156205878577112	0.016044153510459885	0.0	0.0	0.0	0.0	0.0	0.0	0.0	0.0	0.0	0.0	0.0	0.0	0.0	0.0	0.0	0.0	0.0	0.0	0.0	0.0	0.0	0.0	0.0	0.0	0.0	0.0	0.0	0.0	0.0	0.0
SRR6444635_2	0.0	0.0	0.0	0.0	0.0	0.0	0.0	0.0	0.0	0.0	0.0	0.0	0.0	0.0	0.0	0.0	0.0	0.0	0.0	0.0	0.0	0.0	0.0	0.0	0.0	0.0	0.0	0.0	0.0	0.0	0.0	0.0	0.0	0.0	0.0	0.0	0.008861058601133783	0.0029536862003779274	0.0	0.005907372400755855	0.01181474480151171	0.017722117202267563	0.026583175803401346	0.07974952741020402	0.08270321361058196	0.3337665406427057	0.36034971644610725	2.3097826086955626	0.9363185255197992	2.8532608695650703	3.662570888468576	9.797377126653831	24.11389413988646	30.951677693764474	12.931238185254102	4.8469990548201105	2.746928166351471	0.968809073723956	0.5109877126653826	1.1991965973534338	0.45782136105857957	0.34262759924383956	0.09747164461247163	0.02362948960302342	0.02067580340264549	0.05316635160680268	0.05907372400755853	0.008861058601133783	0.005907372400755855	0.005907372400755855	0.008861058601133783	0.026583175803401346	0.10337901701322749	0.01181474480151171	0.0029536862003779274	0.0029536862003779274	0.0	0.0	0.0029536862003779274	0.0	0.0	0.0	0.0	0.0	0.0	0.0	0.0	0.0	0.0	0.0	0.0	0.0	0.0	0.0	0.0	0.0029536862003779274	0.0029536862003779274	0.0	0.0	0.0	0.0
SRR6444637_1	0.0	0.0	0.0	0.0	0.0	0.0	0.0	0.0	0.0	0.0	0.0	0.0	0.0	0.0	0.0	0.0	0.0	0.0	0.0	0.0	0.0	0.0	0.0	0.0	0.0	0.005331485085170492	0.0	0.0	0.0	0.0	0.002665742542585246	0.0	0.0	0.0	0.0	0.002665742542585246	0.0	0.0	0.0	0.0	0.007997227627755737	0.263908511715939	0.27457148188628006	0.021325940340681967	0.03998613813877868	0.3758696985045201	6.149868045744302	6.595047050356088	9.625996321275366	12.30506757657293	11.883880254844557	11.859888571961296	8.93823474528853	6.088555967264835	7.3254605070245296	5.0035987524325165	1.1782582038226772	5.478100925012744	5.619385279769777	0.17860475035321138	0.034654653053608195	0.010662970170340983	0.002665742542585246	0.0	0.01866019779809672	0.02665742542585246	0.01866019779809672	0.010662970170340983	0.04531762322394917	0.5251512808892946	0.07197504864980163	0.007997227627755737	0.002665742542585246	0.0	0.0	0.0	0.0	0.0	0.0	0.0	0.0	0.0	0.0	0.0	0.0	0.0	0.0	0.0	0.0	0.0	0.0	0.0	0.0	0.0	0.0	0.0	0.0	0.0	0.0	0.0	0.0
SRR6444637_2	0.0	0.0	0.0	0.0	0.0	0.0	0.0	0.0	0.0	0.0	0.0	0.0	0.0	0.0	0.0	0.0	0.0	0.0	0.0	0.0	0.0	0.0	0.0	0.0	0.0	0.0	0.0	0.0	0.0	0.0	0.0	0.0	0.0053720118184260165	0.0026860059092130083	0.0	0.0053720118184260165	0.0053720118184260165	0.0053720118184260165	0.0053720118184260165	0.0053720118184260165	0.010744023636852033	0.018802041364491054	0.08863819500402928	0.30620467365028287	0.14773032500671546	0.3250067150147741	2.406661294654859	8.939027665861108	11.633091592801142	12.801504163308536	4.085414987912894	6.672038678485308	10.867579908675609	8.659683051303018	5.527800161160436	6.583400483481268	6.363147998925776	3.078162771958073	0.7869997313994089	0.3250067150147741	3.027128659683029	4.858984689766321	1.214074670964279	0.28471662637657863	0.0913242009132423	0.04297609454740812	0.040290088638195116	0.03760408272898211	0.018802041364491054	0.01611603545527805	0.040290088638195116	0.11281224818694639	0.44856298683857326	0.06446414182111217	0.010744023636852033	0.010744023636852033	0.0053720118184260165	0.0	0.0026860059092130083	0.0	0.0	0.0	0.0	0.0026860059092130083	0.0026860059092130083	0.0	0.0	0.0	0.0	0.0	0.0	0.0026860059092130083	0.0	0.0	0.0	0.0	0.0	0.0026860059092130083	0.0	0.0	0.0
SRR6444656_1	0.0	0.0	0.0	0.0	0.0	0.0	0.0	0.0	0.0	0.0	0.0	0.0	0.0	0.0	0.0	0.0	0.0	0.0	0.0	0.0	0.0	0.0	0.0	0.0	0.0	0.0	0.0	0.0	0.0	0.0	0.0	0.0	0.0	0.0	0.0	0.003215020576131641	0.003215020576131641	0.0	0.0	0.0	0.0	0.0	0.0	0.003215020576131641	0.019290123456789845	0.08359053497942265	0.7201646090534877	17.51221707818776	31.815843621402408	17.145704732508836	1.3342335390946267	6.700102880658427	6.851208847736631	5.533050411522509	6.436471193415602	2.916023662551401	2.160493827160482	0.42438271604937694	0.2089763374485566	0.032150205761316414	0.016075102880658203	0.016075102880658203	0.022505144032921483	0.009645061728394922	0.006430041152263282	0.003215020576131641	0.0	0.0	0.0	0.012860082304526564	0.003215020576131641	0.0	0.0	0.003215020576131641	0.0	0.0	0.0	0.0	0.003215020576131641	0.0	0.0	0.0	0.0	0.0	0.0	0.0	0.0	0.0	0.0	0.0	0.0	0.0	0.0	0.0	0.0	0.0	0.0	0.0	0.0	0.0	0.0
SRR6444656_2	0.0	0.0	0.0	0.0	0.0	0.0	0.0	0.0	0.0	0.0	0.0	0.0	0.0	0.0	0.0	0.0	0.0	0.0	0.0	0.0	0.0	0.0	0.0	0.0	0.0	0.0	0.0	0.0	0.0	0.0	0.0	0.0	0.0	0.0	0.003537568982595072	0.003537568982595072	0.007075137965190144	0.014150275930380289	0.014150275930380289	0.014150275930380289	0.024762982878165505	0.0389132588085458	0.06721381066930635	0.10258950049525709	0.13796519032120785	0.40682043299843323	1.4114900240554273	20.337484080937408	35.69407103438865	4.867694920050727	1.1072590915522533	1.9315126644969176	6.643554549313559	7.312155087024102	4.690816470920984	5.614121975378276	4.878307626998512	2.1437668034526283	1.0541955568133279	0.884392245648767	0.20871656997310922	0.21579170793829933	0.04598839677373594	0.042450827791140865	0.04598839677373594	0.0	0.0	0.0	0.0	0.0	0.003537568982595072	0.003537568982595072	0.010612706947785216	0.0	0.0	0.0	0.0	0.0	0.0	0.0	0.0	0.0	0.0	0.0	0.0	0.0	0.003537568982595072	0.007075137965190144	0.003537568982595072	0.003537568982595072	0.0	0.0	0.0	0.0	0.0	0.0	0.0	0.0	0.0	0.0	0.0
SRR6444657_1	0.0	0.0	0.0	0.0	0.0	0.0	0.0	0.0	0.0	0.0	0.0	0.0	0.0	0.0	0.0	0.0	0.0	0.0	0.0	0.0	0.0	0.0	0.0	0.0	0.0	0.0	0.0	0.0	0.0	0.0	0.0	0.0	0.0	0.0	0.0	0.0	0.0	0.00910580950646492	0.00910580950646492	0.00455290475323246	0.0	0.0	0.0	0.0	0.0	0.00455290475323246	0.045529047532324604	0.06829357129848689	0.14569295210343874	9.775086505190249	28.514842469492596	43.62138044072477	6.29211436896714	3.2553268985612416	5.800400655618063	1.6527044254233743	0.13203423784374133	0.22764523766162312	0.22764523766162312	0.01365871425969738	0.00455290475323246	0.027317428519394754	0.027317428519394754	0.00455290475323246	0.00910580950646492	0.0	0.00455290475323246	0.00910580950646492	0.00910580950646492	0.08195228555818426	0.01365871425969738	0.00455290475323246	0.0	0.00455290475323246	0.0	0.0	0.0	0.0	0.0	0.0	0.0	0.0	0.0	0.0	0.0	0.0	0.0	0.0	0.0	0.0	0.0	0.0	0.0	0.0	0.0	0.0	0.0	0.0	0.0	0.0	0.0
SRR6444657_2	0.0	0.0	0.0	0.0	0.0	0.0	0.0	0.0	0.0	0.0	0.0	0.0	0.0	0.0	0.0	0.0	0.0	0.0	0.0	0.0	0.0	0.0	0.0	0.0	0.0	0.0	0.0	0.0	0.0	0.0	0.0	0.0	0.0	0.0	0.0	0.0	0.0	0.0	0.0	0.007428592653121711	0.0037142963265608554	0.014857185306243421	0.029714370612486843	0.026000074285925982	0.033428666939047696	0.029714370612486843	0.07428592653121707	0.1745719273483603	0.31942948408423316	0.995431415518307	4.152583293094994	19.797199420567967	35.25238643539265	27.411506890019123	4.167440478401238	4.316012331463663	1.8534338669538706	0.6165731902091033	0.14114326040931255	0.05942874122497367	0.033428666939047696	0.16342903836867773	0.1262860751030691	0.03714296326560856	0.014857185306243421	0.011142888979682566	0.011142888979682566	0.011142888979682566	0.0037142963265608554	0.0	0.011142888979682566	0.018571481632804275	0.04828585224529111	0.011142888979682566	0.014857185306243421	0.0037142963265608554	0.0	0.0	0.0	0.0	0.0	0.0	0.0	0.0	0.0	0.0037142963265608554	0.0	0.0	0.0	0.0	0.0	0.0	0.0	0.0	0.0	0.0	0.0	0.0	0.0	0.0	0.0
SRR6444667_1	0.0	0.0	0.0	0.0	0.0	0.0	0.0	0.0	0.0	0.0	0.0	0.0	0.0	0.0	0.0	0.0	0.0	0.0	0.0	0.0	0.0	0.0	0.0	0.0	0.0	0.0	0.0	0.0036045128500883	0.0	0.0	0.0	0.0	0.0036045128500883	0.0072090257001766	0.0036045128500883	0.0	0.0	0.0	0.0036045128500883	0.0036045128500883	0.0144180514003532	0.41451897776015445	0.4577731319612144	0.0288361028007064	0.07209025700176598	1.2471614461305458	14.158526475146644	12.954619183217424	9.84392459359151	6.949500774970277	4.354251522906607	12.70590779656139	13.574595393432471	5.392351223731979	8.820242944166317	4.775979526366915	1.8274880149947728	1.0705403164762217	0.9551959052733976	0.14778502685362038	0.0432541542010596	0.0072090257001766	0.0	0.0072090257001766	0.0072090257001766	0.0	0.0	0.0	0.0180225642504415	0.11894892405291393	0.0036045128500883	0.0036045128500883	0.0	0.0	0.0	0.0	0.0	0.0	0.0	0.0	0.0	0.0	0.0	0.0	0.0	0.0	0.0	0.0	0.0	0.0	0.0	0.0	0.0	0.0	0.0	0.0	0.0	0.0	0.0	0.0	0.0
SRR6444667_2	0.0	0.0	0.0	0.0	0.0	0.0	0.0	0.0	0.0	0.0	0.0	0.0	0.0	0.0	0.0	0.0	0.0	0.0	0.0	0.0	0.0	0.0	0.0	0.0	0.0	0.0	0.0	0.0	0.0	0.0	0.0	0.0035453449620648243	0.010636034886194473	0.0070906899241296485	0.010636034886194473	0.010636034886194473	0.021272069772388946	0.0070906899241296485	0.01772672481032412	0.02481741473445377	0.028362759696518594	0.06736155427923164	0.12054172871020406	0.5743458838545028	1.0529674537332494	3.0489966673757616	5.633553144720904	18.71587605473892	11.710274409700423	3.974331702474628	1.6450400623980788	5.722186768772533	9.366801389775588	12.039991491172376	7.565766149046452	7.856484435935801	4.998936396511304	2.4781961284833365	1.2408707367226826	0.16308586825498203	0.4183507055236494	0.8367014110472982	0.33326242643409304	0.09217896901368541	0.02481741473445377	0.010636034886194473	0.01772672481032412	0.0035453449620648243	0.0035453449620648243	0.0	0.0070906899241296485	0.014181379848259297	0.09217896901368541	0.02481741473445377	0.0	0.0	0.0	0.0	0.0	0.0	0.0035453449620648243	0.0	0.0	0.0	0.0	0.0	0.0	0.0	0.0	0.0	0.0	0.0	0.0	0.0	0.0	0.0	0.0	0.0	0.0	0.0	0.0
SRR6444669_1	0.0	0.0	0.0	0.0	0.0	0.0	0.0	0.0	0.0	0.0	0.0	0.0	0.0	0.0	0.0	0.0	0.0	0.0	0.0	0.0	0.0	0.0	0.0	0.0	0.0	0.0	0.0	0.0	0.0	0.0	0.005160757599215567	0.0	0.010321515198431134	0.010321515198431134	0.0	0.0	0.0	0.005160757599215567	0.010321515198431134	0.010321515198431134	0.03612530319450897	1.223099551014089	1.212778035815658	0.07225060638901794	0.9753831862517449	9.284202920988779	19.83279145378524	15.44098673685365	6.910254425349523	4.242142746555225	3.8963719874077962	8.50492852350714	8.313980492336142	4.9646488104453645	7.472777003663987	5.589100479950412	0.7792743974815519	0.44382515353253826	0.2890024255560718	0.025803787996077836	0.015482272797646702	0.08257212158744906	0.06192909119058681	0.005160757599215567	0.010321515198431134	0.010321515198431134	0.0	0.010321515198431134	0.12901893998038916	0.10837590958352689	0.005160757599215567	0.0	0.0	0.0	0.0	0.0	0.0	0.0	0.0	0.0	0.0	0.0	0.0	0.0	0.0	0.0	0.0	0.0	0.0	0.0	0.0	0.0	0.0	0.0	0.0	0.0	0.0	0.0	0.0	0.0	0.0
SRR6444669_2	0.0	0.0	0.0	0.0	0.0	0.0	0.0	0.0	0.0	0.0	0.0	0.0	0.0	0.0	0.0	0.0	0.0	0.0	0.0	0.0	0.0	0.0	0.0	0.0	0.0	0.0	0.0	0.0	0.0	0.0	0.0	0.0	0.0	0.0	0.005387931034482869	0.005387931034482869	0.01616379310344861	0.01616379310344861	0.01616379310344861	0.01616379310344861	0.005387931034482869	0.021551724137931477	0.25862068965517787	1.3577586206896812	0.47413793103449187	1.3793103448276123	6.481681034482806	28.507543103446892	14.073275862069723	5.301724137931124	2.6778017241379914	3.873922413793222	7.785560344827585	7.456896551724149	4.579741379310461	8.022629310344819	5.441810344827671	1.0290948275862308	0.27478448275862644	0.05926724137931157	0.09698275862069161	0.2963362068965579	0.14547413793103744	0.08620689655172589	0.010775862068965738	0.010775862068965738	0.005387931034482869	0.005387931034482869	0.0	0.005387931034482869	0.010775862068965738	0.07004310344827729	0.08620689655172589	0.01616379310344861	0.005387931034482869	0.010775862068965738	0.0	0.0	0.0	0.0	0.0	0.0	0.0	0.0	0.0	0.0	0.0	0.0	0.0	0.0	0.0	0.0	0.0	0.0	0.0	0.0	0.0	0.0	0.0	0.0	0.0
SRR6444670_1	0.0	0.0	0.0	0.0	0.0	0.0	0.0	0.0	0.0	0.0	0.0	0.0	0.0	0.0	0.0	0.0	0.0	0.0	0.0	0.0	0.0	0.0	0.0	0.0	0.0	0.0	0.0	0.0	0.0	0.0	0.0	0.0	0.0	0.0	0.0	0.0	0.0	0.0	0.0	0.0	0.010640108954715823	0.07022471910112445	0.08086482805584029	0.02128021790943165	0.04043241402792011	1.1640279196459162	17.89666326183302	9.082397003745145	10.26132107592739	7.918369084099498	4.121978209056933	10.427306775620918	13.961950970377318	8.86533878106899	6.384065372829774	3.8985359210078743	0.8086482805583981	2.11738168198844	2.2365509022812504	0.08937691521961295	0.017024174327545317	0.010640108954715823	0.008512087163772658	0.004256043581886329	0.0	0.0021280217909431646	0.0021280217909431646	0.0021280217909431646	0.07022471910112445	0.37453183520599787	0.03617637044603379	0.008512087163772658	0.004256043581886329	0.0021280217909431646	0.0	0.0	0.0	0.0	0.0	0.0	0.0	0.0	0.0	0.0	0.0	0.0	0.0	0.0	0.0	0.0	0.0	0.0	0.0	0.0	0.0	0.0	0.0	0.0	0.0	0.0	0.0
SRR6444670_2	0.0	0.0	0.0	0.0	0.0	0.0	0.0	0.0	0.0	0.0	0.0	0.0	0.0	0.0	0.0	0.0	0.0	0.0	0.0	0.0	0.0	0.0	0.0	0.0	0.0	0.0	0.0	0.0	0.0	0.0	0.0	0.004380201489268374	0.010950503723170937	0.004380201489268374	0.006570302233902562	0.013140604467805123	0.008760402978536749	0.0	0.008760402978536749	0.010950503723170937	0.028471309680244434	0.021901007446341877	0.032851511169512806	0.12702584318878288	0.10074463425317269	0.3832676303109837	5.838808585194948	26.248357424445327	12.656592203239928	2.2864651773980764	1.3206307490144238	4.776609724047247	8.902759526937782	13.136224266314706	7.264564169951783	6.773981603153836	4.3123083661847454	1.2855891371002757	0.21681997371878428	0.12264564169951452	0.7052124397722055	2.0608848007007676	0.6154183092422051	0.10731493648707525	0.039421813403415364	0.017520805957073497	0.008760402978536749	0.002190100744634187	0.004380201489268374	0.015330705212439311	0.019710906701707685	0.07665352606219658	0.35479632063073907	0.054752518615854666	0.006570302233902562	0.0	0.002190100744634187	0.0	0.002190100744634187	0.0	0.002190100744634187	0.0	0.0	0.0	0.0	0.0	0.0	0.0	0.0	0.0	0.0	0.0	0.0	0.0	0.0	0.0	0.0	0.0	0.0	0.0	0.0
SRR6444675_1	0.0	0.0	0.0	0.0	0.0	0.0	0.0	0.0	0.0	0.0	0.0	0.0	0.0	0.0	0.0	0.0	0.0	0.0	0.0	0.0	0.0	0.0	0.0	0.0	0.0	0.0	0.0	0.0	0.0	0.0	0.0	0.0	0.0	0.0	0.0	0.0	0.0	0.004751948298802514	0.0	0.004751948298802514	0.01425584489640754	1.6631819045808718	1.658429956282069	0.05227143128682765	0.08078312107964271	1.2830260406766758	21.59285306975769	15.54837483368227	14.655008553507601	6.3961224101880685	1.7724767154533279	5.483748336818038	8.72457707660141	7.085154913514394	8.985934233035579	3.544953430906714	0.90287017677248	0.06652727618323519	0.009503896597605027	0.01425584489640754	0.023759741494012568	0.01425584489640754	0.009503896597605027	0.0	0.004751948298802514	0.0	0.0	0.0	0.023759741494012568	0.3231324843185707	0.05702337958563016	0.0	0.0	0.0	0.0	0.0	0.0	0.0	0.0	0.0	0.0	0.0	0.0	0.0	0.0	0.0	0.0	0.0	0.0	0.0	0.0	0.0	0.0	0.0	0.0	0.0	0.0	0.0	0.0	0.0	0.0
SRR6444675_2	0.0	0.0	0.0	0.0	0.0	0.0	0.0	0.0	0.0	0.0	0.0	0.0	0.0	0.0	0.0	0.0	0.0	0.0	0.0	0.0	0.0	0.0	0.0	0.0	0.0	0.0	0.0	0.0	0.0	0.0	0.0	0.004720878083323649	0.009441756166647297	0.004720878083323649	0.004720878083323649	0.014162634249970947	0.023604390416618243	0.009441756166647297	0.004720878083323649	0.014162634249970947	0.009441756166647297	0.014162634249970947	0.17939336716629872	1.7042369880798283	0.410716393249157	0.4201581494158042	3.639797002242574	28.58019591643883	18.217868523545775	6.52425351115316	0.8544789330815826	1.369054644163854	6.599787560486334	8.851646406231858	6.949132538652264	8.228490499233065	4.739761595656922	1.7561666469963877	0.2502065384161535	0.051929658916560144	0.023604390416618243	0.02832526849994189	0.018883512333294595	0.014162634249970947	0.018883512333294595	0.014162634249970947	0.0	0.004720878083323649	0.009441756166647297	0.0	0.009441756166647297	0.051929658916560144	0.2879735630827425	0.0472087808332365	0.009441756166647297	0.0	0.0	0.004720878083323649	0.0	0.0	0.0	0.0	0.0	0.0	0.0	0.0	0.0	0.0	0.0	0.0	0.0	0.0	0.0	0.0	0.0	0.0	0.0	0.004720878083323649	0.0	0.004720878083323649	0.0070813171249854735
SRR6444678_1	0.0	0.0	0.0	0.0	0.0	0.0	0.0	0.0	0.0	0.0	0.0	0.0	0.0	0.0	0.0	0.0	0.0	0.0	0.0	0.0	0.0	0.0	0.0	0.0	0.0	0.0	0.0	0.0	0.0	0.0	0.0	0.0	0.0	0.0	0.0	0.0	0.0	0.0025502397225339304	0.007650719167601792	0.0025502397225339304	0.02805263694787324	0.7599714373151089	0.8160767112108546	0.03060287667040717	0.038253595838008955	0.18106702029990895	7.579312455371169	17.645108640211742	18.323472406406076	11.330715087217815	2.239110476384797	6.957053963072819	9.734265020911936	5.044374171172153	8.454044680200195	3.2847087626236497	1.1374069162501321	2.6547995511578044	2.527287565031115	0.07905743139855186	0.020401917780271443	0.017851678057737512	0.007650719167601792	0.0025502397225339304	0.010200958890135722	0.007650719167601792	0.010200958890135722	0.007650719167601792	0.14536366418443405	0.8186269509333883	0.07905743139855186	0.007650719167601792	0.005100479445067861	0.0025502397225339304	0.0	0.0	0.0	0.0	0.0	0.0	0.0	0.0	0.0	0.0	0.0	0.0	0.0	0.0	0.0	0.0	0.0	0.0	0.0	0.0	0.0	0.0	0.0	0.0	0.0	0.0	0.0
SRR6444678_2	0.0	0.0	0.0	0.0	0.0	0.0	0.0	0.0	0.0	0.0	0.0	0.0	0.0	0.0	0.0	0.0	0.0	0.0	0.0	0.0	0.0	0.0	0.0	0.0	0.0	0.0	0.0	0.0	0.0	0.0	0.0	0.0	0.0	0.0	0.005295277935900506	0.005295277935900506	0.005295277935900506	0.015885833807701515	0.005295277935900506	0.00794291690385076	0.021181111743602023	0.03177166761540304	0.13238194839751272	0.8869590542633307	0.264763896795025	0.2409351460834727	1.5806404638663112	18.729398059279728	24.453593507990778	4.522167357258991	1.6415361601291687	4.606891804233408	7.132739379658237	7.834363706165133	5.658004474509778	6.920928262222192	6.5820304743245215	2.7535445266682452	0.4977561259746489	0.14032486530136346	0.5798329339811057	2.486132990905285	0.8048822462568741	0.13502958736546297	0.037066945551303535	0.013238194839751263	0.018533472775651767	0.029124028647452786	0.026476389679502527	0.037066945551303535	0.06354333523080605	0.20122056156421905	0.7095672434106662	0.14032486530136346	0.018533472775651767	0.00794291690385076	0.0	0.0	0.002647638967950253	0.0	0.0	0.0	0.002647638967950253	0.002647638967950253	0.0	0.0	0.0	0.0	0.0	0.0	0.002647638967950253	0.0	0.0	0.0	0.0	0.0	0.0	0.0	0.0	0.0	0.00397145845192538
SRR6444679_1	0.0	0.0	0.0	0.0	0.0	0.0	0.0	0.0	0.0	0.0	0.0	0.0	0.0	0.0	0.0	0.0	0.0	0.0	0.0	0.0	0.0	0.0	0.0031313605761703668	0.0062627211523407335	0.0031313605761703668	0.0	0.0	0.0	0.0	0.0062627211523407335	0.0031313605761703668	0.0031313605761703668	0.0031313605761703668	0.0	0.0	0.0	0.0	0.0	0.0	0.0031313605761703668	0.0093940817285111	0.10333489901362211	0.13464850477532586	0.028182245185533302	0.04383904806638513	0.6607170815719482	9.926413026460429	3.5039924847346056	2.783779552215462	15.318615938624575	20.15969938938349	24.421481133553296	9.531861593863024	7.095663065602201	2.9935807108188643	1.3934554563958117	0.22545796148426625	0.7045561296383327	0.6669798027242888	0.018788163457022198	0.0031313605761703668	0.012525442304681467	0.015656802880851833	0.0062627211523407335	0.012525442304681467	0.0093940817285111	0.0	0.0	0.012525442304681467	0.15969938938468878	0.012525442304681467	0.0	0.0	0.0	0.0	0.0	0.0	0.0	0.0	0.0	0.0	0.0	0.0	0.0	0.0	0.0	0.0	0.0	0.0	0.0	0.0	0.0	0.0	0.0	0.0	0.0	0.0	0.0	0.0	0.0	0.0
SRR6444679_2	0.0	0.0	0.0	0.0	0.0	0.0	0.0	0.0	0.0	0.0	0.0	0.0	0.0	0.0	0.0	0.0	0.0	0.0	0.0	0.0	0.0	0.0	0.0	0.0	0.0	0.0	0.0	0.0	0.0	0.0	0.0	0.0	0.0030322326328875372	0.0030322326328875372	0.0030322326328875372	0.0	0.0	0.0030322326328875372	0.0030322326328875372	0.0030322326328875372	0.009096697898662612	0.024257861063100298	0.03638679159465045	0.15161163164437694	0.07883804845507596	0.13645046847993927	1.322053427938964	9.727402286303548	4.2815124776371185	1.643470087025052	2.644106855877941	15.367354983473087	25.288820158283393	25.067467176082502	6.640589466023826	4.029837169107467	1.5949543648988502	0.43664149913580597	0.15464386427726448	0.04851572212620059	0.20619181903635242	0.6276721550077212	0.15161163164437694	0.024257861063100298	0.02122562843021276	0.015161163164437687	0.009096697898662612	0.009096697898662612	0.0060644652657750745	0.009096697898662612	0.012128930531550149	0.024257861063100298	0.13341823584705173	0.01819339579732522	0.0	0.0060644652657750745	0.0060644652657750745	0.0060644652657750745	0.0030322326328875372	0.0030322326328875372	0.0	0.0	0.0	0.0	0.0	0.0	0.0	0.0	0.0	0.0	0.0030322326328875372	0.0030322326328875372	0.0	0.0	0.0	0.0	0.0	0.0	0.0	0.0	0.0
SRR6444680_1	0.0	0.0	0.0	0.0	0.0	0.0	0.0	0.0	0.0	0.0	0.0	0.0	0.0	0.0	0.0	0.0	0.0	0.0	0.0	0.0	0.0	0.0	0.0027508802816902035	0.0027508802816902035	0.0	0.0	0.0027508802816902035	0.0027508802816902035	0.0	0.0	0.0	0.0	0.0	0.0027508802816902035	0.0	0.0	0.0	0.0	0.0	0.0	0.0027508802816902035	0.005501760563380407	0.008252640845070613	0.0027508802816902035	0.06051936619718446	0.9050396126760731	12.579775528168746	11.275858274647886	9.339238556338424	10.824713908450795	10.439590669014255	16.458516725351053	10.557878521126906	5.457746478873408	5.545774647887504	5.3009463028170485	0.8555237676056501	0.14029489436620046	0.03576144366197265	0.06051936619718446	0.02200704225352163	0.013754401408451019	0.008252640845070613	0.008252640845070613	0.005501760563380407	0.008252640845070613	0.0027508802816902035	0.005501760563380407	0.005501760563380407	0.04951584507042365	0.0	0.0	0.0	0.0	0.0	0.0	0.0	0.0	0.0	0.0	0.0	0.0	0.0	0.0	0.0	0.0	0.0	0.0	0.0	0.0	0.0	0.0	0.0	0.0	0.0	0.0	0.0	0.0	0.0	0.0	0.0
SRR6444680_2	0.0	0.0	0.0	0.0	0.0	0.0	0.0	0.0	0.0	0.0	0.0	0.0	0.0	0.0	0.0	0.0	0.0	0.0	0.0	0.0	0.0	0.0	0.0	0.0	0.0	0.0	0.0	0.0	0.0	0.0	0.0	0.0	0.0027381131662173003	0.0	0.0054762263324346005	0.0054762263324346005	0.0054762263324346005	0.0027381131662173003	0.0164286789973038	0.0191667921635211	0.0164286789973038	0.0191667921635211	0.0191667921635211	0.030119244828390304	0.08214339498651901	0.25738263762442587	2.1247758169846476	17.29392275782715	13.786399791903268	3.480141834262134	2.2863244937914593	10.421258710622968	16.70796654025646	16.163082020179342	5.476226332434649	4.931341812357344	3.852525224867666	2.1959667593062933	0.5092890489164192	0.0438098106594768	0.0191667921635211	0.024643018495955703	0.0383335843270422	0.0164286789973038	0.0191667921635211	0.013690565831086502	0.013690565831086502	0.0191667921635211	0.008214339498651902	0.008214339498651902	0.0027381131662173003	0.0027381131662173003	0.046547923825694094	0.0027381131662173003	0.0	0.0	0.0	0.0	0.0	0.0027381131662173003	0.0	0.0	0.0	0.0	0.0	0.0	0.0	0.0	0.0	0.0	0.0	0.0027381131662173003	0.0	0.0	0.0	0.0	0.0	0.0	0.0	0.0	0.004107169749325951
SRR6444695_1	0.0	0.0	0.0	0.0	0.0	0.0	0.0	0.0	0.0	0.0	0.0	0.0	0.0	0.0	0.0	0.0	0.0	0.0	0.0	0.0	0.0	0.0	0.0	0.0	0.0	0.0	0.0	0.0	0.0	0.0	0.0	0.0	0.0	0.0	0.0	0.0	0.0	0.0	0.0	0.0	0.005636343140570348	0.005636343140570348	0.011272686281140696	0.005636343140570348	0.06763611768684419	1.1779957163792043	15.832487881862727	14.395220381017124	14.524856273250258	8.747604554164994	3.5283508059970643	7.028519896291121	6.459249239093548	6.96088377860428	7.045428925712831	7.10179235711853	2.3109006876338345	1.6852665990305284	1.6458121970465367	0.2705444707473769	0.03381805884342209	0.016909029421711047	0.016909029421711047	0.005636343140570348	0.0	0.0	0.005636343140570348	0.011272686281140696	0.1521812647953994	0.8059970691015609	0.09581783338969589	0.028181715702851738	0.011272686281140696	0.005636343140570348	0.0	0.0	0.0	0.0	0.0	0.0	0.0	0.0	0.0	0.0	0.0	0.0	0.0	0.0	0.0	0.0	0.0	0.0	0.0	0.0	0.0	0.0	0.0	0.0	0.0	0.0	0.0
SRR6444695_2	0.0	0.0	0.0	0.0	0.0	0.0	0.0	0.0	0.0	0.0	0.0	0.0	0.0	0.0	0.0	0.0	0.0	0.0	0.0	0.0	0.0	0.0	0.0	0.0	0.0	0.0	0.0	0.005925574780753777	0.0	0.0	0.0	0.0	0.005925574780753777	0.005925574780753777	0.011851149561507554	0.011851149561507554	0.023702299123015108	0.011851149561507554	0.005925574780753777	0.005925574780753777	0.03555344868452266	0.023702299123015108	0.023702299123015108	0.09480919649206042	0.22517184166864365	0.6340365015406537	3.970135103105066	25.758473571935774	15.110215690922606	7.039582839535398	1.3865844986963833	4.574543730741967	7.969898080113688	4.136051196966176	8.45579521213547	5.463379947854983	6.358141739748752	3.276842853756854	0.46812040767954793	0.10666034605356796	1.22066840483528	1.570277316899748	0.42664138421427167	0.11851149561507551	0.08295804693055286	0.02962787390376889	0.02962787390376889	0.02962787390376889	0.011851149561507554	0.02962787390376889	0.0770324721497991	0.22517184166864365	0.7110689736904535	0.15999051908035197	0.02962787390376889	0.005925574780753777	0.005925574780753777	0.005925574780753777	0.005925574780753777	0.005925574780753777	0.005925574780753777	0.0	0.0	0.0	0.0	0.0	0.0	0.0	0.0	0.0	0.0	0.0	0.0	0.0	0.0	0.005925574780753777	0.005925574780753777	0.0	0.0	0.0	0.0
SRR6444702_1	0.0	0.0	0.0	0.0	0.0	0.0	0.0	0.0	0.0	0.0	0.0	0.0	0.0	0.0	0.0	0.0	0.0	0.0	0.0	0.0	0.0	0.0	0.0	0.0	0.0019058509624547307	0.0	0.0019058509624547307	0.0	0.0	0.0	0.0	0.0	0.0	0.0	0.0	0.0	0.0	0.0	0.0	0.005717552887364193	0.026681913474366232	0.47265103868877273	0.4955212502382292	0.024776062511911497	0.03811701924909461	0.8290451686678064	10.689918048407751	12.302267962644493	19.102344196686065	15.317324185249248	2.607204116638023	8.566800076233664	10.95101963026399	5.774728416238091	3.9470173432437963	3.253287592910196	1.4751286449399776	1.5971031065370733	1.6123499142367104	0.2896893462931196	0.04764627406136825	0.009529254812273654	0.0038117019249094613	0.0019058509624547307	0.0038117019249094613	0.0	0.0038117019249094613	0.013340956737183116	0.06479893272346086	0.4116638078902222	0.05145797598627772	0.005717552887364193	0.0	0.0	0.0	0.0	0.0	0.0	0.0	0.0	0.0	0.0	0.0	0.0	0.0	0.0	0.0	0.0	0.0	0.0	0.0	0.0	0.0	0.0	0.0	0.0	0.0	0.0	0.0	0.0	0.0
SRR6444702_2	0.0	0.0	0.0	0.0	0.0	0.0	0.0	0.0	0.0	0.0	0.0	0.0	0.0	0.0	0.0	0.0	0.0	0.0	0.0	0.0	0.0	0.0	0.0	0.0	0.0	0.0	0.0	0.0	0.0	0.0	0.0	0.0	0.0039022867400294527	0.00975571685007363	0.005853430110044179	0.0019511433700147263	0.0	0.0019511433700147263	0.005853430110044179	0.005853430110044179	0.013658003590103085	0.021462577070161994	0.10731288535080998	0.5502224303441514	0.21072348396159032	0.30242722235228314	2.7042847108403594	26.570670412862547	22.927885741046936	6.128541325216497	1.1960508858190357	4.222274252711939	9.595723093731877	8.990868649027451	4.608600639974899	3.7032701162879627	2.721845001170491	1.7696870366033586	0.28291578865213574	0.08389916491063328	0.36096152345272536	1.543354405681663	0.5697338640442984	0.1190197455708983	0.03316943729025034	0.00975571685007363	0.011706860220088357	0.007804573480058905	0.019511433700147265	0.01560914696011781	0.013658003590103085	0.07414344806055964	0.38047295715287255	0.06243658784047126	0.005853430110044179	0.005853430110044179	0.0019511433700147263	0.0039022867400294527	0.0039022867400294527	0.0019511433700147263	0.0	0.0	0.0039022867400294527	0.0	0.0	0.0	0.0	0.0	0.0	0.0	0.0019511433700147263	0.0019511433700147263	0.0	0.0	0.0	0.0	0.0	0.0	0.0	0.0	0.0
SRR6444708_1	0.0	0.0	0.0	0.0	0.0	0.0	0.0	0.0	0.0	0.0	0.0	0.0	0.0	0.0	0.0	0.0	0.0	0.0	0.0	0.0	0.0	0.0	0.0	0.0	0.0	0.0	0.0	0.0	0.0	0.0	0.0	0.0	0.0018142564270032784	0.0	0.0	0.0	0.0	0.0	0.0	0.003628512854006557	0.005442769281009837	0.40820769607573776	0.46807815816684517	0.01632830784302951	0.021771077124039348	0.31386636187156797	4.963805584281154	4.856764455087949	20.490212086578264	22.875959288087866	7.5309784284904175	4.680781581668611	10.747655073566499	4.114733576443523	6.426096264445672	4.336072860537948	1.0341261633918746	2.668771204121766	2.930024129610248	0.5134345688419264	0.07982728278814431	0.007257025708013114	0.007257025708013114	0.003628512854006557	0.005442769281009837	0.0	0.003628512854006557	0.005442769281009837	0.05624194923710164	0.36103702897365325	0.047170667102085236	0.005442769281009837	0.005442769281009837	0.0018142564270032784	0.0018142564270032784	0.0	0.0	0.0	0.0	0.0	0.0	0.0	0.0	0.0	0.0	0.0	0.0	0.0	0.0	0.0	0.0	0.0	0.0	0.0	0.0	0.0	0.0	0.0	0.0	0.0	0.0
SRR6444708_2	0.0	0.0	0.0	0.0	0.0	0.0	0.0	0.0	0.0	0.0	0.0	0.0	0.0	0.0	0.0	0.0	0.0	0.0	0.0	0.0	0.0	0.0	0.0	0.0	0.0	0.0	0.0	0.0	0.0	0.0	0.0	0.0040824241434562845	0.0040824241434562845	0.006123636215184428	0.008164848286912569	0.008164848286912569	0.008164848286912569	0.006123636215184428	0.0040824241434562845	0.016329696573825138	0.010206060358640712	0.028576969004193993	0.1041018156581353	0.5674569559404221	0.3653769608393384	1.7411538971841132	3.727253242975584	22.428838244152185	13.865953603248732	5.686816831834824	1.7554423816862095	2.8658617487062563	7.546361029178937	12.104387585346842	4.5988507976036	6.829895592002522	6.244067727416669	1.4962084485767442	0.7327951337503994	0.5715393800838784	1.8656678335595231	3.002622957512034	0.8818036149865559	0.23473938824873636	0.040824241434562834	0.018370908645553283	0.010206060358640712	0.006123636215184428	0.0040824241434562845	0.014288484502096997	0.032659393147650276	0.10001939151467903	0.3653769608393384	0.071442422510485	0.008164848286912569	0.0	0.0	0.0	0.0	0.0020412120717281422	0.0	0.0	0.0	0.0	0.0	0.0	0.0	0.0	0.0	0.0	0.0	0.0	0.0	0.0	0.0	0.0	0.0	0.0	0.0	0.0020412120717281422	0.003061818107592214
SRR6444713_1	0.0	0.0	0.0	0.0	0.0	0.0	0.0	0.0	0.0	0.0	0.0	0.0	0.0	0.0	0.0	0.0	0.0	0.0	0.0	0.0	0.0	0.0	0.0	0.0	0.0	0.0	0.0	0.0	0.0	0.0	0.0	0.0	0.0	0.0	0.0	0.0	0.0	0.0	0.004935834155972317	0.02467917077986158	0.07897334649555704	1.278381046396828	1.3474827245804393	0.11352418558736323	0.927936821322798	6.614017769002786	13.410661401777274	9.536031589338565	5.7996051332674	4.027640671273439	4.659427443237861	11.15498519249767	12.482724580454372	9.368213228035486	8.514313919052178	5.834155972359205	1.1747285291214107	1.2734452122408555	1.1549851924975216	0.15794669299111413	0.03455083909180621	0.07897334649555704	0.07403751233958474	0.02467917077986158	0.08390918065152936	0.11846001974333553	0.039486673247778534	0.019743336623889267	0.26653504442250514	0.2788746298124359	0.02221125370187542	0.009871668311944633	0.004935834155972317	0.004935834155972317	0.0	0.0	0.0	0.0	0.0	0.0	0.0	0.0	0.0	0.0	0.0	0.0	0.0	0.0	0.0	0.0	0.0	0.0	0.0	0.0	0.0	0.0	0.0	0.0	0.0	0.0	0.0
SRR6444713_2	0.0	0.0	0.0	0.0	0.0	0.0	0.0	0.0	0.0	0.0	0.0	0.0	0.0	0.0	0.0	0.0	0.0	0.0	0.0	0.0	0.0	0.0	0.0	0.0	0.0	0.0	0.0	0.0	0.0	0.0	0.0	0.0	0.0	0.01028066207463757	0.015420993111956357	0.0	0.01028066207463757	0.005140331037318785	0.01028066207463757	0.02056132414927514	0.056543641410506655	0.07196463452246299	0.287858538089852	1.408450704225344	0.5088927726945591	1.3519070628148382	4.394983036907582	18.258455844556483	10.450292998869202	4.790788526781105	2.205202015009754	5.094068057982897	10.53767862650363	11.236763647579066	9.201192556800594	8.527809190911757	5.895959699804582	2.241184332270987	0.3084198622391271	0.1285082759329696	0.32384085535108337	1.1051711730235398	0.5294540968438345	0.14906960008224476	0.06682430348514422	0.01028066207463757	0.06682430348514422	0.15420993111956358	0.07710496555978177	0.035982317261231495	0.04626297933586907	0.13364860697028838	0.17991158630615756	0.061683972447825426	0.01028066207463757	0.005140331037318785	0.005140331037318785	0.0	0.0	0.0	0.0	0.0	0.0	0.0	0.0	0.0	0.0	0.005140331037318785	0.0	0.0	0.005140331037318785	0.0	0.0	0.0	0.0	0.0	0.0	0.0	0.0	0.0	0.0
SRR6444724_1	0.0	0.0	0.0	0.0	0.0	0.0	0.0	0.0	0.0	0.0	0.0	0.0	0.0	0.0	0.0	0.0	0.0	0.0	0.0	0.0	0.0	0.0	0.0	0.0	0.0	0.0	0.0	0.0	0.0	0.0	0.0	0.0	0.0	0.0	0.0	0.005317734645041012	0.005317734645041012	0.002658867322520506	0.0	0.0	0.0	0.0	0.0	0.023929805902684554	0.04254187716032809	0.6088806168571959	11.363998936452287	7.859611805370951	21.704333953735844	25.237968625367202	5.503855357617516	8.976336080829414	9.399095985110078	3.45120978463156	3.15075777718676	2.169635735176749	0.23132145705928372	0.06913055038553315	0.04254187716032809	0.010635469290082024	0.007976601967561517	0.0505184791278896	0.05849508109545111	0.002658867322520506	0.0	0.0	0.0	0.0	0.0	0.005317734645041012	0.005317734645041012	0.002658867322520506	0.0	0.005317734645041012	0.002658867322520506	0.0	0.0	0.0	0.0	0.0	0.0	0.0	0.0	0.0	0.0	0.0	0.0	0.0	0.0	0.0	0.0	0.0	0.0	0.0	0.0	0.0	0.0	0.0	0.0	0.0	0.0
SRR6444724_2	0.0	0.0	0.0	0.0	0.0	0.0	0.0	0.0	0.0	0.0	0.0	0.0	0.0	0.0	0.0	0.0	0.0	0.0	0.0	0.0	0.0	0.0	0.0	0.0	0.0	0.0	0.0	0.0	0.0	0.0	0.0	0.0	0.002795834207031325	0.002795834207031325	0.00559166841406265	0.002795834207031325	0.002795834207031325	0.013979171035156626	0.0111833368281253	0.008387502621093976	0.013979171035156626	0.0223666736562506	0.05871251834765781	0.07269168938281442	0.12301670510937839	0.34109177325782175	2.04375480533992	28.22953798839875	26.241699867198577	6.1284685818127755	1.4370587824141052	1.9514922765078837	6.841406304605843	8.328790102746678	7.842314950723173	5.857272663730705	3.1509051513242707	0.7129377227929868	0.17613755504297343	0.08387502621093976	0.05871251834765781	0.08107919200390842	0.07269168938281442	0.0223666736562506	0.013979171035156626	0.00559166841406265	0.0	0.0	0.002795834207031325	0.0	0.002795834207031325	0.0	0.008387502621093976	0.008387502621093976	0.0	0.0	0.0	0.0	0.0	0.0	0.0	0.0	0.0	0.0	0.0	0.002795834207031325	0.00559166841406265	0.0	0.0	0.0	0.0	0.0	0.0	0.0	0.0	0.0	0.0	0.0	0.0	0.002795834207031325	0.004193751310546988
SRR6444735_1	0.0	0.0	0.0	0.0	0.0	0.0	0.0	0.0	0.0	0.0	0.0	0.0	0.0	0.0	0.0	0.0	0.0	0.0	0.0	0.0	0.0	0.0	0.0	0.0	0.0	0.004370820402989763	0.0	0.0	0.0	0.0	0.0	0.0	0.0	0.0	0.0	0.0	0.0	0.004370820402989763	0.0021854102014948816	0.006556230604484645	0.006556230604484645	0.3409239914332022	0.3802613750601103	0.019668691813453938	0.06337689584335157	2.5394466541370226	14.430263560469939	9.572096682547237	10.876786572839386	7.8346955723592	5.144455614319079	9.744744088465293	11.665719655578858	5.2908780978192524	8.492504043009012	3.5294374754141775	1.105817561956413	4.049565103370019	4.0255255911535714	0.3715197342541307	0.0590060754403618	0.008741640805979526	0.004370820402989763	0.006556230604484645	0.02185410201494882	0.02622492241793858	0.01311246120896929	0.017483281611959053	0.04152279382840274	0.2556929935749012	0.03715197342541298	0.0021854102014948816	0.0	0.0	0.0	0.0021854102014948816	0.0021854102014948816	0.0	0.0	0.0	0.0	0.0	0.0	0.0	0.0	0.0	0.0	0.0	0.0	0.0	0.0	0.0	0.0	0.0	0.0	0.0	0.0	0.0	0.0	0.0	0.0
SRR6444735_2	0.0	0.0	0.0	0.0	0.0	0.0	0.0	0.0	0.0	0.0	0.0	0.0	0.0	0.0	0.0	0.0	0.0	0.0	0.0	0.0	0.0	0.0	0.0	0.0	0.0	0.0	0.0	0.0	0.0	0.002289272469209312	0.002289272469209312	0.0	0.002289272469209312	0.0068678174076279375	0.0068678174076279375	0.002289272469209312	0.0068678174076279375	0.011446362346046561	0.002289272469209312	0.013735634815255872	0.018314179753674498	0.034339087038139676	0.06867817407627937	0.4418295865573984	0.20374524975962852	0.5540039375486531	5.306533583627309	17.886085801932815	12.643651847442076	8.410787051875019	2.0145597729042	5.487386108694865	9.5256627443797	12.824504372509567	6.686964882560681	5.045556522137417	3.2988416281305515	2.0603452222883836	0.32736596309693206	0.12133144086809357	0.8928162629916272	4.013094638523901	1.3003067625108964	0.1900096149443727	0.05265326679181416	0.029760542099721055	0.011446362346046561	0.041206904445767606	0.025181997161302438	0.011446362346046561	0.02060345222288381	0.07096744654548869	0.2632663339590709	0.03662835950734899	0.0068678174076279375	0.0068678174076279375	0.0068678174076279375	0.002289272469209312	0.0	0.0	0.0	0.0	0.0	0.0	0.0	0.0	0.0	0.0	0.0	0.0	0.0	0.0	0.0	0.0	0.0	0.0	0.0	0.0	0.0	0.0	0.0
SRR6444736_1	0.0	0.0	0.0	0.0	0.0	0.0	0.0	0.0	0.0	0.0	0.0	0.0	0.0	0.0	0.0	0.0	0.0	0.0	0.0	0.0	0.0	0.0	0.0	0.0	0.0026400549131421246	0.0026400549131421246	0.0	0.0026400549131421246	0.0026400549131421246	0.0	0.0	0.0	0.0026400549131421246	0.0	0.0	0.0	0.0	0.0026400549131421246	0.005280109826284249	0.007920164739426375	0.01584032947885275	0.22440466761708033	0.23760494218279093	0.044880933523416114	0.1953640635725171	1.9298801415069136	22.759913406199754	8.809863245155478	10.077089603463412	7.848883256771876	4.672897196261538	5.83980146787049	7.833042927293022	5.612756745340242	6.771740852209766	9.894925814456645	3.7330376471828908	2.4578911241353167	0.17952373409366437	0.018480384391994873	0.005280109826284249	0.005280109826284249	0.0	0.005280109826284249	0.010560219652568498	0.007920164739426375	0.013200274565710622	0.010560219652568498	0.08976186704683227	0.6072126300226887	0.05808120808912672	0.0	0.0	0.0	0.0	0.0	0.0	0.0	0.0	0.0	0.0	0.0	0.0	0.0	0.0	0.0	0.0	0.0	0.0	0.0	0.0	0.0	0.0	0.0	0.0	0.0	0.0	0.0	0.0	0.0	0.0
SRR6444736_2	0.0	0.0	0.0	0.0	0.0	0.0	0.0	0.0	0.0	0.0	0.0	0.0	0.0	0.0	0.0	0.0	0.0	0.0	0.0	0.0	0.0	0.0	0.0	0.0	0.0	0.0	0.0	0.0	0.0	0.0	0.0	0.0024608115756576117	0.0024608115756576117	0.007382434726972835	0.01722568102960328	0.009843246302630447	0.007382434726972835	0.0024608115756576117	0.004921623151315223	0.0024608115756576117	0.009843246302630447	0.024608115756576114	0.022147304180918505	0.3026798238058863	1.3066909466741965	2.118758766641212	3.2359672219897044	21.856928414992595	12.737160715602963	7.754017274897433	3.2187415409601017	4.8404163693185565	5.667249058739608	6.380884415680396	3.6272362625192422	5.625415261953424	9.575017840883651	6.892733223417238	1.2623963383123584	2.015404680463598	0.4552501414966594	0.1624135639934023	0.024608115756576114	0.007382434726972835	0.007382434726972835	0.007382434726972835	0.01476486945394567	0.03199055048354895	0.01476486945394567	0.007382434726972835	0.022147304180918505	0.11565814405590782	0.529074488766387	0.06152028939144027	0.007382434726972835	0.0	0.0	0.0	0.0	0.0	0.0	0.0	0.0	0.0	0.0	0.0	0.0	0.0	0.0	0.0	0.0	0.0	0.0	0.0	0.0	0.0	0.0	0.0	0.0	0.0	0.0
SRR6444758_1	0.0	0.0	0.0	0.0	0.0	0.0	0.0	0.0	0.0	0.0	0.0	0.0	0.0	0.0	0.0	0.0	0.0	0.0	0.0	0.0	0.0	0.0	0.0	0.0	0.0	0.0	0.0	0.0	0.0	0.003617814116710611	0.0	0.0	0.0	0.0	0.0	0.0	0.0	0.0	0.0	0.007235628233421222	0.018089070583553052	0.37987048225461384	0.37987048225461384	0.007235628233421222	0.028942512933684886	0.5462899316233031	7.5286711768748775	6.736369885315165	9.713830903368335	10.11902608443997	9.182012228211816	10.78832169603151	12.68767410730426	6.714663000614898	9.536558011649495	6.0815455301904695	1.5701313266524024	3.646756629644278	3.3211533591403413	0.12300567996816081	0.03256032705039549	0.018089070583553052	0.003617814116710611	0.003617814116710611	0.003617814116710611	0.007235628233421222	0.0	0.018089070583553052	0.09768098115118648	0.607792771607384	0.06873846821750158	0.010853442350131833	0.003617814116710611	0.003617814116710611	0.0	0.0	0.0	0.0	0.0	0.0	0.0	0.0	0.0	0.0	0.0	0.0	0.0	0.0	0.0	0.0	0.0	0.0	0.0	0.0	0.0	0.0	0.0	0.0	0.0	0.0	0.0
SRR6444758_2	0.0	0.0	0.0	0.0	0.0	0.0	0.0	0.0	0.0	0.0	0.0	0.0	0.0	0.0	0.0	0.0	0.0	0.0	0.0	0.0	0.0	0.0	0.0	0.003772161448509904	0.003772161448509904	0.0	0.0	0.0	0.003772161448509904	0.003772161448509904	0.0	0.0	0.0	0.0	0.003772161448509904	0.003772161448509904	0.0	0.003772161448509904	0.003772161448509904	0.02263296869105942	0.030177291588079233	0.015088645794039617	0.08298755186721786	0.4564315352696985	0.15465861938890615	0.24141833270463378	1.531497548095015	10.298000754432419	11.527725386646786	11.840814786873057	3.164843455299827	6.2052055827987065	7.8272350056581494	9.735948698604378	8.140324405884506	11.34288947566978	7.857412297246233	1.870992078460916	0.8072425499811202	0.3206337231233415	1.0599773670312802	3.3044134288946854	0.9430403621274749	0.1810637495284755	0.04526593738211885	0.026405130139569324	0.01886080724254952	0.011316484345529712	0.01886080724254952	0.011316484345529712	0.03394945303658914	0.13202565069784666	0.5658242172764865	0.09807619766125748	0.02263296869105942	0.007544322897019808	0.003772161448509904	0.003772161448509904	0.007544322897019808	0.0	0.0	0.0	0.0	0.0	0.0	0.0	0.0	0.0	0.0	0.0	0.0	0.0	0.0	0.0	0.0	0.0	0.0	0.0	0.0	0.0	0.0
SRR6444768_1	0.0	0.0	0.0	0.0	0.0	0.0	0.0	0.0	0.0	0.0	0.0	0.0	0.0	0.0	0.0	0.0	0.0	0.0	0.0	0.0	0.0	0.0	0.0	0.0	0.0	0.0049183553019870535	0.0	0.0	0.0	0.0	0.0	0.0	0.0	0.009836710603974107	0.014755065905961161	0.009836710603974107	0.0	0.0	0.0	0.0	0.0049183553019870535	0.26067283100531397	0.2951013181192232	0.019673421207948214	0.04918355301987054	0.6246311233523563	7.131615187881081	5.385599055675776	3.595317725752574	14.11076136140143	17.59295691520781	23.544166830610795	9.359630139681396	6.993901239425451	3.683848121188343	2.5919732441471868	1.0230179028133086	1.505016722408033	1.4509148140861763	0.06885697422781875	0.019673421207948214	0.0049183553019870535	0.0	0.0049183553019870535	0.014755065905961161	0.019673421207948214	0.009836710603974107	0.019673421207948214	0.07869368483179286	0.4328152665748602	0.06393861892583169	0.0	0.0	0.0	0.0	0.0	0.0	0.0	0.0	0.0	0.0	0.0	0.0	0.0	0.0	0.0	0.0	0.0	0.0	0.0	0.0	0.0	0.0	0.0	0.0	0.0	0.0	0.0	0.0	0.0	0.0
SRR6444768_2	0.0	0.0	0.0	0.0	0.0	0.0	0.0	0.0	0.0	0.0	0.0	0.0	0.0	0.0	0.0	0.0	0.0	0.0	0.0	0.0	0.0	0.0	0.0	0.0	0.0	0.0	0.0	0.0	0.0	0.0	0.0	0.0	0.0	0.004812319538017409	0.004812319538017409	0.0	0.0	0.004812319538017409	0.024061597690087047	0.014436958614052229	0.004812319538017409	0.019249278152069636	0.08662175168431335	0.32723772858518363	0.1251203079884526	0.1780558229066442	1.5784408084697035	8.036573628488979	5.678537054860473	2.329162656400429	2.7718960538980433	15.076997112609147	22.5553416746865	21.843118383060087	6.780558229066397	4.79307025986532	2.6756496631376923	1.684311838306085	0.3176130895091489	0.10587102983638295	0.4956689124157927	1.2800769971126285	0.3753609239653576	0.09143407122233074	0.028873917228104458	0.014436958614052229	0.024061597690087047	0.028873917228104458	0.028873917228104458	0.019249278152069636	0.03849855630413927	0.12030798845043518	0.3416746871992358	0.07699711260827853	0.004812319538017409	0.004812319538017409	0.004812319538017409	0.0	0.0	0.0	0.0	0.0	0.0	0.0	0.0	0.0	0.0	0.0	0.0	0.0	0.0	0.0	0.0	0.0	0.0	0.0	0.0	0.0	0.0	0.0	0.0
SRR6444776_1	0.0	0.0	0.0	0.0	0.0	0.0	0.0	0.0	0.0	0.0	0.0	0.0	0.0	0.0	0.0	0.0	0.0	0.0	0.0	0.0	0.0	0.0	0.0	0.0	0.0	0.0	0.0	0.0	0.0	0.0	0.0	0.0	0.0	0.01510878323932313	0.0050362610797743766	0.0	0.0	0.0	0.0050362610797743766	0.010072522159548753	0.0050362610797743766	0.27699435938759076	0.30217566478646257	0.01510878323932313	0.04532634971796939	0.4784448025785651	6.582393231265001	6.985294117646927	8.868855761482628	11.205680902498205	8.984689766317452	11.160354552780232	10.349516518936465	5.157131345688932	6.124093473005558	3.5958904109589405	1.264101531023367	8.662369057211857	8.501208702659058	0.25181305398871895	0.07050765511684126	0.01510878323932313	0.0050362610797743766	0.0050362610797743766	0.0050362610797743766	0.0050362610797743766	0.0	0.0	0.14605157131345692	0.820910556003225	0.055398871877518144	0.0	0.0050362610797743766	0.010072522159548753	0.0050362610797743766	0.0	0.0	0.0	0.0	0.0	0.0	0.0	0.0	0.0	0.0	0.0	0.0	0.0	0.0	0.0	0.0	0.0	0.0	0.0	0.0	0.0	0.0	0.0	0.0	0.0	0.0
SRR6444776_2	0.0	0.0	0.0	0.0	0.0	0.0	0.0	0.0	0.0	0.0	0.0	0.0	0.0	0.0	0.0	0.0	0.0	0.0	0.0	0.0	0.0	0.0	0.0	0.0	0.0	0.0	0.0	0.0	0.0	0.00522957849597323	0.0	0.0	0.0	0.0	0.00522957849597323	0.01568873548791969	0.00522957849597323	0.0	0.0	0.0	0.00522957849597323	0.0	0.036607049471812605	0.32423386675034016	0.08367325593557165	0.1725760903671166	2.0029285639577354	10.474845727434474	11.416169856709761	11.437088170693658	3.1115992051040915	5.621796883171176	8.581738311891948	8.743855245267138	6.406233657567116	6.740926681309384	5.417843321828232	2.253948331764457	0.6432381550047075	0.3399226022382598	4.356238887145727	8.4719171634765	1.6316284907436414	0.3137747097583937	0.12028030540738423	0.052295784959732305	0.036607049471812605	0.01045915699194646	0.01568873548791969	0.026147892479866146	0.052295784959732305	0.15688735487919692	0.7478297249241728	0.13596904089530393	0.01568873548791969	0.0	0.00522957849597323	0.00522957849597323	0.0	0.0	0.0	0.0	0.0	0.0	0.0	0.0	0.0	0.0	0.0	0.0	0.0	0.0	0.0	0.0	0.0	0.0	0.0	0.0	0.0	0.0	0.0
SRR6444788_1	0.0	0.0	0.0	0.0	0.0	0.0	0.0	0.0	0.0	0.0	0.0	0.0	0.0	0.0	0.0	0.0	0.0	0.0	0.0	0.0	0.0	0.0	0.0	0.0	0.0	0.0	0.003462124359506968	0.0	0.0	0.0	0.0	0.0	0.0	0.0	0.0	0.0	0.0	0.006924248719013936	0.010386373078520904	0.01731062179753484	0.020772746157041805	0.40160642570280825	0.4777731616119621	0.027696994876055744	0.038083367954576654	0.3358260628721754	5.113557678991683	9.590084475834665	12.484420440382188	7.412408253704535	2.883949591469322	13.055670959700707	15.357983658772318	10.015925772054072	10.050547015649144	7.391635507547491	2.5619720260351837	0.6474172552278047	0.05193186539260451	0.013848497438027872	0.034621243595069684	0.09347735770668812	0.10040160642570206	0.07962886026866023	0.287356321839078	0.2700457000415432	0.16271984489682761	0.058856114111618445	0.46738678853344107	0.4362276692978782	0.013848497438027872	0.010386373078520904	0.006924248719013936	0.0	0.0	0.0	0.0	0.0	0.006924248719013936	0.0	0.0	0.0	0.0	0.0	0.0	0.0	0.0	0.0	0.0	0.0	0.0	0.0	0.0	0.0	0.0	0.0	0.0	0.0	0.0	0.0	0.0
SRR6444788_2	0.0	0.0	0.0	0.0	0.0	0.0	0.0	0.0	0.0	0.0	0.0	0.0	0.0	0.0	0.0	0.0	0.0	0.0	0.0	0.0	0.0	0.0	0.0	0.0	0.0	0.0	0.0	0.0	0.0	0.0	0.0	0.0	0.003524353281172874	0.003524353281172874	0.003524353281172874	0.003524353281172874	0.0	0.007048706562345748	0.02467047296821012	0.03171917953055587	0.03524353281172874	0.03524353281172874	0.10220624515401334	0.5321773454571048	0.2678508493691382	0.3453866215549412	1.7339818143370573	14.61901741030471	14.118559244378275	3.055614294776893	1.8643828857404572	5.89624303940215	9.212659476986202	12.20131105942067	10.079650384154828	10.640022555861378	7.47867766264895	2.428279410728133	2.005357016987376	1.229999295129327	0.1268767181222235	0.06696271234228458	0.04229223937407449	0.03524353281172874	0.1092549517163591	0.06696271234228458	0.13744977796574215	0.3806301543666702	0.19031507718333524	0.08810883202932183	0.08106012546697608	0.20088813702685382	0.33481356171142257	0.14449848452808792	0.021146119687037244	0.003524353281172874	0.0	0.0	0.0	0.0	0.003524353281172874	0.003524353281172874	0.0	0.0	0.003524353281172874	0.0	0.0	0.0	0.0	0.0	0.0	0.0	0.0	0.0	0.0	0.0	0.0	0.0	0.0	0.0	0.0
SRR6444792_1	0.0	0.0	0.0	0.0	0.0	0.0	0.0	0.0	0.0	0.0	0.0	0.0	0.0	0.0	0.0	0.0	0.0	0.0	0.0	0.0	0.0	0.0	0.0	0.0	0.0	0.0	0.0	0.0	0.0	0.0	0.0	0.0	0.0	0.0	0.0	0.0	0.0	0.007761564731449793	0.007761564731449793	0.007761564731449793	0.0	0.08537721204594774	0.1086619062402971	0.04656938838869876	0.09313877677739753	1.6920211114560564	23.828003725551948	16.539894442719763	12.232226016764638	4.230052778640156	3.7954051536789555	7.303632412294247	8.188450791679474	5.4796647004036085	11.774293697609075	3.5004656938838545	0.3182241539894417	0.06985408258304815	0.015523129462899587	0.015523129462899587	0.007761564731449793	0.007761564731449793	0.0	0.0	0.0	0.0	0.0	0.015523129462899587	0.06985408258304815	0.5355479664700354	0.023284694194349382	0.0	0.0	0.0	0.0	0.0	0.0	0.0	0.0	0.0	0.0	0.0	0.0	0.0	0.0	0.0	0.0	0.0	0.0	0.0	0.0	0.0	0.0	0.0	0.0	0.0	0.0	0.0	0.0	0.0	0.0
SRR6444792_2	0.0	0.0	0.0	0.0	0.0	0.0	0.0	0.0	0.0	0.0	0.0	0.0	0.0	0.0	0.0	0.0	0.0	0.0	0.0	0.0	0.0	0.0	0.0	0.0	0.0	0.0	0.0	0.0	0.0	0.0	0.007654623392529114	0.007654623392529114	0.0	0.0	0.0	0.0	0.015309246785058229	0.007654623392529114	0.015309246785058229	0.0535823637477038	0.0535823637477038	0.02296387017758735	0.030618493570116458	0.13012859767299495	0.2143294549908152	0.6276791181873868	3.995713410900212	30.786895284751516	16.151255358236664	4.807103490508321	1.462033067973065	3.9191671769749177	6.498775260257251	8.680342927127924	5.151561543172141	7.5244947948560945	7.103490508267016	1.8447642375995155	0.14543784445805316	0.04592774035517469	0.007654623392529114	0.007654623392529114	0.0	0.0	0.015309246785058229	0.007654623392529114	0.007654623392529114	0.015309246785058229	0.007654623392529114	0.015309246785058229	0.02296387017758735	0.061236987140232915	0.4745866503368051	0.0535823637477038	0.0	0.0	0.0	0.0	0.0	0.0	0.0	0.0	0.0	0.0	0.0	0.0	0.0	0.0	0.0	0.0	0.0	0.0	0.0	0.0	0.0	0.0	0.0	0.0	0.0	0.0	0.0
SRR6444797_1	0.0	0.0	0.0	0.0	0.0	0.0	0.0	0.0	0.0	0.0	0.0	0.0	0.0	0.0	0.0	0.0	0.0	0.0	0.0	0.0	0.0	0.0	0.0	0.0	0.0	0.0	0.0	0.0	0.0	0.0	0.0	0.0	0.0	0.0	0.0	0.0	0.0	0.0	0.0	0.002213221786955112	0.015492552508685784	0.4957616802779453	0.5488790031648672	0.03541154859128179	0.03098510501737157	0.4293650266692929	9.64079410397613	10.364517628310288	23.44244516743179	25.24400770201407	5.10147621893165	6.011110373370304	6.98050151605669	2.762100790119939	5.274107518314168	1.8192683088771149	1.0800522320340964	0.6396210964300255	0.0376247703782369	0.004426443573910224	0.002213221786955112	0.01106610893477556	0.01106610893477556	0.004426443573910224	0.002213221786955112	0.006639665360865337	0.002213221786955112	0.0	0.0	0.0	0.0	0.0	0.0	0.0	0.0	0.0	0.0	0.0	0.0	0.0	0.0	0.0	0.0	0.0	0.0	0.0	0.0	0.0	0.0	0.0	0.0	0.0	0.0	0.0	0.0	0.0	0.0	0.0	0.0	0.0	0.0
SRR6444797_2	0.0	0.0	0.0	0.0	0.0	0.0	0.0	0.0	0.0	0.0	0.0	0.0	0.0	0.0	0.0	0.0	0.0	0.0	0.0	0.0	0.0	0.0	0.0	0.0	0.0	0.0	0.0	0.0	0.0	0.0	0.0	0.0	0.0023170138325723324	0.006951041497716998	0.00926805533028933	0.011585069162861662	0.011585069162861662	0.013902082995433994	0.00926805533028933	0.03475520748858498	0.0440232628188743	0.04865729048401896	0.10658263629832736	0.6093746379665222	0.25023749391781175	0.3962093653698697	2.094580504645391	26.965406983481298	28.540976389631105	6.209597071294072	1.2141152482679063	1.4713037836834424	4.564517250167528	7.080794272341367	5.871313051738472	7.386640098240857	4.7174401631173195	1.380940244213119	0.7066892189345588	0.09036353947032101	0.03243819365601265	0.02548715215829566	0.00926805533028933	0.013902082995433994	0.03475520748858498	0.016219096828006326	0.004634027665144665	0.004634027665144665	0.0	0.0023170138325723324	0.0023170138325723324	0.0	0.0	0.0	0.0	0.0	0.0	0.0023170138325723324	0.0	0.0	0.0	0.0	0.0	0.0	0.0	0.0	0.0	0.0	0.0	0.0	0.0023170138325723324	0.0	0.0	0.0	0.0	0.0	0.0	0.0	0.0	0.0	0.0
SRR6444802_1	0.0	0.0	0.0	0.0	0.0	0.0	0.0	0.0	0.0	0.0	0.0	0.0	0.0	0.0	0.0	0.0	0.0	0.0	0.0	0.0	0.0	0.0	0.0	0.0	0.0	0.0	0.0	0.0	0.0	0.0	0.0	0.0	0.0	0.0032433834976647704	0.0032433834976647704	0.0	0.0032433834976647704	0.006486766995329541	0.0032433834976647704	0.009730150492994312	0.01946030098598862	0.27568759730150516	0.40217955371043174	0.05189413596263632	0.05189413596263632	0.6032693305656489	7.8425012973536266	6.65217955371052	14.806045666839026	9.882589517384998	5.520238713025387	11.429683445770769	16.1163725998953	9.464193046186196	8.449014011417008	4.962376751426987	1.706019719771675	0.2951478982874937	0.02270368448365339	0.0032433834976647704	0.03567721847431248	0.029190451478982936	0.01946030098598862	0.02270368448365339	0.05513751946030109	0.06486766995329539	0.05838090295796585	0.03243383497664771	0.5254281266216939	0.4994810586403755	0.042163985469642014	0.01946030098598862	0.006486766995329541	0.0032433834976647704	0.0	0.0	0.0	0.0	0.0	0.0	0.0	0.0	0.0	0.0	0.0	0.0	0.0	0.0	0.0	0.0	0.0	0.0	0.0	0.0	0.0	0.0	0.0	0.0	0.0	0.0	0.0
SRR6444802_2	0.0	0.0	0.0	0.0	0.0	0.0	0.0	0.0	0.0	0.0	0.0	0.0	0.0	0.0	0.0	0.0	0.0	0.0	0.0	0.0	0.0	0.0	0.0	0.0	0.0	0.0	0.0	0.0	0.0	0.0	0.0	0.0	0.0	0.0	0.006606547088164482	0.013213094176328963	0.003303273544082241	0.003303273544082241	0.016516367720411203	0.033032735440822414	0.023122914808575683	0.029729461896740167	0.07597529151389151	0.37987645756945765	0.26756515707066125	0.26095860998249676	1.8927757407591344	18.138275030554226	16.047302877150642	3.2140851583920105	2.4246027813563904	7.108644666865098	8.145872559707039	13.969543817923388	9.833845340733257	8.353978792984245	5.113467446239197	2.1107917946685686	0.8192118389323948	0.3930895517457867	0.04954910316123361	0.033032735440822414	0.04624582961715137	0.023122914808575683	0.036336008984904654	0.029729461896740167	0.016516367720411203	0.07927856505797375	0.05945892379348031	0.033032735440822414	0.07927856505797375	0.264261883526579	0.3864830046576222	0.13213094176328968	0.023122914808575683	0.013213094176328963	0.009909820632246723	0.0	0.003303273544082241	0.0	0.0	0.0	0.0	0.0	0.0	0.003303273544082241	0.0	0.0	0.0	0.0	0.0	0.0	0.0	0.0	0.0	0.0	0.0	0.0	0.0	0.0	0.0
SRR6444816_1	0.0	0.0	0.0	0.0	0.0	0.0	0.0	0.0	0.0	0.0	0.0	0.0	0.0	0.0	0.0	0.0	0.0	0.0	0.0	0.0	0.0	0.0	0.0	0.0	0.0	0.0	0.0	0.0	0.00299823104368423	0.0	0.008994693131052691	0.00599646208736846	0.0	0.0	0.0	0.0	0.0	0.0	0.0	0.0	0.0	0.00599646208736846	0.008994693131052691	0.008994693131052691	0.07495577609210574	1.0164003238089494	9.669295115881955	6.308278115911708	5.105987467394196	1.5830659910652793	3.696818876862603	7.507570533385538	12.061883488741428	7.801397175666626	9.77423320241088	6.422210895571723	0.8874763889305294	13.117260816118037	13.522022007015316	0.39276826672263443	0.10493808652894808	0.0629628519173688	0.059964620873684586	0.026984079393158073	0.09294516235421114	0.12292747279105351	0.04197523461157922	0.017989386262105382	0.20387971097052754	0.2308637903636855	0.035978772524210764	0.008994693131052691	0.00599646208736846	0.0	0.0	0.0	0.0	0.0	0.0	0.0	0.0	0.0	0.0	0.0	0.0	0.0	0.0	0.0	0.0	0.0	0.0	0.0	0.0	0.0	0.0	0.0	0.0	0.0	0.0	0.0	0.0
SRR6444816_2	0.0	0.0	0.0	0.0	0.0	0.0	0.0	0.0	0.0	0.0	0.0	0.0	0.0	0.0	0.0	0.0	0.0	0.0	0.0	0.0	0.0	0.0	0.0	0.0	0.0	0.0	0.0	0.0	0.0	0.0	0.0	0.0	0.0	0.0	0.003090378107761467	0.003090378107761467	0.006180756215522934	0.009271134323284401	0.0	0.003090378107761467	0.009271134323284401	0.012361512431045867	0.043265293508660534	0.07107869647851371	0.13288625863374315	0.2904955421295775	1.8944017800577928	12.491308311571599	6.771018434105495	1.4648392230789364	1.5977254817126836	4.586121111917918	5.961339369871899	11.666177356799475	7.818656612636753	9.045536721418195	7.518889936183856	1.2237897306735352	0.5253642783194507	0.744781123970513	10.213699646151914	12.686002132360526	1.7676962776395688	0.3492127261770457	0.18233230835792655	0.07107869647851371	0.049446049724183455	0.12979588052598168	0.1050728556638899	0.046355671616422	0.04017491540089907	0.23795911429763272	0.20396495511225674	0.012361512431045867	0.003090378107761467	0.003090378107761467	0.0	0.0	0.0	0.0	0.0	0.0	0.0	0.0	0.0	0.0	0.0	0.0	0.0	0.0	0.0	0.0	0.0	0.0	0.0	0.0	0.0	0.0	0.0	0.0	0.004635567161642201
SRR6444823_1	0.0	0.0	0.0	0.0	0.0	0.0	0.0	0.0	0.0	0.0	0.0	0.0	0.0	0.0	0.0	0.0	0.0	0.0	0.0	0.0	0.0	0.0	0.001890645088104045	0.001890645088104045	0.001890645088104045	0.0	0.0	0.0	0.00378129017620809	0.001890645088104045	0.0	0.001890645088104045	0.001890645088104045	0.0	0.0	0.0	0.0	0.0	0.00378129017620809	0.00378129017620809	0.005671935264312135	0.005671935264312135	0.009453225440520224	0.009453225440520224	0.011343870528624268	0.06806322317174565	0.46887998184980256	15.023065870075234	28.081751493609193	16.337064206308142	1.845269605989542	8.040913559706258	6.5529758753687135	7.44536035695362	8.226196778340412	3.9590108144899236	2.3462905543370853	0.81864932314905	0.5709748166074196	0.030250321409664712	0.03214096649776876	0.049156772290705156	0.02268774105724854	0.00756258035241618	0.00378129017620809	0.001890645088104045	0.0	0.0	0.0	0.0	0.0	0.0	0.0	0.0	0.0	0.0	0.0	0.0	0.0	0.0	0.0	0.0	0.001890645088104045	0.001890645088104045	0.0	0.0	0.0	0.0	0.0	0.0	0.0	0.0	0.0	0.0	0.0	0.0	0.0	0.0	0.0	0.0	0.0
SRR6444823_2	0.0	0.0	0.0	0.0	0.0	0.0	0.0	0.0	0.0	0.0	0.0	0.0	0.0	0.0	0.0	0.0	0.0	0.0	0.0	0.0	0.0	0.0	0.0	0.0	0.0	0.0	0.0	0.0	0.0	0.0020371577574967593	0.0020371577574967593	0.006111473272490278	0.006111473272490278	0.0040743155149935185	0.010185788787483796	0.012222946544980556	0.014260104302477313	0.010185788787483796	0.008148631029987037	0.006111473272490278	0.012222946544980556	0.016297262059974074	0.02444589308996111	0.04074315514993518	0.09778357235984451	0.1874185136897016	0.7802314211212543	17.389178617993416	32.362288135591406	5.048076923077117	1.2813722294654712	2.593301825293334	8.450130378096343	6.948745110821573	6.761326597131914	8.228080182529247	4.496007170795432	1.7845501955671663	1.1387711864406942	0.9717242503259551	0.5357724902216466	0.5907757496740584	0.07741199478487688	0.028520208604954626	0.05704041720990925	0.008148631029987037	0.0040743155149935185	0.0020371577574967593	0.0	0.0	0.0	0.0	0.0	0.0	0.0	0.0	0.0	0.0	0.0	0.0	0.0	0.0	0.0	0.0	0.0	0.0	0.0	0.0	0.0020371577574967593	0.0	0.0	0.0	0.0	0.0	0.0	0.0	0.0	0.0	0.0	0.0	0.0
SRR6444824_1	0.0	0.0	0.0	0.0	0.0	0.0	0.0	0.0	0.0	0.0	0.0	0.0	0.0	0.0	0.0	0.0	0.0	0.0	0.0	0.0	0.0	0.0	0.0	0.0	0.002242906807222148	0.0	0.004485813614444296	0.002242906807222148	0.0	0.0	0.0	0.0	0.0	0.002242906807222148	0.002242906807222148	0.0	0.002242906807222148	0.002242906807222148	0.004485813614444296	0.004485813614444296	0.01121453403611074	0.31849276662554543	0.439609734215542	0.051586856566109375	0.08523045867444165	1.1528540989121874	19.459459459460685	10.281484804305867	17.3892564763937	8.623976673769077	3.9587305147470704	8.213524728047517	10.795110463159622	8.702478412021835	4.840192889985475	3.5348211281820365	1.6911517326455183	0.1816754513849938	0.008971627228888591	0.002242906807222148	0.015700347650555033	0.006728720421666444	0.002242906807222148	0.002242906807222148	0.002242906807222148	0.002242906807222148	0.004485813614444296	0.006728720421666444	0.08523045867444165	0.08523045867444165	0.013457440843332887	0.004485813614444296	0.0	0.0	0.0	0.0	0.0	0.0	0.0	0.0	0.0	0.0	0.0	0.0	0.0	0.0	0.0	0.0	0.0	0.0	0.0	0.0	0.0	0.0	0.0	0.0	0.0	0.0	0.0	0.0	0.0
SRR6444824_2	0.0	0.0	0.0	0.0	0.0	0.0	0.0	0.0	0.0	0.0	0.0	0.0	0.0	0.0	0.0	0.0	0.0	0.0	0.0	0.0	0.0	0.0	0.0	0.0	0.0	0.0	0.0	0.0	0.0	0.0	0.0	0.0022706114756703027	0.0022706114756703027	0.0068118344270109085	0.013623668854021817	0.0068118344270109085	0.004541222951340605	0.0068118344270109085	0.00908244590268121	0.015894280329692118	0.031788560659384235	0.045412229513406045	0.09309507050248246	0.46320474103674253	0.2724733770804364	0.36329783610724914	3.2492450216841378	30.462523557595528	20.58309302695304	2.375059603551121	1.7960536772552265	5.211053336663461	5.592516064576116	11.50745895869638	7.565677436933631	4.180195726709027	2.2002225199245173	1.142117572262165	1.525850911650457	0.9173270361707986	0.0726595672214497	0.034059172135054536	0.020435503281032726	0.0068118344270109085	0.0068118344270109085	0.0022706114756703027	0.004541222951340605	0.0068118344270109085	0.0068118344270109085	0.0068118344270109085	0.011353057378351513	0.0726595672214497	0.06811834427010909	0.02270611475670303	0.0022706114756703027	0.0	0.0	0.0	0.0	0.0022706114756703027	0.0022706114756703027	0.0	0.0	0.0	0.0	0.0	0.0	0.0	0.0	0.0	0.0	0.0	0.0022706114756703027	0.0022706114756703027	0.0	0.0	0.0	0.0	0.0	0.0	0.0
SRR6444838_1	0.0	0.0	0.0	0.0	0.0	0.0	0.0	0.0	0.0	0.0	0.0	0.0	0.0	0.0	0.0	0.0	0.0	0.0	0.0	0.0	0.0	0.0	0.0	0.0	0.0	0.0	0.0	0.0	0.0	0.0	0.0	0.0	0.0	0.0	0.0	0.0	0.0	0.0	0.0	0.0	0.0037531902116800537	0.35279987989792455	0.379072211379685	0.018765951058400267	0.04128509232848059	0.9870890256718523	13.470199669719793	4.747785617775194	19.670469899413835	23.153430415852196	8.951358654857158	5.464644948206044	7.149827353250528	2.4958714907672572	5.656057649001716	3.3365860981835747	0.6980933793724918	1.5838462693289785	1.5613271280588974	0.06755742381024095	0.0	0.0037531902116800537	0.0	0.0	0.0037531902116800537	0.0	0.0	0.0	0.03002552169344043	0.15763398889056232	0.0037531902116800537	0.0	0.0	0.0056297853175200805	0.0056297853175200805	0.0	0.0	0.0	0.0	0.0	0.0	0.0	0.0	0.0	0.0	0.0	0.0	0.0	0.0	0.0	0.0	0.0	0.0	0.0	0.0	0.0	0.0	0.0	0.0	0.0	0.0
SRR6444838_2	0.0	0.0	0.0	0.0	0.0	0.0	0.0	0.0	0.0	0.0	0.0	0.0	0.0	0.0	0.0	0.0	0.0	0.0	0.0	0.0	0.0	0.0	0.0	0.0	0.0	0.0	0.0	0.0	0.0	0.0	0.0	0.0	0.0	0.0041687510421878115	0.0041687510421878115	0.0041687510421878115	0.008337502084375623	0.0041687510421878115	0.008337502084375623	0.008337502084375623	0.03335000833750249	0.05419376354844155	0.15007503751876125	0.6628314157078632	1.5341003835251064	7.316158079039566	4.70651992662999	26.79256294813927	10.317658829415132	3.1515757878940205	1.4590628647657267	2.617975654493965	10.876271469068362	9.684008671002513	3.026513256628382	5.715357678839383	6.161414040353453	1.0296815074203884	0.6128064032016091	0.5336001334000402	1.3423378355844697	1.592462898115735	0.22511255627814183	0.07920626980156838	0.016675004168751246	0.012506253126563432	0.016675004168751246	0.0041687510421878115	0.0	0.0	0.0	0.05836251459062935	0.14590628647657344	0.0041687510421878115	0.0	0.0	0.0	0.0	0.0	0.0041687510421878115	0.0041687510421878115	0.0	0.0	0.0	0.0	0.0	0.0	0.0	0.0	0.0	0.0	0.0	0.0	0.0	0.0	0.0	0.0041687510421878115	0.0041687510421878115	0.0041687510421878115	0.0041687510421878115	0.0
SRR6444840_1	0.0	0.0	0.0	0.0	0.0	0.0	0.0	0.0	0.0	0.0	0.0	0.0	0.0	0.0	0.0	0.0	0.0	0.0	0.0	0.0	0.0	0.0	0.0	0.0	0.0	0.002592957527355735	0.0	0.0	0.002592957527355735	0.0	0.0	0.0	0.0	0.0	0.0	0.0	0.0	0.0	0.002592957527355735	0.00518591505471147	0.015557745164134409	0.3370844785562458	0.48488305761552375	0.04148732043769175	0.04667323549240322	0.949022455012194	13.340766478244396	13.613027018616686	22.90877975418964	12.71327075662445	1.913602655188553	9.943992117409154	10.65186952237711	3.6301405382979586	4.156510916351172	3.005237774205262	1.3820463620806123	0.05704506560182615	0.015557745164134409	0.02074366021884588	0.015557745164134409	0.023336617746201615	0.02074366021884588	0.0	0.00518591505471147	0.00518591505471147	0.002592957527355735	0.00518591505471147	0.3189337758647555	0.3293056059741786	0.02592957527355735	0.007778872582067206	0.0	0.0	0.0	0.0	0.0	0.0	0.0	0.0	0.0	0.0	0.0	0.0	0.0	0.0	0.0	0.0	0.0	0.0	0.0	0.0	0.0	0.0	0.0	0.0	0.0	0.0	0.0	0.0	0.0
SRR6444840_2	0.0	0.0	0.0	0.0	0.0	0.0	0.0	0.0	0.0	0.0	0.0	0.0	0.0	0.0	0.0	0.0	0.0	0.0	0.0	0.0	0.0	0.0	0.0	0.0	0.0	0.0	0.0	0.0	0.0	0.0	0.0	0.002667520273153888	0.002667520273153888	0.0	0.0	0.005335040546307776	0.008002560819461664	0.005335040546307776	0.018672641912077216	0.021340162185231104	0.021340162185231104	0.032010243277846656	0.11470337174561723	0.5655142979086248	0.33610755441739004	0.4001280409730838	3.5237942808362255	33.546734955188555	22.673922321809414	2.504801536491498	1.397780623132642	3.7025181391375255	7.119611609047976	7.730473751600286	5.118971404182333	4.452091335893786	2.4194408877505786	0.9042893725991639	1.6111822449849593	0.9629748186085486	0.05868544600938551	0.021340162185231104	0.024007682458384992	0.013337601365769438	0.03467776355100054	0.016005121638923328	0.010670081092615552	0.008002560819461664	0.010670081092615552	0.021340162185231104	0.04001280409730831	0.21340162185231082	0.2454118651301574	0.06668800682884718	0.008002560819461664	0.0	0.0	0.0	0.0	0.0	0.0	0.0	0.0	0.0	0.0	0.002667520273153888	0.002667520273153888	0.0	0.0	0.0	0.0	0.0	0.0	0.0	0.0	0.0	0.0	0.0	0.0	0.0	0.0
SRR6444846_1	0.0	0.0	0.0	0.0	0.0	0.0	0.0	0.0	0.0	0.0	0.0	0.0	0.0	0.0	0.0	0.0	0.0	0.0	0.0	0.0	0.0	0.0	0.0	0.0	0.0	0.0	0.0	0.0	0.0	0.0	0.0	0.0	0.0	0.0	0.0	0.0	0.0	0.0	0.017494751574527453	0.008747375787263726	0.026242127361791177	0.6341847445766211	0.6604268719384124	0.17057382785164274	2.9478656403079024	4.776067179845953	7.129111266619831	9.241602519244262	10.619314205738455	7.474632610216787	5.01224632610206	11.393456962911383	9.136634009797085	8.799860041987392	11.642757172848427	5.733904828551276	0.9665850244926423	1.32522743177045	0.9141007697690606	0.18806857942617025	0.04373687893631864	0.09622113365990097	0.0918474457662691	0.008747375787263726	0.08747375787263724	0.05685794261721422	0.026242127361791177	0.013121063680895592	0.08310006997900539	0.5335899230230875	0.04373687893631864	0.04373687893631864	0.03936319104268677	0.0	0.0	0.0	0.0	0.008747375787263726	0.004373687893631863	0.0	0.0	0.0	0.0	0.0	0.0	0.0	0.0	0.0	0.0	0.0	0.0	0.0	0.0	0.0	0.0	0.0	0.0	0.0	0.0	0.0	0.0
SRR6444846_2	0.0	0.0	0.0	0.0	0.0	0.0	0.0	0.0	0.0	0.0	0.0	0.0	0.0	0.0	0.0	0.0	0.0	0.0	0.0	0.0	0.0	0.0	0.0	0.0	0.0	0.0	0.0	0.0	0.0	0.0	0.0	0.0	0.0045787545787545235	0.0045787545787545235	0.0	0.0	0.0	0.0045787545787545235	0.0045787545787545235	0.022893772893772618	0.03205128205128166	0.054945054945054285	0.1510989010988993	0.8012820512820436	0.43956043956043367	3.5622710622710567	4.72527472527464	12.83424908424943	11.561355311355527	5.160256410256295	2.9166666666666545	7.28021978021956	9.720695970696	7.980769230769082	9.903846153846201	11.007326007326167	5.25183150183138	1.6987179487179191	1.6025641025640753	0.3479853479853435	0.2701465201465169	0.9752747252747145	0.39377289377288854	0.1510989010988993	0.03663003663003619	0.022893772893772618	0.06410256410256332	0.10531135531135401	0.0778388278388269	0.03205128205128166	0.018315018315018094	0.10531135531135401	0.5082417582417519	0.06868131868131784	0.009157509157509047	0.03205128205128166	0.041208791208790715	0.0	0.0	0.0	0.0	0.0	0.0	0.0	0.0	0.0	0.0	0.0	0.0	0.0	0.0	0.0	0.0	0.0045787545787545235	0.009157509157509047	0.0	0.0	0.0	0.0	0.0	0.0
SRR6444849_1	0.0	0.0	0.0	0.0	0.0	0.0	0.0	0.0	0.0	0.0	0.0	0.0	0.0	0.0	0.0	0.0	0.0	0.0	0.0	0.0	0.0	0.0	0.0	0.0	0.0	0.0	0.0	0.0	0.0	0.0024630541871921907	0.0024630541871921907	0.0	0.0	0.0	0.0	0.0	0.0	0.0	0.0	0.0	0.012315270935960954	0.3177339901477928	0.2980295566502552	0.012315270935960954	0.05665024630542037	0.5591133004926274	6.39655172413833	9.046798029556925	10.0541871921183	5.477832512315539	3.6650246305419008	11.083743842364402	12.499999999999591	12.549261083743424	14.509852216747962	7.078817733990644	1.0467980295566786	1.5886699507389759	1.6403940886700137	0.08620689655172671	0.04679802955665161	0.03694581280788286	0.03694581280788286	0.019704433497537525	0.059113300492612555	0.06650246305418914	0.029556650246306288	0.04433497536945943	0.24137931034483437	1.2832512315271356	0.14532019704433924	0.004926108374384381	0.0	0.0	0.0	0.0	0.0	0.0	0.0	0.0	0.0	0.0	0.0	0.0	0.0	0.0	0.0	0.0	0.0	0.0	0.0	0.0	0.0	0.0	0.0	0.0	0.0	0.0	0.0	0.0	0.0
SRR6444849_2	0.0	0.0	0.0	0.0	0.0	0.0	0.0	0.0	0.0	0.0	0.0	0.0	0.0	0.0	0.0	0.0	0.0	0.0	0.0	0.0	0.0	0.0	0.0	0.0	0.0	0.0	0.0	0.0	0.0	0.0	0.0	0.002589935510605842	0.002589935510605842	0.002589935510605842	0.005179871021211684	0.002589935510605842	0.005179871021211684	0.002589935510605842	0.01294967755302921	0.01294967755302921	0.018129548574240897	0.03625909714848179	0.07510812980756942	0.3781305845484535	0.1683458081893797	0.25899355106058397	1.7974152443604718	12.916008391390568	7.531532464842103	6.208075418922367	1.981300665613492	4.928647276682936	9.54391235658253	13.95198259563267	12.278884255781678	12.32032322395136	7.301028204398157	2.2869130558649644	0.41179974618632975	0.15539613063635052	1.3105073683665596	1.6290694361710871	0.22273445391210217	0.046618839190905155	0.05697858123332851	0.023309419595452584	0.023309419595452584	0.1061873559348396	0.08546787184999281	0.05438864572272267	0.08805780736059866	0.3211520033151246	1.17065085079384	0.22273445391210217	0.018129548574240897	0.005179871021211684	0.005179871021211684	0.002589935510605842	0.005179871021211684	0.005179871021211684	0.0	0.0	0.0	0.0	0.0	0.0	0.0	0.0	0.0	0.0	0.0	0.0	0.0	0.0	0.0	0.0	0.0	0.0	0.0	0.0	0.0
SRR6444854_1	0.0	0.0	0.0	0.0	0.0	0.0	0.0	0.0	0.0	0.0	0.0	0.0	0.0	0.0	0.0	0.0	0.0	0.0	0.0	0.0	0.0	0.0	0.0	0.0	0.0	0.0	0.0	0.0	0.0	0.0	0.0	0.0	0.0	0.0	0.0	0.0	0.0	0.0	0.0037043897017960364	0.0	0.0	0.0	0.0	0.0	0.0	0.0	0.15187997777363757	0.3667345804778071	0.4223004260047481	0.4852750509352811	0.9853676606777436	1.415076866086078	0.44823115391732055	0.9779588812741516	0.5815891831819787	0.4148916466011559	1.2298573809962787	45.26023337655214	46.015928875718195	0.8186701240969244	0.21855899240596613	0.06667901463232864	0.02593072791257225	0.014817558807184146	0.0	0.0037043897017960364	0.007408779403592073	0.0037043897017960364	0.011113169105388109	0.07038340433412467	0.0	0.0	0.0	0.0	0.0	0.0	0.0	0.0	0.0	0.0	0.0	0.0	0.0	0.0	0.0	0.0	0.0	0.0	0.0	0.0	0.0	0.0	0.0	0.0	0.0	0.0	0.0	0.0	0.0	0.0	0.0
SRR6444854_2	0.0	0.0	0.0	0.0	0.0	0.0	0.0	0.0	0.0	0.0	0.0	0.0	0.0	0.0	0.0	0.0	0.0	0.0	0.0	0.0	0.0	0.0	0.0	0.0	0.0	0.0	0.0	0.0	0.0	0.0	0.0	0.0	0.0	0.0	0.0	0.0	0.0	0.0	0.0	0.0	0.0	0.0	0.004724111866968564	0.004724111866968564	0.0	0.02362055933484282	0.075585789871497	0.35430839002264203	0.5338246409674476	0.751133786848003	1.1337868480724547	1.0109599395312736	1.270786092214541	1.4172335600905643	0.5621693121692592	0.24092970521539686	0.3637566137565791	0.4346182917611073	0.6708238851095369	1.6203703703702097	13.822751322750598	54.30366591081249	17.375283446710384	2.7683295540435955	0.6944444444443799	0.24092970521539686	0.08975812547240268	0.042517006802717076	0.014172335600905694	0.014172335600905694	0.014172335600905694	0.02362055933484282	0.08975812547240268	0.004724111866968564	0.009448223733937128	0.004724111866968564	0.0	0.0	0.0	0.0	0.004724111866968564	0.004724111866968564	0.0	0.0	0.0	0.0	0.0	0.004724111866968564	0.0	0.0	0.0	0.0	0.0	0.0	0.0	0.0	0.0	0.0	0.0	0.0	0.0
SRR6444859_1	0.0	0.0	0.0	0.0	0.0	0.0	0.0	0.0	0.0	0.0	0.0	0.0	0.0	0.0	0.0	0.0	0.0	0.0	0.0	0.0	0.0	0.0	0.0	0.0	0.0	0.0	0.0	0.0	0.0	0.002624671916010505	0.0	0.0	0.002624671916010505	0.015748031496063034	0.013123359580052526	0.0	0.00524934383202101	0.00524934383202101	0.002624671916010505	0.0	0.0	0.002624671916010505	0.002624671916010505	0.018372703412073536	0.0892388451443572	0.782152230971128	9.15748031496077	10.372703412073356	8.687664041994998	10.467191601049715	10.755905511810804	19.26509186351707	11.309711286088895	4.9711286089239115	6.603674540682632	6.23884514435713	0.8083989501312326	0.14173228346456732	0.03937007874015758	0.057742782152231095	0.03937007874015758	0.03412073490813657	0.01049868766404202	0.007874015748031517	0.01049868766404202	0.01049868766404202	0.007874015748031517	0.002624671916010505	0.00524934383202101	0.041994750656168076	0.007874015748031517	0.002624671916010505	0.0	0.0	0.0	0.0	0.0	0.0	0.0	0.0	0.0	0.0	0.0	0.0	0.0	0.0	0.0	0.0	0.0	0.0	0.0	0.0	0.0	0.0	0.0	0.0	0.0	0.0	0.0	0.0	0.0
SRR6444859_2	0.0	0.0	0.0	0.0	0.0	0.0	0.0	0.0	0.0	0.0	0.0	0.0	0.0	0.0	0.0	0.0	0.0	0.0	0.0	0.0	0.0	0.0	0.0	0.0	0.0	0.0	0.0	0.0	0.0	0.0	0.0	0.0	0.0	0.0	0.005268565106293453	0.013171412765733635	0.01580569531888036	0.007902847659440182	0.01843997787202709	0.01843997787202709	0.021074260425173814	0.034245673190907454	0.028977108084614005	0.021074260425173814	0.08693132425384201	0.2634282553146724	1.8176549616712587	13.677195015936904	11.862174336819221	3.363978820368317	2.924053633992839	10.91119833513347	19.07747424988844	16.464265957165697	7.028265851795715	5.940307157345993	3.0821105871816337	2.3919285582572303	0.4636337293538251	0.11327414978530932	0.0605884987223747	0.06322278127552142	0.0605884987223747	0.023708542978320545	0.026342825531467273	0.007902847659440182	0.013171412765733635	0.021074260425173814	0.007902847659440182	0.0	0.0	0.005268565106293453	0.03687995574405418	0.005268565106293453	0.0026342825531467267	0.0	0.0	0.0	0.0	0.0	0.0	0.0	0.0	0.0	0.0026342825531467267	0.0026342825531467267	0.0	0.0	0.0	0.0	0.0026342825531467267	0.0026342825531467267	0.0	0.0	0.0	0.0	0.0	0.0	0.0026342825531467267	0.0	0.0
SRR6444863_1	0.0	0.0	0.0	0.0	0.0	0.0	0.0	0.0	0.0	0.0	0.0	0.0	0.0	0.0	0.0	0.0	0.0	0.0	0.0	0.0	0.0	0.0	0.0	0.0	0.0	0.007049203440011477	0.0023497344800038253	0.0	0.0	0.0	0.0	0.0	0.0	0.0	0.0	0.0	0.0	0.0	0.0023497344800038253	0.0	0.0	0.10573805160017222	0.11513698952018753	0.009398937920015301	0.07049203440011477	1.0432821091216973	13.58146529442099	6.85652521265145	4.704168428967701	3.0006109309648377	3.964002067766412	10.388176136096519	12.343155223459256	8.694017576014145	9.683255792095531	4.645425066967598	9.929977912495877	9.497626768175271	0.2655199962404322	0.03524601720005738	0.009398937920015301	0.0023497344800038253	0.0023497344800038253	0.004699468960007651	0.004699468960007651	0.007049203440011477	0.007049203440011477	0.018797875840030603	0.13393486536021806	0.7589642370412325	0.08224070680013391	0.009398937920015301	0.007049203440011477	0.007049203440011477	0.0	0.0	0.0	0.0	0.0	0.0	0.0	0.0	0.0	0.0	0.0	0.0	0.0	0.0	0.0	0.0	0.0	0.0	0.0	0.0	0.0	0.0	0.0	0.0	0.0	0.0	0.0
SRR6444863_2	0.0	0.0	0.0	0.0	0.0	0.0	0.0	0.0	0.0	0.0	0.0	0.0	0.0	0.0	0.0	0.0	0.0	0.0	0.0	0.0	0.0	0.0	0.0	0.0	0.0	0.0	0.0	0.0	0.0	0.0	0.0	0.0	0.004803650774588759	0.004803650774588759	0.004803650774588759	0.007205476161883139	0.004803650774588759	0.012009126936471898	0.012009126936471898	0.004803650774588759	0.009607301549177518	0.02161642848564942	0.05043833313318196	0.19454785637084457	0.9415155518193922	1.8710219767023413	2.637204275249205	14.984988591328396	6.756334814459354	3.499459589287838	2.236099435571066	4.796445298426918	10.738561306592743	12.110003602737521	7.476882430647716	8.360754173171847	7.001321003963409	1.7821544373724492	1.9286657859974032	9.25183139185786	1.7797526119851546	0.27380809415155927	0.07926023778071455	0.038429206196710065	0.02642007926023818	0.009607301549177518	0.0	0.014410952323766277	0.024018253872943797	0.02161642848564942	0.028821904647532558	0.15852047556142898	0.7517713462231379	0.0840638885553033	0.0024018253872943795	0.0	0.0	0.0	0.0	0.0	0.0	0.0	0.0	0.0	0.0	0.0	0.0	0.0	0.0	0.0	0.0	0.0	0.0024018253872943795	0.0	0.0	0.0	0.0	0.0	0.0	0.0	0.0
SRR6444864_1	0.0	0.0	0.0	0.0	0.0	0.0	0.0	0.0	0.0	0.0	0.0	0.0	0.0	0.0	0.0	0.0	0.0	0.0	0.0	0.0	0.0	0.0	0.0	0.0	0.0	0.0	0.0	0.0	0.0	0.0	0.0	0.0	0.0	0.0	0.0	0.0	0.0	0.0	0.005747126436781632	0.005747126436781632	0.0	0.0	0.0	0.005747126436781632	0.011494252873563263	0.034482758620689793	0.12068965517241423	0.14367816091954078	0.2643678160919553	10.132183908045965	27.735632183906667	45.080459770116356	6.925287356321775	3.1206896551724395	3.614942528735674	1.4482758620689695	0.21264367816092047	0.3793103448275876	0.41954022988505885	0.022988505747126527	0.017241379310344897	0.0919540229885061	0.08620689655172448	0.0	0.0	0.0	0.0	0.0	0.005747126436781632	0.0919540229885061	0.022988505747126527	0.0	0.0	0.0	0.0	0.0	0.0	0.0	0.0	0.0	0.0	0.0	0.0	0.0	0.0	0.0	0.0	0.0	0.0	0.0	0.0	0.0	0.0	0.0	0.0	0.0	0.0	0.0	0.0	0.0	0.0
SRR6444864_2	0.0	0.0	0.0	0.0	0.0	0.0	0.0	0.0	0.0	0.0	0.0	0.0	0.0	0.0	0.0	0.0	0.0	0.0	0.0	0.0	0.0	0.0	0.0	0.0	0.0	0.0	0.0	0.0	0.0	0.0	0.0	0.0	0.0	0.0	0.0	0.0	0.0	0.0	0.0045735193231191676	0.009147038646238335	0.013720557969357504	0.013720557969357504	0.01829407729247667	0.0045735193231191676	0.059455751200549176	0.10061742510862166	0.13720557969357502	0.2698376400640309	0.39789618111136715	0.9558655385319073	3.2609192773839992	19.195060599130613	37.845872398812986	29.357420535099955	3.270066316030238	2.7624056711639957	1.120512234164195	0.27898467871026916	0.0960439057855025	0.0686027898467875	0.07317630916990667	0.2652641207409117	0.1966613308941243	0.0686027898467875	0.013720557969357504	0.022867596615595835	0.013720557969357504	0.0	0.0	0.0	0.0045735193231191676	0.01829407729247667	0.054882231877430014	0.0045735193231191676	0.0	0.0	0.0	0.0045735193231191676	0.0045735193231191676	0.0	0.0	0.0	0.0045735193231191676	0.0	0.0	0.0045735193231191676	0.0	0.0	0.0	0.0	0.0	0.0045735193231191676	0.0	0.0	0.0	0.0	0.0	0.0	0.0	0.0	0.0
SRR6444881_1	0.0	0.0	0.0	0.0	0.0	0.0	0.0	0.0	0.0	0.0	0.0	0.0	0.0	0.0	0.0	0.0	0.0	0.0	0.0	0.0	0.0	0.0	0.0027393507738666042	0.0027393507738666042	0.0	0.0	0.0	0.0054787015477332085	0.008218052321599813	0.0	0.0	0.0	0.0	0.0	0.0	0.0	0.0	0.0	0.0027393507738666042	0.0	0.0054787015477332085	0.3424188467333257	0.40542391453225807	0.11231338172853084	1.7997534584303743	2.8927544172031134	5.829338446788222	8.508423503630032	12.228461854540036	9.412409259005807	5.530749212436729	12.41747705793679	9.623339268593488	10.009587727708592	10.78756334748653	4.952746199150809	0.9560334200794403	1.4792494178879725	1.295712916038905	0.20819065881386178	0.03835091083413246	0.013696753869333023	0.010957403095466417	0.0027393507738666042	0.03287220928639925	0.01917545541706623	0.016436104643199625	0.024654156964799445	0.172579098753596	0.7094918504314494	0.05752636625119867	0.04382961238186566	0.03835091083413246	0.0	0.0	0.0	0.0	0.0	0.0	0.0	0.0	0.0	0.0	0.0	0.0	0.0	0.0	0.0	0.0	0.0	0.0	0.0	0.0	0.0	0.0	0.0	0.0	0.0	0.0	0.0	0.0
SRR6444881_2	0.0	0.0	0.0	0.0	0.0	0.0	0.0	0.0	0.0	0.0	0.0	0.0	0.0	0.0	0.0	0.0	0.0	0.0	0.0	0.0	0.0	0.0	0.0	0.0	0.0	0.0	0.0	0.0	0.0	0.0	0.0	0.002866150759529921	0.005732301519059842	0.008598452278589764	0.008598452278589764	0.002866150759529921	0.002866150759529921	0.008598452278589764	0.014330753797649604	0.017196904557179527	0.02292920607623937	0.04585841215247873	0.10891372886213706	0.4929779306391476	0.3783319002579499	2.479220406993391	3.6944683290340086	10.621954714817875	11.584981370019708	7.589567211235493	3.91229578675827	8.02808827744362	10.189165950128954	8.374892519346782	10.071653768988254	9.423903697334639	5.00716537689874	2.2843221553453676	1.5362568071080438	0.4442533677271386	0.4069934078532493	1.1894525652049135	0.5703640011464556	0.1261106334193166	0.03725995987388897	0.03725995987388897	0.051590713671538564	0.04585841215247873	0.03725995987388897	0.028661507595299215	0.051590713671538564	0.21496130696474391	0.607623961020344	0.13757523645743633	0.02292920607623937	0.028661507595299215	0.02292920607623937	0.002866150759529921	0.002866150759529921	0.0	0.0	0.0	0.0	0.0	0.0	0.0	0.0	0.0	0.0	0.005732301519059842	0.002866150759529921	0.0	0.0	0.0	0.0	0.0	0.0	0.0	0.002866150759529921	0.002866150759529921	0.0
SRR6444885_1	0.0	0.0	0.0	0.0	0.0	0.0	0.0	0.0	0.0	0.0	0.0	0.0	0.0	0.0	0.0	0.0	0.0	0.0	0.0	0.0	0.0	0.0	0.0	0.0	0.0	0.0	0.0	0.0	0.0	0.0	0.0	0.0	0.003276862076875155	0.009830586230625464	0.00655372415375031	0.0	0.0	0.0	0.0	0.0	0.02293803453812608	0.36045482845626686	0.3539011043025165	0.029491758691876393	0.029491758691876393	0.3702854146868924	5.675525117147727	4.463086148703878	3.6995772847920114	6.37677360159909	13.641576826030914	25.552970475473092	11.236360061605096	7.5171216043517735	10.558049611692093	6.4128190844447195	0.9896123472162933	0.829046105449413	0.7241865189894096	0.036045482845626704	0.01310744830750062	0.003276862076875155	0.019661172461250924	0.04259920699937701	0.07536782776812853	0.085198413998754	0.05898351738375277	0.029491758691876393	0.09502900022937949	0.5963888979912797	0.07209096569125338	0.003276862076875155	0.003276862076875155	0.003276862076875155	0.0	0.0	0.0	0.0	0.0	0.0	0.0	0.0	0.0	0.0	0.0	0.0	0.0	0.0	0.0	0.0	0.0	0.0	0.0	0.0	0.0	0.0	0.0	0.0	0.0	0.0	0.0
SRR6444885_2	0.0	0.0	0.0	0.0	0.0	0.0	0.0	0.0	0.0	0.0	0.0	0.0	0.0	0.0	0.0	0.0	0.0	0.0	0.0	0.0	0.0	0.0	0.0	0.0	0.0	0.0	0.0	0.0	0.0	0.0	0.0	0.0	0.0	0.0	0.0	0.0	0.0	0.002961822112963885	0.00592364422592777	0.01184728845185554	0.00592364422592777	0.008885466338891656	0.07404555282409711	0.35541865355566626	0.2902585670704603	1.2291561768800083	0.9892485857299331	5.008441193021878	4.054734472647483	2.7633800313953025	2.470159642211895	11.791013831709027	22.906732221663173	20.513579954387264	7.111334893226476	8.75514616592162	6.764801706009662	2.2598702721914696	0.4028078073630888	0.130320172970411	0.14512928353523047	0.5775553120279591	0.23990759115007443	0.06812190859816933	0.01777093267778331	0.04442733169445827	0.08885466338891657	0.06516008648520545	0.053312798033349915	0.026656399016674968	0.035541865355566624	0.09774012972780823	0.4738915380742226	0.08589284127595266	0.020732754790747192	0.01777093267778331	0.002961822112963885	0.0	0.002961822112963885	0.002961822112963885	0.0	0.002961822112963885	0.002961822112963885	0.002961822112963885	0.002961822112963885	0.0	0.0	0.00592364422592777	0.00592364422592777	0.0	0.0	0.0	0.0	0.0	0.002961822112963885	0.0	0.0	0.0	0.0	0.0	0.0
SRR6444903_1	0.0	0.0	0.0	0.0	0.0	0.0	0.0	0.0	0.0	0.0	0.0	0.0	0.0	0.0	0.0	0.0	0.0	0.0	0.0	0.0	0.0	0.0	0.0	0.0	0.0	0.0	0.0	0.0	0.0	0.0	0.0	0.0	0.0	0.0	0.0	0.0	0.0	0.0	0.0	0.0	0.0	0.0	0.0	0.0133809099018733	0.03568242640499546	0.5664585191793032	8.617305976806449	7.582515611061462	7.975022301516457	6.833184656556476	8.523639607493324	17.359500446030083	13.782337198930101	9.754683318465808	8.13113291703833	7.140945584299593	1.9446922390722494	0.24531668153434383	0.13826940231935744	0.5040142729705608	0.057983942908117626	0.026761819803746593	0.01784121320249773	0.022301516503122162	0.16057091882247962	0.13826940231935744	0.031222123104371027	0.022301516503122162	0.04460303300624433	0.2854594112399636	0.03568242640499546	0.004460303300624432	0.004460303300624432	0.0	0.0	0.0	0.0	0.0	0.0	0.0	0.0	0.0	0.0	0.0	0.0	0.0	0.0	0.0	0.0	0.0	0.0	0.0	0.0	0.0	0.0	0.0	0.0	0.0	0.0	0.0	0.0
SRR6444903_2	0.0	0.0	0.0	0.0	0.0	0.0	0.0	0.0	0.0	0.0	0.0	0.0	0.0	0.0	0.0	0.0	0.0	0.0	0.0	0.0	0.0	0.0	0.0	0.0	0.0	0.0	0.0	0.0	0.0	0.0	0.0	0.0	0.0	0.0	0.0	0.0	0.0	0.0	0.0	0.004511413877109025	0.013534241631327076	0.022557069385545126	0.04962555264819928	0.07218262203374438	0.09925110529639851	0.2932419020120865	1.7729856537038382	12.176306054317697	10.110078498601528	3.3700261662004785	2.67075701524856	9.180727239916964	16.200487232698606	15.415501218081815	10.231886673283485	8.03933952900825	4.4121627718126115	3.4918343408824235	0.60452945953261	0.10827393305061656	0.05864838040241732	0.09925110529639851	0.4827212848506654	0.13985383019037978	0.054136966525308305	0.0180456555084361	0.08120544978796243	0.2075250383470153	0.0766940359108534	0.013534241631327076	0.02706848326265415	0.04060272489398123	0.2751962465036505	0.06315979427952634	0.0180456555084361	0.004511413877109025	0.0	0.0	0.0	0.0	0.0	0.0	0.0	0.0	0.0	0.0	0.0	0.0	0.0	0.0	0.0	0.0	0.0	0.0	0.0	0.0	0.0	0.0	0.0	0.0	0.0
SRR6444927_1	0.0	0.0	0.0	0.0	0.0	0.0	0.0	0.0	0.0	0.0	0.0	0.0	0.0	0.0	0.0	0.0	0.0	0.0	0.0	0.0	0.0	0.0	0.0	0.0	0.0	0.0	0.0	0.0	0.0	0.0	0.0	0.0018545650117765126	0.0	0.0018545650117765126	0.005563695035329539	0.00741826004710605	0.005563695035329539	0.0018545650117765126	0.003709130023553025	0.005563695035329539	0.005563695035329539	0.0018545650117765126	0.0018545650117765126	0.003709130023553025	0.009272825058882564	0.04080043025908327	0.3616401772964209	11.3369559169888	20.61163554088732	11.689323269226458	2.722501437287863	12.421876448878514	11.047643775151728	10.61923925743145	8.360379073088172	5.320747018787031	3.354908106303704	1.1349937872072338	0.617570148921576	0.0797462955063901	0.061200645388624936	0.055636950353295384	0.059346080376848416	0.024109345153094663	0.01298195508243559	0.009272825058882564	0.0018545650117765126	0.0	0.0	0.0	0.0	0.0	0.0	0.0	0.0	0.0	0.0	0.0	0.0	0.0	0.0	0.0	0.0	0.0	0.0	0.0	0.0	0.0	0.0	0.0	0.0	0.0	0.0	0.0	0.0	0.0	0.0	0.0	0.0	0.0	0.0
SRR6444927_2	0.0	0.0	0.0	0.0	0.0	0.0	0.0	0.0	0.0	0.0	0.0	0.0	0.0	0.0	0.0	0.0	0.0	0.0	0.0	0.0	0.0	0.0	0.0	0.0	0.0	0.0	0.0	0.0	0.0	0.0	0.0	0.0	0.0	0.0	0.0039476930668640164	0.007895386133728033	0.009869232667160043	0.005921539600296026	0.009869232667160043	0.015790772267456066	0.01973846533432009	0.01973846533432009	0.03158154453491213	0.04934616333580019	0.1243523316062165	0.24870466321243323	0.9908709597828707	12.644460893164577	22.478164322727316	3.770046878855151	1.8810757463607009	5.657044164816366	11.04367135455123	10.327165062915574	10.121885023438693	7.749321490253958	5.499136442141787	2.867999013076649	1.5178879842092317	1.3343202566000498	0.5901801134961686	0.5921539600296005	0.15396002960769653	0.06908462867012032	0.0829015544041444	0.03355539106834414	0.011843079200592051	0.011843079200592051	0.0039476930668640164	0.0019738465334320082	0.0019738465334320082	0.0039476930668640164	0.0	0.0	0.0	0.0	0.0	0.0019738465334320082	0.0	0.0	0.0	0.0	0.0	0.0	0.0019738465334320082	0.0	0.0039476930668640164	0.0019738465334320082	0.0	0.0	0.0	0.0	0.0	0.0	0.0	0.0	0.0	0.0	0.0	0.0	0.002960769800148013
SRR6444932_1	0.0	0.0	0.0	0.0	0.0	0.0	0.0	0.0	0.0	0.0	0.0	0.0	0.0	0.0	0.0	0.0	0.0	0.0	0.0	0.0	0.0	0.0	0.0	0.0	0.0	0.0	0.0	0.0	0.0	0.0	0.0	0.0	0.003986128273607986	0.007972256547215973	0.003986128273607986	0.003986128273607986	0.003986128273607986	0.0	0.0	0.0	0.0	0.02391676964164792	0.03188902618886389	0.0	0.02391676964164792	0.36672380117193426	5.237772551520806	1.5984374377167956	1.4589229481405153	20.17379519272877	26.172918244508576	27.759397297405275	7.270697971060958	4.193406943835573	2.487344042731402	1.2596165344601187	0.23518156814287117	0.6856140630605753	0.6856140630605753	0.02391676964164792	0.01195838482082396	0.04783353928329584	0.04783353928329584	0.003986128273607986	0.0	0.0	0.003986128273607986	0.003986128273607986	0.02391676964164792	0.1315422330290636	0.01195838482082396	0.0	0.0	0.0	0.0	0.0	0.0	0.0	0.0	0.0	0.0	0.0	0.0	0.0	0.0	0.0	0.0	0.0	0.0	0.0	0.0	0.0	0.0	0.0	0.0	0.0	0.0	0.0	0.0	0.0	0.0
SRR6444932_2	0.0	0.0	0.0	0.0	0.0	0.0	0.0	0.0	0.0	0.0	0.0	0.0	0.0	0.0	0.0	0.0	0.0	0.0	0.0	0.0	0.0	0.0	0.0	0.0	0.0	0.0	0.0	0.0	0.0	0.0	0.0	0.0	0.0	0.0	0.0	0.0	0.0038729666924865163	0.0038729666924865163	0.007745933384973033	0.0038729666924865163	0.007745933384973033	0.015491866769946065	0.0038729666924865163	0.03485670023237864	0.03485670023237864	0.10844306738962244	0.8094500387296829	4.984508133230066	1.742835011618931	1.1928737412858426	3.5011618900078147	20.143299767621034	29.620449264137356	26.57242447714908	4.992254066615038	2.8853601859024858	1.4756003098373542	0.4415182029434628	0.1045701006971359	0.038729666924865166	0.18202943454686638	0.6041828040278976	0.2013942680092989	0.05034856700232471	0.011618900077459549	0.0038729666924865163	0.007745933384973033	0.011618900077459549	0.015491866769946065	0.0038729666924865163	0.007745933384973033	0.03485670023237864	0.11231603408210897	0.015491866769946065	0.0038729666924865163	0.0038729666924865163	0.0	0.0	0.0	0.0	0.0	0.0	0.0	0.0	0.0	0.0	0.0	0.0	0.0	0.0	0.0	0.0	0.0	0.0	0.0	0.0	0.0	0.0	0.0	0.0	0.0
SRR6444938_1	0.0	0.0	0.0	0.0	0.0	0.0	0.0	0.0	0.0	0.0	0.0	0.0	0.0	0.0	0.0	0.0	0.0	0.0	0.0	0.0	0.0	0.0	0.0	0.0	0.0	0.0	0.0	0.0	0.0	0.0	0.0	0.0	0.0	0.0	0.0	0.0	0.0	0.007838526357045107	0.003919263178522554	0.003919263178522554	0.019596315892612768	0.21555947481874047	0.21555947481874047	0.003919263178522554	0.023515579071135318	0.44287673917304843	6.255144032921884	5.816186556927344	3.978052126200371	16.253184401332614	19.917695473250372	26.400156770526785	8.465608465608856	4.616892024299511	2.8414658044288803	1.9988242210465075	0.5722124240642936	0.7054673721340614	0.6780325298844033	0.027434842249657868	0.015677052714090214	0.003919263178522554	0.007838526357045107	0.003919263178522554	0.03135410542818043	0.03135410542818043	0.003919263178522554	0.027434842249657868	0.058788947677838294	0.3057025279247589	0.04311189496374809	0.003919263178522554	0.0	0.0	0.0	0.0	0.0	0.0	0.0	0.0	0.0	0.0	0.0	0.0	0.0	0.0	0.0	0.0	0.0	0.0	0.0	0.0	0.0	0.0	0.0	0.0	0.0	0.0	0.0	0.0	0.0
SRR6444938_2	0.0	0.0	0.0	0.0	0.0	0.0	0.0	0.0	0.0	0.0	0.0	0.0	0.0	0.0	0.0	0.0	0.0	0.0	0.0	0.0	0.0	0.0	0.0	0.0	0.0	0.0	0.0	0.0	0.0	0.0	0.0	0.0	0.0	0.0	0.0	0.003758691975192768	0.003758691975192768	0.011276075925578303	0.011276075925578303	0.011276075925578303	0.007517383950385536	0.007517383950385536	0.048862995677505974	0.26310843826349356	0.12779552715655412	0.24055628641233706	1.3117834993422695	6.983649689908169	6.213117834993563	2.585980078932648	3.0407818079309727	16.17365156925395	25.555346739334645	23.52565307272963	5.220823153542654	3.664724675812937	1.9169329073483166	0.9584664536741543	0.3157301259161921	0.10900206728059025	0.2555910543131081	0.6126667919564223	0.18041721480925296	0.030069535801542143	0.022552151851156603	0.018793459875963838	0.022552151851156603	0.04510430370231321	0.02631084382634937	0.022552151851156603	0.018793459875963838	0.06389776357827703	0.2443149783875298	0.08269122345424086	0.018793459875963838	0.007517383950385536	0.0	0.0	0.0	0.003758691975192768	0.003758691975192768	0.0	0.0	0.0	0.0	0.0	0.0	0.0	0.0	0.003758691975192768	0.003758691975192768	0.0	0.0	0.0	0.0	0.0	0.0	0.0	0.0	0.0	0.0
SRR6444943_1	0.0	0.0	0.0	0.0	0.0	0.0	0.0	0.0	0.0	0.0	0.0	0.0	0.0	0.0	0.0	0.0	0.0	0.0	0.0	0.0	0.0	0.0	0.0	0.0	0.0	0.0	0.0	0.0	0.0	0.0	0.0	0.0	0.0036140224069388994	0.007228044813877799	0.0	0.0	0.0	0.0	0.0036140224069388994	0.0036140224069388994	0.0	0.0	0.0036140224069388994	0.014456089627755598	0.0180701120346945	0.06143838091796129	1.5070473436935166	29.316949765089568	25.11745572822466	6.367907481026308	0.8926635345139075	6.823274304300661	6.36067943621243	2.7249728948319603	6.020961329960134	8.326707625587414	3.483917600289091	1.619082038308626	1.2323816407661592	0.0180701120346945	0.0108420672208167	0.0108420672208167	0.014456089627755598	0.014456089627755598	0.0036140224069388994	0.0036140224069388994	0.0	0.0	0.0036140224069388994	0.0036140224069388994	0.0	0.0036140224069388994	0.0	0.0	0.0	0.0	0.0	0.0	0.0	0.0036140224069388994	0.0	0.0	0.0	0.0	0.0	0.0	0.0	0.0	0.0	0.0	0.0	0.0	0.0	0.0	0.0	0.0	0.0	0.0	0.0	0.0	0.0
SRR6444943_2	0.0	0.0	0.0	0.0	0.0	0.0	0.0	0.0	0.0	0.0	0.0	0.0	0.0	0.0	0.0	0.0	0.0	0.0	0.0	0.0	0.0	0.0	0.0	0.0	0.0	0.0	0.0	0.0	0.0	0.0	0.0	0.0	0.0	0.0	0.0	0.0074354970629787465	0.014870994125957493	0.0074354970629787465	0.02230649118893624	0.018588742657446866	0.02230649118893624	0.018588742657446866	0.029741988251914986	0.0557662279723406	0.1375566956651069	0.4870250576251084	7.5358762733290385	15.160978511413333	23.815897092719293	10.179195479218283	1.0335340917540432	1.464792921406806	6.651052122834466	5.342404639750121	3.1414975091085364	3.5169901107889423	9.123354896275181	8.528515131236814	1.0372518402855326	0.28254888839319214	0.9182838872778744	1.1599375418246802	0.1933229236374475	0.026024239720425613	0.011153245594468121	0.018588742657446866	0.018588742657446866	0.0074354970629787465	0.0037177485314893732	0.0	0.0037177485314893732	0.0	0.0	0.0	0.0037177485314893732	0.0	0.0	0.0	0.0	0.0	0.0	0.0	0.0	0.0	0.0	0.0	0.0	0.0	0.0	0.0	0.0	0.0	0.0	0.0	0.0	0.0	0.0	0.0	0.0	0.0	0.0
SRR6444945_1	0.0	0.0	0.0	0.0	0.0	0.0	0.0	0.0	0.0	0.0	0.0	0.0	0.0	0.0	0.0	0.0	0.0	0.0	0.0	0.0	0.0	0.0	0.0	0.0	0.0	0.0	0.0	0.0	0.0	0.0	0.003039513677811525	0.003039513677811525	0.0	0.0	0.0	0.0	0.00607902735562305	0.0121580547112461	0.0121580547112461	0.003039513677811525	0.018237082066869147	0.5775075987841913	0.6261398176291751	0.06686930091185353	1.0516717325227827	4.300911854103222	8.106382978723621	8.948328267477509	6.641337386018299	5.486322188449789	8.620060790273827	12.693009118540587	11.960486322188178	6.6686930091186065	6.95136778115511	6.440729483282716	1.7720364741641297	3.3586626139817035	3.4103343465044964	1.541033434650447	0.1641337386018224	0.0364741641337383	0.0121580547112461	0.009118541033434575	0.06079027355623048	0.06079027355623048	0.0121580547112461	0.0	0.1641337386018224	0.17021276595744542	0.015197568389057624	0.00607902735562305	0.003039513677811525	0.0	0.003039513677811525	0.003039513677811525	0.0	0.0	0.0	0.0	0.0	0.0	0.0	0.0	0.0	0.0	0.0	0.0	0.0	0.0	0.0	0.0	0.0	0.0	0.0	0.0	0.0	0.0	0.0	0.0	0.0
SRR6444945_2	0.0	0.0	0.0	0.0	0.0	0.0	0.0	0.0	0.0	0.0	0.0	0.0	0.0	0.0	0.0	0.0	0.0	0.0	0.0	0.0	0.0	0.0	0.0	0.0	0.0	0.0	0.0	0.0	0.0	0.0	0.0	0.0	0.0	0.0	0.0	0.0031701749936596203	0.0031701749936596203	0.006340349987319241	0.0317017499365962	0.022191224955617338	0.025361399949276962	0.05072279989855391	0.14899822470200225	0.6625665736748615	0.25995434948008855	1.2458787725082245	3.721785442556348	13.63492264772958	9.903626680193057	8.388283033223644	2.567841744864312	6.131118437737737	10.344281004311643	11.361907177276152	7.2375095105250695	6.869769211260513	6.150139487699697	2.834136444331705	0.49771747400456123	0.1965508496068964	0.8369261983261381	3.2811311184376866	2.2413137205173737	0.621354298757287	0.1553385746893215	0.06974384986051162	0.04755262490489429	0.07925437484149048	0.03487192493025582	0.025361399949276962	0.05706314988587314	0.07608419984783084	0.11095612477808672	0.04755262490489429	0.006340349987319241	0.0	0.0	0.0	0.0	0.0	0.0	0.0031701749936596203	0.0031701749936596203	0.0	0.0	0.0	0.0	0.0	0.0	0.0	0.0	0.0	0.0	0.0	0.0	0.0	0.0031701749936596203	0.0	0.0	0.0	0.0
SRR6444948_1	0.0	0.0	0.0	0.0	0.0	0.0	0.0	0.0	0.0	0.0	0.0	0.0	0.0	0.0	0.0	0.0	0.0	0.0	0.0	0.0	0.0	0.0	0.0020045704205589373	0.0020045704205589373	0.004009140841117875	0.004009140841117875	0.0	0.0	0.0	0.0	0.0	0.0020045704205589373	0.0020045704205589373	0.0	0.0	0.0	0.0	0.0	0.004009140841117875	0.00801828168223575	0.02806398588782512	1.1065228721485385	1.1826965481297802	0.05813254219620917	0.0441005492522966	0.537224872709794	7.302650042096228	10.588140961391577	13.544882331716176	9.720161969289757	5.757126247845502	13.839554183538475	12.538587980595132	5.314116184901926	9.988774405644591	5.973619853265891	1.2027422523353701	0.5993665557471203	0.4189552178968184	0.03808683799061979	0.01403199294391256	0.004009140841117875	0.0	0.0020045704205589373	0.0160365633644715	0.018041133785030434	0.00801828168223575	0.004009140841117875	0.018041133785030434	0.09822395060738798	0.006013711261676812	0.0	0.0	0.0	0.0	0.0	0.0	0.0	0.0	0.0	0.0	0.0	0.0	0.0	0.0	0.0	0.0	0.0	0.0	0.0	0.0	0.0	0.0	0.0	0.0	0.0	0.0	0.0	0.0	0.0	0.0
SRR6444948_2	0.0	0.0	0.0	0.0	0.0	0.0	0.0	0.0	0.0	0.0	0.0	0.0	0.0	0.0	0.0	0.0	0.0	0.0	0.0	0.0	0.0	0.0	0.0	0.0	0.0	0.0	0.0	0.0	0.0	0.0	0.0	0.0	0.0	0.0	0.002035664848139439	0.002035664848139439	0.002035664848139439	0.002035664848139439	0.004071329696278878	0.012213989088836634	0.01832098363325495	0.04071329696278877	0.2137448090546409	1.219363244035532	0.4030616399316098	0.3765979969057972	6.2169204462181265	14.225225958798044	11.985994625843997	5.284585945770157	3.684553375132377	6.978259099422115	11.0251608175224	14.121407051542883	5.803680482045773	3.7700512987542427	8.197622343457363	5.011806856119442	0.5048448823385803	0.09160491816627482	0.12417555573650575	0.35420568357626325	0.1139972314958086	0.02239231332953383	0.010178324240697196	0.006106994544418317	0.002035664848139439	0.026463643025812705	0.008142659392557755	0.004071329696278878	0.006106994544418317	0.01832098363325495	0.07939092907743815	0.010178324240697196	0.004071329696278878	0.0	0.0	0.0	0.0	0.004071329696278878	0.002035664848139439	0.0	0.0	0.0	0.0	0.0	0.0	0.0	0.0	0.0	0.0	0.0	0.0	0.002035664848139439	0.002035664848139439	0.002035664848139439	0.0	0.0	0.0	0.0	0.0
SRR6444957_1	0.0	0.0	0.0	0.0	0.0	0.0	0.0	0.0	0.0	0.0	0.0	0.0	0.0	0.0	0.0	0.0	0.0	0.0	0.0	0.0	0.0	0.0	0.0	0.0	0.0	0.0	0.0	0.0	0.0	0.0	0.0	0.0	0.0	0.0	0.0	0.0	0.002698982483603748	0.013494912418018739	0.005397964967207496	0.002698982483603748	0.002698982483603748	0.17813284391784728	0.19162775633586598	0.09716336940973495	0.10256133437694247	0.2483063884915445	4.021483900569497	5.484332406682873	8.485600928450515	6.545032522739266	4.366953658470795	11.060430217807905	13.648754419583312	14.118377371730256	14.760735202827801	7.4545896197138335	1.1254756956627594	2.5694313243907634	2.6072170791612135	0.11605624679496122	0.10256133437694247	0.11065828182775371	0.13494912418018748	0.08096947450811244	0.1673369139834323	0.23751045855712952	0.11335726431135748	0.05128066718847119	0.20242368627028093	1.438557663760803	0.12955115921298	0.008096947450811244	0.008096947450811244	0.005397964967207496	0.0	0.0	0.0	0.0	0.0	0.0	0.0	0.0	0.0	0.0	0.0	0.0	0.0	0.0	0.0	0.0	0.0	0.0	0.0	0.0	0.0	0.0	0.0	0.0	0.0	0.0	0.0
SRR6444957_2	0.0	0.0	0.0	0.0	0.0	0.0	0.0	0.0	0.0	0.0	0.0	0.0	0.0	0.0	0.0	0.0	0.0	0.0	0.0	0.0	0.0	0.0	0.0	0.0	0.0	0.0	0.0	0.0	0.0	0.0	0.0	0.0028186879007822113	0.0028186879007822113	0.0	0.0	0.0	0.0	0.011274751603128845	0.016912127404693264	0.0056373758015644225	0.0056373758015644225	0.014093439503911056	0.05355507011486199	0.2903248537805675	0.12684095553519958	0.17757733774927925	1.0400958353886305	7.444154745966075	7.153829892185475	6.373053343668714	2.3366922697484678	5.848777394123162	8.805581002043986	15.251920231131438	13.758015643717206	12.585441476992074	7.965612007610844	2.223944753717186	0.2339510957649233	0.18321471355084365	2.170389683602327	2.556549926009468	0.3382425480938654	0.10147276442815964	0.17757733774927925	0.093016700725813	0.10429145232894185	0.2987809174829142	0.17193996194771485	0.07046719751955526	0.07046719751955526	0.32414910858995427	1.3360580649707692	0.21422028045944788	0.016912127404693264	0.014093439503911056	0.0028186879007822113	0.0028186879007822113	0.0028186879007822113	0.0028186879007822113	0.0028186879007822113	0.0028186879007822113	0.0	0.0	0.0	0.0	0.0	0.0	0.0028186879007822113	0.0028186879007822113	0.0	0.0	0.0	0.0028186879007822113	0.0	0.0	0.0	0.0	0.0	0.0	0.004228031851173317
SRR6444958_1	0.0	0.0	0.0	0.0	0.0	0.0	0.0	0.0	0.0	0.0	0.0	0.0	0.0	0.0	0.0	0.0	0.0	0.0	0.0	0.0	0.0	0.0	0.0	0.001884623358021904	0.001884623358021904	0.003769246716043808	0.001884623358021904	0.0	0.0	0.0	0.0	0.0	0.0	0.0	0.0	0.0	0.0	0.001884623358021904	0.001884623358021904	0.0	0.0	0.0	0.003769246716043808	0.00942311679010952	0.07350031096285428	0.9253500687887564	13.524057217165014	16.15687604832281	10.442698026798574	4.540057669474887	3.9671321686361636	14.816908840768628	12.442283409659948	7.608224496334275	8.537343811838863	5.6161776069055165	0.7463108497766704	0.09800041461713903	0.028269350370328555	0.1338082584195551	0.028269350370328555	0.028269350370328555	0.016961610222197134	0.015076986864175232	0.026384727012306656	0.032038597086372356	0.005653870074065712	0.001884623358021904	0.005653870074065712	0.135692881777577	0.020730856938240946	0.0	0.0	0.0	0.0	0.0	0.0	0.0	0.0	0.0	0.0	0.0	0.0	0.0	0.0	0.0	0.0	0.0	0.0	0.0	0.0	0.0	0.0	0.0	0.0	0.0	0.0	0.0	0.0	0.0	0.0
SRR6444958_2	0.0	0.0	0.0	0.0	0.0	0.0	0.0	0.0	0.0	0.0	0.0	0.0	0.0	0.0	0.0	0.0	0.0	0.0	0.0	0.0	0.0	0.0	0.0	0.0	0.0	0.0	0.0	0.0	0.0	0.0	0.0	0.0019053062779841512	0.0019053062779841512	0.0	0.0019053062779841512	0.0057159188339524535	0.0057159188339524535	0.0019053062779841512	0.0057159188339524535	0.009526531389920755	0.011431837667904905	0.01524245022387321	0.038106125559683006	0.055253882061540374	0.1257502143469539	0.4515575878822436	3.368581499475962	21.785271982474303	15.120510622082712	3.414308850147587	2.1377536438981957	5.079546537105925	11.51186053157922	11.69095932170969	9.13975421548949	6.363722968467214	4.441268933981162	3.5514909021624614	0.8440506811469779	0.16004572735066852	0.08002286367533439	0.059064494617508685	0.15051919596074778	0.057159188339524526	0.03429551300371471	0.0057159188339524535	0.01714775650185736	0.03620081928169886	0.011431837667904905	0.0057159188339524535	0.009526531389920755	0.022863675335809814	0.12003429551300149	0.02667428789177811	0.0038106125559683023	0.0038106125559683023	0.0019053062779841512	0.0019053062779841512	0.0	0.0057159188339524535	0.0019053062779841512	0.0	0.0	0.0	0.0	0.0	0.0	0.0	0.0	0.0	0.0	0.0019053062779841512	0.0019053062779841512	0.0	0.0	0.0	0.0	0.0	0.0	0.0	0.0
SRR6444959_1	0.0	0.0	0.0	0.0	0.0	0.0	0.0	0.0	0.0	0.0	0.0	0.0	0.0	0.0	0.0	0.0	0.0	0.0	0.0	0.0	0.0	0.0	0.0	0.0	0.0	0.0	0.0	0.0	0.0	0.0	0.0	0.0	0.0	0.0029521166676507505	0.0029521166676507505	0.0	0.0	0.0	0.0	0.008856350002952252	0.03542540001180901	0.7734545669244952	0.8088799669363038	0.02952116667650751	0.061994450020665746	0.7586939835862416	12.065300820688348	11.997402137332395	18.64261675621307	21.31133022377056	7.271063352424006	7.436381885812467	8.617228552872902	3.6311035012103714	4.268760701422898	1.5410049005136968	0.4546259668182164	0.2361693334120598	0.014760583338253752	0.008856350002952252	0.008856350002952252	0.005904233335301501	0.005904233335301501	0.0	0.0	0.0	0.0	0.0	0.0	0.0	0.0	0.0	0.0	0.0	0.0	0.0	0.0	0.0	0.0	0.0	0.0	0.0	0.0	0.0	0.0	0.0	0.0	0.0	0.0	0.0	0.0	0.0	0.0	0.0	0.0	0.0	0.0	0.0	0.0	0.0	0.0
SRR6444959_2	0.0	0.0	0.0	0.0	0.0	0.0	0.0	0.0	0.0	0.0	0.0	0.0	0.0	0.0	0.0	0.0	0.0	0.0	0.0	0.0	0.0	0.0	0.0	0.0	0.0	0.0	0.0	0.0	0.0	0.0	0.0	0.003119735446434078	0.003119735446434078	0.006239470892868156	0.003119735446434078	0.0	0.009359206339302236	0.006239470892868156	0.009359206339302236	0.006239470892868156	0.009359206339302236	0.031197354464340785	0.1653459786610062	0.8392088350907653	0.2776564547326326	0.3712485181256554	2.473950209022247	23.856616958881784	24.084357646471574	9.221937979659529	1.88743994509263	1.993510950271392	6.220752480189605	8.831971048855225	7.864853060460551	6.903974542958746	3.57209708616698	0.8329693641978972	0.36500904723278715	0.08111312160728601	0.018718412678604468	0.018718412678604468	0.009359206339302236	0.003119735446434078	0.009359206339302236	0.0	0.006239470892868156	0.0	0.0	0.0	0.0	0.003119735446434078	0.0	0.0	0.0	0.0	0.0	0.0	0.0	0.0	0.0	0.0	0.0	0.0	0.0	0.0	0.0	0.0	0.0	0.0	0.0	0.0	0.0	0.0	0.0	0.0	0.0	0.0	0.0	0.0	0.0
SRR6444964_1	0.0	0.0	0.0	0.0	0.0	0.0	0.0	0.0	0.0	0.0	0.0	0.0	0.0	0.0	0.0	0.0	0.0	0.0	0.0	0.0	0.0	0.0	0.0	0.0	0.0	0.0	0.0	0.0	0.0	0.0	0.0	0.0048990789731531235	0.0048990789731531235	0.009798157946306247	0.0	0.0	0.0	0.0	0.0	0.0048990789731531235	0.019596315892612494	0.14207329022144058	0.13717421124828746	0.02449539486576562	0.15187144816774686	1.9155398785028614	28.664511071916515	11.7479913776215	13.256907701352832	10.915147952185373	2.2143836958652106	6.584362139917681	9.577699392514418	5.158730158730203	4.614932392710236	2.209484616892057	0.323339212228106	0.8573388203017988	0.8426415833823392	0.034293552812071866	0.02449539486576562	0.07838526357044996	0.09308250048990932	0.0048990789731531235	0.0048990789731531235	0.0048990789731531235	0.0	0.0048990789731531235	0.05388986870468437	0.28414658044288116	0.019596315892612494	0.0048990789731531235	0.0	0.0	0.0048990789731531235	0.0	0.0	0.0	0.0	0.0	0.0	0.0	0.0	0.0	0.0	0.0	0.0	0.0	0.0	0.0	0.0	0.0	0.0	0.0	0.0	0.0	0.0	0.0	0.0	0.0	0.0
SRR6444964_2	0.0	0.0	0.0	0.0	0.0	0.0	0.0	0.0	0.0	0.0	0.0	0.0	0.0	0.0	0.0	0.0	0.0	0.0	0.0	0.0	0.0	0.0	0.0	0.0	0.0	0.0	0.0	0.0	0.0	0.0	0.0	0.0	0.0	0.004930480228774207	0.004930480228774207	0.0	0.004930480228774207	0.009860960457548414	0.03944384183019366	0.009860960457548414	0.029582881372645236	0.049304802287742075	0.07888768366038729	0.24159353120993626	0.2662459323538072	0.6557538704269701	8.583966078295836	39.26634454195911	16.122670348092118	2.2088551424908425	1.0156789271274882	2.1743417808894225	6.897741840054981	8.771324326989276	3.8704269795877906	5.201656641356751	2.1348979390592273	0.389507938073162	0.1084705650330325	0.06409624297406469	0.1084705650330325	0.7543634750024549	0.34513361601419423	0.13312296617690356	0.03451336160141944	0.009860960457548414	0.0	0.004930480228774207	0.009860960457548414	0.014791440686322621	0.02465240114387103	0.07395720343161309	0.24652401143871044	0.02465240114387103	0.004930480228774207	0.0	0.0	0.0	0.0	0.0	0.0	0.0	0.0	0.0	0.0	0.0	0.004930480228774207	0.0	0.0	0.0	0.0	0.0	0.0	0.0	0.0	0.0	0.0	0.0	0.0	0.0	0.0
SRR6444980_1	0.0	0.0	0.0	0.0	0.0	0.0	0.0	0.0	0.0	0.0	0.0	0.0	0.0	0.0	0.0	0.0	0.0	0.0	0.0	0.0	0.0	0.0	0.0	0.0018840552404996598	0.0037681104809993197	0.0	0.0	0.0	0.0	0.0	0.0	0.0	0.0	0.0	0.0	0.0018840552404996598	0.0018840552404996598	0.0	0.0	0.0	0.0037681104809993197	0.0094202762024983	0.00565216572149898	0.015072441923997279	0.03391299432899387	0.9702884488573278	13.30519810840833	10.88041901388464	15.635774440907472	2.5378224089529966	2.9598507828249074	9.77636264295209	14.746500367391228	6.567816568381899	7.751003259415418	3.6569512218098605	0.5840571245548924	4.949413116792774	5.248977900032255	0.20536202121446287	0.04521732577199182	0.020724607645496263	0.011304331442997959	0.0	0.018840552404996602	0.015072441923997279	0.0018840552404996598	0.0018840552404996598	0.0094202762024983	0.01695649716449694	0.0037681104809993197	0.0018840552404996598	0.0	0.0	0.0	0.0	0.0	0.0	0.0	0.0	0.0	0.0	0.0	0.0	0.0	0.0	0.0	0.0	0.0	0.0	0.0	0.0	0.0	0.0	0.0	0.0	0.0	0.0	0.0	0.0	0.0
SRR6444980_2	0.0	0.0	0.0	0.0	0.0	0.0	0.0	0.0	0.0	0.0	0.0	0.0	0.0	0.0	0.0	0.0	0.0	0.0	0.0	0.0	0.0	0.0	0.0	0.0	0.0	0.0	0.0	0.0	0.0	0.0	0.0019290495572830747	0.0019290495572830747	0.0057871486718492245	0.007716198229132299	0.0038580991145661494	0.0019290495572830747	0.0038580991145661494	0.0057871486718492245	0.013503346900981523	0.027006693801963046	0.02507764424467997	0.028935743359246115	0.028935743359246115	0.06365863539034147	0.11960107255155061	0.2874283840351786	2.262775130693019	17.646945350027124	18.007677617239224	3.323752387198711	1.500800555566248	3.825305272092368	8.348926483920865	13.194698971815763	7.291807326529981	7.729701576033139	5.104265128571192	0.6983159397364694	0.1755435097127596	0.2353440459885352	4.160959895059661	4.967302610004078	0.6134377592160153	0.11574297343698446	0.03472289203109533	0.02507764424467997	0.02507764424467997	0.02507764424467997	0.009645247786415375	0.0	0.007716198229132299	0.019290495572830753	0.017361446015547673	0.0019290495572830747	0.0	0.0	0.0	0.0	0.0	0.0	0.0	0.0	0.0	0.0019290495572830747	0.0019290495572830747	0.0	0.0	0.0	0.0	0.0	0.0	0.0	0.0	0.0	0.0	0.0	0.0	0.0	0.0	0.0	0.0
SRR6444996_1	0.0	0.0	0.0	0.0	0.0	0.0	0.0	0.0	0.0	0.0	0.0	0.0	0.0	0.0	0.0	0.0	0.0	0.0	0.0	0.0	0.0	0.0	0.0	0.0	0.0	0.002116984567182564	0.0	0.0	0.0	0.0	0.0	0.0	0.0	0.0	0.0	0.0	0.0	0.0	0.004233969134365128	0.006350953701547692	0.02752079937337333	0.6859029997671479	0.7049558608717907	0.03387175307492101	0.050807629612381514	0.8467938268730218	12.553718483391524	11.560852721383126	9.158075237631463	4.217033257827703	4.674301924339189	12.490208946376061	8.84052755255415	5.9508436183504205	8.539915744014296	5.3030463407924815	1.3485191692953038	5.531680674048225	5.722209285094677	0.19899654931516075	0.040222706776468706	0.040222706776468706	0.03387175307492101	0.02116984567182564	0.023286830239008207	0.03598873764210358	0.023286830239008207	0.025403814806190767	0.1312530431653189	1.043673391621006	0.12066812032940616	0.002116984567182564	0.0	0.002116984567182564	0.002116984567182564	0.002116984567182564	0.0	0.0	0.0	0.0	0.0	0.0	0.0	0.0	0.0	0.0	0.0	0.0	0.0	0.0	0.0	0.0	0.0	0.0	0.0	0.0	0.0	0.0	0.0	0.0	0.0
SRR6444996_2	0.0	0.0	0.0	0.0	0.0	0.0	0.0	0.0	0.0	0.0	0.0	0.0	0.0	0.0	0.0	0.0	0.0	0.0	0.0	0.0	0.0	0.0	0.0	0.0	0.0	0.0	0.0	0.0	0.0	0.0	0.0	0.0	0.0	0.0	0.00439357659102388	0.010983941477559699	0.00878715318204776	0.010983941477559699	0.00439357659102388	0.006590364886535819	0.030755036137167156	0.021967882955119398	0.1010522615935493	0.7776630566112227	0.2350563476197774	0.27240174864348066	2.3747281474483866	19.665648821424462	10.322708200610098	4.795588849102648	1.9968805606203548	4.619845785461674	10.66101359811886	9.832824410711046	5.867621537312597	7.313108235759424	5.329408404912111	2.3879088772214576	0.4086026229652219	0.2592210188704089	4.881263592627624	5.502954680257574	0.507458096263258	0.1405944509127641	0.05711649568331042	0.01757430636409552	0.01977109465960746	0.06151007227433431	0.05272291909228653	0.037345401023702963	0.048329342501262654	0.20869488807363396	0.981964368093836	0.13839766261725214	0.00878715318204776	0.00439357659102388	0.006590364886535819	0.0	0.0	0.0	0.00219678829551194	0.00219678829551194	0.0	0.0	0.0	0.0	0.0	0.0	0.0	0.0	0.0	0.0	0.0	0.0	0.0	0.0	0.0	0.0	0.0	0.0	0.0
SRR6444999_1	0.0	0.0	0.0	0.0	0.0	0.0	0.0	0.0	0.0	0.0	0.0	0.0	0.0	0.0	0.0	0.0	0.0	0.0	0.0	0.0	0.0021624894578638715	0.0	0.0	0.0	0.0021624894578638715	0.0	0.0	0.0	0.0	0.0	0.0	0.0	0.008649957831455486	0.023787384036502587	0.006487468373591614	0.0	0.0	0.0	0.0021624894578638715	0.0021624894578638715	0.0021624894578638715	0.004324978915727743	0.0021624894578638715	0.012974936747183228	0.025949873494366456	0.5189974698873288	7.7481997275263	8.187185087472566	5.544622969963143	12.812750037842335	14.043206539367114	21.78708128798116	9.439266483575464	5.884133814847809	7.54276322902928	5.274311787730128	0.6357719006119761	0.05622472590446064	0.04541227861514128	0.19029907229202045	0.047574768073005154	0.015137426205047096	0.004324978915727743	0.0021624894578638715	0.019462405120774844	0.019462405120774844	0.008649957831455486	0.006487468373591614	0.019462405120774844	0.04541227861514128	0.006487468373591614	0.0	0.0	0.0	0.0	0.0	0.0	0.0	0.0	0.0	0.0	0.0	0.0	0.0	0.0	0.0	0.0	0.0	0.0	0.0	0.0	0.0	0.0	0.0	0.0	0.0	0.0	0.0	0.0	0.0	0.0
SRR6444999_2	0.0	0.0	0.0	0.0	0.0	0.0	0.0	0.0	0.0	0.0	0.0	0.0	0.0	0.0	0.0	0.0	0.0	0.0	0.0	0.0	0.0	0.0	0.0	0.0	0.0	0.0	0.0	0.0	0.0	0.0	0.0	0.0	0.0	0.0	0.0	0.019424180947036275	0.030215392584278643	0.0086329693097939	0.012949453964690848	0.015107696292139322	0.0172659386195878	0.0172659386195878	0.038848361894072536	0.03237363491172712	0.05827254284110882	0.1532352052488416	1.502136659904153	11.49479863598977	8.5725385246252	2.4409720723441994	2.630897397159654	13.840808045926126	21.284585833299303	19.02058963180482	6.435878620451631	5.550999266197656	3.969007640177744	1.9122027021193528	0.38848361894072647	0.06258902749600577	0.03669011956662406	0.04748133120386643	0.17697587085077474	0.06906375447835121	0.023740665601933227	0.010791211637242374	0.012949453964690848	0.023740665601933227	0.012949453964690848	0.006474726982345426	0.002158242327448475	0.0172659386195878	0.04316484654896948	0.006474726982345426	0.0	0.0	0.0	0.0	0.0	0.0	0.0	0.0	0.0	0.0	0.0	0.0	0.0	0.0	0.0	0.0	0.0	0.0	0.0	0.0	0.0	0.0	0.0	0.0	0.0	0.0	0.0
SRR6445001_1	0.0	0.0	0.0	0.0	0.0	0.0	0.0	0.0	0.0	0.0	0.0	0.0	0.0	0.0	0.0	0.0	0.0	0.0	0.0	0.0	0.0	0.0	0.0	0.0034078516902942436	0.0034078516902942436	0.0	0.0	0.0	0.0	0.0	0.0	0.0	0.0	0.0	0.0034078516902942436	0.0034078516902942436	0.0	0.0	0.0	0.0	0.0	0.0	0.0	0.0	0.0034078516902942436	0.030670665212648194	0.1567611777535353	0.11245910577971005	0.18061613958559494	7.817611777535169	24.41044165757734	37.28871319520514	9.726008724100161	6.212513631406398	6.389721919301719	3.564612868047755	0.766766630316205	1.2745365321700401	1.2302344601962156	0.03407851690294244	0.006815703380588487	0.01022355507088273	0.006815703380588487	0.0034078516902942436	0.006815703380588487	0.01022355507088273	0.023854961832059703	0.017039258451471216	0.1022355507088273	0.5418484187567857	0.04770992366411941	0.01022355507088273	0.0	0.0	0.0	0.0	0.0	0.0	0.0	0.0	0.0	0.0	0.0	0.0	0.0	0.0	0.0	0.0	0.0	0.0	0.0	0.0	0.0	0.0	0.0	0.0	0.0	0.0	0.0	0.0	0.0
SRR6445001_2	0.0	0.0	0.0	0.0	0.0	0.0	0.0	0.0	0.0	0.0	0.0	0.0	0.0	0.0	0.0	0.0	0.0	0.0	0.0	0.0	0.0	0.0	0.0	0.0	0.0	0.0	0.0	0.0	0.0	0.0	0.0	0.0	0.0	0.0	0.0	0.0	0.0	0.002938065577623492	0.0	0.0	0.0	0.002938065577623492	0.005876131155246984	0.011752262310493969	0.01469032788811746	0.032318721353858416	0.04994711481959936	0.1909742625455269	0.1909742625455269	0.4083911152896659	2.1389117405099247	19.23845340227752	33.61440827359581	27.403337642496922	4.136796333293796	5.12692443295296	3.519802561992898	1.2163591491361216	0.15277941003642165	0.07051357386296378	0.3525678693148191	1.007756493124853	0.2761781642966079	0.04407098366435237	0.017628393465740952	0.017628393465740952	0.020566459043364443	0.020566459043364443	0.023504524620987937	0.029380655776234926	0.035256786931481904	0.12339875426018673	0.3672581972029367	0.08814196732870477	0.02644259019861143	0.0	0.0	0.005876131155246984	0.005876131155246984	0.002938065577623492	0.0	0.002938065577623492	0.0	0.0	0.002938065577623492	0.0	0.0	0.0	0.0	0.0	0.0	0.0	0.0	0.0	0.0	0.0	0.0	0.0	0.0	0.0	0.0
SRR6445013_1	0.0	0.0	0.0	0.0	0.0	0.0	0.0	0.0	0.0	0.0	0.0	0.0	0.0	0.0	0.0	0.0	0.0	0.007958615200954885	0.003979307600477443	0.0	0.0	0.0	0.0	0.0	0.0	0.0	0.0	0.0	0.0	0.0	0.0	0.0	0.0	0.003979307600477443	0.003979307600477443	0.0	0.0	0.0	0.0	0.0	0.003979307600477443	0.4058893752486988	0.4456824512534735	0.019896538002387214	0.023875845602864657	0.5809789096697074	7.258257063270847	11.428571428571681	12.566653402308239	6.446478312773356	4.8746518105847985	10.768006366892351	9.40708316752891	9.220055710306449	10.35017906884217	6.1002785515317814	1.4564265817747364	3.342618384401071	3.2749701551929578	0.1034619976124135	0.023875845602864657	0.043772383605251874	0.03581376840429699	0.01591723040190977	0.09152407481098115	0.09948269001193605	0.03581376840429699	0.0278551532033421	0.2188619180262594	1.2057302029446608	0.09948269001193605	0.003979307600477443	0.0	0.0	0.0	0.0	0.0	0.0	0.0	0.0	0.0	0.0	0.0	0.0	0.0	0.0	0.0	0.0	0.0	0.0	0.0	0.0	0.0	0.0	0.0	0.0	0.0	0.0	0.0	0.0	0.0
SRR6445013_2	0.0	0.0	0.0	0.0	0.0	0.0	0.0	0.0	0.0	0.0	0.0	0.0	0.0	0.0	0.0	0.0	0.0	0.0	0.0	0.0	0.0	0.0	0.0	0.0	0.0	0.0	0.0	0.0	0.0	0.004208222867483007	0.004208222867483007	0.0	0.0	0.0	0.004208222867483007	0.004208222867483007	0.004208222867483007	0.0	0.004208222867483007	0.0	0.029457560072381043	0.02524933720489804	0.13045490889197323	0.5344443041703422	0.19357825190421843	0.2945756007238103	1.9568236333795987	15.280057231830849	11.17283171316777	7.486428481252237	2.398687034465327	4.46913268526692	10.171274670706701	11.867188486302545	8.896183141859206	8.656314438412647	5.415982830450542	1.6159575811134652	0.39136472667591915	0.31982493792870825	2.693262635189146	3.2824138366367794	0.46290451542313055	0.0883726802171431	0.05049867440979608	0.02524933720489804	0.029457560072381043	0.1514960232293883	0.0841644573496601	0.03366578293986405	0.0883726802171431	0.30299204645877625	1.1320119513529265	0.20199469763918446	0.02104111433741503	0.004208222867483007	0.0	0.008416445734966013	0.008416445734966013	0.0	0.0	0.0	0.0	0.0	0.0	0.0	0.0	0.0	0.0	0.0	0.0	0.0	0.0	0.0	0.0	0.0	0.0	0.0	0.0	0.0	0.0
SRR6445016_1	0.0	0.0	0.0	0.0	0.0	0.0	0.0	0.0	0.0	0.0	0.0	0.0	0.0	0.0	0.0	0.0	0.0	0.0	0.0	0.0	0.0	0.0	0.0	0.0	0.0	0.0	0.0	0.0	0.0	0.0	0.0	0.00251010316523999	0.0	0.0	0.0	0.0	0.0	0.0	0.0	0.00251010316523999	0.0	0.0	0.00502020633047998	0.00251010316523999	0.01506061899143994	0.09287381711387967	6.930394839227875	23.04023695373993	20.565275232812176	5.203443861542565	2.1109967619668435	9.61620522603432	6.250156881447761	1.8424157232861722	4.731544466477393	1.6968297397022487	0.48696001405655936	7.851602700871007	8.213057556665483	0.22590928487159884	0.030121237982879887	0.01506061899143994	0.00251010316523999	0.0	0.00502020633047998	0.007530309495719972	0.00502020633047998	0.02008082532191992	0.09538392027911968	0.8283340445291932	0.09538392027911968	0.00251010316523999	0.00251010316523999	0.00502020633047998	0.0	0.0	0.0	0.0	0.0	0.0	0.0	0.0	0.0	0.0	0.0	0.0	0.0	0.0	0.0	0.0	0.0	0.0	0.0	0.0	0.0	0.0	0.0	0.0	0.0	0.0	0.0
SRR6445016_2	0.0	0.0	0.0	0.0	0.0	0.0	0.0	0.0	0.0	0.0	0.0	0.0	0.0	0.0	0.0	0.0	0.0	0.0	0.0	0.0	0.0	0.0	0.0	0.0	0.0	0.0	0.0	0.0	0.0	0.0	0.0	0.0	0.0	0.0	0.002912140714639214	0.014560703573196068	0.005824281429278428	0.0	0.008736422143917642	0.020384985002474494	0.02912140714639214	0.011648562858556855	0.02329712571711371	0.04076997000494899	0.07280351786598031	0.20967413145402325	0.7338594600890809	13.40749585019833	30.61824747372085	3.9983692011995657	1.7851422580738505	5.602958734965873	7.743382160225938	4.819592882727836	3.296543288971555	2.8218643524853904	5.297183959928721	3.2732461632544423	0.33780832289814877	0.20384985002474482	2.219051224555106	9.077142607530805	2.45493462244087	0.36401758932990186	0.08736422143917641	0.05241853286350583	0.04076997000494899	0.03203354786103135	0.026209266431752924	0.005824281429278428	0.0436821107195882	0.1543434578758784	0.8911150586795962	0.13978275430268236	0.020384985002474494	0.005824281429278428	0.002912140714639214	0.0	0.0	0.0	0.002912140714639214	0.0	0.0	0.0	0.0	0.0	0.0	0.0	0.0	0.0	0.0	0.0	0.0	0.0	0.0	0.0	0.0	0.0	0.0	0.0	0.0
SRR6445020_1	0.0	0.0	0.0	0.0	0.0	0.0	0.0	0.0	0.0	0.0	0.0	0.0	0.0	0.0	0.0	0.0	0.0	0.0	0.0	0.0	0.0	0.0	0.0	0.0	0.0	0.0	0.0	0.0	0.0	0.0	0.0	0.0	0.0	0.0	0.0	0.0	0.0	0.0	0.0023981965561896933	0.0023981965561896933	0.0	0.0	0.007194589668569081	0.03117655523046601	0.10072425535996718	0.4484627560074739	18.2047100580362	32.40683006379401	6.842054774809469	1.000047963931099	3.256750923305544	10.602426974914232	12.007770156841072	3.966617103937701	6.383999232577187	2.911410619214248	0.46045373878842233	0.5419924216988707	0.5276032423617328	0.04316753801141447	0.016787375893327853	0.014389179337138158	0.0047963931123793865	0.0047963931123793865	0.0023981965561896933	0.0023981965561896933	0.0	0.0047963931123793865	0.023981965561896936	0.14868818648376095	0.026380162118086633	0.0023981965561896933	0.0	0.0	0.0	0.0	0.0	0.0	0.0	0.0	0.0	0.0	0.0	0.0	0.0	0.0	0.0	0.0	0.0	0.0	0.0	0.0	0.0	0.0	0.0	0.0	0.0	0.0	0.0	0.0	0.0
SRR6445020_2	0.0	0.0	0.0	0.0	0.0	0.0	0.0	0.0	0.0	0.0	0.0	0.0	0.0	0.0	0.0	0.0	0.0	0.0	0.0	0.0	0.0	0.0	0.0	0.0	0.0	0.0	0.0	0.0	0.0	0.0	0.0	0.0	0.0	0.0	0.0	0.0024313153415996803	0.007293946024799042	0.007293946024799042	0.019450522732797442	0.012156576707998402	0.021881838074397125	0.0364697301239952	0.07293946024799042	0.14344760515438115	0.3112083637247593	0.9944079747142657	3.7369316800386243	25.88378312667382	22.33892535861987	2.382689034767679	1.5390226112326095	2.258691952346102	9.224410406029127	11.935327011912156	4.894237782640204	6.814976902504171	4.643812302455408	1.0746413809870574	0.30634573304155993	0.08752735229758854	0.3914417699975493	0.5251641137855314	0.0753707755895901	0.009725261366398721	0.019450522732797442	0.007293946024799042	0.009725261366398721	0.0048626306831993605	0.0	0.007293946024799042	0.01701920739119776	0.02917578409919617	0.12399708242158376	0.019450522732797442	0.0	0.0	0.0	0.0	0.0048626306831993605	0.0048626306831993605	0.0	0.0	0.0	0.0	0.0	0.0	0.0	0.0	0.0	0.0	0.0	0.0	0.0	0.0	0.0	0.0	0.0	0.0	0.0	0.0	0.0
SRR6445027_1	0.0	0.0	0.0	0.0	0.0	0.0	0.0	0.0	0.0	0.0	0.0	0.0	0.0	0.0	0.0	0.0	0.0	0.0	0.0	0.0	0.0	0.0	0.0	0.0	0.0	0.0	0.0	0.0	0.0	0.0	0.0	0.0	0.0	0.0	0.0	0.0	0.0	0.004712202247720435	0.0	0.0	0.0	0.04005371910562369	0.06361473034422586	0.01884880899088174	0.014136606743161306	0.21204910114741932	2.8697311688617058	1.2770068091322433	2.608203944113236	12.338901585655128	10.54355252927405	34.196451711707695	21.044695238321136	4.299884551044892	3.4634686520744467	2.1746813373229807	1.9202224159460917	1.9367151238131122	0.4547275169050232	0.03062931461018283	0.007068303371580653	0.00942440449544087	0.007068303371580653	0.004712202247720435	0.03062931461018283	0.01884880899088174	0.014136606743161306	0.016492707867021523	0.06125862922036565	0.2733077303677852	0.028273213486322613	0.014136606743161306	0.0023561011238602174	0.0	0.0	0.0	0.0	0.0	0.0	0.0	0.0	0.0	0.0	0.0	0.0	0.0	0.0	0.0	0.0	0.0	0.0	0.0	0.0	0.0	0.0	0.0	0.0	0.0	0.0	0.0	0.0
SRR6445027_2	0.0	0.0	0.0	0.0	0.0	0.0	0.0	0.0	0.0	0.0	0.0	0.0	0.0	0.0	0.0	0.0	0.0	0.0	0.0	0.0	0.0	0.0	0.0	0.0	0.0	0.0	0.0	0.0	0.0	0.0	0.0	0.0	0.0	0.0	0.0	0.0	0.008779631255486932	0.013169446883230396	0.0065847234416152	0.008779631255486932	0.010974539069358665	0.015364354697102128	0.013169446883230396	0.07023705004389547	0.1009657594380998	0.6277436347673139	0.9108867427567663	3.2462686567162238	1.3323090430201512	2.280509218612716	3.226514486391379	12.59657594380885	22.906057945568463	28.8323090430223	13.489903424054445	4.003511852502037	2.399034240561783	0.8011413520631783	0.4367866549604758	1.3937664618085612	0.5509218612818043	0.17559262510973847	0.05048287971904984	0.013169446883230396	0.010974539069358665	0.02853380158033253	0.030728709394204256	0.02194907813871733	0.0065847234416152	0.037313432835819456	0.02194907813871733	0.05048287971904984	0.22168568920104478	0.037313432835819456	0.002194907813871733	0.0	0.0	0.0	0.002194907813871733	0.0	0.0	0.0	0.0	0.0	0.0	0.0	0.0	0.0	0.0	0.0	0.004389815627743466	0.002194907813871733	0.0	0.0	0.0	0.0	0.0	0.0	0.0	0.0	0.0
SRR6445035_1	0.0	0.0	0.0	0.0	0.0	0.0	0.0	0.0	0.0	0.0	0.0	0.0	0.0	0.0	0.0	0.0	0.0	0.0	0.0	0.0	0.0	0.0	0.0	0.0	0.0	0.0	0.0	0.0	0.0	0.002866972477064225	0.00573394495412845	0.002866972477064225	0.0	0.0	0.0	0.0	0.002866972477064225	0.002866972477064225	0.002866972477064225	0.002866972477064225	0.0114678899082569	0.49885321100917634	0.5246559633027545	0.031536697247706476	0.0716743119266056	0.7196100917431195	8.334288990826048	12.846903669724274	14.1829128440359	8.04472477064253	5.364105504587173	12.115825688073063	9.86811926605522	8.228211009174661	8.618119266055439	4.84518348623849	1.0865825688073352	1.7115825688073534	1.6943807339449675	0.1376146788990829	0.03440366972477071	0.028669724770642252	0.0114678899082569	0.01720183486238535	0.045871559633027595	0.04873853211009182	0.01720183486238535	0.020068807339449574	0.11467889908256905	0.6508027522935791	0.04873853211009182	0.002866972477064225	0.0	0.0	0.0	0.0	0.0	0.0	0.0	0.0	0.0	0.0	0.0	0.0	0.0	0.0	0.0	0.0	0.0	0.0	0.0	0.0	0.0	0.0	0.0	0.0	0.0	0.0	0.0	0.0	0.0
SRR6445035_2	0.0	0.0	0.0	0.0	0.0	0.0	0.0	0.0	0.0	0.0	0.0	0.0	0.0	0.0	0.0	0.0	0.0	0.0	0.0	0.0	0.0	0.0	0.0	0.0	0.0	0.0	0.0	0.0	0.0	0.0	0.0	0.0	0.0	0.0	0.0031293517547840103	0.0031293517547840103	0.009388055264352031	0.012517407019136041	0.009388055264352031	0.012517407019136041	0.01877611052870406	0.037552221057408124	0.11578601492700841	0.6352584062211551	0.31293517547840066	0.4036863763671376	2.440894368731553	17.987513886497023	10.473940323262322	9.031309164307023	3.138739810048348	5.25105224452751	11.34390011109208	11.672482045344324	7.591807357106216	8.098762341381283	4.916211606765582	1.3550093098214737	0.2566068438922886	0.1689849947583366	1.4676659729937014	1.73366087215035	0.27538295442099253	0.05006962807654415	0.04694027632176014	0.02816416579305609	0.02190546228348807	0.06571638685046419	0.02816416579305609	0.02190546228348807	0.037552221057408124	0.19714916055139256	0.6164822956924514	0.08762184913395228	0.0031293517547840103	0.0031293517547840103	0.0031293517547840103	0.0	0.0	0.0	0.0	0.0031293517547840103	0.0031293517547840103	0.0	0.0	0.0	0.0	0.0	0.0	0.0	0.0	0.0	0.0	0.0	0.0	0.0	0.0	0.0	0.0	0.0	0.0046940276321760155
